movement_key,reservation_key,direction,value,iso_currency,moved_ts,rail,memo
4000001,8800001,IN,107.01,EUR,2024-09-22T20:35:27Z,card,
4000002,8800002,IN,191.88,EUR,2024-10-03T16:19:34Z,card,
4000003,8800003,IN,53.90,AUD,2024-10-04T05:40:25Z,voucher,
4000004,8800004,IN,37.89,USD,2024-10-14T02:58:21Z,card,
4000005,8800005,IN,71.96,EUR,2024-10-15T08:41:16Z,card,
4000006,8800006,IN,30.00,GBP,2024-10-15T20:37:07Z,card,
4000007,8800007,IN,120.00,GBP,2024-10-19T10:45:52Z,voucher,
4000008,8800008,IN,9.00,GBP,2024-10-22T09:55:43Z,card,
4000009,8800009,IN,427.59,USD,2024-10-23T19:59:48Z,voucher,
4000010,8800010,IN,189.44,USD,2024-10-25T19:25:27Z,card,
4000011,8800011,IN,53.90,AUD,2024-10-27T09:14:36Z,card,
4000012,8800012,IN,6.60,AUD,2024-10-29T02:33:36Z,card,
4000013,8800013,IN,161.70,AUD,2024-10-29T02:57:46Z,card,
4000014,8800014,IN,427.59,USD,2024-10-29T20:42:40Z,card,
4000015,8800015,IN,215.60,AUD,2024-10-30T03:33:41Z,card,
4000016,8800016,IN,110.36,USD,2024-10-30T16:57:12Z,card,
4000017,8800017,IN,26.40,AUD,2024-11-01T00:36:33Z,card,
4000018,8800018,IN,441.44,USD,2024-11-03T01:22:30Z,voucher,
4000019,8800019,IN,7.98,AUD,2024-11-03T09:47:41Z,card,
4000020,8800020,IN,142.68,EUR,2024-11-05T08:57:30Z,card,
4000021,8800021,IN,335.79,EUR,2024-11-05T10:18:12Z,voucher,
4000022,8800022,IN,452.76,USD,2024-11-06T02:33:56Z,card,
4000023,8800023,IN,15.95,AUD,2024-11-07T12:38:16Z,card,
4000024,8800024,IN,37.89,USD,2024-11-08T01:46:06Z,card,
4000025,8800025,IN,50.40,GBP,2024-11-08T12:28:58Z,card,
4000026,8800026,IN,287.82,EUR,2024-11-09T11:28:54Z,card,
4000027,8800027,IN,287.82,EUR,2024-11-09T19:14:42Z,card,
4000028,8800028,IN,108.00,GBP,2024-11-09T23:38:35Z,voucher,
4000029,8800029,IN,282.98,USD,2024-11-11T16:13:29Z,voucher,
4000030,8800030,IN,26.40,AUD,2024-11-12T00:05:45Z,voucher,
4000031,8800031,IN,134.40,GBP,2024-11-12T12:32:21Z,card,
4000032,8800032,IN,0.90,GBP,2024-11-13T19:13:47Z,card,
4000033,8800033,IN,53.51,EUR,2024-11-14T21:51:09Z,card,
4000034,8800034,IN,22.50,GBP,2024-11-15T11:50:15Z,card,
4000035,8800035,IN,60.00,GBP,2024-11-15T13:26:18Z,card,
4000036,8800036,IN,90.00,GBP,2024-11-15T23:14:49Z,voucher,
4000037,8800037,IN,79.20,AUD,2024-11-16T07:06:01Z,card,
4000038,8800038,IN,481.57,USD,2024-11-17T19:43:22Z,card,
4000039,8800039,IN,53.90,AUD,2024-11-17T23:24:42Z,card,
4000040,8800040,IN,31.90,AUD,2024-11-18T00:16:54Z,card,
4000041,8800041,IN,90.00,GBP,2024-11-18T08:55:38Z,card,
4000042,8800042,IN,71.96,EUR,2024-11-18T12:18:02Z,card,
4000043,8800007,IN,60.00,GBP,2024-11-18T18:02:06Z,card,
4000044,8800043,IN,71.34,EUR,2024-11-19T14:18:48Z,card,
4000045,8800038,IN,40.13,USD,2024-11-20T05:49:26Z,card,
4000046,8800044,IN,215.60,AUD,2024-11-22T09:18:36Z,card,
4000047,8800045,IN,481.57,USD,2024-11-23T04:38:12Z,voucher,
4000048,8800046,IN,146.14,USD,2024-11-23T05:50:41Z,card,
4000049,8800047,IN,120.00,GBP,2024-11-23T07:37:01Z,card,
4000050,8800048,IN,287.82,EUR,2024-11-23T16:48:26Z,voucher,
4000051,8800049,IN,427.59,USD,2024-11-23T22:06:20Z,card,
4000052,8800050,IN,19.80,AUD,2024-11-24T09:44:19Z,card,
4000053,8800051,IN,71.34,EUR,2024-11-24T13:50:23Z,voucher,
4000054,8800052,IN,13.20,AUD,2024-11-25T03:44:21Z,card,
4000055,8800053,IN,26.40,AUD,2024-11-26T02:05:57Z,voucher,
4000056,8800054,IN,28.42,USD,2024-11-26T05:25:53Z,card,
4000057,8800055,IN,622.55,USD,2024-11-26T15:55:12Z,voucher,
4000058,8800056,IN,95.70,AUD,2024-11-26T23:19:12Z,card,
4000059,8800057,IN,161.70,AUD,2024-11-27T06:23:27Z,card,
4000060,8800058,IN,60.00,GBP,2024-11-27T19:53:15Z,voucher,
4000061,8800059,IN,59.96,EUR,2024-11-27T20:37:53Z,card,
4000062,8800060,IN,142.68,EUR,2024-11-28T14:21:32Z,card,
4000063,8800061,IN,120.00,GBP,2024-11-29T10:37:25Z,card,
4000064,8800062,IN,107.80,AUD,2024-11-30T11:01:47Z,card,
4000065,8800063,IN,42.00,GBP,2024-11-30T16:18:36Z,card,
4000066,8800064,IN,79.20,AUD,2024-11-30T20:15:21Z,voucher,
4000067,8800065,IN,105.60,AUD,2024-11-30T22:22:09Z,card,
4000068,8800066,IN,22.50,GBP,2024-11-30T23:36:43Z,card,
4000069,8800067,IN,60.00,GBP,2024-12-01T14:28:24Z,card,
4000070,8800068,IN,239.85,EUR,2024-12-01T15:57:26Z,card,
4000071,8800069,IN,143.91,EUR,2024-12-02T12:25:14Z,card,
4000072,8800070,IN,25.20,GBP,2024-12-02T13:47:08Z,card,
4000073,8800071,IN,31.90,AUD,2024-12-02T21:30:28Z,card,
4000074,8800072,IN,40.13,USD,2024-12-03T01:52:47Z,card,
4000075,8800073,IN,95.70,AUD,2024-12-03T02:36:15Z,card,
4000076,8800074,IN,107.80,AUD,2024-12-03T12:29:29Z,voucher,
4000077,8800075,IN,80.26,USD,2024-12-04T00:54:12Z,card,
4000078,8800076,IN,342.07,USD,2024-12-04T03:53:06Z,card,
4000079,8800077,IN,26.75,EUR,2024-12-04T07:55:53Z,card,
4000080,8800078,IN,249.69,EUR,2024-12-04T15:25:19Z,card,
4000081,8800079,IN,26.40,AUD,2024-12-05T01:55:30Z,card,
4000082,8800080,IN,67.20,GBP,2024-12-05T12:16:13Z,card,
4000083,8800036,IN,30.00,GBP,2024-12-05T13:27:14Z,card,
4000084,8800081,IN,64.14,USD,2024-12-06T02:14:16Z,card,
4000085,8800082,IN,53.90,AUD,2024-12-06T06:50:02Z,card,
4000086,8800083,IN,26.95,AUD,2024-12-06T08:15:21Z,card,
4000087,8800084,IN,31.90,AUD,2024-12-06T10:25:08Z,card,
4000088,8800085,IN,67.20,GBP,2024-12-07T22:10:17Z,card,
4000089,8800086,IN,226.38,USD,2024-12-08T01:42:55Z,card,
4000090,8800087,IN,37.50,GBP,2024-12-08T11:38:29Z,card,
4000091,8800088,IN,90.30,USD,2024-12-08T16:45:42Z,card,
4000092,8800089,IN,150.00,GBP,2024-12-08T19:10:34Z,card,
4000093,8800076,IN,171.04,USD,2024-12-09T15:45:23Z,card,
4000094,8800090,IN,36.54,USD,2024-12-09T19:47:55Z,card,
4000095,8800091,IN,335.79,EUR,2024-12-09T22:58:59Z,voucher,
4000096,8800092,IN,26.40,AUD,2024-12-09T23:17:08Z,card,
4000097,8800093,IN,79.20,AUD,2024-12-10T04:51:16Z,card,
4000098,8800094,IN,509.36,USD,2024-12-10T06:52:46Z,voucher,
4000099,8800095,IN,142.68,EUR,2024-12-10T17:04:38Z,card,
4000100,8800096,IN,2.40,GBP,2024-12-10T18:30:28Z,voucher,
4000101,8800097,IN,142.68,EUR,2024-12-10T19:24:59Z,card,
4000102,8800098,IN,42.76,USD,2024-12-10T22:09:24Z,card,
4000103,8800099,IN,37.89,USD,2024-12-11T03:12:24Z,card,
4000104,8800100,IN,161.70,AUD,2024-12-11T05:05:36Z,card,
4000105,8800101,IN,0.90,GBP,2024-12-11T07:24:32Z,card,
4000106,8800102,IN,71.34,EUR,2024-12-11T14:18:54Z,card,
4000107,8800103,IN,441.44,USD,2024-12-11T16:29:00Z,card,
4000108,8800104,IN,108.00,GBP,2024-12-11T21:30:00Z,voucher,
4000109,8800105,IN,679.14,USD,2024-12-12T05:00:54Z,card,
4000110,8800106,IN,23.99,EUR,2024-12-12T10:57:44Z,card,
4000111,8800107,IN,16.80,GBP,2024-12-12T11:21:09Z,card,
4000112,8800108,IN,79.20,AUD,2024-12-12T20:03:53Z,card,
4000113,8800017,OUT,21.12,AUD,2024-12-12T23:21:08Z,card,cancellation (20% fee retained)
4000114,8800109,IN,79.20,AUD,2024-12-13T00:18:06Z,card,
4000115,8800110,IN,215.60,AUD,2024-12-13T06:12:23Z,card,
4000116,8800111,IN,441.44,USD,2024-12-13T14:33:40Z,card,
4000117,8800112,IN,52.80,AUD,2024-12-13T20:08:08Z,card,
4000118,8800113,IN,622.55,USD,2024-12-13T20:08:33Z,card,
4000119,8800114,IN,60.00,GBP,2024-12-13T22:57:13Z,card,
4000120,8800115,IN,107.80,AUD,2024-12-14T03:36:31Z,card,
4000121,8800116,IN,215.60,AUD,2024-12-14T12:49:46Z,card,
4000122,8800117,IN,54.00,GBP,2024-12-14T17:19:27Z,voucher,
4000123,8800118,IN,180.00,GBP,2024-12-14T18:34:02Z,card,
4000124,8800119,IN,36.54,USD,2024-12-14T19:04:50Z,card,
4000125,8800120,IN,75.78,USD,2024-12-14T21:15:58Z,voucher,
4000126,8800121,IN,53.90,AUD,2024-12-14T23:38:45Z,card,
4000127,8800122,IN,56.60,USD,2024-12-14T23:45:44Z,card,
4000128,8800121,IN,161.70,AUD,2024-12-15T01:20:00Z,cash,
4000129,8800123,IN,26.40,AUD,2024-12-15T08:48:33Z,voucher,
4000130,8800124,IN,26.40,AUD,2024-12-15T10:28:03Z,card,
4000131,8800125,IN,90.00,GBP,2024-12-15T11:17:32Z,voucher,
4000132,8800126,IN,35.98,EUR,2024-12-15T12:58:03Z,card,
4000133,8800127,IN,90.00,GBP,2024-12-15T13:11:20Z,card,
4000134,8800128,IN,36.00,GBP,2024-12-15T13:34:59Z,card,
4000135,8800054,IN,85.24,USD,2024-12-15T13:50:00Z,card,
4000136,8800129,IN,99.04,USD,2024-12-15T14:42:50Z,card,
4000137,8800130,IN,401.31,USD,2024-12-15T15:09:43Z,card,
4000138,8800064,IN,52.80,AUD,2024-12-15T19:14:55Z,card,
4000139,8800131,IN,401.31,USD,2024-12-15T21:04:23Z,card,
4000140,8800126,IN,107.93,EUR,2024-12-15T21:20:00Z,card,
4000141,8800132,IN,31.90,AUD,2024-12-15T21:52:07Z,card,
4000142,8800133,IN,63.80,AUD,2024-12-15T23:59:30Z,card,
4000143,8800134,IN,75.78,USD,2024-12-16T02:45:09Z,card,
4000144,8800135,IN,243.56,USD,2024-12-16T03:44:40Z,card,
4000145,8800136,IN,95.94,EUR,2024-12-16T11:08:36Z,voucher,
4000146,8800137,IN,168.00,GBP,2024-12-16T12:32:40Z,voucher,
4000147,8800138,IN,83.95,EUR,2024-12-16T14:27:03Z,card,
4000148,8800139,IN,48.71,USD,2024-12-16T15:08:17Z,voucher,
4000149,8800140,IN,285.36,EUR,2024-12-16T16:16:58Z,card,
4000150,8800141,IN,168.00,GBP,2024-12-16T17:53:51Z,card,
4000151,8800142,IN,12.18,USD,2024-12-16T18:01:35Z,card,
4000152,8800143,IN,71.96,EUR,2024-12-16T18:50:45Z,card,
4000153,8800144,IN,99.04,USD,2024-12-16T20:46:50Z,card,
4000154,8800144,IN,297.13,USD,2024-12-16T21:35:00Z,card,
4000155,8800145,IN,1.20,GBP,2024-12-16T22:41:38Z,card,
4000156,8800146,IN,565.95,USD,2024-12-17T03:03:17Z,card,
4000157,8800147,IN,105.60,AUD,2024-12-17T03:44:27Z,voucher,
4000158,8800148,IN,215.60,AUD,2024-12-17T06:02:42Z,card,
4000159,8800149,IN,50.40,GBP,2024-12-17T09:06:37Z,card,
4000160,8800148,IN,107.80,AUD,2024-12-17T15:34:24Z,card,
4000161,8800150,IN,3.60,GBP,2024-12-17T17:15:10Z,card,
4000162,8800072,IN,120.39,USD,2024-12-17T18:20:00Z,cash,
4000163,8800151,IN,134.40,GBP,2024-12-17T20:06:47Z,card,
4000164,8800152,IN,15.95,AUD,2024-12-17T23:29:33Z,card,
4000165,8800153,IN,95.94,EUR,2024-12-17T23:31:04Z,card,
4000166,8800154,IN,40.43,AUD,2024-12-18T00:04:35Z,card,
4000167,8800155,IN,40.43,AUD,2024-12-18T03:37:45Z,card,
4000168,8800152,IN,47.85,AUD,2024-12-18T07:20:00Z,cash,
4000169,8800156,IN,18.00,GBP,2024-12-18T07:30:05Z,card,
4000170,8800157,IN,161.70,AUD,2024-12-18T07:42:47Z,card,
4000171,8800097,IN,35.67,EUR,2024-12-18T08:23:00Z,card,
4000172,8800158,IN,150.00,GBP,2024-12-18T08:41:22Z,card,
4000173,8800159,IN,178.35,EUR,2024-12-18T10:18:12Z,voucher,
4000174,8800126,OUT,71.96,EUR,2024-12-18T11:30:00Z,card,goodwill
4000175,8800160,IN,214.02,EUR,2024-12-18T13:17:32Z,card,
4000176,8800161,IN,679.14,USD,2024-12-18T14:20:28Z,card,
4000177,8800162,IN,47.97,EUR,2024-12-18T17:14:51Z,card,
4000178,8800163,IN,127.60,AUD,2024-12-18T20:15:03Z,card,
4000179,8800106,IN,71.95,EUR,2024-12-18T20:35:00Z,cash,
4000180,8800164,IN,13.48,AUD,2024-12-18T22:29:31Z,card,
4000181,8800165,IN,0.90,GBP,2024-12-18T23:42:48Z,card,
4000182,8800166,IN,67.20,GBP,2024-12-19T07:34:08Z,voucher,
4000183,8800139,IN,97.43,USD,2024-12-19T09:20:25Z,card,
4000184,8800158,IN,30.00,GBP,2024-12-19T11:34:01Z,card,
4000185,8800167,IN,18.00,GBP,2024-12-19T13:23:29Z,card,
4000186,8800168,IN,59.96,EUR,2024-12-19T14:17:07Z,card,
4000187,8800169,IN,452.76,USD,2024-12-19T18:16:56Z,card,
4000188,8800055,OUT,622.55,USD,2024-12-19T18:37:25Z,voucher,cancellation
4000189,8800170,IN,191.88,EUR,2024-12-19T19:42:17Z,voucher,
4000190,8800122,IN,169.78,USD,2024-12-19T19:50:00Z,card,
4000191,8800129,IN,297.13,USD,2024-12-19T21:50:00Z,cash,
4000192,8800171,IN,107.80,AUD,2024-12-20T02:19:19Z,card,
4000193,8800172,IN,171.04,USD,2024-12-20T04:30:10Z,card,
4000194,8800173,IN,31.90,AUD,2024-12-20T04:36:37Z,card,
4000195,8800174,IN,63.80,AUD,2024-12-20T05:03:20Z,voucher,
4000196,8800175,IN,15.00,GBP,2024-12-20T09:54:50Z,card,
4000197,8800176,IN,287.82,EUR,2024-12-20T11:03:34Z,voucher,
4000198,8800177,IN,287.82,EUR,2024-12-20T11:40:34Z,card,
4000199,8800178,IN,143.91,EUR,2024-12-20T14:12:35Z,voucher,
4000200,8800159,OUT,44.59,EUR,2024-12-20T15:00:00Z,voucher,goodwill
4000201,8800102,IN,249.69,EUR,2024-12-20T18:50:00Z,cash,
4000202,8800179,IN,321.05,USD,2024-12-20T19:28:26Z,card,
4000203,8800180,IN,6.60,AUD,2024-12-20T21:28:41Z,card,
4000204,8800154,IN,121.27,AUD,2024-12-20T23:50:00Z,cash,
4000205,8800180,IN,19.80,AUD,2024-12-21T00:35:00Z,card,
4000206,8800181,IN,171.04,USD,2024-12-21T01:24:34Z,voucher,
4000207,8800182,IN,285.36,EUR,2024-12-21T08:21:26Z,card,
4000208,8800183,IN,44.59,EUR,2024-12-21T10:39:14Z,card,
4000209,8800090,IN,109.60,USD,2024-12-21T12:50:00Z,cash,
4000210,8800184,IN,35.67,EUR,2024-12-21T13:03:51Z,card,
4000211,8800185,IN,180.00,GBP,2024-12-21T13:21:10Z,card,
4000212,8800186,IN,56.60,USD,2024-12-21T14:28:51Z,card,
4000213,8800032,IN,2.70,GBP,2024-12-21T14:35:00Z,cash,
4000214,8800187,IN,396.17,USD,2024-12-21T14:49:10Z,card,
4000215,8800188,IN,48.71,USD,2024-12-21T15:29:12Z,card,
4000216,8800167,IN,54.00,GBP,2024-12-21T16:20:00Z,cash,
4000217,8800188,IN,146.14,USD,2024-12-21T17:05:00Z,cash,
4000218,8800183,IN,133.76,EUR,2024-12-21T17:50:00Z,card,
4000219,8800186,IN,169.78,USD,2024-12-21T18:20:00Z,cash,
4000220,8800189,IN,83.95,EUR,2024-12-21T18:39:42Z,card,
4000221,8800149,IN,151.20,GBP,2024-12-21T18:50:00Z,cash,
4000222,8800168,IN,179.89,EUR,2024-12-21T20:20:00Z,cash,
4000223,8800190,IN,383.76,EUR,2024-12-21T20:37:51Z,card,
4000224,8800191,IN,52.80,AUD,2024-12-21T21:27:44Z,card,
4000225,8800192,IN,214.02,EUR,2024-12-21T22:24:42Z,card,
4000226,8800169,IN,56.60,USD,2024-12-21T23:46:50Z,card,
4000227,8800193,IN,13.20,AUD,2024-12-22T00:25:01Z,card,
4000228,8800194,IN,401.31,USD,2024-12-22T00:55:45Z,card,
4000229,8800195,IN,26.40,AUD,2024-12-22T05:49:51Z,card,
4000230,8800196,IN,53.90,AUD,2024-12-22T06:09:51Z,card,
4000231,8800197,IN,142.68,EUR,2024-12-22T07:11:01Z,voucher,
4000232,8800197,IN,35.67,EUR,2024-12-22T11:24:05Z,card,
4000233,8800198,IN,401.31,USD,2024-12-22T14:03:48Z,card,
4000234,8800008,IN,27.00,GBP,2024-12-22T18:20:00Z,cash,
4000235,8800143,IN,215.86,EUR,2024-12-22T18:35:00Z,card,
4000236,8800199,IN,201.60,GBP,2024-12-22T19:38:56Z,card,
4000237,8800200,IN,9.00,GBP,2024-12-23T10:19:45Z,card,
4000238,8800201,IN,36.54,USD,2024-12-23T13:31:14Z,card,
4000239,8800202,IN,90.00,GBP,2024-12-23T18:27:00Z,voucher,
4000240,8800162,IN,143.91,EUR,2024-12-23T18:35:00Z,cash,
4000241,8800203,IN,47.36,USD,2024-12-23T19:26:26Z,card,
4000242,8800204,IN,427.59,USD,2024-12-23T20:44:46Z,card,
4000243,8800205,IN,108.00,GBP,2024-12-23T23:54:58Z,card,
4000244,8800132,OUT,31.90,AUD,2024-12-24T05:35:57Z,card,cancellation
4000245,8800206,IN,35.98,EUR,2024-12-24T07:50:02Z,card,
4000246,8800207,IN,95.94,EUR,2024-12-24T09:12:45Z,card,
4000247,8800208,IN,120.00,GBP,2024-12-24T10:06:40Z,card,
4000248,8800209,IN,31.90,AUD,2024-12-24T10:28:29Z,card,
4000249,8800210,IN,35.67,EUR,2024-12-24T11:05:56Z,card,
4000250,8800211,IN,191.88,EUR,2024-12-24T14:56:50Z,voucher,
4000251,8800212,IN,60.20,USD,2024-12-24T16:01:35Z,card,
4000252,8800156,IN,54.00,GBP,2024-12-24T16:05:00Z,card,
4000253,8800211,IN,95.94,EUR,2024-12-24T17:44:24Z,card,
4000254,8800213,IN,45.00,GBP,2024-12-24T19:50:51Z,card,
4000255,8800135,IN,48.72,USD,2024-12-24T22:37:33Z,card,
4000256,8800164,IN,40.42,AUD,2024-12-24T22:50:00Z,cash,
4000257,8800214,IN,37.89,USD,2024-12-24T23:09:56Z,card,
4000258,8800215,IN,79.20,AUD,2024-12-24T23:11:32Z,voucher,
4000259,8800019,IN,23.92,AUD,2024-12-24T23:50:00Z,card,
4000260,8800216,IN,75.78,USD,2024-12-25T01:52:08Z,card,
4000261,8800110,OUT,215.60,AUD,2024-12-25T02:40:38Z,card,cancellation
4000262,8800217,IN,226.38,USD,2024-12-25T03:04:35Z,voucher,
4000263,8800071,OUT,31.90,AUD,2024-12-25T03:25:57Z,card,cancellation
4000264,8800218,IN,107.80,AUD,2024-12-25T04:32:34Z,card,
4000265,8800131,IN,40.13,USD,2024-12-25T04:45:01Z,card,
4000266,8800219,IN,26.95,AUD,2024-12-25T07:02:07Z,card,
4000267,8800220,IN,107.80,AUD,2024-12-25T09:27:04Z,card,
4000268,8800006,IN,120.00,GBP,2024-12-25T12:35:00Z,card,
4000269,8800221,IN,215.60,AUD,2024-12-25T12:45:16Z,voucher,
4000270,8800222,IN,180.00,GBP,2024-12-25T12:53:39Z,card,
4000271,8800223,IN,321.05,USD,2024-12-25T19:06:47Z,card,
4000272,8800059,IN,179.89,EUR,2024-12-25T19:50:00Z,cash,
4000273,8800224,IN,100.80,GBP,2024-12-25T19:57:39Z,voucher,
4000274,8800225,IN,63.80,AUD,2024-12-25T20:52:58Z,card,
4000275,8800226,IN,127.60,AUD,2024-12-25T23:26:22Z,voucher,
4000276,8800227,IN,63.80,AUD,2024-12-26T02:09:09Z,card,
4000277,8800139,OUT,146.14,USD,2024-12-26T03:18:47Z,voucher,cancellation
4000278,8800219,IN,134.75,AUD,2024-12-26T07:20:00Z,cash,
4000279,8800228,IN,249.69,EUR,2024-12-26T07:59:09Z,voucher,
4000280,8800229,IN,1.20,GBP,2024-12-26T08:28:47Z,card,
4000281,8800230,IN,150.00,GBP,2024-12-26T11:08:42Z,card,
4000282,8800231,IN,151.55,USD,2024-12-26T13:22:06Z,voucher,
4000283,8800232,IN,45.00,GBP,2024-12-26T13:24:31Z,card,
4000284,8800233,IN,100.80,GBP,2024-12-26T14:01:09Z,card,
4000285,8800234,IN,396.17,USD,2024-12-26T15:19:41Z,card,
4000286,8800232,IN,135.00,GBP,2024-12-26T17:05:00Z,card,
4000287,8800235,IN,70.23,USD,2024-12-26T17:06:33Z,card,
4000288,8800066,IN,67.50,GBP,2024-12-26T19:35:00Z,card,
4000289,8800236,IN,30.00,GBP,2024-12-26T19:36:07Z,card,
4000290,8800212,IN,180.59,USD,2024-12-26T19:50:00Z,cash,
4000291,8800237,IN,565.95,USD,2024-12-26T20:32:26Z,card,
4000292,8800238,IN,161.70,AUD,2024-12-26T21:01:52Z,voucher,
4000293,8800239,IN,120.00,GBP,2024-12-26T21:02:27Z,card,
4000294,8800240,IN,60.00,GBP,2024-12-26T22:44:06Z,card,
4000295,8800241,IN,52.80,AUD,2024-12-27T02:18:47Z,voucher,
4000296,8800242,IN,282.98,USD,2024-12-27T05:13:37Z,card,
4000297,8800243,IN,31.90,AUD,2024-12-27T05:29:03Z,voucher,
4000298,8800240,IN,60.00,GBP,2024-12-27T06:33:32Z,card,
4000299,8800171,IN,53.90,AUD,2024-12-27T06:36:13Z,card,
4000300,8800166,OUT,67.20,GBP,2024-12-27T08:10:06Z,voucher,cancellation
4000301,8800244,IN,53.90,AUD,2024-12-27T08:56:49Z,card,
4000302,8800245,IN,243.56,USD,2024-12-27T13:05:42Z,voucher,
4000303,8800246,IN,565.95,USD,2024-12-27T14:43:02Z,card,
4000304,8800247,IN,321.05,USD,2024-12-27T16:42:06Z,card,
4000305,8800236,IN,90.00,GBP,2024-12-27T17:20:00Z,card,
4000306,8800213,IN,135.00,GBP,2024-12-27T19:05:00Z,cash,
4000307,8800039,IN,161.70,AUD,2024-12-27T23:05:00Z,card,
4000308,8800248,IN,321.05,USD,2024-12-28T02:09:54Z,card,
4000309,8800249,IN,85.52,USD,2024-12-28T05:04:22Z,card,
4000310,8800250,IN,53.90,AUD,2024-12-28T05:45:21Z,card,
4000311,8800251,IN,13.20,AUD,2024-12-28T06:58:10Z,card,
4000312,8800252,IN,150.00,GBP,2024-12-28T07:12:29Z,card,
4000313,8800157,OUT,161.70,AUD,2024-12-28T08:30:06Z,card,cancellation
4000314,8800253,IN,142.68,EUR,2024-12-28T09:45:59Z,card,
4000315,8800254,IN,36.00,GBP,2024-12-28T12:31:49Z,card,
4000316,8800255,IN,150.00,GBP,2024-12-28T13:47:00Z,card,
4000317,8800256,IN,53.51,EUR,2024-12-28T14:36:05Z,card,
4000318,8800257,IN,36.54,USD,2024-12-28T14:56:03Z,card,
4000319,8800256,IN,160.51,EUR,2024-12-28T15:05:00Z,cash,
4000320,8800258,IN,71.34,EUR,2024-12-28T15:06:43Z,card,
4000321,8800075,IN,240.79,USD,2024-12-28T17:20:00Z,cash,
4000322,8800259,IN,321.05,USD,2024-12-28T18:12:25Z,card,
4000323,8800260,IN,565.95,USD,2024-12-28T18:25:24Z,voucher,
4000324,8800063,IN,126.00,GBP,2024-12-28T20:35:00Z,cash,
4000325,8800261,IN,90.00,GBP,2024-12-28T21:01:55Z,card,
4000326,8800221,IN,53.90,AUD,2024-12-28T21:35:48Z,card,
4000327,8800262,IN,95.70,AUD,2024-12-28T22:16:11Z,card,
4000328,8800263,IN,22.50,GBP,2024-12-28T22:39:32Z,card,
4000329,8800250,IN,161.70,AUD,2024-12-29T01:20:00Z,cash,
4000330,8800264,IN,79.20,AUD,2024-12-29T02:57:13Z,card,
4000331,8800214,OUT,30.31,USD,2024-12-29T02:59:20Z,card,cancellation (20% fee retained)
4000332,8800243,IN,63.80,AUD,2024-12-29T03:39:45Z,card,
4000333,8800155,IN,121.27,AUD,2024-12-29T04:20:00Z,card,
4000334,8800265,IN,26.40,AUD,2024-12-29T08:54:17Z,card,
4000335,8800266,IN,214.02,EUR,2024-12-29T09:53:58Z,card,
4000336,8800267,IN,25.20,GBP,2024-12-29T12:52:24Z,card,
4000337,8800268,IN,90.00,GBP,2024-12-29T13:23:20Z,card,
4000338,8800269,IN,100.80,GBP,2024-12-29T14:47:37Z,voucher,
4000339,8800270,IN,240.79,USD,2024-12-29T16:18:15Z,card,
4000340,8800271,IN,60.20,USD,2024-12-29T16:34:34Z,card,
4000341,8800272,IN,47.97,EUR,2024-12-29T16:57:16Z,card,
4000342,8800189,IN,251.84,EUR,2024-12-29T20:35:00Z,card,
4000343,8800273,IN,26.40,AUD,2024-12-29T20:46:17Z,card,
4000344,8800274,IN,53.90,AUD,2024-12-29T23:00:23Z,card,
4000345,8800274,IN,269.50,AUD,2024-12-29T23:05:00Z,card,
4000346,8800275,IN,160.52,USD,2024-12-30T01:04:35Z,card,
4000347,8800276,IN,53.90,AUD,2024-12-30T02:07:02Z,voucher,
4000348,8800277,IN,215.60,AUD,2024-12-30T05:32:55Z,card,
4000349,8800250,OUT,107.80,AUD,2024-12-30T07:30:00Z,card,goodwill
4000350,8800257,IN,109.60,USD,2024-12-30T13:35:00Z,cash,
4000351,8800278,IN,33.60,GBP,2024-12-30T16:30:50Z,card,
4000352,8800279,IN,70.23,USD,2024-12-30T17:24:31Z,card,
4000353,8800280,IN,214.02,EUR,2024-12-30T17:43:07Z,card,
4000354,8800281,IN,4.80,GBP,2024-12-30T19:45:30Z,card,
4000355,8800272,IN,143.91,EUR,2024-12-30T19:50:00Z,cash,
4000356,8800210,IN,107.01,EUR,2024-12-30T21:20:00Z,cash,
4000357,8800282,IN,60.00,GBP,2024-12-30T21:48:49Z,card,
4000358,8800283,IN,53.90,AUD,2024-12-30T22:10:34Z,card,
4000359,8800284,IN,105.60,AUD,2024-12-31T01:24:54Z,card,
4000360,8800285,IN,90.00,GBP,2024-12-31T08:10:45Z,voucher,
4000361,8800286,IN,249.69,EUR,2024-12-31T10:00:08Z,card,
4000362,8800287,IN,150.00,GBP,2024-12-31T11:25:08Z,voucher,
4000363,8800288,IN,45.00,GBP,2024-12-31T14:55:46Z,card,
4000364,8800289,IN,239.85,EUR,2024-12-31T15:19:20Z,card,
4000365,8800279,IN,210.69,USD,2024-12-31T15:50:00Z,cash,
4000366,8800290,IN,142.68,EUR,2024-12-31T19:01:26Z,card,
4000367,8800291,IN,239.85,EUR,2024-12-31T22:38:59Z,card,
4000368,8800292,IN,3.60,GBP,2024-12-31T23:27:11Z,card,
4000369,8800268,IN,60.00,GBP,2025-01-01T00:50:41Z,card,
4000370,8800293,IN,40.43,AUD,2025-01-01T00:51:35Z,card,
4000371,8800294,IN,52.80,AUD,2025-01-01T01:20:40Z,card,
4000372,8800295,IN,127.60,AUD,2025-01-01T02:09:07Z,voucher,
4000373,8800296,IN,79.20,AUD,2025-01-01T02:24:17Z,card,
4000374,8800297,IN,215.60,AUD,2025-01-01T03:54:54Z,card,
4000375,8800298,IN,120.00,GBP,2025-01-01T09:33:42Z,card,
4000376,8800299,IN,383.76,EUR,2025-01-01T18:36:29Z,voucher,
4000377,8800300,IN,161.70,AUD,2025-01-01T20:54:11Z,card,
4000378,8800301,IN,565.95,USD,2025-01-01T21:29:58Z,card,
4000379,8800210,OUT,35.67,EUR,2025-01-01T21:30:00Z,card,goodwill
4000380,8800237,OUT,565.95,USD,2025-01-01T23:18:55Z,card,cancellation
4000381,8800215,IN,52.80,AUD,2025-01-02T02:43:11Z,card,
4000382,8800265,IN,79.20,AUD,2025-01-02T04:20:00Z,card,
4000383,8800083,IN,80.85,AUD,2025-01-02T06:20:00Z,card,
4000384,8800302,IN,105.60,AUD,2025-01-02T07:47:52Z,card,
4000385,8800303,IN,95.70,AUD,2025-01-02T08:45:35Z,card,
4000386,8800304,IN,60.00,GBP,2025-01-02T15:06:31Z,voucher,
4000387,8800305,IN,33.60,GBP,2025-01-02T16:09:08Z,card,
4000388,8800251,IN,39.60,AUD,2025-01-02T23:50:00Z,card,
4000389,8800306,IN,53.90,AUD,2025-01-03T01:03:43Z,card,
4000390,8800307,IN,40.43,AUD,2025-01-03T02:31:11Z,card,
4000391,8800308,IN,18.95,USD,2025-01-03T04:17:37Z,card,
4000392,8800307,IN,121.27,AUD,2025-01-03T06:50:00Z,cash,
4000393,8800309,IN,143.91,EUR,2025-01-03T07:51:12Z,voucher,
4000394,8800310,IN,18.00,GBP,2025-01-03T09:17:29Z,card,
4000395,8800311,IN,44.59,EUR,2025-01-03T10:36:35Z,card,
4000396,8800049,OUT,427.59,USD,2025-01-03T11:04:40Z,card,cancellation
4000397,8800286,OUT,24.97,EUR,2025-01-03T11:15:00Z,card,goodwill
4000398,8800312,IN,226.38,USD,2025-01-03T15:54:39Z,card,
4000399,8800226,OUT,102.08,AUD,2025-01-03T17:57:09Z,voucher,cancellation (20% fee retained)
4000400,8800313,IN,90.00,GBP,2025-01-03T18:27:35Z,card,
4000401,8800088,IN,270.88,USD,2025-01-03T20:20:00Z,card,
4000402,8800314,IN,143.91,EUR,2025-01-03T22:10:38Z,voucher,
4000403,8800315,IN,85.52,USD,2025-01-03T23:54:11Z,voucher,
4000404,8800316,IN,52.80,AUD,2025-01-04T02:26:53Z,card,
4000405,8800317,IN,239.85,EUR,2025-01-04T09:28:00Z,card,
4000406,8800318,IN,26.75,EUR,2025-01-04T11:59:11Z,card,
4000407,8800319,IN,287.82,EUR,2025-01-04T12:25:41Z,card,
4000408,8800320,IN,168.00,GBP,2025-01-04T13:56:04Z,card,
4000409,8800321,IN,396.17,USD,2025-01-04T14:21:16Z,card,
4000410,8800322,IN,44.59,EUR,2025-01-04T14:48:49Z,card,
4000411,8800004,IN,113.66,USD,2025-01-04T15:05:00Z,cash,
4000412,8800323,IN,71.34,EUR,2025-01-04T15:53:41Z,card,
4000413,8800025,IN,151.20,GBP,2025-01-04T16:50:00Z,cash,
4000414,8800288,IN,135.00,GBP,2025-01-04T17:05:00Z,card,
4000415,8800242,IN,113.19,USD,2025-01-04T17:09:20Z,card,
4000416,8800235,IN,210.69,USD,2025-01-04T18:20:00Z,card,
4000417,8800318,IN,80.26,EUR,2025-01-04T19:35:00Z,card,
4000418,8800107,IN,117.60,GBP,2025-01-04T20:20:00Z,cash,
4000419,8800323,IN,214.02,EUR,2025-01-04T21:05:00Z,card,
4000420,8800324,IN,53.90,AUD,2025-01-04T23:17:07Z,card,
4000421,8800325,IN,189.44,USD,2025-01-04T23:44:17Z,card,
4000422,8800326,IN,100.33,USD,2025-01-05T01:51:06Z,card,
4000423,8800327,IN,679.14,USD,2025-01-05T02:59:53Z,voucher,
4000424,8800328,IN,33.60,GBP,2025-01-05T07:38:01Z,card,
4000425,8800196,IN,161.70,AUD,2025-01-05T08:20:00Z,card,
4000426,8800329,IN,27.00,GBP,2025-01-05T09:20:57Z,card,
4000427,8800330,IN,108.00,GBP,2025-01-05T09:39:31Z,voucher,
4000428,8800331,IN,59.96,EUR,2025-01-05T11:21:36Z,card,
4000429,8800278,IN,100.80,GBP,2025-01-05T12:35:00Z,cash,
4000430,8800332,IN,105.60,AUD,2025-01-05T12:43:52Z,voucher,
4000431,8800333,IN,71.96,EUR,2025-01-05T14:31:15Z,card,
4000432,8800334,IN,280.92,USD,2025-01-05T15:12:19Z,card,
4000433,8800328,IN,100.80,GBP,2025-01-05T18:05:00Z,card,
4000434,8800335,IN,4.80,GBP,2025-01-05T18:24:23Z,voucher,
4000435,8800267,IN,75.60,GBP,2025-01-05T21:20:00Z,cash,
4000436,8800336,IN,56.60,USD,2025-01-06T00:44:45Z,card,
4000437,8800337,IN,40.13,USD,2025-01-06T05:09:38Z,card,
4000438,8800137,OUT,168.00,GBP,2025-01-06T08:03:41Z,voucher,cancellation
4000439,8800338,IN,191.88,EUR,2025-01-06T10:41:36Z,card,
4000440,8800339,IN,180.00,GBP,2025-01-06T12:10:54Z,card,
4000441,8800340,IN,67.20,GBP,2025-01-06T13:25:15Z,card,
4000442,8800341,IN,161.70,AUD,2025-01-06T20:18:54Z,card,
4000443,8800342,IN,95.94,EUR,2025-01-06T21:20:15Z,card,
4000444,8800343,IN,97.43,USD,2025-01-06T22:53:52Z,card,
4000445,8800344,IN,396.17,USD,2025-01-06T23:42:24Z,card,
4000446,8800345,IN,83.95,EUR,2025-01-06T23:43:18Z,card,
4000447,8800339,IN,60.00,GBP,2025-01-07T01:30:53Z,card,
4000448,8800346,IN,342.07,USD,2025-01-07T14:49:46Z,card,
4000449,8800347,IN,134.40,GBP,2025-01-07T16:46:16Z,voucher,
4000450,8800348,IN,97.43,USD,2025-01-07T21:35:12Z,voucher,
4000451,8800293,IN,121.27,AUD,2025-01-07T23:20:00Z,card,
4000452,8800349,IN,178.35,EUR,2025-01-08T09:25:08Z,card,
4000453,8800350,IN,44.59,EUR,2025-01-08T13:12:15Z,card,
4000454,8800351,IN,70.23,USD,2025-01-08T14:25:00Z,card,
4000455,8800087,IN,112.50,GBP,2025-01-08T18:20:00Z,card,
4000456,8800352,IN,15.00,GBP,2025-01-08T18:25:48Z,card,
4000457,8800305,IN,100.80,GBP,2025-01-08T20:20:00Z,card,
4000458,8800353,IN,200.66,USD,2025-01-09T00:33:25Z,card,
4000459,8800354,IN,99.04,USD,2025-01-09T00:41:50Z,card,
4000460,8800290,OUT,142.68,EUR,2025-01-09T09:41:40Z,card,cancellation
4000461,8800336,IN,169.78,USD,2025-01-09T17:50:00Z,card,
4000462,8800355,IN,105.60,AUD,2025-01-09T20:50:12Z,voucher,
4000463,8800356,IN,201.60,GBP,2025-01-09T21:33:19Z,card,
4000464,8800357,IN,105.60,AUD,2025-01-09T22:30:35Z,card,
4000465,8800358,IN,84.89,USD,2025-01-10T01:01:20Z,card,
4000466,8800052,IN,39.60,AUD,2025-01-10T05:20:00Z,cash,
4000467,8800359,IN,178.35,EUR,2025-01-10T09:14:49Z,card,
4000468,8800360,IN,1.20,GBP,2025-01-10T10:21:13Z,card,
4000469,8800361,IN,105.60,AUD,2025-01-10T12:01:37Z,voucher,
4000470,8800362,IN,180.00,GBP,2025-01-10T12:28:37Z,card,
4000471,8800363,IN,127.60,AUD,2025-01-10T12:38:58Z,card,
4000472,8800364,IN,4.80,GBP,2025-01-10T14:18:02Z,card,
4000473,8800365,IN,214.02,EUR,2025-01-10T14:38:49Z,card,
4000474,8800142,IN,36.53,USD,2025-01-10T17:05:00Z,cash,
4000475,8800366,IN,26.75,EUR,2025-01-10T17:12:30Z,card,
4000476,8800367,IN,90.00,GBP,2025-01-10T17:24:50Z,card,
4000477,8800368,IN,134.40,GBP,2025-01-10T19:57:00Z,card,
4000478,8800345,IN,251.84,EUR,2025-01-10T20:35:00Z,cash,
4000479,8800369,IN,100.33,USD,2025-01-10T21:15:00Z,card,
4000480,8800370,IN,18.00,GBP,2025-01-10T22:06:51Z,card,
4000481,8800371,IN,335.79,EUR,2025-01-10T23:16:29Z,card,
4000482,8800372,IN,97.43,USD,2025-01-11T00:25:40Z,card,
4000483,8800373,IN,7.98,AUD,2025-01-11T01:40:16Z,card,
4000484,8800374,IN,189.44,USD,2025-01-11T03:42:16Z,voucher,
4000485,8800335,OUT,4.80,GBP,2025-01-11T06:50:30Z,voucher,cancellation
4000486,8800375,IN,2.40,GBP,2025-01-11T07:49:02Z,card,
4000487,8800376,IN,60.00,GBP,2025-01-11T08:58:18Z,voucher,
4000488,8800377,IN,214.02,EUR,2025-01-11T10:25:29Z,card,
4000489,8800119,IN,109.60,USD,2025-01-11T14:20:00Z,cash,
4000490,8800378,IN,127.34,USD,2025-01-11T18:08:39Z,card,
4000491,8800175,IN,45.00,GBP,2025-01-11T18:50:00Z,cash,
4000492,8800358,IN,311.28,USD,2025-01-11T19:05:00Z,card,
4000493,8800042,IN,311.80,EUR,2025-01-11T19:35:00Z,card,
4000494,8800378,IN,382.02,USD,2025-01-11T19:50:00Z,cash,
4000495,8800379,IN,142.68,EUR,2025-01-11T20:40:57Z,voucher,
4000496,8800380,IN,383.76,EUR,2025-01-11T22:38:40Z,card,
4000497,8800011,IN,161.70,AUD,2025-01-12T00:35:00Z,card,
4000498,8800042,OUT,95.94,EUR,2025-01-12T02:45:00Z,card,goodwill
4000499,8800381,IN,243.56,USD,2025-01-12T04:00:28Z,card,
4000500,8800324,IN,269.50,AUD,2025-01-12T06:50:00Z,card,
4000501,8800382,IN,160.52,USD,2025-01-12T06:53:23Z,card,
4000502,8800383,IN,37.50,GBP,2025-01-12T11:41:14Z,card,
4000503,8800384,IN,134.40,GBP,2025-01-12T16:34:53Z,card,
4000504,8800385,IN,214.02,EUR,2025-01-12T17:07:34Z,voucher,
4000505,8800386,IN,60.00,GBP,2025-01-12T19:23:01Z,card,
4000506,8800387,IN,67.20,GBP,2025-01-12T20:07:10Z,card,
4000507,8800388,IN,249.69,EUR,2025-01-12T20:22:56Z,card,
4000508,8800389,IN,427.59,USD,2025-01-12T20:27:38Z,card,
4000509,8800347,IN,33.60,GBP,2025-01-12T20:42:36Z,card,
4000510,8800390,IN,239.85,EUR,2025-01-12T22:52:31Z,card,
4000511,8800391,IN,6.60,AUD,2025-01-13T09:09:23Z,card,
4000512,8800392,IN,62.42,EUR,2025-01-13T10:31:12Z,card,
4000513,8800177,OUT,28.78,EUR,2025-01-13T11:00:00Z,card,goodwill
4000514,8800393,IN,95.70,AUD,2025-01-13T11:42:26Z,card,
4000515,8800041,OUT,22.50,GBP,2025-01-13T15:45:00Z,card,goodwill
4000516,8800394,IN,200.66,USD,2025-01-13T16:46:22Z,card,
4000517,8800005,IN,215.86,EUR,2025-01-13T17:20:00Z,cash,
4000518,8800395,IN,120.39,USD,2025-01-13T19:01:17Z,card,
4000519,8800369,IN,300.98,USD,2025-01-13T20:50:00Z,cash,
4000520,8800396,IN,1.20,GBP,2025-01-13T21:53:53Z,card,
4000521,8800395,IN,361.18,USD,2025-01-13T22:35:00Z,card,
4000522,8800397,IN,194.85,USD,2025-01-14T04:38:59Z,voucher,
4000523,8800397,IN,48.71,USD,2025-01-14T07:17:12Z,card,
4000524,8800398,IN,107.80,AUD,2025-01-14T09:25:20Z,card,
4000525,8800399,IN,31.90,AUD,2025-01-14T11:23:46Z,card,
4000526,8800400,IN,33.60,GBP,2025-01-14T18:23:35Z,card,
4000527,8800401,IN,240.79,USD,2025-01-14T18:33:01Z,card,
4000528,8800402,IN,31.90,AUD,2025-01-14T22:13:19Z,card,
4000529,8800403,IN,335.79,EUR,2025-01-14T22:23:21Z,card,
4000530,8800374,IN,75.77,USD,2025-01-15T02:57:47Z,card,
4000531,8800404,IN,18.95,USD,2025-01-15T03:20:14Z,card,
4000532,8800405,IN,63.80,AUD,2025-01-15T04:32:31Z,voucher,
4000533,8800406,IN,17.84,EUR,2025-01-15T07:50:02Z,card,
4000534,8800407,IN,95.94,EUR,2025-01-15T08:42:24Z,card,
4000535,8800408,IN,201.60,GBP,2025-01-15T09:41:27Z,card,
4000536,8800101,IN,2.70,GBP,2025-01-15T14:05:00Z,card,
4000537,8800409,IN,67.20,GBP,2025-01-15T15:32:03Z,card,
4000538,8800350,IN,133.76,EUR,2025-01-15T19:50:00Z,card,
4000539,8800410,IN,105.60,AUD,2025-01-15T20:05:24Z,card,
4000540,8800329,IN,117.00,GBP,2025-01-15T20:50:00Z,card,
4000541,8800411,IN,160.52,USD,2025-01-15T22:38:15Z,card,
4000542,8800247,IN,80.26,USD,2025-01-15T22:45:05Z,card,
4000543,8800412,IN,285.36,EUR,2025-01-15T23:40:02Z,card,
4000544,8800413,IN,48.71,USD,2025-01-16T02:26:23Z,card,
4000545,8800414,IN,79.20,AUD,2025-01-16T06:22:05Z,card,
4000546,8800415,IN,127.60,AUD,2025-01-16T10:21:35Z,card,
4000547,8800416,IN,127.60,AUD,2025-01-16T10:39:28Z,card,
4000548,8800417,IN,45.00,GBP,2025-01-16T11:37:08Z,card,
4000549,8800418,IN,239.85,EUR,2025-01-16T15:06:29Z,card,
4000550,8800419,IN,142.68,EUR,2025-01-16T16:27:09Z,card,
4000551,8800420,IN,85.52,USD,2025-01-17T03:59:00Z,card,
4000552,8800381,OUT,243.56,USD,2025-01-17T04:33:45Z,card,cancellation
4000553,8800010,OUT,189.44,USD,2025-01-17T05:10:11Z,card,cancellation
4000554,8800373,IN,23.92,AUD,2025-01-17T05:50:00Z,cash,
4000555,8800421,IN,26.40,AUD,2025-01-17T08:03:47Z,card,
4000556,8800422,IN,83.95,EUR,2025-01-17T08:23:06Z,card,
4000557,8800423,IN,26.95,AUD,2025-01-17T12:33:34Z,card,
4000558,8800424,IN,90.00,GBP,2025-01-17T12:48:29Z,card,
4000559,8800165,IN,2.70,GBP,2025-01-17T15:20:00Z,cash,
4000560,8800425,IN,120.39,USD,2025-01-17T15:20:45Z,card,
4000561,8800426,IN,441.44,USD,2025-01-17T16:45:50Z,voucher,
4000562,8800425,IN,441.44,USD,2025-01-17T16:50:00Z,cash,
4000563,8800427,IN,60.00,GBP,2025-01-17T19:06:09Z,card,
4000564,8800200,IN,27.00,GBP,2025-01-17T19:20:00Z,cash,
4000565,8800326,IN,381.24,USD,2025-01-17T19:50:00Z,card,
4000566,8800033,IN,231.85,EUR,2025-01-17T20:05:00Z,card,
4000567,8800392,IN,187.27,EUR,2025-01-17T20:20:00Z,cash,
4000568,8800419,IN,71.34,EUR,2025-01-17T20:43:09Z,card,
4000569,8800271,IN,180.59,USD,2025-01-17T23:20:00Z,card,
4000570,8800428,IN,215.60,AUD,2025-01-18T00:51:38Z,voucher,
4000571,8800429,IN,52.80,AUD,2025-01-18T06:34:44Z,card,
4000572,8800430,IN,52.80,AUD,2025-01-18T07:45:06Z,card,
4000573,8800431,IN,383.76,EUR,2025-01-18T07:59:17Z,card,
4000574,8800432,IN,31.90,AUD,2025-01-18T09:52:17Z,card,
4000575,8800433,IN,27.00,GBP,2025-01-18T11:36:44Z,card,
4000576,8800434,IN,53.90,AUD,2025-01-18T12:09:09Z,card,
4000577,8800431,IN,47.97,EUR,2025-01-18T12:48:57Z,card,
4000578,8800435,IN,22.50,GBP,2025-01-18T13:22:22Z,card,
4000579,8800436,IN,146.14,USD,2025-01-18T13:46:54Z,voucher,
4000580,8800392,OUT,62.42,EUR,2025-01-18T14:30:00Z,card,goodwill
4000581,8800308,IN,56.83,USD,2025-01-18T15:50:00Z,cash,
4000582,8800437,IN,54.00,GBP,2025-01-18T16:21:06Z,card,
4000583,8800438,IN,679.14,USD,2025-01-18T17:18:49Z,card,
4000584,8800439,IN,509.36,USD,2025-01-18T17:54:39Z,card,
4000585,8800352,IN,45.00,GBP,2025-01-18T18:35:00Z,card,
4000586,8800440,IN,60.00,GBP,2025-01-18T18:58:22Z,voucher,
4000587,8800310,IN,54.00,GBP,2025-01-18T19:20:00Z,card,
4000588,8800441,IN,90.00,GBP,2025-01-18T20:34:25Z,card,
4000589,8800442,IN,40.43,AUD,2025-01-19T01:07:21Z,card,
4000590,8800443,IN,105.60,AUD,2025-01-19T01:19:03Z,card,
4000591,8800444,IN,15.95,AUD,2025-01-19T02:53:06Z,card,
4000592,8800444,IN,47.85,AUD,2025-01-19T04:20:00Z,cash,
4000593,8800445,IN,15.95,AUD,2025-01-19T05:22:12Z,card,
4000594,8800403,OUT,335.79,EUR,2025-01-19T09:01:52Z,card,cancellation
4000595,8800446,IN,13.20,AUD,2025-01-19T12:59:44Z,card,
4000596,8800447,IN,100.80,GBP,2025-01-19T14:39:05Z,card,
4000597,8800448,IN,1.20,GBP,2025-01-19T20:10:42Z,card,
4000598,8800449,IN,215.60,AUD,2025-01-19T21:29:54Z,voucher,
4000599,8800450,IN,90.00,GBP,2025-01-19T22:08:04Z,card,
4000600,8800451,IN,201.60,GBP,2025-01-19T23:10:47Z,card,
4000601,8800452,IN,79.20,AUD,2025-01-20T00:22:35Z,card,
4000602,8800453,IN,6.60,AUD,2025-01-20T04:00:43Z,card,
4000603,8800454,IN,509.36,USD,2025-01-20T06:49:31Z,card,
4000604,8800455,IN,79.20,AUD,2025-01-20T07:17:10Z,card,
4000605,8800456,IN,30.00,GBP,2025-01-20T07:43:39Z,card,
4000606,8800457,IN,44.59,EUR,2025-01-20T08:57:31Z,card,
4000607,8800417,IN,135.00,GBP,2025-01-20T15:50:00Z,cash,
4000608,8800458,IN,396.17,USD,2025-01-20T16:46:49Z,card,
4000609,8800459,IN,71.34,EUR,2025-01-20T16:52:29Z,card,
4000610,8800460,IN,321.05,USD,2025-01-20T16:53:49Z,card,
4000611,8800461,IN,441.44,USD,2025-01-20T17:05:43Z,card,
4000612,8800417,OUT,90.00,GBP,2025-01-20T18:00:00Z,card,goodwill
4000613,8800430,IN,52.80,AUD,2025-01-20T18:07:53Z,card,
4000614,8800457,IN,133.76,EUR,2025-01-20T20:50:00Z,cash,
4000615,8800462,IN,622.55,USD,2025-01-20T22:41:26Z,card,
4000616,8800463,IN,31.90,AUD,2025-01-20T23:09:38Z,card,
4000617,8800464,IN,59.96,EUR,2025-01-20T23:48:56Z,card,
4000618,8800465,IN,26.95,AUD,2025-01-21T00:08:05Z,card,
4000619,8800458,IN,113.19,USD,2025-01-21T00:29:00Z,card,
4000620,8800466,IN,161.70,AUD,2025-01-21T01:50:21Z,card,
4000621,8800012,IN,19.80,AUD,2025-01-21T03:50:00Z,cash,
4000622,8800467,IN,52.80,AUD,2025-01-21T06:40:38Z,card,
4000623,8800468,IN,17.84,EUR,2025-01-21T11:23:43Z,card,
4000624,8800469,IN,72.00,GBP,2025-01-21T11:54:41Z,card,
4000625,8800470,IN,214.02,EUR,2025-01-21T14:57:45Z,voucher,
4000626,8800471,IN,50.40,GBP,2025-01-21T18:25:45Z,card,
4000627,8800472,IN,90.00,GBP,2025-01-21T19:10:11Z,card,
4000628,8800473,IN,240.79,USD,2025-01-21T19:38:52Z,card,
4000629,8800331,IN,227.86,EUR,2025-01-21T20:35:00Z,card,
4000630,8800474,IN,342.07,USD,2025-01-22T00:38:19Z,card,
4000631,8800475,IN,53.90,AUD,2025-01-22T01:34:32Z,card,
4000632,8800442,IN,175.17,AUD,2025-01-22T07:50:00Z,cash,
4000633,8800371,IN,47.97,EUR,2025-01-22T13:30:52Z,card,
4000634,8800448,IN,3.60,GBP,2025-01-22T14:20:00Z,card,
4000635,8800476,IN,48.71,USD,2025-01-22T14:58:13Z,card,
4000636,8800477,IN,60.89,USD,2025-01-22T16:00:30Z,card,
4000637,8800476,IN,146.14,USD,2025-01-22T16:20:00Z,card,
4000638,8800478,IN,113.66,USD,2025-01-22T16:23:38Z,card,
4000639,8800479,IN,113.19,USD,2025-01-22T20:04:47Z,card,
4000640,8800480,IN,280.92,USD,2025-01-22T20:39:08Z,card,
4000641,8800462,IN,56.59,USD,2025-01-23T00:18:58Z,card,
4000642,8800481,IN,53.90,AUD,2025-01-23T04:59:11Z,card,
4000643,8800453,IN,19.80,AUD,2025-01-23T06:05:00Z,cash,
4000644,8800465,IN,80.85,AUD,2025-01-23T06:20:00Z,cash,
4000645,8800482,IN,31.90,AUD,2025-01-23T06:56:05Z,card,
4000646,8800483,IN,107.80,AUD,2025-01-23T13:00:15Z,card,
4000647,8800484,IN,54.00,GBP,2025-01-23T13:51:24Z,card,
4000648,8800485,IN,2.40,GBP,2025-01-23T14:15:08Z,card,
4000649,8800486,IN,108.00,GBP,2025-01-23T15:11:16Z,card,
4000650,8800487,IN,13.50,GBP,2025-01-23T17:14:49Z,card,
4000651,8800488,IN,67.20,GBP,2025-01-23T19:44:43Z,voucher,
4000652,8800489,IN,71.34,EUR,2025-01-23T20:43:37Z,voucher,
4000653,8800490,IN,31.90,AUD,2025-01-24T01:10:21Z,voucher,
4000654,8800491,IN,452.76,USD,2025-01-24T02:19:40Z,card,
4000655,8800492,IN,143.91,EUR,2025-01-24T08:15:02Z,card,
4000656,8800247,OUT,321.05,USD,2025-01-24T10:05:34Z,card,cancellation (20% fee retained)
4000657,8800493,IN,105.60,AUD,2025-01-24T12:33:52Z,card,
4000658,8800494,IN,239.85,EUR,2025-01-24T13:12:52Z,card,
4000659,8800495,IN,168.00,GBP,2025-01-24T17:30:08Z,voucher,
4000660,8800496,IN,85.52,USD,2025-01-24T18:36:16Z,card,
4000661,8800456,IN,90.00,GBP,2025-01-24T18:50:00Z,cash,
4000662,8800497,IN,42.00,GBP,2025-01-24T18:51:20Z,card,
4000663,8800498,IN,215.60,AUD,2025-01-24T20:54:44Z,card,
4000664,8800499,IN,23.93,AUD,2025-01-24T22:59:23Z,card,
4000665,8800500,IN,13.48,AUD,2025-01-24T23:32:00Z,card,
4000666,8800501,IN,481.57,USD,2025-01-24T23:40:09Z,card,
4000667,8800371,OUT,383.76,EUR,2025-01-25T04:11:49Z,card,cancellation
4000668,8800499,IN,71.77,AUD,2025-01-25T06:35:00Z,cash,
4000669,8800502,IN,2.40,GBP,2025-01-25T07:15:25Z,voucher,
4000670,8800503,IN,2.40,GBP,2025-01-25T07:37:04Z,card,
4000671,8800421,IN,79.20,AUD,2025-01-25T07:50:00Z,card,
4000672,8800454,OUT,509.36,USD,2025-01-25T08:14:51Z,card,cancellation
4000673,8800504,IN,15.00,GBP,2025-01-25T12:24:18Z,card,
4000674,8800505,IN,168.00,GBP,2025-01-25T13:37:02Z,card,
4000675,8800506,IN,90.00,GBP,2025-01-25T13:59:30Z,voucher,
4000676,8800098,IN,213.79,USD,2025-01-25T14:35:00Z,cash,
4000677,8800507,IN,441.44,USD,2025-01-25T14:41:36Z,voucher,
4000678,8800408,OUT,201.60,GBP,2025-01-25T15:09:14Z,card,cancellation
4000679,8800508,IN,169.79,USD,2025-01-25T16:31:58Z,card,
4000680,8800509,IN,396.17,USD,2025-01-25T17:07:13Z,card,
4000681,8800510,IN,23.99,EUR,2025-01-25T17:39:02Z,card,
4000682,8800511,IN,383.76,EUR,2025-01-25T18:51:18Z,card,
4000683,8800512,IN,191.88,EUR,2025-01-25T21:05:05Z,voucher,
4000684,8800455,OUT,7.92,AUD,2025-01-25T23:00:00Z,card,goodwill
4000685,8800513,IN,18.95,USD,2025-01-26T00:22:00Z,card,
4000686,8800514,IN,18.95,USD,2025-01-26T04:31:20Z,card,
4000687,8800515,IN,6.60,AUD,2025-01-26T04:49:54Z,card,
4000688,8800515,IN,19.80,AUD,2025-01-26T04:50:00Z,cash,
4000689,8800516,IN,161.70,AUD,2025-01-26T06:19:18Z,card,
4000690,8800495,OUT,84.00,GBP,2025-01-26T06:30:00Z,voucher,goodwill
4000691,8800517,IN,201.60,GBP,2025-01-26T11:52:17Z,card,
4000692,8800518,IN,22.50,GBP,2025-01-26T13:06:55Z,card,
4000693,8800477,IN,182.67,USD,2025-01-26T15:20:00Z,cash,
4000694,8800504,IN,45.00,GBP,2025-01-26T15:20:00Z,card,
4000695,8800370,IN,72.00,GBP,2025-01-26T17:05:00Z,card,
4000696,8800513,IN,56.83,USD,2025-01-26T17:35:00Z,cash,
4000697,8800518,IN,67.50,GBP,2025-01-26T18:20:00Z,cash,
4000698,8800519,IN,239.85,EUR,2025-01-26T19:06:07Z,card,
4000699,8800474,OUT,342.07,USD,2025-01-26T19:07:43Z,card,cancellation
4000700,8800520,IN,22.50,GBP,2025-01-26T19:28:57Z,card,
4000701,8800521,IN,72.00,GBP,2025-01-26T20:23:50Z,card,
4000702,8800508,IN,509.35,USD,2025-01-26T22:05:00Z,card,
4000703,8800522,IN,47.36,USD,2025-01-26T22:22:35Z,card,
4000704,8800523,IN,26.95,AUD,2025-01-26T22:51:48Z,card,
4000705,8800021,OUT,335.79,EUR,2025-01-27T01:11:14Z,voucher,cancellation
4000706,8800524,IN,75.78,USD,2025-01-27T04:07:42Z,card,
4000707,8800525,IN,70.23,USD,2025-01-27T05:03:54Z,card,
4000708,8800523,IN,80.85,AUD,2025-01-27T07:05:00Z,card,
4000709,8800526,IN,25.20,GBP,2025-01-27T09:47:44Z,card,
4000710,8800527,IN,565.95,USD,2025-01-27T15:59:14Z,voucher,
4000711,8800528,IN,100.80,GBP,2025-01-27T16:29:14Z,card,
4000712,8800529,IN,99.04,USD,2025-01-27T19:14:44Z,card,
4000713,8800520,IN,67.50,GBP,2025-01-27T19:35:00Z,cash,
4000714,8800529,IN,297.13,USD,2025-01-27T19:50:00Z,card,
4000715,8800530,IN,107.80,AUD,2025-01-27T20:11:47Z,card,
4000716,8800531,IN,321.05,USD,2025-01-27T21:57:51Z,card,
4000717,8800532,IN,59.96,EUR,2025-01-27T22:35:51Z,card,
4000718,8800023,IN,47.85,AUD,2025-01-28T04:20:00Z,card,
4000719,8800362,OUT,180.00,GBP,2025-01-28T11:27:57Z,card,cancellation
4000720,8800502,OUT,0.24,GBP,2025-01-28T12:15:00Z,voucher,goodwill
4000721,8800533,IN,90.00,GBP,2025-01-28T14:13:09Z,card,
4000722,8800496,IN,256.55,USD,2025-01-28T15:35:00Z,card,
4000723,8800517,OUT,50.40,GBP,2025-01-28T19:30:00Z,card,goodwill
4000724,8800534,IN,200.66,USD,2025-01-29T02:05:16Z,card,
4000725,8800535,IN,13.48,AUD,2025-01-29T05:59:26Z,card,
4000726,8800536,IN,33.60,GBP,2025-01-29T09:39:59Z,card,
4000727,8800534,IN,40.13,USD,2025-01-29T11:23:24Z,card,
4000728,8800537,IN,178.35,EUR,2025-01-29T11:28:51Z,voucher,
4000729,8800526,IN,75.60,GBP,2025-01-29T11:50:00Z,cash,
4000730,8800538,IN,54.00,GBP,2025-01-29T17:15:17Z,card,
4000731,8800539,IN,84.89,USD,2025-01-29T18:20:16Z,card,
4000732,8800540,IN,33.60,GBP,2025-01-29T19:57:06Z,card,
4000733,8800541,IN,107.80,AUD,2025-01-29T22:40:13Z,card,
4000734,8800542,IN,361.18,USD,2025-01-30T00:02:46Z,card,
4000735,8800521,OUT,72.00,GBP,2025-01-30T01:35:55Z,card,cancellation
4000736,8800543,IN,22.50,GBP,2025-01-30T08:12:14Z,card,
4000737,8800544,IN,75.78,USD,2025-01-30T13:49:20Z,card,
4000738,8800545,IN,1.20,GBP,2025-01-30T14:04:35Z,card,
4000739,8800534,OUT,240.79,USD,2025-01-30T14:35:42Z,card,cancellation
4000740,8800546,IN,47.36,USD,2025-01-30T16:12:40Z,card,
4000741,8800547,IN,120.00,GBP,2025-01-30T16:22:06Z,card,
4000742,8800548,IN,23.99,EUR,2025-01-30T17:08:01Z,card,
4000743,8800549,IN,60.00,GBP,2025-01-30T17:30:28Z,card,
4000744,8800532,IN,179.89,EUR,2025-01-30T20:05:00Z,card,
4000745,8800550,IN,35.98,EUR,2025-01-30T20:35:15Z,card,
4000746,8800551,IN,679.14,USD,2025-01-30T21:19:01Z,voucher,
4000747,8800064,OUT,33.00,AUD,2025-01-30T21:45:00Z,voucher,goodwill
4000748,8800552,IN,85.52,USD,2025-01-30T23:14:51Z,card,
4000749,8800553,IN,134.40,GBP,2025-01-30T23:59:25Z,voucher,
4000750,8800554,IN,239.85,EUR,2025-01-31T07:32:05Z,voucher,
4000751,8800555,IN,0.90,GBP,2025-01-31T10:31:42Z,card,
4000752,8800555,IN,5.10,GBP,2025-01-31T11:20:00Z,card,
4000753,8800552,IN,342.07,USD,2025-01-31T12:20:00Z,card,
4000754,8800556,IN,37.50,GBP,2025-01-31T13:05:53Z,card,
4000755,8800557,IN,168.00,GBP,2025-01-31T15:02:02Z,card,
4000756,8800558,IN,401.31,USD,2025-01-31T17:04:22Z,card,
4000757,8800559,IN,25.20,GBP,2025-01-31T17:14:23Z,card,
4000758,8800560,IN,142.68,EUR,2025-01-31T17:26:53Z,card,
4000759,8800497,IN,126.00,GBP,2025-01-31T18:20:00Z,card,
4000760,8800533,OUT,72.00,GBP,2025-01-31T19:08:21Z,card,cancellation (20% fee retained)
4000761,8800400,IN,100.80,GBP,2025-01-31T19:50:00Z,cash,
4000762,8800559,IN,75.60,GBP,2025-01-31T20:20:00Z,card,
4000763,8800337,IN,120.39,USD,2025-01-31T20:35:00Z,cash,
4000764,8800561,IN,26.40,AUD,2025-01-31T20:54:35Z,card,
4000765,8800562,IN,95.70,AUD,2025-01-31T21:17:51Z,card,
4000766,8800563,IN,509.36,USD,2025-02-01T01:35:50Z,card,
4000767,8800500,IN,40.42,AUD,2025-02-01T03:50:00Z,card,
4000768,8800564,IN,31.90,AUD,2025-02-01T12:43:54Z,card,
4000769,8800565,IN,120.00,GBP,2025-02-01T14:35:20Z,card,
4000770,8800566,IN,71.34,EUR,2025-02-01T15:55:49Z,card,
4000771,8800519,IN,47.97,EUR,2025-02-01T21:20:23Z,card,
4000772,8800567,IN,105.60,AUD,2025-02-01T21:32:39Z,voucher,
4000773,8800050,IN,112.20,AUD,2025-02-01T23:20:00Z,card,
4000774,8800568,IN,194.85,USD,2025-02-01T23:46:30Z,card,
4000775,8800560,OUT,114.14,EUR,2025-02-02T01:10:56Z,card,cancellation (20% fee retained)
4000776,8800569,IN,60.20,USD,2025-02-02T02:52:11Z,card,
4000777,8800481,IN,161.70,AUD,2025-02-02T06:05:00Z,card,
4000778,8800570,IN,31.90,AUD,2025-02-02T06:06:58Z,card,
4000779,8800391,IN,19.80,AUD,2025-02-02T06:35:00Z,card,
4000780,8800535,IN,94.32,AUD,2025-02-02T06:50:00Z,cash,
4000781,8800571,IN,79.20,AUD,2025-02-02T07:52:14Z,voucher,
4000782,8800572,IN,142.68,EUR,2025-02-02T09:37:07Z,card,
4000783,8800573,IN,161.70,AUD,2025-02-02T10:24:57Z,card,
4000784,8800574,IN,108.00,GBP,2025-02-02T10:27:43Z,voucher,
4000785,8800568,OUT,155.88,USD,2025-02-02T10:40:26Z,card,cancellation (20% fee retained)
4000786,8800575,IN,54.00,GBP,2025-02-02T12:52:26Z,voucher,
4000787,8800556,IN,112.50,GBP,2025-02-02T14:20:00Z,cash,
4000788,8800576,IN,40.13,USD,2025-02-02T15:47:22Z,card,
4000789,8800174,OUT,51.04,AUD,2025-02-02T18:17:23Z,voucher,cancellation (20% fee retained)
4000790,8800487,IN,40.50,GBP,2025-02-02T18:35:00Z,cash,
4000791,8800536,IN,100.80,GBP,2025-02-02T19:35:00Z,card,
4000792,8800577,IN,17.84,EUR,2025-02-02T19:52:20Z,card,
4000793,8800550,IN,107.93,EUR,2025-02-02T20:20:00Z,card,
4000794,8800578,IN,48.71,USD,2025-02-03T05:01:40Z,card,
4000795,8800579,IN,161.70,AUD,2025-02-03T05:02:54Z,card,
4000796,8800580,IN,79.20,AUD,2025-02-03T05:42:33Z,card,
4000797,8800581,IN,52.80,AUD,2025-02-03T09:31:01Z,card,
4000798,8800582,IN,67.20,GBP,2025-02-03T12:13:44Z,voucher,
4000799,8800570,OUT,25.52,AUD,2025-02-03T12:32:50Z,card,cancellation (20% fee retained)
4000800,8800583,IN,127.60,AUD,2025-02-03T12:38:40Z,card,
4000801,8800034,IN,67.50,GBP,2025-02-03T14:20:00Z,card,
4000802,8800584,IN,21.38,USD,2025-02-03T14:42:28Z,card,
4000803,8800585,IN,243.56,USD,2025-02-03T15:15:58Z,card,
4000804,8800586,IN,90.00,GBP,2025-02-03T18:15:37Z,voucher,
4000805,8800539,IN,311.28,USD,2025-02-03T19:20:00Z,cash,
4000806,8800587,IN,79.20,AUD,2025-02-03T20:01:48Z,card,
4000807,8800053,OUT,26.40,AUD,2025-02-04T02:09:16Z,voucher,cancellation
4000808,8800588,IN,215.60,AUD,2025-02-04T02:14:35Z,card,
4000809,8800589,IN,481.57,USD,2025-02-04T03:05:39Z,card,
4000810,8800590,IN,160.52,USD,2025-02-04T04:11:27Z,voucher,
4000811,8800591,IN,401.31,USD,2025-02-04T06:41:00Z,voucher,
4000812,8800592,IN,107.80,AUD,2025-02-04T07:42:42Z,card,
4000813,8800061,OUT,96.00,GBP,2025-02-04T09:50:20Z,card,cancellation (20% fee retained)
4000814,8800593,IN,60.00,GBP,2025-02-04T10:42:20Z,card,
4000815,8800594,IN,54.00,GBP,2025-02-04T10:53:43Z,card,
4000816,8800595,IN,26.40,AUD,2025-02-04T11:40:44Z,card,
4000817,8800596,IN,56.60,USD,2025-02-04T14:21:18Z,card,
4000818,8800597,IN,191.88,EUR,2025-02-04T16:24:49Z,voucher,
4000819,8800596,IN,169.78,USD,2025-02-04T18:35:00Z,card,
4000820,8800584,IN,64.14,USD,2025-02-04T18:50:00Z,cash,
4000821,8800595,IN,26.40,AUD,2025-02-04T21:02:04Z,card,
4000822,8800462,OUT,679.14,USD,2025-02-05T02:34:11Z,card,cancellation
4000823,8800551,OUT,339.57,USD,2025-02-05T04:45:00Z,voucher,goodwill
4000824,8800598,IN,60.20,USD,2025-02-05T05:42:15Z,card,
4000825,8800599,IN,509.36,USD,2025-02-05T05:56:22Z,voucher,
4000826,8800600,IN,54.00,GBP,2025-02-05T09:03:18Z,card,
4000827,8800601,IN,24.36,USD,2025-02-05T13:09:28Z,card,
4000828,8800602,IN,280.92,USD,2025-02-05T14:48:27Z,card,
4000829,8800603,IN,95.94,EUR,2025-02-05T15:29:59Z,card,
4000830,8800604,IN,36.00,GBP,2025-02-05T16:39:48Z,voucher,
4000831,8800605,IN,48.71,USD,2025-02-05T16:40:13Z,voucher,
4000832,8800606,IN,40.13,USD,2025-02-05T16:52:40Z,card,
4000833,8800464,IN,179.89,EUR,2025-02-05T18:35:00Z,cash,
4000834,8800603,IN,287.82,EUR,2025-02-05T19:50:00Z,cash,
4000835,8800607,IN,127.60,AUD,2025-02-05T21:01:44Z,card,
4000836,8800608,IN,215.60,AUD,2025-02-05T21:34:14Z,card,
4000837,8800609,IN,48.71,USD,2025-02-05T21:36:55Z,card,
4000838,8800610,IN,160.52,USD,2025-02-06T00:42:09Z,voucher,
4000839,8800611,IN,26.40,AUD,2025-02-06T02:12:09Z,card,
4000840,8800423,IN,80.85,AUD,2025-02-06T03:20:00Z,card,
4000841,8800464,OUT,119.93,EUR,2025-02-06T03:45:00Z,card,goodwill
4000842,8800612,IN,171.04,USD,2025-02-06T04:35:41Z,card,
4000843,8800230,OUT,150.00,GBP,2025-02-06T06:04:49Z,card,cancellation
4000844,8800609,OUT,48.71,USD,2025-02-06T06:39:29Z,card,cancellation
4000845,8800597,IN,47.97,EUR,2025-02-06T06:42:28Z,card,
4000846,8800613,IN,72.00,GBP,2025-02-06T08:50:13Z,card,
4000847,8800614,IN,201.60,GBP,2025-02-06T09:35:15Z,card,
4000848,8800615,IN,161.70,AUD,2025-02-06T12:52:02Z,card,
4000849,8800616,IN,97.43,USD,2025-02-06T13:59:17Z,card,
4000850,8800617,IN,12.18,USD,2025-02-06T17:25:40Z,card,
4000851,8800618,IN,71.96,EUR,2025-02-06T18:18:24Z,card,
4000852,8800619,IN,120.00,GBP,2025-02-06T19:01:27Z,card,
4000853,8800383,IN,112.50,GBP,2025-02-06T19:50:00Z,cash,
4000854,8800620,IN,26.40,AUD,2025-02-06T21:27:10Z,card,
4000855,8800621,IN,63.80,AUD,2025-02-06T21:48:12Z,voucher,
4000856,8800622,IN,53.90,AUD,2025-02-06T22:10:30Z,card,
4000857,8800623,IN,85.52,USD,2025-02-06T22:58:57Z,voucher,
4000858,8800623,IN,85.52,USD,2025-02-06T23:24:55Z,card,
4000859,8800624,IN,361.18,USD,2025-02-07T01:35:43Z,card,
4000860,8800625,IN,161.70,AUD,2025-02-07T06:45:43Z,card,
4000861,8800626,IN,168.00,GBP,2025-02-07T09:27:12Z,card,
4000862,8800627,IN,100.80,GBP,2025-02-07T10:11:23Z,card,
4000863,8800628,IN,180.00,GBP,2025-02-07T10:34:13Z,card,
4000864,8800629,IN,45.00,GBP,2025-02-07T11:48:53Z,card,
4000865,8800630,IN,134.40,GBP,2025-02-07T13:00:04Z,card,
4000866,8800631,IN,151.55,USD,2025-02-07T14:33:34Z,card,
4000867,8800548,IN,71.95,EUR,2025-02-07T15:05:00Z,cash,
4000868,8800632,IN,120.39,USD,2025-02-07T18:41:37Z,card,
4000869,8800629,IN,165.00,GBP,2025-02-07T19:35:00Z,card,
4000870,8800633,IN,161.70,AUD,2025-02-07T22:09:33Z,card,
4000871,8800634,IN,13.48,AUD,2025-02-07T22:31:08Z,card,
4000872,8800635,IN,52.80,AUD,2025-02-08T00:30:02Z,voucher,
4000873,8800636,IN,565.95,USD,2025-02-08T01:46:22Z,voucher,
4000874,8800637,IN,161.70,AUD,2025-02-08T03:39:54Z,card,
4000875,8800638,IN,99.04,USD,2025-02-08T04:02:41Z,card,
4000876,8800637,IN,107.80,AUD,2025-02-08T04:55:40Z,card,
4000877,8800639,IN,240.79,USD,2025-02-08T05:23:53Z,card,
4000878,8800640,IN,36.00,GBP,2025-02-08T07:40:50Z,card,
4000879,8800641,IN,71.34,EUR,2025-02-08T10:31:47Z,card,
4000880,8800642,IN,383.76,EUR,2025-02-08T13:02:02Z,card,
4000881,8800546,IN,142.08,USD,2025-02-08T15:05:00Z,card,
4000882,8800488,OUT,53.76,GBP,2025-02-08T16:45:40Z,voucher,cancellation (20% fee retained)
4000883,8800643,IN,113.66,USD,2025-02-08T17:48:15Z,card,
4000884,8800525,IN,250.82,USD,2025-02-08T17:50:00Z,cash,
4000885,8800407,IN,287.82,EUR,2025-02-08T18:35:00Z,card,
4000886,8800644,IN,95.94,EUR,2025-02-08T18:59:22Z,card,
4000887,8800468,IN,53.50,EUR,2025-02-08T20:20:00Z,cash,
4000888,8800645,IN,127.60,AUD,2025-02-08T21:53:44Z,card,
4000889,8800646,IN,40.43,AUD,2025-02-08T22:24:31Z,card,
4000890,8800647,IN,56.60,USD,2025-02-09T03:24:32Z,card,
4000891,8800648,IN,19.80,AUD,2025-02-09T06:42:13Z,card,
4000892,8800649,IN,95.70,AUD,2025-02-09T06:55:19Z,voucher,
4000893,8800650,IN,67.20,GBP,2025-02-09T07:10:36Z,voucher,
4000894,8800651,IN,35.98,EUR,2025-02-09T07:27:48Z,card,
4000895,8800652,IN,1.20,GBP,2025-02-09T08:32:20Z,card,
4000896,8800653,IN,1.20,GBP,2025-02-09T10:21:41Z,card,
4000897,8800654,IN,143.91,EUR,2025-02-09T11:48:18Z,card,
4000898,8800655,IN,67.20,GBP,2025-02-09T12:00:24Z,voucher,
4000899,8800201,IN,109.60,USD,2025-02-09T12:20:00Z,card,
4000900,8800656,IN,134.40,GBP,2025-02-09T14:25:24Z,voucher,
4000901,8800657,IN,191.88,EUR,2025-02-09T14:27:01Z,card,
4000902,8800658,IN,70.23,USD,2025-02-09T16:35:00Z,card,
4000903,8800617,IN,36.53,USD,2025-02-09T16:50:00Z,card,
4000904,8800659,IN,481.57,USD,2025-02-09T19:23:02Z,voucher,
4000905,8800651,IN,107.93,EUR,2025-02-09T20:20:00Z,cash,
4000906,8800660,IN,31.90,AUD,2025-02-09T21:41:54Z,card,
4000907,8800661,IN,4.80,GBP,2025-02-09T21:48:07Z,card,
4000908,8800660,IN,95.70,AUD,2025-02-10T02:50:00Z,card,
4000909,8800662,IN,52.80,AUD,2025-02-10T04:22:53Z,voucher,
4000910,8800663,IN,107.80,AUD,2025-02-10T05:57:47Z,voucher,
4000911,8800664,IN,27.00,GBP,2025-02-10T11:03:27Z,card,
4000912,8800590,IN,40.14,USD,2025-02-10T13:24:13Z,card,
4000913,8800665,IN,1.20,GBP,2025-02-10T14:54:20Z,card,
4000914,8800666,IN,9.00,GBP,2025-02-10T15:47:02Z,card,
4000915,8800666,IN,27.00,GBP,2025-02-10T15:50:00Z,cash,
4000916,8800470,OUT,214.02,EUR,2025-02-10T19:22:31Z,voucher,cancellation
4000917,8800667,IN,120.00,GBP,2025-02-10T20:30:01Z,card,
4000918,8800668,IN,481.57,USD,2025-02-10T21:32:23Z,card,
4000919,8800669,IN,107.80,AUD,2025-02-10T22:36:28Z,card,
4000920,8800670,IN,1.20,GBP,2025-02-10T23:06:55Z,card,
4000921,8800671,IN,48.71,USD,2025-02-11T00:51:09Z,card,
4000922,8800672,IN,452.76,USD,2025-02-11T03:27:29Z,voucher,
4000923,8800673,IN,31.90,AUD,2025-02-11T04:52:54Z,card,
4000924,8800674,IN,26.95,AUD,2025-02-11T07:55:24Z,card,
4000925,8800675,IN,168.00,GBP,2025-02-11T08:51:29Z,voucher,
4000926,8800676,IN,13.20,AUD,2025-02-11T09:38:52Z,card,
4000927,8800677,IN,18.00,GBP,2025-02-11T12:21:26Z,card,
4000928,8800671,IN,146.14,USD,2025-02-11T12:35:00Z,cash,
4000929,8800678,IN,180.00,GBP,2025-02-11T12:50:37Z,card,
4000930,8800141,OUT,168.00,GBP,2025-02-11T13:52:21Z,card,cancellation
4000931,8800679,IN,134.40,GBP,2025-02-11T14:14:09Z,card,
4000932,8800680,IN,285.36,EUR,2025-02-11T14:21:12Z,voucher,
4000933,8800591,OUT,401.31,USD,2025-02-11T14:49:19Z,voucher,cancellation
4000934,8800681,IN,48.71,USD,2025-02-11T16:08:07Z,card,
4000935,8800680,IN,71.34,EUR,2025-02-11T17:19:42Z,card,
4000936,8800422,IN,251.84,EUR,2025-02-11T18:35:00Z,card,
4000937,8800664,IN,81.00,GBP,2025-02-11T18:35:00Z,cash,
4000938,8800677,IN,54.00,GBP,2025-02-11T19:35:00Z,cash,
4000939,8800682,IN,26.75,EUR,2025-02-11T21:30:24Z,card,
4000940,8800683,IN,107.01,EUR,2025-02-11T21:32:18Z,voucher,
4000941,8800684,IN,441.44,USD,2025-02-12T04:08:16Z,card,
4000942,8800648,IN,59.40,AUD,2025-02-12T06:20:00Z,cash,
4000943,8800685,IN,36.00,GBP,2025-02-12T09:28:21Z,card,
4000944,8800686,IN,134.40,GBP,2025-02-12T11:35:53Z,card,
4000945,8800687,IN,71.96,EUR,2025-02-12T14:05:31Z,card,
4000946,8800688,IN,97.43,USD,2025-02-12T14:33:35Z,card,
4000947,8800585,OUT,243.56,USD,2025-02-12T19:37:49Z,card,cancellation
4000948,8800689,IN,50.17,USD,2025-02-12T20:55:20Z,card,
4000949,8800690,IN,143.91,EUR,2025-02-12T22:23:32Z,card,
4000950,8800691,IN,161.70,AUD,2025-02-12T22:29:12Z,card,
4000951,8800422,OUT,83.95,EUR,2025-02-12T23:45:00Z,card,goodwill
4000952,8800692,IN,79.20,AUD,2025-02-12T23:55:12Z,voucher,
4000953,8800684,IN,40.13,USD,2025-02-13T01:35:11Z,card,
4000954,8800693,IN,13.20,AUD,2025-02-13T02:00:43Z,card,
4000955,8800691,OUT,129.36,AUD,2025-02-13T03:27:45Z,card,cancellation (20% fee retained)
4000956,8800694,IN,6.60,AUD,2025-02-13T07:58:26Z,card,
4000957,8800674,IN,80.85,AUD,2025-02-13T08:20:00Z,card,
4000958,8800695,IN,1.20,GBP,2025-02-13T09:00:11Z,card,
4000959,8800696,IN,180.00,GBP,2025-02-13T09:41:05Z,voucher,
4000960,8800697,IN,22.50,GBP,2025-02-13T09:52:58Z,card,
4000961,8800505,OUT,168.00,GBP,2025-02-13T12:59:35Z,card,cancellation
4000962,8800698,IN,249.69,EUR,2025-02-13T15:15:28Z,card,
4000963,8800514,IN,56.83,USD,2025-02-13T15:35:00Z,cash,
4000964,8800699,IN,71.34,EUR,2025-02-13T17:18:28Z,card,
4000965,8800700,IN,18.00,GBP,2025-02-13T19:52:32Z,card,
4000966,8800701,IN,71.34,EUR,2025-02-13T20:25:56Z,card,
4000967,8800702,IN,21.38,USD,2025-02-13T20:39:48Z,card,
4000968,8800703,IN,95.70,AUD,2025-02-13T23:32:41Z,card,
4000969,8800675,IN,67.20,GBP,2025-02-14T00:53:57Z,card,
4000970,8800704,IN,155.64,USD,2025-02-14T00:59:26Z,card,
4000971,8800705,IN,48.71,USD,2025-02-14T05:04:10Z,card,
4000972,8800706,IN,215.60,AUD,2025-02-14T05:11:11Z,card,
4000973,8800634,IN,40.42,AUD,2025-02-14T05:50:00Z,card,
4000974,8800707,IN,53.90,AUD,2025-02-14T06:01:12Z,card,
4000975,8800708,IN,105.60,AUD,2025-02-14T06:13:59Z,card,
4000976,8800709,IN,214.02,EUR,2025-02-14T08:09:53Z,card,
4000977,8800710,IN,31.90,AUD,2025-02-14T08:41:57Z,card,
4000978,8800711,IN,239.85,EUR,2025-02-14T09:21:06Z,card,
4000979,8800712,IN,67.20,GBP,2025-02-14T12:17:23Z,card,
4000980,8800713,IN,85.52,USD,2025-02-14T13:11:03Z,card,
4000981,8800702,IN,64.14,USD,2025-02-14T14:05:00Z,card,
4000982,8800714,IN,285.36,EUR,2025-02-14T15:59:39Z,card,
4000983,8800715,IN,361.18,USD,2025-02-14T16:38:36Z,card,
4000984,8800716,IN,180.00,GBP,2025-02-14T17:54:26Z,voucher,
4000985,8800664,OUT,54.00,GBP,2025-02-14T18:45:00Z,card,goodwill
4000986,8800598,IN,180.59,USD,2025-02-14T19:20:00Z,card,
4000987,8800717,IN,287.82,EUR,2025-02-14T19:24:01Z,card,
4000988,8800718,IN,150.00,GBP,2025-02-14T22:12:26Z,voucher,
4000989,8800719,IN,339.57,USD,2025-02-14T22:59:12Z,card,
4000990,8800720,IN,70.75,USD,2025-02-15T02:57:06Z,card,
4000991,8800703,IN,31.90,AUD,2025-02-15T08:49:20Z,card,
4000992,8800721,IN,201.60,GBP,2025-02-15T09:15:01Z,card,
4000993,8800722,IN,53.90,AUD,2025-02-15T11:55:03Z,card,
4000994,8800633,OUT,80.85,AUD,2025-02-15T12:15:00Z,card,goodwill
4000995,8800723,IN,67.20,GBP,2025-02-15T13:14:22Z,card,
4000996,8800724,IN,622.55,USD,2025-02-15T14:10:39Z,card,
4000997,8800725,IN,33.60,GBP,2025-02-15T14:14:31Z,card,
4000998,8800601,IN,73.07,USD,2025-02-15T14:20:00Z,card,
4000999,8800726,IN,16.80,GBP,2025-02-15T14:25:13Z,card,
4001000,8800727,IN,72.00,GBP,2025-02-15T15:51:45Z,voucher,
4001001,8800728,IN,321.05,USD,2025-02-15T16:05:51Z,card,
4001002,8800729,IN,27.00,GBP,2025-02-15T16:07:37Z,card,
4001003,8800730,IN,169.79,USD,2025-02-15T18:09:11Z,card,
4001004,8800731,IN,280.92,USD,2025-02-15T18:18:34Z,card,
4001005,8800726,IN,50.40,GBP,2025-02-15T18:50:00Z,card,
4001006,8800730,IN,509.35,USD,2025-02-15T19:50:00Z,card,
4001007,8800543,IN,67.50,GBP,2025-02-15T20:50:00Z,cash,
4001008,8800732,IN,171.04,USD,2025-02-15T21:06:18Z,voucher,
4001009,8800733,IN,105.60,AUD,2025-02-15T21:43:56Z,card,
4001010,8800734,IN,26.75,EUR,2025-02-15T22:56:15Z,card,
4001011,8800735,IN,62.42,EUR,2025-02-15T22:57:49Z,card,
4001012,8800727,IN,18.00,GBP,2025-02-16T00:42:23Z,card,
4001013,8800736,IN,100.80,GBP,2025-02-16T07:33:56Z,voucher,
4001014,8800737,IN,161.70,AUD,2025-02-16T07:45:23Z,card,
4001015,8800738,IN,509.36,USD,2025-02-16T14:04:09Z,card,
4001016,8800739,IN,168.00,GBP,2025-02-16T14:56:34Z,card,
4001017,8800740,IN,214.02,EUR,2025-02-16T15:28:41Z,card,
4001018,8800740,IN,71.34,EUR,2025-02-16T15:59:01Z,card,
4001019,8800741,IN,71.34,EUR,2025-02-16T16:25:27Z,card,
4001020,8800742,IN,134.40,GBP,2025-02-16T17:06:13Z,voucher,
4001021,8800729,IN,81.00,GBP,2025-02-16T17:50:00Z,cash,
4001022,8800577,IN,124.84,EUR,2025-02-16T19:20:00Z,card,
4001023,8800479,IN,339.57,USD,2025-02-16T19:50:00Z,card,
4001024,8800689,IN,150.49,USD,2025-02-16T20:20:00Z,card,
4001025,8800743,IN,107.80,AUD,2025-02-16T21:19:15Z,card,
4001026,8800744,IN,200.66,USD,2025-02-16T21:25:10Z,card,
4001027,8800745,IN,215.60,AUD,2025-02-16T22:59:25Z,card,
4001028,8800745,OUT,215.60,AUD,2025-02-16T23:20:45Z,card,cancellation
4001029,8800601,OUT,9.74,USD,2025-02-17T00:30:00Z,card,goodwill
4001030,8800746,IN,339.57,USD,2025-02-17T05:55:08Z,card,
4001031,8800717,OUT,28.78,EUR,2025-02-17T07:30:00Z,card,goodwill
4001032,8800747,IN,287.82,EUR,2025-02-17T08:17:26Z,card,
4001033,8800748,IN,53.90,AUD,2025-02-17T12:06:21Z,voucher,
4001034,8800749,IN,2.40,GBP,2025-02-17T15:04:43Z,card,
4001035,8800750,IN,239.85,EUR,2025-02-17T18:17:56Z,card,
4001036,8800720,IN,212.23,USD,2025-02-17T20:20:00Z,cash,
4001037,8800751,IN,142.68,EUR,2025-02-17T21:17:13Z,card,
4001038,8800694,IN,46.20,AUD,2025-02-17T22:20:00Z,card,
4001039,8800752,IN,44.59,EUR,2025-02-17T23:51:09Z,card,
4001040,8800753,IN,401.31,USD,2025-02-18T06:08:38Z,card,
4001041,8800754,IN,127.60,AUD,2025-02-18T06:52:30Z,card,
4001042,8800755,IN,25.20,GBP,2025-02-18T14:19:13Z,card,
4001043,8800700,IN,54.00,GBP,2025-02-18T18:05:00Z,card,
4001044,8800756,IN,26.95,AUD,2025-02-18T23:21:53Z,card,
4001045,8800757,IN,24.36,USD,2025-02-18T23:39:13Z,card,
4001046,8800758,IN,282.98,USD,2025-02-19T01:48:38Z,card,
4001047,8800759,IN,40.43,AUD,2025-02-19T03:12:32Z,card,
4001048,8800760,IN,63.80,AUD,2025-02-19T03:40:25Z,card,
4001049,8800761,IN,9.00,GBP,2025-02-19T07:23:46Z,card,
4001050,8800619,OUT,120.00,GBP,2025-02-19T07:33:35Z,card,cancellation
4001051,8800762,IN,95.94,EUR,2025-02-19T08:15:24Z,voucher,
4001052,8800763,IN,22.50,GBP,2025-02-19T08:33:30Z,card,
4001053,8800764,IN,127.60,AUD,2025-02-19T08:46:07Z,voucher,
4001054,8800765,IN,79.20,AUD,2025-02-19T10:47:53Z,card,
4001055,8800766,IN,95.94,EUR,2025-02-19T12:26:35Z,card,
4001056,8800767,IN,59.96,EUR,2025-02-19T12:50:51Z,card,
4001057,8800768,IN,168.00,GBP,2025-02-19T13:09:53Z,card,
4001058,8800769,IN,134.40,GBP,2025-02-19T19:28:41Z,card,
4001059,8800770,IN,215.60,AUD,2025-02-19T21:41:40Z,card,
4001060,8800770,IN,53.90,AUD,2025-02-19T23:41:49Z,card,
4001061,8800771,IN,85.52,USD,2025-02-20T02:43:16Z,card,
4001062,8800574,OUT,108.00,GBP,2025-02-20T03:02:08Z,voucher,cancellation
4001063,8800772,IN,107.80,AUD,2025-02-20T04:25:28Z,voucher,
4001064,8800773,IN,215.60,AUD,2025-02-20T05:31:01Z,card,
4001065,8800774,IN,108.00,GBP,2025-02-20T09:27:15Z,card,
4001066,8800775,IN,13.48,AUD,2025-02-20T10:53:54Z,card,
4001067,8800776,IN,285.36,EUR,2025-02-20T13:38:52Z,card,
4001068,8800777,IN,15.00,GBP,2025-02-20T14:04:59Z,card,
4001069,8800778,IN,441.44,USD,2025-02-20T15:07:43Z,card,
4001070,8800761,IN,27.00,GBP,2025-02-20T18:50:00Z,cash,
4001071,8800779,IN,146.14,USD,2025-02-20T19:19:04Z,card,
4001072,8800077,IN,80.26,EUR,2025-02-20T19:35:00Z,cash,
4001073,8800725,IN,100.80,GBP,2025-02-20T20:20:00Z,cash,
4001074,8800682,IN,151.60,EUR,2025-02-20T20:50:00Z,cash,
4001075,8800223,OUT,32.11,USD,2025-02-20T22:00:00Z,card,goodwill
4001076,8800780,IN,168.00,GBP,2025-02-20T22:11:02Z,card,
4001077,8800780,IN,67.20,GBP,2025-02-20T23:23:28Z,card,
4001078,8800781,IN,155.64,USD,2025-02-21T01:11:30Z,card,
4001079,8800782,IN,13.20,AUD,2025-02-21T01:41:48Z,card,
4001080,8800595,OUT,52.80,AUD,2025-02-21T03:18:39Z,card,cancellation
4001081,8800782,IN,66.00,AUD,2025-02-21T03:50:00Z,cash,
4001082,8800193,IN,39.60,AUD,2025-02-21T04:50:00Z,cash,
4001083,8800783,IN,31.90,AUD,2025-02-21T05:19:38Z,voucher,
4001084,8800784,IN,127.60,AUD,2025-02-21T09:28:27Z,voucher,
4001085,8800785,IN,71.96,EUR,2025-02-21T12:24:32Z,card,
4001086,8800786,IN,23.99,EUR,2025-02-21T13:46:48Z,card,
4001087,8800787,IN,62.42,EUR,2025-02-21T15:42:50Z,card,
4001088,8800788,IN,15.00,GBP,2025-02-21T16:47:45Z,card,
4001089,8800768,OUT,168.00,GBP,2025-02-21T17:12:59Z,card,cancellation
4001090,8800781,IN,466.91,USD,2025-02-21T18:05:00Z,card,
4001091,8800789,IN,287.82,EUR,2025-02-21T19:05:19Z,card,
4001092,8800735,IN,187.27,EUR,2025-02-21T19:50:00Z,cash,
4001093,8800790,IN,9.47,USD,2025-02-21T20:15:59Z,card,
4001094,8800791,IN,52.80,AUD,2025-02-21T21:23:41Z,card,
4001095,8800540,IN,100.80,GBP,2025-02-21T21:35:00Z,cash,
4001096,8800792,IN,4.80,GBP,2025-02-21T21:37:39Z,card,
4001097,8800793,IN,18.95,USD,2025-02-21T23:50:14Z,card,
4001098,8800794,IN,256.55,USD,2025-02-22T04:00:19Z,voucher,
4001099,8800795,IN,60.00,GBP,2025-02-22T08:44:25Z,card,
4001100,8800796,IN,45.00,GBP,2025-02-22T09:54:09Z,card,
4001101,8800797,IN,191.88,EUR,2025-02-22T10:53:17Z,card,
4001102,8800798,IN,31.90,AUD,2025-02-22T11:55:20Z,card,
4001103,8800799,IN,2.40,GBP,2025-02-22T12:23:50Z,card,
4001104,8800800,IN,134.40,GBP,2025-02-22T12:51:30Z,card,
4001105,8800801,IN,100.80,GBP,2025-02-22T13:14:20Z,card,
4001106,8800471,IN,151.20,GBP,2025-02-22T14:20:00Z,cash,
4001107,8800800,IN,33.60,GBP,2025-02-22T15:40:37Z,card,
4001108,8800802,IN,120.00,GBP,2025-02-22T15:50:02Z,card,
4001109,8800796,IN,135.00,GBP,2025-02-22T16:05:00Z,card,
4001110,8800766,IN,287.82,EUR,2025-02-22T17:20:00Z,cash,
4001111,8800763,IN,67.50,GBP,2025-02-22T17:50:00Z,cash,
4001112,8800803,IN,35.98,EUR,2025-02-22T18:24:16Z,card,
4001113,8800755,IN,75.60,GBP,2025-02-22T19:05:00Z,card,
4001114,8800803,IN,107.93,EUR,2025-02-22T19:50:00Z,card,
4001115,8800804,IN,161.70,AUD,2025-02-22T20:26:51Z,card,
4001116,8800760,OUT,51.04,AUD,2025-02-22T21:01:51Z,card,cancellation (20% fee retained)
4001117,8800687,IN,215.86,EUR,2025-02-22T21:05:00Z,cash,
4001118,8800805,IN,59.96,EUR,2025-02-22T21:12:59Z,card,
4001119,8800806,IN,31.90,AUD,2025-02-22T21:35:20Z,card,
4001120,8800807,IN,53.90,AUD,2025-02-23T01:40:23Z,card,
4001121,8800808,IN,31.90,AUD,2025-02-23T03:28:20Z,card,
4001122,8800809,IN,215.60,AUD,2025-02-23T05:42:26Z,card,
4001123,8800810,IN,113.66,USD,2025-02-23T05:45:36Z,card,
4001124,8800806,IN,95.70,AUD,2025-02-23T05:50:00Z,card,
4001125,8800811,IN,105.60,AUD,2025-02-23T05:56:49Z,card,
4001126,8800812,IN,53.51,EUR,2025-02-23T09:10:15Z,card,
4001127,8800813,IN,2.40,GBP,2025-02-23T10:03:09Z,card,
4001128,8800814,IN,249.69,EUR,2025-02-23T12:13:57Z,card,
4001129,8800815,IN,52.80,AUD,2025-02-23T12:42:17Z,voucher,
4001130,8800754,OUT,127.60,AUD,2025-02-23T13:49:19Z,card,cancellation
4001131,8800816,IN,22.50,GBP,2025-02-23T17:18:26Z,card,
4001132,8800618,IN,215.86,EUR,2025-02-23T17:35:00Z,cash,
4001133,8800817,IN,396.17,USD,2025-02-23T18:24:06Z,card,
4001134,8800816,IN,67.50,GBP,2025-02-23T18:50:00Z,card,
4001135,8800818,IN,48.71,USD,2025-02-23T19:05:54Z,card,
4001136,8800752,IN,133.76,EUR,2025-02-23T19:20:00Z,cash,
4001137,8800819,IN,85.52,USD,2025-02-23T22:52:23Z,card,
4001138,8800814,IN,35.67,EUR,2025-02-24T01:00:49Z,card,
4001139,8800820,IN,113.66,USD,2025-02-24T01:00:52Z,voucher,
4001140,8800821,IN,226.38,USD,2025-02-24T01:40:55Z,card,
4001141,8800822,IN,52.80,AUD,2025-02-24T02:08:36Z,card,
4001142,8800527,OUT,565.95,USD,2025-02-24T02:14:50Z,voucher,cancellation
4001143,8800823,IN,146.14,USD,2025-02-24T02:23:33Z,voucher,
4001144,8800824,IN,509.36,USD,2025-02-24T03:37:16Z,card,
4001145,8800825,IN,622.55,USD,2025-02-24T06:24:13Z,card,
4001146,8800826,IN,67.20,GBP,2025-02-24T07:04:03Z,card,
4001147,8800716,OUT,18.00,GBP,2025-02-24T08:30:00Z,voucher,goodwill
4001148,8800678,OUT,90.00,GBP,2025-02-24T09:30:00Z,card,goodwill
4001149,8800827,IN,35.67,EUR,2025-02-24T13:45:20Z,card,
4001150,8800828,IN,282.98,USD,2025-02-24T17:11:06Z,card,
4001151,8800829,IN,200.66,USD,2025-02-24T18:32:30Z,card,
4001152,8800830,IN,37.50,GBP,2025-02-24T18:36:47Z,card,
4001153,8800767,IN,179.89,EUR,2025-02-24T20:50:00Z,card,
4001154,8800831,IN,215.60,AUD,2025-02-25T00:57:46Z,card,
4001155,8800832,IN,90.30,USD,2025-02-25T01:38:13Z,card,
4001156,8800690,OUT,35.98,EUR,2025-02-25T06:00:00Z,card,goodwill
4001157,8800564,IN,95.70,AUD,2025-02-25T08:20:00Z,cash,
4001158,8800833,IN,22.50,GBP,2025-02-25T08:53:00Z,card,
4001159,8800834,IN,31.90,AUD,2025-02-25T09:57:22Z,voucher,
4001160,8800835,IN,23.99,EUR,2025-02-25T12:44:07Z,card,
4001161,8800836,IN,31.90,AUD,2025-02-25T13:00:11Z,card,
4001162,8800835,IN,167.89,EUR,2025-02-25T17:35:00Z,cash,
4001163,8800837,IN,50.17,USD,2025-02-25T18:18:57Z,card,
4001164,8800838,IN,339.57,USD,2025-02-25T18:51:17Z,card,
4001165,8800788,IN,45.00,GBP,2025-02-25T19:50:00Z,card,
4001166,8800839,IN,679.14,USD,2025-02-25T20:01:28Z,card,
4001167,8800840,IN,7.98,AUD,2025-02-25T20:40:48Z,card,
4001168,8800827,IN,107.01,EUR,2025-02-25T21:20:00Z,card,
4001169,8800841,IN,23.93,AUD,2025-02-25T22:34:31Z,card,
4001170,8800842,IN,99.04,USD,2025-02-26T01:22:52Z,card,
4001171,8800843,IN,178.35,EUR,2025-02-26T07:45:33Z,card,
4001172,8800805,IN,179.89,EUR,2025-02-26T17:20:00Z,card,
4001173,8800787,IN,187.27,EUR,2025-02-26T19:50:00Z,cash,
4001174,8800632,IN,361.18,USD,2025-02-26T20:35:00Z,cash,
4001175,8800785,IN,215.86,EUR,2025-02-26T20:50:00Z,card,
4001176,8800844,IN,134.40,GBP,2025-02-26T20:59:29Z,card,
4001177,8800845,IN,79.20,AUD,2025-02-26T21:34:17Z,card,
4001178,8800846,IN,31.90,AUD,2025-02-26T23:43:32Z,card,
4001179,8800847,IN,71.34,EUR,2025-02-26T23:54:54Z,card,
4001180,8800848,IN,6.60,AUD,2025-02-27T00:59:53Z,card,
4001181,8800849,IN,52.80,AUD,2025-02-27T02:34:29Z,card,
4001182,8800850,IN,60.20,USD,2025-02-27T03:09:35Z,card,
4001183,8800851,IN,113.66,USD,2025-02-27T05:38:58Z,card,
4001184,8800852,IN,52.80,AUD,2025-02-27T05:45:19Z,card,
4001185,8800853,IN,107.80,AUD,2025-02-27T06:15:01Z,card,
4001186,8800846,IN,95.70,AUD,2025-02-27T06:35:00Z,card,
4001187,8800854,IN,90.00,GBP,2025-02-27T07:22:10Z,voucher,
4001188,8800848,IN,19.80,AUD,2025-02-27T07:35:00Z,cash,
4001189,8800810,IN,75.78,USD,2025-02-27T07:51:34Z,card,
4001190,8800667,OUT,120.00,GBP,2025-02-27T09:25:38Z,card,cancellation
4001191,8800855,IN,13.48,AUD,2025-02-27T09:46:29Z,card,
4001192,8800856,IN,90.00,GBP,2025-02-27T10:05:02Z,card,
4001193,8800857,IN,107.01,EUR,2025-02-27T12:51:30Z,card,
4001194,8800858,IN,280.92,USD,2025-02-27T14:36:00Z,card,
4001195,8800859,IN,90.00,GBP,2025-02-27T15:10:44Z,card,
4001196,8800860,IN,100.80,GBP,2025-02-27T16:04:14Z,card,
4001197,8800861,IN,565.95,USD,2025-02-27T16:23:15Z,card,
4001198,8800812,IN,160.51,EUR,2025-02-27T16:50:00Z,cash,
4001199,8800860,OUT,100.80,GBP,2025-02-27T18:08:02Z,card,cancellation
4001200,8800704,IN,466.91,USD,2025-02-27T20:50:00Z,card,
4001201,8800862,IN,31.90,AUD,2025-02-27T22:35:26Z,card,
4001202,8800846,OUT,31.90,AUD,2025-02-27T23:45:00Z,card,goodwill
4001203,8800863,IN,52.80,AUD,2025-02-28T00:15:00Z,card,
4001204,8800862,IN,63.80,AUD,2025-02-28T00:23:18Z,card,
4001205,8800864,IN,47.36,USD,2025-02-28T01:47:54Z,card,
4001206,8800865,IN,48.71,USD,2025-02-28T01:58:55Z,card,
4001207,8800866,IN,79.20,AUD,2025-02-28T05:42:13Z,voucher,
4001208,8800867,IN,239.85,EUR,2025-02-28T07:41:03Z,card,
4001209,8800868,IN,335.79,EUR,2025-02-28T07:59:33Z,card,
4001210,8800869,IN,95.94,EUR,2025-02-28T09:28:29Z,card,
4001211,8800870,IN,59.96,EUR,2025-02-28T09:51:34Z,card,
4001212,8800871,IN,22.50,GBP,2025-02-28T11:00:44Z,card,
4001213,8800872,IN,249.69,EUR,2025-02-28T11:50:02Z,card,
4001214,8800873,IN,35.67,EUR,2025-02-28T12:40:49Z,card,
4001215,8800874,IN,90.00,GBP,2025-02-28T14:47:56Z,card,
4001216,8800875,IN,36.00,GBP,2025-02-28T15:26:52Z,card,
4001217,8800876,IN,256.55,USD,2025-02-28T17:25:10Z,card,
4001218,8800877,IN,200.66,USD,2025-02-28T19:38:58Z,voucher,
4001219,8800870,IN,179.89,EUR,2025-02-28T20:50:00Z,cash,
4001220,8800878,IN,67.20,GBP,2025-02-28T21:55:26Z,card,
4001221,8800879,IN,18.95,USD,2025-03-01T02:54:27Z,card,
4001222,8800880,IN,26.40,AUD,2025-03-01T03:44:34Z,card,
4001223,8800881,IN,120.39,USD,2025-03-01T04:59:42Z,card,
4001224,8800880,IN,79.20,AUD,2025-03-01T05:50:00Z,cash,
4001225,8800841,IN,71.77,AUD,2025-03-01T05:50:00Z,card,
4001226,8800882,IN,90.00,GBP,2025-03-01T09:23:01Z,voucher,
4001227,8800883,IN,249.69,EUR,2025-03-01T09:34:42Z,card,
4001228,8800884,IN,90.00,GBP,2025-03-01T10:19:08Z,card,
4001229,8800734,IN,80.26,EUR,2025-03-01T13:20:00Z,cash,
4001230,8800081,IN,192.41,USD,2025-03-01T14:50:00Z,cash,
4001231,8800831,IN,53.90,AUD,2025-03-01T16:12:28Z,card,
4001232,8800830,IN,112.50,GBP,2025-03-01T18:50:00Z,cash,
4001233,8800885,IN,127.34,USD,2025-03-01T19:28:24Z,card,
4001234,8800836,OUT,15.95,AUD,2025-03-01T20:30:00Z,card,goodwill
4001235,8800885,IN,382.02,USD,2025-03-01T20:50:00Z,cash,
4001236,8800576,IN,120.39,USD,2025-03-01T21:20:00Z,cash,
4001237,8800837,IN,150.49,USD,2025-03-01T21:50:00Z,card,
4001238,8800886,IN,194.85,USD,2025-03-01T22:47:41Z,card,
4001239,8800887,IN,215.60,AUD,2025-03-01T23:17:06Z,card,
4001240,8800676,IN,39.60,AUD,2025-03-02T06:20:00Z,card,
4001241,8800888,IN,134.40,GBP,2025-03-02T07:11:43Z,card,
4001242,8800840,IN,23.92,AUD,2025-03-02T07:50:00Z,card,
4001243,8800889,IN,150.00,GBP,2025-03-02T08:30:45Z,voucher,
4001244,8800890,IN,52.80,AUD,2025-03-02T11:47:39Z,card,
4001245,8800891,IN,3.60,GBP,2025-03-02T11:49:18Z,card,
4001246,8800892,IN,160.52,USD,2025-03-02T14:41:42Z,card,
4001247,8800893,IN,194.85,USD,2025-03-02T15:26:38Z,card,
4001248,8800894,IN,178.35,EUR,2025-03-02T15:50:37Z,voucher,
4001249,8800895,IN,142.68,EUR,2025-03-02T16:15:09Z,card,
4001250,8800896,IN,339.57,USD,2025-03-02T17:33:54Z,card,
4001251,8800897,IN,151.55,USD,2025-03-02T18:04:28Z,card,
4001252,8800842,IN,297.13,USD,2025-03-02T20:20:00Z,cash,
4001253,8800654,OUT,115.13,EUR,2025-03-02T21:15:42Z,card,cancellation (20% fee retained)
4001254,8800898,IN,62.42,EUR,2025-03-02T22:32:10Z,card,
4001255,8800899,IN,33.60,GBP,2025-03-02T23:36:35Z,card,
4001256,8800900,IN,31.90,AUD,2025-03-03T00:47:20Z,card,
4001257,8800901,IN,127.60,AUD,2025-03-03T01:23:30Z,voucher,
4001258,8800823,IN,48.71,USD,2025-03-03T03:22:14Z,card,
4001259,8800902,IN,36.00,GBP,2025-03-03T07:22:45Z,card,
4001260,8800903,IN,134.40,GBP,2025-03-03T11:28:58Z,card,
4001261,8800874,IN,18.00,GBP,2025-03-03T16:21:14Z,card,
4001262,8800904,IN,47.36,USD,2025-03-03T19:21:00Z,card,
4001263,8800905,IN,161.70,AUD,2025-03-03T20:31:51Z,card,
4001264,8800905,IN,107.80,AUD,2025-03-03T21:08:23Z,card,
4001265,8800906,IN,85.52,USD,2025-03-03T22:56:08Z,voucher,
4001266,8800907,IN,565.95,USD,2025-03-04T01:38:33Z,card,
4001267,8800900,IN,63.80,AUD,2025-03-04T08:55:58Z,card,
4001268,8800908,IN,31.90,AUD,2025-03-04T10:12:08Z,card,
4001269,8800909,IN,168.00,GBP,2025-03-04T12:47:23Z,voucher,
4001270,8800576,OUT,16.05,USD,2025-03-04T13:30:00Z,card,goodwill
4001271,8800749,OUT,2.40,GBP,2025-03-04T16:58:31Z,card,cancellation
4001272,8800910,IN,30.00,GBP,2025-03-04T19:15:18Z,card,
4001273,8800765,IN,52.80,AUD,2025-03-04T19:25:45Z,card,
4001274,8800911,IN,9.47,USD,2025-03-04T22:08:40Z,card,
4001275,8800912,IN,215.60,AUD,2025-03-05T03:48:34Z,voucher,
4001276,8800913,IN,56.60,USD,2025-03-05T06:34:54Z,card,
4001277,8800914,IN,134.40,GBP,2025-03-05T08:00:12Z,card,
4001278,8800814,OUT,228.29,EUR,2025-03-05T11:00:09Z,card,cancellation (20% fee retained)
4001279,8800915,IN,335.79,EUR,2025-03-05T12:55:40Z,voucher,
4001280,8800916,IN,90.00,GBP,2025-03-05T15:32:03Z,voucher,
4001281,8800917,IN,95.94,EUR,2025-03-05T16:25:14Z,card,
4001282,8800918,IN,36.00,GBP,2025-03-05T20:41:43Z,card,
4001283,8800919,IN,171.04,USD,2025-03-05T21:05:23Z,card,
4001284,8800920,IN,59.96,EUR,2025-03-05T23:56:37Z,card,
4001285,8800921,IN,9.47,USD,2025-03-06T00:02:10Z,card,
4001286,8800922,IN,85.52,USD,2025-03-06T02:09:51Z,card,
4001287,8800923,IN,63.80,AUD,2025-03-06T03:35:52Z,voucher,
4001288,8800924,IN,97.43,USD,2025-03-06T05:28:01Z,card,
4001289,8800925,IN,48.71,USD,2025-03-06T06:00:24Z,card,
4001290,8800867,OUT,239.85,EUR,2025-03-06T06:38:57Z,card,cancellation
4001291,8800926,IN,23.93,AUD,2025-03-06T08:58:26Z,card,
4001292,8800715,OUT,361.18,USD,2025-03-06T10:50:02Z,card,cancellation
4001293,8800927,IN,60.00,GBP,2025-03-06T10:57:56Z,card,
4001294,8800928,IN,71.96,EUR,2025-03-06T11:42:35Z,card,
4001295,8800824,IN,113.19,USD,2025-03-06T18:28:50Z,card,
4001296,8800929,IN,105.60,AUD,2025-03-06T20:28:00Z,voucher,
4001297,8800930,IN,72.00,GBP,2025-03-06T22:13:01Z,voucher,
4001298,8800931,IN,0.90,GBP,2025-03-06T22:59:34Z,card,
4001299,8800932,IN,142.68,EUR,2025-03-06T23:17:21Z,voucher,
4001300,8800933,IN,18.95,USD,2025-03-07T02:21:38Z,card,
4001301,8800822,IN,26.40,AUD,2025-03-07T03:03:53Z,card,
4001302,8800934,IN,15.95,AUD,2025-03-07T04:14:54Z,card,
4001303,8800935,IN,42.00,GBP,2025-03-07T07:08:24Z,card,
4001304,8800936,IN,71.34,EUR,2025-03-07T08:28:34Z,voucher,
4001305,8800937,IN,63.80,AUD,2025-03-07T11:05:17Z,card,
4001306,8800522,IN,142.08,USD,2025-03-07T12:20:00Z,cash,
4001307,8800938,IN,120.00,GBP,2025-03-07T14:18:10Z,card,
4001308,8800939,IN,62.42,EUR,2025-03-07T16:02:41Z,card,
4001309,8800764,OUT,127.60,AUD,2025-03-07T16:03:02Z,voucher,cancellation
4001310,8800940,IN,3.60,GBP,2025-03-07T16:06:00Z,card,
4001311,8800941,IN,40.13,USD,2025-03-07T18:29:43Z,card,
4001312,8800831,OUT,67.38,AUD,2025-03-07T20:45:00Z,card,goodwill
4001313,8800873,IN,107.01,EUR,2025-03-07T21:20:00Z,card,
4001314,8800941,IN,120.39,USD,2025-03-07T22:20:00Z,card,
4001315,8800942,IN,622.55,USD,2025-03-08T00:17:36Z,card,
4001316,8800943,IN,189.44,USD,2025-03-08T02:11:22Z,card,
4001317,8800227,OUT,63.80,AUD,2025-03-08T02:57:58Z,card,cancellation
4001318,8800944,IN,40.43,AUD,2025-03-08T05:23:42Z,card,
4001319,8800926,IN,71.77,AUD,2025-03-08T06:20:00Z,card,
4001320,8800944,IN,121.27,AUD,2025-03-08T06:35:00Z,cash,
4001321,8800945,IN,287.82,EUR,2025-03-08T10:20:24Z,voucher,
4001322,8800946,IN,335.79,EUR,2025-03-08T13:50:29Z,voucher,
4001323,8800947,IN,16.80,GBP,2025-03-08T16:01:13Z,card,
4001324,8800948,IN,180.00,GBP,2025-03-08T16:32:57Z,voucher,
4001325,8800913,IN,169.78,USD,2025-03-08T17:50:00Z,card,
4001326,8800569,IN,180.59,USD,2025-03-08T18:05:00Z,cash,
4001327,8800949,IN,99.04,USD,2025-03-08T18:31:22Z,card,
4001328,8800950,IN,481.57,USD,2025-03-08T19:16:24Z,card,
4001329,8800818,IN,146.14,USD,2025-03-08T19:20:00Z,cash,
4001330,8800951,IN,26.40,AUD,2025-03-08T20:38:38Z,card,
4001331,8800939,IN,187.27,EUR,2025-03-08T20:50:00Z,cash,
4001332,8800952,IN,146.14,USD,2025-03-08T21:12:05Z,card,
4001333,8800899,IN,100.80,GBP,2025-03-08T21:20:00Z,cash,
4001334,8800953,IN,52.80,AUD,2025-03-08T21:30:29Z,card,
4001335,8800573,OUT,161.70,AUD,2025-03-08T22:19:09Z,card,cancellation
4001336,8800954,IN,150.00,GBP,2025-03-08T23:00:36Z,card,
4001337,8800955,IN,107.01,EUR,2025-03-08T23:49:23Z,card,
4001338,8800956,IN,215.60,AUD,2025-03-09T03:06:37Z,card,
4001339,8800957,IN,565.95,USD,2025-03-09T06:37:03Z,card,
4001340,8800958,IN,150.00,GBP,2025-03-09T07:58:18Z,card,
4001341,8800959,IN,282.98,USD,2025-03-09T17:00:43Z,card,
4001342,8800930,IN,18.00,GBP,2025-03-09T21:45:15Z,card,
4001343,8800960,IN,19.80,AUD,2025-03-10T01:32:12Z,card,
4001344,8800961,IN,361.18,USD,2025-03-10T02:56:09Z,voucher,
4001345,8800962,IN,107.80,AUD,2025-03-10T04:11:06Z,card,
4001346,8800688,OUT,48.72,USD,2025-03-10T05:15:00Z,card,goodwill
4001347,8800963,IN,63.80,AUD,2025-03-10T06:26:01Z,voucher,
4001348,8800964,IN,22.50,GBP,2025-03-10T08:47:41Z,card,
4001349,8800965,IN,239.85,EUR,2025-03-10T09:27:38Z,card,
4001350,8800956,OUT,215.60,AUD,2025-03-10T09:48:31Z,card,cancellation
4001351,8800966,IN,13.50,GBP,2025-03-10T10:24:14Z,card,
4001352,8800967,IN,95.70,AUD,2025-03-10T12:58:00Z,voucher,
4001353,8800968,IN,67.20,GBP,2025-03-10T13:03:29Z,card,
4001354,8800969,IN,226.38,USD,2025-03-10T14:49:26Z,card,
4001355,8800921,IN,28.42,USD,2025-03-10T14:50:00Z,cash,
4001356,8800970,IN,75.78,USD,2025-03-10T22:22:12Z,card,
4001357,8800971,IN,70.23,USD,2025-03-10T22:33:02Z,card,
4001358,8800972,IN,361.18,USD,2025-03-10T22:33:32Z,card,
4001359,8800823,OUT,194.85,USD,2025-03-10T23:32:13Z,voucher,cancellation
4001360,8800973,IN,50.40,GBP,2025-03-10T23:45:00Z,card,
4001361,8800974,IN,52.80,AUD,2025-03-11T04:12:41Z,card,
4001362,8800975,IN,105.60,AUD,2025-03-11T11:14:42Z,card,
4001363,8800976,IN,17.84,EUR,2025-03-11T12:59:51Z,card,
4001364,8800977,IN,452.76,USD,2025-03-11T14:27:35Z,card,
4001365,8800978,IN,36.00,GBP,2025-03-11T18:21:21Z,card,
4001366,8800962,OUT,53.90,AUD,2025-03-11T18:30:00Z,card,goodwill
4001367,8800979,IN,54.00,GBP,2025-03-11T20:39:00Z,card,
4001368,8800980,IN,31.90,AUD,2025-03-11T22:52:31Z,card,
4001369,8800981,IN,31.90,AUD,2025-03-12T02:30:54Z,card,
4001370,8800981,IN,63.80,AUD,2025-03-12T03:30:39Z,card,
4001371,8800982,IN,75.78,USD,2025-03-12T14:42:26Z,card,
4001372,8800983,IN,67.20,GBP,2025-03-12T15:56:18Z,card,
4001373,8800984,IN,155.64,USD,2025-03-12T16:25:17Z,card,
4001374,8800985,IN,36.54,USD,2025-03-12T17:42:31Z,card,
4001375,8800986,IN,509.36,USD,2025-03-12T18:15:37Z,card,
4001376,8800984,IN,466.91,USD,2025-03-12T20:20:00Z,cash,
4001377,8800987,IN,161.70,AUD,2025-03-12T20:38:01Z,voucher,
4001378,8800988,IN,31.90,AUD,2025-03-12T21:19:44Z,card,
4001379,8800989,IN,342.07,USD,2025-03-12T22:24:35Z,card,
4001380,8800990,IN,22.50,GBP,2025-03-12T23:36:11Z,card,
4001381,8800855,IN,40.42,AUD,2025-03-13T05:50:00Z,cash,
4001382,8800778,OUT,441.44,USD,2025-03-13T10:14:28Z,card,cancellation
4001383,8800991,IN,79.20,AUD,2025-03-13T11:02:52Z,card,
4001384,8800992,IN,13.50,GBP,2025-03-13T11:53:59Z,card,
4001385,8800993,IN,679.14,USD,2025-03-13T13:48:43Z,voucher,
4001386,8800985,IN,109.60,USD,2025-03-13T13:50:00Z,cash,
4001387,8800994,IN,35.67,EUR,2025-03-13T16:21:09Z,card,
4001388,8800793,IN,56.83,USD,2025-03-13T18:05:00Z,card,
4001389,8800995,IN,23.99,EUR,2025-03-13T19:29:28Z,card,
4001390,8800995,IN,71.95,EUR,2025-03-13T19:50:00Z,card,
4001391,8800992,IN,40.50,GBP,2025-03-13T20:35:00Z,cash,
4001392,8800996,IN,50.40,GBP,2025-03-13T20:41:59Z,card,
4001393,8800997,IN,240.79,USD,2025-03-13T22:33:52Z,card,
4001394,8800998,IN,63.80,AUD,2025-03-14T00:43:14Z,card,
4001395,8800999,IN,168.00,GBP,2025-03-14T07:22:21Z,card,
4001396,8801000,IN,143.91,EUR,2025-03-14T09:17:22Z,card,
4001397,8801001,IN,95.70,AUD,2025-03-14T09:21:49Z,card,
4001398,8801002,IN,60.00,GBP,2025-03-14T09:44:56Z,card,
4001399,8801003,IN,168.00,GBP,2025-03-14T10:56:52Z,card,
4001400,8801004,IN,18.00,GBP,2025-03-14T14:10:04Z,card,
4001401,8800833,IN,67.50,GBP,2025-03-14T16:05:00Z,card,
4001402,8800351,IN,210.69,USD,2025-03-14T16:20:00Z,cash,
4001403,8800996,IN,151.20,GBP,2025-03-14T16:50:00Z,card,
4001404,8801005,IN,59.96,EUR,2025-03-14T17:01:24Z,card,
4001405,8801006,IN,70.23,USD,2025-03-14T18:00:33Z,card,
4001406,8801007,IN,280.92,USD,2025-03-14T18:01:03Z,card,
4001407,8801006,IN,210.69,USD,2025-03-14T19:20:00Z,card,
4001408,8800697,IN,67.50,GBP,2025-03-14T20:20:00Z,card,
4001409,8801004,IN,54.00,GBP,2025-03-14T20:20:00Z,card,
4001410,8800935,IN,126.00,GBP,2025-03-14T20:35:00Z,cash,
4001411,8801008,IN,48.71,USD,2025-03-14T23:31:39Z,voucher,
4001412,8800992,OUT,5.40,GBP,2025-03-14T23:45:00Z,card,goodwill
4001413,8801009,IN,85.52,USD,2025-03-15T00:18:17Z,card,
4001414,8801010,IN,396.17,USD,2025-03-15T00:59:22Z,voucher,
4001415,8801011,IN,282.98,USD,2025-03-15T01:06:59Z,card,
4001416,8801012,IN,26.95,AUD,2025-03-15T01:34:09Z,card,
4001417,8801013,IN,427.59,USD,2025-03-15T01:57:56Z,card,
4001418,8801014,IN,79.20,AUD,2025-03-15T02:20:49Z,card,
4001419,8800960,IN,59.40,AUD,2025-03-15T06:20:00Z,cash,
4001420,8801015,IN,108.00,GBP,2025-03-15T09:26:18Z,card,
4001421,8801016,IN,191.88,EUR,2025-03-15T14:12:44Z,card,
4001422,8800973,IN,151.20,GBP,2025-03-15T14:50:00Z,cash,
4001423,8801017,IN,47.36,USD,2025-03-15T17:31:37Z,card,
4001424,8801018,IN,26.75,EUR,2025-03-15T17:49:44Z,card,
4001425,8801019,IN,120.00,GBP,2025-03-15T18:36:25Z,voucher,
4001426,8800435,IN,67.50,GBP,2025-03-15T19:05:00Z,cash,
4001427,8800406,IN,53.50,EUR,2025-03-15T19:50:00Z,cash,
4001428,8801020,IN,48.71,USD,2025-03-16T02:25:31Z,card,
4001429,8801021,IN,95.94,EUR,2025-03-16T08:49:31Z,card,
4001430,8801022,IN,24.36,USD,2025-03-16T13:07:31Z,card,
4001431,8801023,IN,4.80,GBP,2025-03-16T13:29:12Z,card,
4001432,8801024,IN,342.07,USD,2025-03-16T13:37:49Z,card,
4001433,8800973,OUT,100.80,GBP,2025-03-16T14:00:00Z,card,goodwill
4001434,8801022,IN,73.07,USD,2025-03-16T14:20:00Z,card,
4001435,8800757,IN,73.07,USD,2025-03-16T14:20:00Z,card,
4001436,8801025,IN,95.94,EUR,2025-03-16T14:22:07Z,voucher,
4001437,8800954,IN,30.00,GBP,2025-03-16T14:42:34Z,card,
4001438,8801026,IN,9.47,USD,2025-03-16T14:51:34Z,card,
4001439,8801026,IN,28.42,USD,2025-03-16T15:35:00Z,card,
4001440,8801027,IN,71.34,EUR,2025-03-16T16:10:58Z,card,
4001441,8801028,IN,427.59,USD,2025-03-16T16:27:55Z,card,
4001442,8800964,IN,67.50,GBP,2025-03-16T18:35:00Z,cash,
4001443,8801029,IN,85.52,USD,2025-03-16T18:44:56Z,card,
4001444,8800971,IN,210.69,USD,2025-03-16T19:20:00Z,card,
4001445,8801030,IN,90.30,USD,2025-03-16T23:34:45Z,card,
4001446,8801031,IN,71.34,EUR,2025-03-17T10:26:28Z,card,
4001447,8801032,IN,63.80,AUD,2025-03-17T11:23:48Z,card,
4001448,8801022,OUT,24.36,USD,2025-03-17T18:30:00Z,card,goodwill
4001449,8801033,IN,83.95,EUR,2025-03-17T18:45:03Z,card,
4001450,8801033,IN,251.84,EUR,2025-03-17T19:20:00Z,card,
4001451,8801034,IN,53.90,AUD,2025-03-17T21:30:24Z,voucher,
4001452,8801035,IN,243.56,USD,2025-03-18T00:39:58Z,card,
4001453,8801036,IN,19.80,AUD,2025-03-18T04:22:52Z,card,
4001454,8801036,IN,59.40,AUD,2025-03-18T06:05:00Z,card,
4001455,8800420,IN,256.55,USD,2025-03-18T11:50:00Z,cash,
4001456,8801037,IN,113.66,USD,2025-03-18T12:21:09Z,card,
4001457,8801038,IN,33.60,GBP,2025-03-18T13:46:11Z,card,
4001458,8801039,IN,90.00,GBP,2025-03-18T17:17:42Z,voucher,
4001459,8800881,IN,401.31,USD,2025-03-18T19:20:00Z,card,
4001460,8801040,IN,37.89,USD,2025-03-18T19:57:58Z,card,
4001461,8801041,IN,427.59,USD,2025-03-18T21:09:49Z,card,
4001462,8801042,IN,79.20,AUD,2025-03-18T22:16:58Z,card,
4001463,8801043,IN,226.38,USD,2025-03-19T00:52:40Z,card,
4001464,8801044,IN,107.80,AUD,2025-03-19T02:49:57Z,voucher,
4001465,8801045,IN,53.90,AUD,2025-03-19T04:16:23Z,card,
4001466,8801045,IN,161.70,AUD,2025-03-19T07:20:00Z,card,
4001467,8801046,IN,178.35,EUR,2025-03-19T08:23:48Z,voucher,
4001468,8801047,IN,168.00,GBP,2025-03-19T09:03:26Z,card,
4001469,8801048,IN,71.34,EUR,2025-03-19T13:56:36Z,card,
4001470,8801030,IN,270.88,USD,2025-03-19T17:20:00Z,card,
4001471,8801025,IN,95.94,EUR,2025-03-19T18:50:11Z,card,
4001472,8800263,IN,67.50,GBP,2025-03-19T19:20:00Z,card,
4001473,8801049,IN,134.40,GBP,2025-03-19T19:50:03Z,voucher,
4001474,8801050,IN,79.20,AUD,2025-03-20T01:29:00Z,card,
4001475,8801051,IN,53.90,AUD,2025-03-20T07:19:43Z,voucher,
4001476,8801041,IN,171.03,USD,2025-03-20T08:14:43Z,card,
4001477,8801052,IN,287.82,EUR,2025-03-20T09:47:12Z,card,
4001478,8801053,IN,127.60,AUD,2025-03-20T11:28:22Z,card,
4001479,8801054,IN,17.84,EUR,2025-03-20T13:43:09Z,card,
4001480,8801038,IN,100.80,GBP,2025-03-20T14:20:00Z,card,
4001481,8801055,IN,256.55,USD,2025-03-20T14:47:34Z,card,
4001482,8801056,IN,23.99,EUR,2025-03-20T16:04:48Z,card,
4001483,8801057,IN,26.75,EUR,2025-03-20T17:32:11Z,card,
4001484,8800869,IN,287.82,EUR,2025-03-20T20:05:00Z,card,
4001485,8801054,IN,53.50,EUR,2025-03-20T20:20:00Z,card,
4001486,8801058,IN,48.71,USD,2025-03-20T21:30:52Z,card,
4001487,8801059,IN,201.60,GBP,2025-03-20T23:40:22Z,voucher,
4001488,8801060,IN,161.70,AUD,2025-03-21T02:32:14Z,card,
4001489,8801061,IN,85.52,USD,2025-03-21T03:00:58Z,card,
4001490,8801062,IN,13.20,AUD,2025-03-21T06:55:11Z,card,
4001491,8801063,IN,150.00,GBP,2025-03-21T09:30:21Z,card,
4001492,8801064,IN,285.36,EUR,2025-03-21T11:05:56Z,card,
4001493,8801065,IN,95.94,EUR,2025-03-21T12:37:19Z,card,
4001494,8801066,IN,85.52,USD,2025-03-21T12:39:37Z,card,
4001495,8801067,IN,142.68,EUR,2025-03-21T12:57:54Z,card,
4001496,8801068,IN,108.00,GBP,2025-03-21T13:34:47Z,card,
4001497,8801069,IN,42.76,USD,2025-03-21T13:37:25Z,card,
4001498,8801069,IN,128.28,USD,2025-03-21T16:05:00Z,card,
4001499,8801070,IN,622.55,USD,2025-03-21T18:47:28Z,voucher,
4001500,8800850,IN,260.85,USD,2025-03-21T20:05:00Z,cash,
4001501,8800658,IN,210.69,USD,2025-03-21T21:05:00Z,cash,
4001502,8801071,IN,37.89,USD,2025-03-21T21:54:16Z,card,
4001503,8801072,IN,105.60,AUD,2025-03-21T22:26:07Z,card,
4001504,8801073,IN,215.60,AUD,2025-03-22T01:15:35Z,card,
4001505,8801074,IN,383.76,EUR,2025-03-22T07:14:53Z,card,
4001506,8801075,IN,67.20,GBP,2025-03-22T07:53:48Z,card,
4001507,8801076,IN,31.90,AUD,2025-03-22T09:05:39Z,card,
4001508,8801077,IN,52.80,AUD,2025-03-22T12:59:58Z,card,
4001509,8801078,IN,342.07,USD,2025-03-22T13:51:30Z,card,
4001510,8801079,IN,71.34,EUR,2025-03-22T14:32:56Z,card,
4001511,8801080,IN,155.64,USD,2025-03-22T14:48:09Z,card,
4001512,8801081,IN,95.94,EUR,2025-03-22T15:22:22Z,card,
4001513,8801017,IN,142.08,USD,2025-03-22T15:50:00Z,card,
4001514,8801082,IN,509.36,USD,2025-03-22T16:32:58Z,card,
4001515,8800898,IN,187.27,EUR,2025-03-22T17:20:00Z,card,
4001516,8801080,IN,466.91,USD,2025-03-22T19:35:00Z,card,
4001517,8801083,IN,95.94,EUR,2025-03-22T20:24:34Z,card,
4001518,8801084,IN,335.79,EUR,2025-03-22T21:34:13Z,card,
4001519,8801085,IN,97.43,USD,2025-03-22T22:35:58Z,card,
4001520,8800861,OUT,452.76,USD,2025-03-23T01:51:58Z,card,cancellation (20% fee retained)
4001521,8801086,IN,36.00,GBP,2025-03-23T08:53:38Z,card,
4001522,8801087,IN,31.90,AUD,2025-03-23T10:54:29Z,card,
4001523,8801088,IN,60.00,GBP,2025-03-23T11:04:53Z,card,
4001524,8801089,IN,180.00,GBP,2025-03-23T11:05:02Z,card,
4001525,8801090,IN,90.00,GBP,2025-03-23T11:53:17Z,card,
4001526,8801091,IN,95.94,EUR,2025-03-23T12:54:42Z,card,
4001527,8801029,IN,342.07,USD,2025-03-23T13:05:00Z,card,
4001528,8801082,IN,56.59,USD,2025-03-23T13:14:41Z,card,
4001529,8801092,IN,4.80,GBP,2025-03-23T15:04:16Z,card,
4001530,8801093,IN,481.57,USD,2025-03-23T16:19:26Z,card,
4001531,8801094,IN,249.69,EUR,2025-03-23T16:42:12Z,card,
4001532,8801095,IN,22.50,GBP,2025-03-23T18:11:29Z,card,
4001533,8800322,IN,133.76,EUR,2025-03-23T19:20:00Z,cash,
4001534,8801069,OUT,17.10,USD,2025-03-23T20:15:00Z,card,goodwill
4001535,8801096,IN,16.80,GBP,2025-03-23T21:14:34Z,card,
4001536,8801097,IN,215.60,AUD,2025-03-23T21:29:18Z,card,
4001537,8801031,OUT,71.34,EUR,2025-03-23T23:19:44Z,card,cancellation
4001538,8801098,IN,64.14,USD,2025-03-23T23:48:32Z,card,
4001539,8801099,IN,99.04,USD,2025-03-24T00:33:51Z,card,
4001540,8801081,IN,47.97,EUR,2025-03-24T05:49:57Z,card,
4001541,8801100,IN,100.80,GBP,2025-03-24T09:49:33Z,voucher,
4001542,8801101,IN,53.51,EUR,2025-03-24T10:54:18Z,card,
4001543,8801102,IN,321.05,USD,2025-03-24T13:08:42Z,card,
4001544,8801103,IN,90.00,GBP,2025-03-24T18:15:51Z,card,
4001545,8801104,IN,150.00,GBP,2025-03-24T18:18:32Z,card,
4001546,8801105,IN,201.60,GBP,2025-03-24T19:23:19Z,card,
4001547,8801106,IN,72.00,GBP,2025-03-24T21:19:27Z,voucher,
4001548,8801107,IN,361.18,USD,2025-03-24T22:52:40Z,card,
4001549,8801108,IN,240.79,USD,2025-03-25T04:26:56Z,voucher,
4001550,8800876,OUT,256.55,USD,2025-03-25T05:30:26Z,card,cancellation
4001551,8801109,IN,72.00,GBP,2025-03-25T08:48:30Z,voucher,
4001552,8801110,IN,75.78,USD,2025-03-25T12:16:03Z,card,
4001553,8801111,IN,142.68,EUR,2025-03-25T13:52:53Z,voucher,
4001554,8801112,IN,54.00,GBP,2025-03-25T14:00:11Z,card,
4001555,8801113,IN,60.00,GBP,2025-03-25T14:22:30Z,voucher,
4001556,8801114,IN,178.35,EUR,2025-03-25T15:06:05Z,voucher,
4001557,8801115,IN,134.40,GBP,2025-03-25T15:34:44Z,card,
4001558,8801116,IN,60.00,GBP,2025-03-25T15:40:50Z,card,
4001559,8800853,OUT,107.80,AUD,2025-03-25T18:30:57Z,card,cancellation
4001560,8801117,IN,239.85,EUR,2025-03-25T19:34:30Z,card,
4001561,8801118,IN,28.42,USD,2025-03-25T20:47:10Z,card,
4001562,8801119,IN,90.30,USD,2025-03-25T23:18:51Z,card,
4001563,8801120,IN,40.43,AUD,2025-03-26T00:32:30Z,card,
4001564,8801121,IN,243.56,USD,2025-03-26T00:44:19Z,card,
4001565,8801122,IN,48.71,USD,2025-03-26T01:09:01Z,card,
4001566,8801123,IN,200.66,USD,2025-03-26T02:34:37Z,card,
4001567,8801105,IN,33.60,GBP,2025-03-26T02:43:09Z,card,
4001568,8800934,IN,47.85,AUD,2025-03-26T05:50:00Z,cash,
4001569,8801124,IN,71.34,EUR,2025-03-26T07:45:42Z,card,
4001570,8801125,IN,30.00,GBP,2025-03-26T08:53:54Z,card,
4001571,8801087,IN,63.80,AUD,2025-03-26T10:21:41Z,card,
4001572,8801126,IN,249.69,EUR,2025-03-26T15:34:26Z,card,
4001573,8801127,IN,285.36,EUR,2025-03-26T16:05:58Z,card,
4001574,8801128,IN,150.00,GBP,2025-03-26T16:24:18Z,voucher,
4001575,8801129,IN,18.00,GBP,2025-03-26T17:02:10Z,card,
4001576,8801130,IN,191.88,EUR,2025-03-26T17:48:27Z,voucher,
4001577,8801121,IN,97.43,USD,2025-03-26T17:56:45Z,card,
4001578,8801091,IN,287.82,EUR,2025-03-26T19:35:00Z,card,
4001579,8801131,IN,243.56,USD,2025-03-26T20:13:26Z,card,
4001580,8801132,IN,95.70,AUD,2025-03-26T21:30:15Z,card,
4001581,8801133,IN,26.40,AUD,2025-03-26T21:52:57Z,card,
4001582,8801134,IN,342.07,USD,2025-03-27T02:21:21Z,voucher,
4001583,8801062,IN,39.60,AUD,2025-03-27T03:20:00Z,card,
4001584,8801135,IN,200.66,USD,2025-03-27T03:37:00Z,card,
4001585,8801136,IN,105.60,AUD,2025-03-27T04:41:23Z,card,
4001586,8801137,IN,95.94,EUR,2025-03-27T10:10:05Z,card,
4001587,8801138,IN,287.82,EUR,2025-03-27T11:04:23Z,voucher,
4001588,8800904,IN,142.08,USD,2025-03-27T13:20:00Z,cash,
4001589,8801139,IN,134.40,GBP,2025-03-27T13:55:35Z,card,
4001590,8801140,IN,565.95,USD,2025-03-27T17:19:18Z,card,
4001591,8801141,IN,200.66,USD,2025-03-27T17:47:53Z,card,
4001592,8801142,IN,36.54,USD,2025-03-27T17:55:20Z,card,
4001593,8801143,IN,35.98,EUR,2025-03-27T19:33:53Z,card,
4001594,8801144,IN,90.00,GBP,2025-03-27T20:34:49Z,card,
4001595,8801089,IN,60.00,GBP,2025-03-27T22:20:02Z,card,
4001596,8801145,IN,383.76,EUR,2025-03-27T23:56:07Z,card,
4001597,8801146,IN,396.17,USD,2025-03-28T00:23:53Z,card,
4001598,8801147,IN,99.04,USD,2025-03-28T03:57:05Z,card,
4001599,8801148,IN,26.95,AUD,2025-03-28T04:06:12Z,card,
4001600,8801148,IN,80.85,AUD,2025-03-28T06:50:00Z,card,
4001601,8801149,IN,1.20,GBP,2025-03-28T09:53:11Z,card,
4001602,8801150,IN,31.90,AUD,2025-03-28T10:18:54Z,card,
4001603,8801149,IN,3.60,GBP,2025-03-28T10:35:00Z,cash,
4001604,8801151,IN,150.00,GBP,2025-03-28T10:43:07Z,card,
4001605,8801152,IN,150.00,GBP,2025-03-28T11:30:21Z,card,
4001606,8801153,IN,36.00,GBP,2025-03-28T12:40:07Z,voucher,
4001607,8801154,IN,160.52,USD,2025-03-28T13:12:55Z,voucher,
4001608,8801155,IN,383.76,EUR,2025-03-28T16:35:10Z,card,
4001609,8800928,IN,215.86,EUR,2025-03-28T17:20:00Z,cash,
4001610,8801156,IN,70.23,USD,2025-03-28T17:52:04Z,card,
4001611,8800311,IN,133.76,EUR,2025-03-28T19:35:00Z,cash,
4001612,8801157,IN,64.14,USD,2025-03-28T19:36:48Z,card,
4001613,8800882,OUT,90.00,GBP,2025-03-28T19:43:48Z,voucher,cancellation
4001614,8801156,IN,210.69,USD,2025-03-28T19:50:00Z,card,
4001615,8801096,IN,50.40,GBP,2025-03-28T20:50:00Z,cash,
4001616,8801158,IN,194.85,USD,2025-03-28T22:43:22Z,card,
4001617,8801159,IN,13.48,AUD,2025-03-28T23:05:48Z,card,
4001618,8801160,IN,427.59,USD,2025-03-28T23:46:45Z,card,
4001619,8801111,IN,35.67,EUR,2025-03-29T01:53:52Z,card,
4001620,8801161,IN,25.20,GBP,2025-03-29T08:00:15Z,card,
4001621,8801162,IN,35.98,EUR,2025-03-29T09:12:12Z,card,
4001622,8801163,IN,22.50,GBP,2025-03-29T12:13:47Z,card,
4001623,8801164,IN,97.43,USD,2025-03-29T13:19:04Z,voucher,
4001624,8801157,IN,192.41,USD,2025-03-29T13:20:00Z,card,
4001625,8801165,IN,339.57,USD,2025-03-29T14:45:28Z,card,
4001626,8801166,IN,171.04,USD,2025-03-29T16:10:04Z,voucher,
4001627,8800949,IN,297.13,USD,2025-03-29T16:50:00Z,card,
4001628,8801099,IN,297.13,USD,2025-03-29T17:20:00Z,card,
4001629,8801167,IN,100.33,USD,2025-03-29T17:49:42Z,card,
4001630,8801168,IN,56.60,USD,2025-03-29T17:56:45Z,card,
4001631,8800647,IN,169.78,USD,2025-03-29T18:20:00Z,cash,
4001632,8801168,IN,169.78,USD,2025-03-29T19:20:00Z,card,
4001633,8800871,IN,67.50,GBP,2025-03-29T19:35:00Z,card,
4001634,8801161,IN,75.60,GBP,2025-03-29T20:35:00Z,card,
4001635,8801169,IN,108.00,GBP,2025-03-29T21:09:24Z,card,
4001636,8801169,IN,36.00,GBP,2025-03-29T21:22:00Z,card,
4001637,8801170,IN,191.88,EUR,2025-03-29T21:33:31Z,voucher,
4001638,8801167,IN,300.98,USD,2025-03-29T21:50:00Z,cash,
4001639,8801171,IN,189.44,USD,2025-03-30T00:26:33Z,card,
4001640,8801172,IN,155.64,USD,2025-03-30T01:58:06Z,card,
4001641,8801173,IN,452.76,USD,2025-03-30T05:16:17Z,card,
4001642,8801174,IN,127.60,AUD,2025-03-30T06:05:09Z,card,
4001643,8801175,IN,95.94,EUR,2025-03-30T07:32:02Z,card,
4001644,8801176,IN,36.00,GBP,2025-03-30T08:35:12Z,card,
4001645,8801177,IN,180.00,GBP,2025-03-30T09:33:05Z,card,
4001646,8801178,IN,171.04,USD,2025-03-30T12:21:30Z,card,
4001647,8801179,IN,85.52,USD,2025-03-30T12:55:02Z,card,
4001648,8801180,IN,150.00,GBP,2025-03-30T15:22:19Z,card,
4001649,8801179,IN,256.55,USD,2025-03-30T16:20:00Z,card,
4001650,8800917,IN,287.82,EUR,2025-03-30T20:35:00Z,cash,
4001651,8801181,IN,127.60,AUD,2025-03-31T07:53:40Z,card,
4001652,8801182,IN,100.80,GBP,2025-03-31T11:47:37Z,card,
4001653,8800967,OUT,23.93,AUD,2025-03-31T12:30:00Z,voucher,goodwill
4001654,8801100,OUT,25.20,GBP,2025-03-31T14:30:00Z,voucher,goodwill
4001655,8801183,IN,75.78,USD,2025-03-31T15:14:47Z,card,
4001656,8801184,IN,113.66,USD,2025-03-31T19:07:08Z,card,
4001657,8801185,IN,239.85,EUR,2025-03-31T19:15:50Z,voucher,
4001658,8801186,IN,97.43,USD,2025-03-31T19:45:24Z,card,
4001659,8801187,IN,214.02,EUR,2025-03-31T20:54:37Z,card,
4001660,8801188,IN,67.20,GBP,2025-03-31T20:56:48Z,card,
4001661,8801189,IN,9.47,USD,2025-04-01T02:51:52Z,card,
4001662,8801190,IN,107.01,EUR,2025-04-01T12:37:27Z,card,
4001663,8801191,IN,481.57,USD,2025-04-01T13:53:57Z,voucher,
4001664,8801192,IN,24.36,USD,2025-04-01T14:13:46Z,card,
4001665,8801147,IN,297.13,USD,2025-04-01T16:05:00Z,cash,
4001666,8801193,IN,85.52,USD,2025-04-02T00:45:16Z,card,
4001667,8801194,IN,361.18,USD,2025-04-02T00:56:41Z,voucher,
4001668,8801195,IN,427.59,USD,2025-04-02T00:58:10Z,card,
4001669,8801196,IN,509.36,USD,2025-04-02T01:30:06Z,voucher,
4001670,8801197,IN,383.76,EUR,2025-04-02T07:26:40Z,card,
4001671,8801198,IN,180.00,GBP,2025-04-02T09:28:43Z,card,
4001672,8801199,IN,194.85,USD,2025-04-02T12:04:41Z,card,
4001673,8801200,IN,142.68,EUR,2025-04-02T12:37:37Z,voucher,
4001674,8801142,IN,109.60,USD,2025-04-02T13:50:00Z,cash,
4001675,8801201,IN,85.52,USD,2025-04-02T14:50:40Z,card,
4001676,8800900,OUT,95.70,AUD,2025-04-02T15:04:31Z,card,cancellation
4001677,8801202,IN,256.55,USD,2025-04-02T16:23:12Z,card,
4001678,8801174,IN,63.80,AUD,2025-04-02T18:57:30Z,card,
4001679,8801203,IN,23.99,EUR,2025-04-02T19:02:49Z,card,
4001680,8801204,IN,107.80,AUD,2025-04-02T20:15:52Z,card,
4001681,8801205,IN,37.89,USD,2025-04-02T22:39:51Z,card,
4001682,8801206,IN,97.43,USD,2025-04-02T23:01:26Z,card,
4001683,8801207,IN,75.78,USD,2025-04-03T04:13:12Z,card,
4001684,8801208,IN,53.51,EUR,2025-04-03T07:14:31Z,card,
4001685,8801209,IN,161.70,AUD,2025-04-03T07:45:55Z,card,
4001686,8801126,OUT,124.85,EUR,2025-04-03T13:00:00Z,card,goodwill
4001687,8801040,IN,113.66,USD,2025-04-03T15:50:00Z,card,
4001688,8801162,IN,155.90,EUR,2025-04-03T16:05:00Z,card,
4001689,8801210,IN,50.17,USD,2025-04-03T17:15:44Z,card,
4001690,8801211,IN,441.44,USD,2025-04-03T17:17:41Z,card,
4001691,8801018,IN,80.26,EUR,2025-04-03T17:50:00Z,card,
4001692,8801212,IN,95.94,EUR,2025-04-03T18:16:31Z,card,
4001693,8801143,IN,107.93,EUR,2025-04-03T18:50:00Z,cash,
4001694,8801210,IN,230.75,USD,2025-04-03T19:05:00Z,card,
4001695,8801213,IN,168.00,GBP,2025-04-03T19:42:00Z,card,
4001696,8801214,IN,146.14,USD,2025-04-03T22:31:48Z,card,
4001697,8801215,IN,127.34,USD,2025-04-04T00:21:51Z,card,
4001698,8801216,IN,85.52,USD,2025-04-04T00:38:41Z,card,
4001699,8801217,IN,75.78,USD,2025-04-04T02:45:55Z,card,
4001700,8801218,IN,99.04,USD,2025-04-04T05:53:59Z,card,
4001701,8801219,IN,71.96,EUR,2025-04-04T06:19:43Z,card,
4001702,8801220,IN,95.94,EUR,2025-04-04T06:34:50Z,card,
4001703,8801221,IN,71.34,EUR,2025-04-04T10:07:42Z,card,
4001704,8801222,IN,100.80,GBP,2025-04-04T11:49:26Z,card,
4001705,8801223,IN,90.00,GBP,2025-04-04T14:14:58Z,card,
4001706,8801047,OUT,168.00,GBP,2025-04-04T15:31:01Z,card,cancellation
4001707,8801224,IN,85.52,USD,2025-04-04T18:11:34Z,card,
4001708,8801198,OUT,45.00,GBP,2025-04-04T18:45:00Z,card,goodwill
4001709,8801225,IN,160.52,USD,2025-04-04T20:28:58Z,card,
4001710,8801226,IN,52.80,AUD,2025-04-04T21:33:47Z,card,
4001711,8801227,IN,63.80,AUD,2025-04-04T21:52:32Z,card,
4001712,8800646,IN,121.27,AUD,2025-04-05T00:50:00Z,card,
4001713,8801228,IN,26.40,AUD,2025-04-05T02:01:00Z,card,
4001714,8801229,IN,15.95,AUD,2025-04-05T02:44:13Z,card,
4001715,8801230,IN,215.60,AUD,2025-04-05T03:51:30Z,voucher,
4001716,8801231,IN,168.00,GBP,2025-04-05T06:11:07Z,card,
4001717,8801232,IN,134.40,GBP,2025-04-05T08:03:37Z,card,
4001718,8801233,IN,191.88,EUR,2025-04-05T08:18:15Z,voucher,
4001719,8801234,IN,40.43,AUD,2025-04-05T09:42:29Z,card,
4001720,8801235,IN,180.00,GBP,2025-04-05T10:00:52Z,card,
4001721,8801236,IN,100.80,GBP,2025-04-05T11:33:12Z,card,
4001722,8801237,IN,168.00,GBP,2025-04-05T12:16:18Z,card,
4001723,8801238,IN,44.59,EUR,2025-04-05T12:50:54Z,card,
4001724,8801239,IN,143.91,EUR,2025-04-05T15:02:04Z,card,
4001725,8801195,OUT,427.59,USD,2025-04-05T23:29:51Z,card,cancellation
4001726,8801240,IN,42.76,USD,2025-04-06T00:24:01Z,card,
4001727,8801234,IN,121.27,AUD,2025-04-06T07:35:00Z,card,
4001728,8800991,OUT,63.36,AUD,2025-04-06T08:40:04Z,card,cancellation (20% fee retained)
4001729,8801241,IN,214.02,EUR,2025-04-06T08:56:51Z,card,
4001730,8801242,IN,60.00,GBP,2025-04-06T09:45:44Z,card,
4001731,8801171,IN,37.89,USD,2025-04-06T10:40:38Z,card,
4001732,8801243,IN,37.89,USD,2025-04-06T12:38:32Z,card,
4001733,8801244,IN,12.18,USD,2025-04-06T14:23:48Z,card,
4001734,8801244,IN,36.53,USD,2025-04-06T14:50:00Z,card,
4001735,8801208,IN,160.51,EUR,2025-04-06T16:35:00Z,card,
4001736,8801005,IN,179.89,EUR,2025-04-06T16:50:00Z,cash,
4001737,8801220,IN,287.82,EUR,2025-04-06T19:50:00Z,cash,
4001738,8801192,IN,73.07,USD,2025-04-06T20:05:00Z,cash,
4001739,8801245,IN,71.34,EUR,2025-04-06T21:09:07Z,card,
4001740,8800644,OUT,95.94,EUR,2025-04-06T21:29:42Z,card,cancellation
4001741,8801169,OUT,72.00,GBP,2025-04-06T22:00:00Z,card,goodwill
4001742,8800741,OUT,57.07,EUR,2025-04-06T23:23:38Z,card,cancellation (20% fee retained)
4001743,8801246,IN,52.80,AUD,2025-04-07T00:34:19Z,voucher,
4001744,8801231,IN,67.20,GBP,2025-04-07T02:56:10Z,card,
4001745,8801247,IN,151.55,USD,2025-04-07T03:54:46Z,card,
4001746,8801248,IN,37.89,USD,2025-04-07T04:59:20Z,card,
4001747,8801249,IN,36.00,GBP,2025-04-07T08:08:33Z,card,
4001748,8801250,IN,37.50,GBP,2025-04-07T09:38:09Z,card,
4001749,8801251,IN,30.00,GBP,2025-04-07T11:35:08Z,card,
4001750,8801224,IN,85.52,USD,2025-04-07T12:52:59Z,card,
4001751,8801252,IN,168.00,GBP,2025-04-07T13:07:27Z,card,
4001752,8801253,IN,24.36,USD,2025-04-07T14:55:57Z,card,
4001753,8801254,IN,142.68,EUR,2025-04-07T15:31:09Z,card,
4001754,8801250,IN,112.50,GBP,2025-04-07T16:20:00Z,cash,
4001755,8801255,IN,23.99,EUR,2025-04-07T20:11:08Z,card,
4001756,8801256,IN,679.14,USD,2025-04-08T00:31:08Z,card,
4001757,8801257,IN,95.70,AUD,2025-04-08T00:37:42Z,card,
4001758,8801229,IN,47.85,AUD,2025-04-08T03:50:00Z,card,
4001759,8801258,IN,142.68,EUR,2025-04-08T09:12:48Z,card,
4001760,8801253,IN,73.07,USD,2025-04-08T12:20:00Z,cash,
4001761,8801259,IN,142.68,EUR,2025-04-08T12:30:48Z,card,
4001762,8801260,IN,63.80,AUD,2025-04-08T12:50:25Z,card,
4001763,8801261,IN,150.00,GBP,2025-04-08T13:23:49Z,voucher,
4001764,8801262,IN,31.90,AUD,2025-04-08T13:49:30Z,card,
4001765,8801205,IN,113.66,USD,2025-04-08T14:20:00Z,cash,
4001766,8801263,IN,56.60,USD,2025-04-08T14:25:32Z,card,
4001767,8801203,IN,71.95,EUR,2025-04-08T17:05:00Z,card,
4001768,8801219,IN,215.86,EUR,2025-04-08T18:50:00Z,cash,
4001769,8801264,IN,280.92,USD,2025-04-08T19:50:09Z,card,
4001770,8801265,IN,26.40,AUD,2025-04-08T21:10:03Z,card,
4001771,8801265,IN,79.20,AUD,2025-04-09T00:50:00Z,cash,
4001772,8801266,IN,339.57,USD,2025-04-09T01:20:28Z,card,
4001773,8801267,IN,565.95,USD,2025-04-09T02:32:07Z,card,
4001774,8801268,IN,22.50,GBP,2025-04-09T06:26:49Z,card,
4001775,8801269,IN,215.60,AUD,2025-04-09T09:38:01Z,card,
4001776,8800771,OUT,68.42,USD,2025-04-09T12:02:25Z,card,cancellation (20% fee retained)
4001777,8801251,IN,90.00,GBP,2025-04-09T13:50:00Z,card,
4001778,8801122,IN,146.14,USD,2025-04-09T14:50:00Z,card,
4001779,8801270,IN,67.20,GBP,2025-04-09T15:29:50Z,card,
4001780,8801163,IN,67.50,GBP,2025-04-09T16:05:00Z,card,
4001781,8801271,IN,85.52,USD,2025-04-09T18:13:46Z,voucher,
4001782,8801119,IN,270.88,USD,2025-04-09T19:20:00Z,card,
4001783,8801272,IN,90.00,GBP,2025-04-09T22:36:58Z,voucher,
4001784,8801273,IN,25.20,GBP,2025-04-09T22:37:47Z,card,
4001785,8801274,IN,31.90,AUD,2025-04-10T01:00:04Z,card,
4001786,8801271,OUT,68.42,USD,2025-04-10T03:27:12Z,voucher,cancellation (20% fee retained)
4001787,8801275,IN,53.90,AUD,2025-04-10T06:08:33Z,card,
4001788,8801276,IN,134.40,GBP,2025-04-10T06:55:03Z,card,
4001789,8801277,IN,71.34,EUR,2025-04-10T11:12:13Z,card,
4001790,8801240,IN,128.28,USD,2025-04-10T12:05:00Z,card,
4001791,8801255,IN,71.95,EUR,2025-04-10T12:05:00Z,cash,
4001792,8801098,IN,192.41,USD,2025-04-10T12:50:00Z,cash,
4001793,8801278,IN,36.00,GBP,2025-04-10T14:43:03Z,card,
4001794,8801279,IN,168.00,GBP,2025-04-10T15:28:09Z,card,
4001795,8801252,OUT,168.00,GBP,2025-04-10T16:50:22Z,card,cancellation
4001796,8801280,IN,120.00,GBP,2025-04-10T17:04:39Z,card,
4001797,8801281,IN,150.00,GBP,2025-04-10T18:10:33Z,card,
4001798,8801282,IN,33.60,GBP,2025-04-10T19:12:35Z,card,
4001799,8801277,IN,214.02,EUR,2025-04-10T19:35:00Z,card,
4001800,8801218,IN,297.13,USD,2025-04-10T21:05:00Z,cash,
4001801,8801283,IN,36.00,GBP,2025-04-10T22:37:13Z,voucher,
4001802,8801284,IN,99.04,USD,2025-04-11T00:44:40Z,card,
4001803,8801285,IN,7.98,AUD,2025-04-11T01:25:14Z,card,
4001804,8801286,IN,107.80,AUD,2025-04-11T02:07:29Z,card,
4001805,8801285,IN,23.92,AUD,2025-04-11T07:35:00Z,cash,
4001806,8801287,IN,95.94,EUR,2025-04-11T08:06:08Z,card,
4001807,8801166,OUT,171.04,USD,2025-04-11T09:15:38Z,voucher,cancellation
4001808,8801288,IN,24.36,USD,2025-04-11T12:52:50Z,card,
4001809,8709706,IN,110.00,USD,2025-04-11T14:00:00Z,card,
4001810,8801289,IN,67.20,GBP,2025-04-11T14:27:30Z,card,
4001811,8801290,IN,168.00,GBP,2025-04-11T14:47:57Z,card,
4001812,8801291,IN,441.44,USD,2025-04-11T15:57:01Z,card,
4001813,8801288,IN,73.07,USD,2025-04-11T18:20:00Z,card,
4001814,8801292,IN,285.36,EUR,2025-04-11T19:50:38Z,card,
4001815,8801293,IN,31.90,AUD,2025-04-11T21:48:47Z,voucher,
4001816,8801294,IN,6.60,AUD,2025-04-12T00:27:13Z,card,
4001817,8801295,IN,60.20,USD,2025-04-12T01:45:39Z,card,
4001818,8801296,IN,48.71,USD,2025-04-12T01:47:40Z,card,
4001819,8801297,IN,2.40,GBP,2025-04-12T13:16:12Z,voucher,
4001820,8801298,IN,33.60,GBP,2025-04-12T16:15:44Z,card,
4001821,8801299,IN,67.20,GBP,2025-04-12T17:01:37Z,card,
4001822,8801300,IN,108.00,GBP,2025-04-12T17:05:18Z,card,
4001823,8801301,IN,249.69,EUR,2025-04-12T17:56:00Z,voucher,
4001824,8801302,IN,42.00,GBP,2025-04-12T18:27:40Z,card,
4001825,8801303,IN,100.80,GBP,2025-04-12T20:44:39Z,voucher,
4001826,8801304,IN,52.80,AUD,2025-04-12T23:45:52Z,card,
4001827,8801305,IN,67.20,GBP,2025-04-13T06:29:27Z,card,
4001828,8801306,IN,71.34,EUR,2025-04-13T07:25:19Z,card,
4001829,8801307,IN,50.40,GBP,2025-04-13T13:48:55Z,card,
4001830,8801308,IN,239.85,EUR,2025-04-13T14:03:12Z,card,
4001831,8801282,IN,100.80,GBP,2025-04-13T19:20:00Z,card,
4001832,8801309,IN,240.79,USD,2025-04-13T22:59:17Z,card,
4001833,8801310,IN,200.66,USD,2025-04-14T00:10:43Z,card,
4001834,8800918,OUT,36.00,GBP,2025-04-14T02:29:28Z,card,cancellation
4001835,8801311,IN,105.60,AUD,2025-04-14T05:25:21Z,voucher,
4001836,8801275,IN,161.70,AUD,2025-04-14T07:50:00Z,card,
4001837,8801308,IN,47.97,EUR,2025-04-14T09:49:06Z,card,
4001838,8801312,IN,27.00,GBP,2025-04-14T10:10:48Z,card,
4001839,8801313,IN,178.35,EUR,2025-04-14T11:05:17Z,card,
4001840,8801314,IN,2.40,GBP,2025-04-14T11:13:22Z,voucher,
4001841,8801315,IN,27.00,GBP,2025-04-14T13:03:59Z,card,
4001842,8801316,IN,25.20,GBP,2025-04-14T13:30:49Z,card,
4001843,8801317,IN,243.56,USD,2025-04-14T18:27:27Z,voucher,
4001844,8801318,IN,180.00,GBP,2025-04-14T20:02:51Z,card,
4001845,8801319,IN,71.96,EUR,2025-04-14T22:19:04Z,card,
4001846,8801320,IN,85.52,USD,2025-04-14T22:30:24Z,voucher,
4001847,8801321,IN,53.90,AUD,2025-04-15T00:46:14Z,voucher,
4001848,8801322,IN,142.68,EUR,2025-04-15T06:26:31Z,card,
4001849,8801323,IN,105.60,AUD,2025-04-15T10:56:58Z,card,
4001850,8801025,OUT,191.88,EUR,2025-04-15T12:53:01Z,voucher,cancellation
4001851,8801324,IN,107.01,EUR,2025-04-15T13:46:54Z,voucher,
4001852,8801316,IN,75.60,GBP,2025-04-15T14:20:00Z,cash,
4001853,8801263,IN,169.78,USD,2025-04-15T15:35:00Z,cash,
4001854,8801325,IN,84.89,USD,2025-04-15T16:08:54Z,card,
4001855,8801019,OUT,120.00,GBP,2025-04-15T16:13:07Z,voucher,cancellation
4001856,8801326,IN,113.66,USD,2025-04-15T18:05:57Z,voucher,
4001857,8801325,IN,254.68,USD,2025-04-15T20:35:00Z,cash,
4001858,8801327,IN,155.64,USD,2025-04-15T22:03:20Z,card,
4001859,8801328,IN,339.57,USD,2025-04-15T22:18:18Z,card,
4001860,8801329,IN,189.44,USD,2025-04-16T03:45:01Z,voucher,
4001861,8801330,IN,16.80,GBP,2025-04-16T09:19:43Z,card,
4001862,8801331,IN,60.00,GBP,2025-04-16T09:26:33Z,voucher,
4001863,8801332,IN,31.90,AUD,2025-04-16T10:09:08Z,card,
4001864,8801333,IN,26.40,AUD,2025-04-16T10:51:11Z,card,
4001865,8801334,IN,143.91,EUR,2025-04-16T12:07:41Z,voucher,
4001866,8801335,IN,171.04,USD,2025-04-16T15:43:04Z,voucher,
4001867,8801335,IN,85.51,USD,2025-04-16T16:38:13Z,card,
4001868,8801336,IN,90.00,GBP,2025-04-16T21:31:39Z,card,
4001869,8801337,IN,79.20,AUD,2025-04-17T00:47:32Z,card,
4001870,8801214,OUT,146.14,USD,2025-04-17T10:51:05Z,card,cancellation
4001871,8801338,IN,37.89,USD,2025-04-17T12:50:32Z,card,
4001872,8801339,IN,13.50,GBP,2025-04-17T13:11:42Z,card,
4001873,8700257,IN,20.00,USD,2025-04-17T16:00:00Z,card,
4001874,8801340,IN,71.96,EUR,2025-04-17T16:01:21Z,card,
4001875,8801319,IN,263.83,EUR,2025-04-17T17:20:00Z,card,
4001876,8801341,IN,107.80,AUD,2025-04-17T23:33:21Z,card,
4001877,8801342,IN,169.79,USD,2025-04-18T00:04:55Z,card,
4001878,8801343,IN,113.66,USD,2025-04-18T04:24:12Z,card,
4001879,8801159,IN,40.42,AUD,2025-04-18T04:35:00Z,cash,
4001880,8801344,IN,60.00,GBP,2025-04-18T08:26:31Z,card,
4001881,8801345,IN,23.99,EUR,2025-04-18T09:24:09Z,card,
4001882,8801346,IN,150.00,GBP,2025-04-18T09:34:42Z,card,
4001883,8801347,IN,15.00,GBP,2025-04-18T12:12:49Z,card,
4001884,8801348,IN,142.68,EUR,2025-04-18T12:36:55Z,card,
4001885,8801299,IN,33.60,GBP,2025-04-18T13:37:48Z,card,
4001886,8801349,IN,33.60,GBP,2025-04-18T13:51:25Z,card,
4001887,8801350,IN,191.88,EUR,2025-04-18T13:59:30Z,card,
4001888,8801351,IN,249.69,EUR,2025-04-18T15:40:55Z,card,
4001889,8801345,IN,167.89,EUR,2025-04-18T16:20:00Z,card,
4001890,8801352,IN,67.20,GBP,2025-04-18T17:13:28Z,voucher,
4001891,8801298,IN,100.80,GBP,2025-04-18T17:50:00Z,cash,
4001892,8801283,OUT,36.00,GBP,2025-04-18T19:28:43Z,voucher,cancellation
4001893,8801315,IN,81.00,GBP,2025-04-18T20:05:00Z,cash,
4001894,8801347,IN,45.00,GBP,2025-04-18T20:35:00Z,cash,
4001895,8801353,IN,35.67,EUR,2025-04-18T20:50:47Z,card,
4001896,8801354,IN,97.43,USD,2025-04-18T23:26:54Z,card,
4001897,8801355,IN,189.44,USD,2025-04-19T01:16:57Z,card,
4001898,8801355,IN,37.89,USD,2025-04-19T02:45:42Z,card,
4001899,8801356,IN,79.20,AUD,2025-04-19T04:25:00Z,card,
4001900,8800722,IN,269.50,AUD,2025-04-19T05:50:00Z,card,
4001901,8801223,IN,60.00,GBP,2025-04-19T11:23:59Z,card,
4001902,8801357,IN,383.76,EUR,2025-04-19T12:04:43Z,voucher,
4001903,8801358,IN,146.14,USD,2025-04-19T12:10:00Z,card,
4001904,8801359,IN,150.00,GBP,2025-04-19T15:35:47Z,voucher,
4001905,8801359,IN,60.00,GBP,2025-04-19T15:41:14Z,card,
4001906,8800832,IN,270.88,USD,2025-04-19T15:50:00Z,cash,
4001907,8801353,IN,107.01,EUR,2025-04-19T16:20:00Z,cash,
4001908,8801057,IN,80.26,EUR,2025-04-19T17:05:00Z,card,
4001909,8801284,IN,297.13,USD,2025-04-19T18:50:00Z,cash,
4001910,8801360,IN,282.98,USD,2025-04-19T21:50:04Z,card,
4001911,8801361,IN,40.43,AUD,2025-04-19T22:39:42Z,card,
4001912,8801362,IN,42.76,USD,2025-04-20T02:43:40Z,card,
4001913,8801363,IN,339.57,USD,2025-04-20T05:20:08Z,card,
4001914,8801364,IN,62.42,EUR,2025-04-20T07:00:52Z,card,
4001915,8801361,IN,121.27,AUD,2025-04-20T07:35:00Z,cash,
4001916,8801171,OUT,227.33,USD,2025-04-20T07:37:40Z,card,cancellation
4001917,8801365,IN,285.36,EUR,2025-04-20T09:52:36Z,card,
4001918,8801362,IN,299.31,USD,2025-04-20T12:05:00Z,card,
4001919,8801366,IN,48.71,USD,2025-04-20T15:52:55Z,card,
4001920,8801367,IN,214.02,EUR,2025-04-20T16:23:18Z,voucher,
4001921,8801339,IN,58.50,GBP,2025-04-20T16:35:00Z,cash,
4001922,8801349,IN,100.80,GBP,2025-04-20T18:20:00Z,cash,
4001923,8801299,OUT,100.80,GBP,2025-04-20T18:32:44Z,card,cancellation
4001924,8801368,IN,427.59,USD,2025-04-20T20:03:57Z,card,
4001925,8801369,IN,67.20,GBP,2025-04-20T20:05:37Z,voucher,
4001926,8801370,IN,287.82,EUR,2025-04-20T22:11:45Z,card,
4001927,8801366,IN,97.43,USD,2025-04-21T01:11:47Z,card,
4001928,8801371,IN,679.14,USD,2025-04-21T02:08:00Z,voucher,
4001929,8801055,OUT,256.55,USD,2025-04-21T02:47:53Z,card,cancellation
4001930,8801372,IN,287.82,EUR,2025-04-21T12:10:02Z,card,
4001931,8801373,IN,97.43,USD,2025-04-21T15:06:50Z,card,
4001932,8801374,IN,113.66,USD,2025-04-21T15:24:46Z,voucher,
4001933,8801375,IN,239.85,EUR,2025-04-21T15:58:51Z,card,
4001934,8801376,IN,113.66,USD,2025-04-21T18:03:38Z,card,
4001935,8801377,IN,37.89,USD,2025-04-22T02:27:07Z,card,
4001936,8801378,IN,200.66,USD,2025-04-22T05:49:54Z,card,
4001937,8801379,IN,107.01,EUR,2025-04-22T06:02:56Z,card,
4001938,8801320,OUT,42.76,USD,2025-04-22T10:00:00Z,voucher,goodwill
4001939,8801380,IN,22.50,GBP,2025-04-22T11:35:57Z,card,
4001940,8801381,IN,54.00,GBP,2025-04-22T12:38:31Z,card,
4001941,8801382,IN,31.90,AUD,2025-04-22T13:15:02Z,card,
4001942,8801383,IN,30.00,GBP,2025-04-22T18:36:35Z,card,
4001943,8801083,IN,287.82,EUR,2025-04-22T18:50:00Z,cash,
4001944,8801340,IN,311.80,EUR,2025-04-22T19:50:00Z,cash,
4001945,8801384,IN,401.31,USD,2025-04-22T20:27:30Z,card,
4001946,8801385,IN,180.00,GBP,2025-04-22T21:31:57Z,card,
4001947,8801386,IN,383.76,EUR,2025-04-22T22:15:56Z,card,
4001948,8801384,IN,80.26,USD,2025-04-22T23:49:24Z,card,
4001949,8801387,IN,99.04,USD,2025-04-23T02:10:43Z,card,
4001950,8801388,IN,321.05,USD,2025-04-23T02:22:20Z,voucher,
4001951,8801262,IN,95.70,AUD,2025-04-23T06:50:00Z,cash,
4001952,8801009,OUT,85.52,USD,2025-04-23T09:37:29Z,card,cancellation
4001953,8801389,IN,60.00,GBP,2025-04-23T11:07:49Z,voucher,
4001954,8801390,IN,171.04,USD,2025-04-23T12:53:29Z,voucher,
4001955,8801391,IN,35.67,EUR,2025-04-23T13:55:31Z,card,
4001956,8801392,IN,108.00,GBP,2025-04-23T14:15:59Z,card,
4001957,8801118,IN,85.24,USD,2025-04-23T14:20:00Z,card,
4001958,8801393,IN,53.51,EUR,2025-04-23T15:14:35Z,card,
4001959,8801254,OUT,35.67,EUR,2025-04-23T16:30:00Z,card,goodwill
4001960,8801394,IN,339.57,USD,2025-04-24T00:32:58Z,card,
4001961,8800693,IN,39.60,AUD,2025-04-24T07:50:00Z,card,
4001962,8801395,IN,2.40,GBP,2025-04-24T12:17:35Z,card,
4001963,8801396,IN,90.00,GBP,2025-04-24T12:26:23Z,card,
4001964,8801397,IN,107.01,EUR,2025-04-24T12:40:11Z,card,
4001965,8801398,IN,47.36,USD,2025-04-24T13:38:39Z,card,
4001966,8801398,IN,142.08,USD,2025-04-24T15:35:00Z,card,
4001967,8801399,IN,146.14,USD,2025-04-24T16:41:09Z,card,
4001968,8801056,IN,71.95,EUR,2025-04-24T16:50:00Z,cash,
4001969,8801400,IN,287.82,EUR,2025-04-24T19:29:39Z,voucher,
4001970,8801401,IN,226.38,USD,2025-04-24T21:28:34Z,card,
4001971,8801402,IN,19.80,AUD,2025-04-24T22:57:00Z,card,
4001972,8801403,IN,215.60,AUD,2025-04-25T02:56:17Z,card,
4001973,8801403,IN,107.80,AUD,2025-04-25T04:23:16Z,card,
4001974,8801368,IN,85.52,USD,2025-04-25T05:09:34Z,card,
4001975,8801402,IN,59.40,AUD,2025-04-25T05:50:00Z,cash,
4001976,8801336,IN,18.00,GBP,2025-04-25T08:25:37Z,card,
4001977,8801404,IN,143.91,EUR,2025-04-25T09:11:16Z,card,
4001978,8801405,IN,35.98,EUR,2025-04-25T10:58:38Z,card,
4001979,8801406,IN,396.17,USD,2025-04-25T13:32:22Z,voucher,
4001980,8801407,IN,342.07,USD,2025-04-25T13:42:57Z,card,
4001981,8801407,IN,171.04,USD,2025-04-25T13:51:56Z,card,
4001982,8801408,IN,80.26,USD,2025-04-25T14:53:58Z,card,
4001983,8801409,IN,396.17,USD,2025-04-25T16:07:55Z,card,
4001984,8801408,IN,321.05,USD,2025-04-25T17:20:00Z,cash,
4001985,8801307,IN,151.20,GBP,2025-04-25T18:50:00Z,card,
4001986,8801410,IN,239.85,EUR,2025-04-25T22:34:57Z,card,
4001987,8801411,IN,452.76,USD,2025-04-25T23:51:47Z,card,
4001988,8801412,IN,85.52,USD,2025-04-26T00:56:40Z,card,
4001989,8801413,IN,215.60,AUD,2025-04-26T01:14:06Z,card,
4001990,8801414,IN,26.40,AUD,2025-04-26T10:07:25Z,card,
4001991,8801415,IN,6.60,AUD,2025-04-26T10:57:23Z,card,
4001992,8801364,IN,187.27,EUR,2025-04-26T12:05:00Z,card,
4001993,8801416,IN,12.18,USD,2025-04-26T12:54:03Z,card,
4001994,8801417,IN,60.00,GBP,2025-04-26T13:11:37Z,card,
4001995,8801418,IN,36.54,USD,2025-04-26T14:07:03Z,card,
4001996,8801419,IN,67.20,GBP,2025-04-26T14:13:50Z,card,
4001997,8801420,IN,155.64,USD,2025-04-26T14:36:29Z,card,
4001998,8801416,IN,36.53,USD,2025-04-26T15:20:00Z,card,
4001999,8801095,IN,67.50,GBP,2025-04-26T15:20:00Z,cash,
4002000,8801421,IN,36.00,GBP,2025-04-26T16:04:33Z,card,
4002001,8801327,IN,466.91,USD,2025-04-26T19:50:00Z,cash,
4002002,8801420,IN,466.91,USD,2025-04-26T20:05:00Z,cash,
4002003,8801422,IN,107.01,EUR,2025-04-26T20:08:50Z,card,
4002004,8801423,IN,168.00,GBP,2025-04-26T20:32:50Z,card,
4002005,8801424,IN,22.50,GBP,2025-04-26T21:32:15Z,card,
4002006,8801425,IN,106.90,USD,2025-04-26T23:37:26Z,card,
4002007,8801426,IN,441.44,USD,2025-04-27T00:29:00Z,card,
4002008,8801427,IN,105.60,AUD,2025-04-27T01:50:09Z,voucher,
4002009,8801428,IN,26.75,EUR,2025-04-27T06:16:25Z,card,
4002010,8801429,IN,72.00,GBP,2025-04-27T06:27:01Z,card,
4002011,8801423,IN,67.20,GBP,2025-04-27T07:04:07Z,card,
4002012,8801430,IN,168.00,GBP,2025-04-27T09:16:05Z,voucher,
4002013,8801431,IN,249.69,EUR,2025-04-27T09:26:48Z,voucher,
4002014,8801411,OUT,452.76,USD,2025-04-27T11:40:17Z,card,cancellation
4002015,8801432,IN,194.85,USD,2025-04-27T18:19:39Z,card,
4002016,8801424,IN,67.50,GBP,2025-04-27T18:20:00Z,cash,
4002017,8801428,IN,80.26,EUR,2025-04-27T20:20:00Z,card,
4002018,8801378,OUT,200.66,USD,2025-04-27T20:26:24Z,card,cancellation
4002019,8801433,IN,401.31,USD,2025-04-27T21:08:15Z,card,
4002020,8801434,IN,243.56,USD,2025-04-27T22:27:17Z,voucher,
4002021,8801435,IN,42.76,USD,2025-04-28T00:24:03Z,card,
4002022,8801436,IN,171.04,USD,2025-04-28T12:37:04Z,card,
4002023,8801437,IN,321.05,USD,2025-04-28T13:17:13Z,card,
4002024,8801209,IN,107.80,AUD,2025-04-28T14:30:05Z,card,
4002025,8801438,IN,90.00,GBP,2025-04-28T14:35:43Z,voucher,
4002026,8801439,IN,191.88,EUR,2025-04-28T14:39:59Z,voucher,
4002027,8801440,IN,622.55,USD,2025-04-28T17:56:32Z,card,
4002028,8801380,IN,67.50,GBP,2025-04-28T18:20:00Z,card,
4002029,8801441,IN,396.17,USD,2025-04-28T18:20:32Z,card,
4002030,8801442,IN,72.00,GBP,2025-04-28T19:20:28Z,card,
4002031,8801443,IN,45.00,GBP,2025-04-28T19:47:49Z,card,
4002032,8801444,IN,481.57,USD,2025-04-29T04:42:37Z,card,
4002033,8801445,IN,215.60,AUD,2025-04-29T06:49:48Z,voucher,
4002034,8801446,IN,44.59,EUR,2025-04-29T08:34:15Z,card,
4002035,8801435,IN,299.31,USD,2025-04-29T12:05:00Z,cash,
4002036,8801447,IN,4.80,GBP,2025-04-29T12:40:29Z,card,
4002037,8801448,IN,90.00,GBP,2025-04-29T12:49:53Z,card,
4002038,8801449,IN,239.85,EUR,2025-04-29T13:07:31Z,card,
4002039,8801450,IN,282.98,USD,2025-04-29T13:07:51Z,card,
4002040,8801451,IN,239.85,EUR,2025-04-29T14:27:56Z,voucher,
4002041,8801452,IN,100.80,GBP,2025-04-29T15:00:25Z,voucher,
4002042,8801238,IN,133.76,EUR,2025-04-29T17:35:00Z,cash,
4002043,8801453,IN,106.90,USD,2025-04-29T19:05:50Z,card,
4002044,8801306,IN,214.02,EUR,2025-04-29T19:50:00Z,card,
4002045,8801454,IN,240.79,USD,2025-04-30T00:06:18Z,card,
4002046,8801455,IN,161.70,AUD,2025-04-30T04:07:45Z,card,
4002047,8801456,IN,215.60,AUD,2025-04-30T06:12:45Z,card,
4002048,8801457,IN,95.94,EUR,2025-04-30T06:45:23Z,card,
4002049,8801458,IN,36.00,GBP,2025-04-30T07:40:48Z,card,
4002050,8801459,IN,13.20,AUD,2025-04-30T07:46:38Z,card,
4002051,8801444,IN,40.13,USD,2025-04-30T08:00:57Z,card,
4002052,8801460,IN,36.00,GBP,2025-04-30T09:21:14Z,card,
4002053,8801461,IN,63.80,AUD,2025-04-30T09:39:02Z,card,
4002054,8801462,IN,189.44,USD,2025-04-30T13:21:22Z,card,
4002055,8801463,IN,201.60,GBP,2025-04-30T17:17:50Z,card,
4002056,8801464,IN,143.91,EUR,2025-04-30T18:09:55Z,card,
4002057,8801465,IN,160.52,USD,2025-04-30T20:02:05Z,voucher,
4002058,8801466,IN,243.56,USD,2025-04-30T20:08:03Z,card,
4002059,8801467,IN,63.80,AUD,2025-05-01T01:46:35Z,card,
4002060,8801468,IN,36.00,GBP,2025-05-01T06:39:08Z,card,
4002061,8801469,IN,23.93,AUD,2025-05-01T07:49:43Z,card,
4002062,8801470,IN,26.75,EUR,2025-05-01T09:51:10Z,card,
4002063,8801433,OUT,321.05,USD,2025-05-01T10:16:24Z,card,cancellation (20% fee retained)
4002064,8801471,IN,22.50,GBP,2025-05-01T12:45:26Z,card,
4002065,8801425,IN,491.72,USD,2025-05-01T13:50:00Z,cash,
4002066,8801472,IN,287.82,EUR,2025-05-01T14:36:14Z,voucher,
4002067,8801432,OUT,194.85,USD,2025-05-01T14:49:43Z,card,cancellation
4002068,8801473,IN,256.55,USD,2025-05-01T15:13:10Z,card,
4002069,8801474,IN,189.44,USD,2025-05-01T15:32:59Z,card,
4002070,8801475,IN,48.71,USD,2025-05-01T17:02:00Z,card,
4002071,8801476,IN,134.40,GBP,2025-05-01T18:00:51Z,voucher,
4002072,8801443,IN,135.00,GBP,2025-05-01T19:20:00Z,card,
4002073,8801477,IN,106.90,USD,2025-05-02T00:04:18Z,card,
4002074,8801445,OUT,215.60,AUD,2025-05-02T01:21:26Z,voucher,cancellation
4002075,8801449,OUT,23.99,EUR,2025-05-02T02:00:00Z,card,goodwill
4002076,8801440,OUT,622.55,USD,2025-05-02T02:09:14Z,card,cancellation
4002077,8801478,IN,79.20,AUD,2025-05-02T04:03:44Z,card,
4002078,8801437,IN,80.26,USD,2025-05-02T05:47:54Z,card,
4002079,8801451,IN,47.97,EUR,2025-05-02T07:20:29Z,card,
4002080,8801479,IN,36.00,GBP,2025-05-02T09:48:58Z,card,
4002081,8801480,IN,16.80,GBP,2025-05-02T11:20:24Z,card,
4002082,8801477,IN,320.69,USD,2025-05-02T11:50:00Z,cash,
4002083,8801481,IN,285.36,EUR,2025-05-02T11:57:07Z,card,
4002084,8801482,IN,37.89,USD,2025-05-02T13:04:49Z,card,
4002085,8801483,IN,24.36,USD,2025-05-02T13:20:32Z,card,
4002086,8801427,OUT,105.60,AUD,2025-05-02T13:52:08Z,voucher,cancellation
4002087,8801453,IN,320.69,USD,2025-05-02T14:20:00Z,cash,
4002088,8801483,IN,73.07,USD,2025-05-02T15:05:00Z,cash,
4002089,8801484,IN,9.00,GBP,2025-05-02T15:13:26Z,card,
4002090,8801485,IN,26.75,EUR,2025-05-02T15:16:24Z,card,
4002091,8801480,IN,84.00,GBP,2025-05-02T18:05:00Z,card,
4002092,8801484,IN,27.00,GBP,2025-05-02T18:20:00Z,card,
4002093,8801486,IN,33.60,GBP,2025-05-02T18:24:32Z,card,
4002094,8801487,IN,171.04,USD,2025-05-02T21:02:41Z,card,
4002095,8801488,IN,63.80,AUD,2025-05-02T21:55:47Z,card,
4002096,8801489,IN,53.51,EUR,2025-05-02T22:25:48Z,card,
4002097,8801490,IN,53.90,AUD,2025-05-02T23:25:53Z,voucher,
4002098,8801491,IN,127.60,AUD,2025-05-03T00:20:49Z,card,
4002099,8801492,IN,42.76,USD,2025-05-03T02:58:24Z,card,
4002100,8801455,OUT,161.70,AUD,2025-05-03T03:01:14Z,card,cancellation
4002101,8801493,IN,2.40,GBP,2025-05-03T07:09:44Z,card,
4002102,8801332,IN,159.50,AUD,2025-05-03T08:20:00Z,card,
4002103,8801492,IN,128.28,USD,2025-05-03T12:05:00Z,card,
4002104,8801482,IN,189.44,USD,2025-05-03T12:20:00Z,card,
4002105,8801494,IN,35.67,EUR,2025-05-03T12:36:32Z,card,
4002106,8801495,IN,285.36,EUR,2025-05-03T13:52:48Z,card,
4002107,8801496,IN,189.44,USD,2025-05-03T14:42:42Z,card,
4002108,8801497,IN,339.57,USD,2025-05-03T14:59:51Z,card,
4002109,8801498,IN,441.44,USD,2025-05-03T15:02:08Z,card,
4002110,8801418,IN,109.60,USD,2025-05-03T15:50:00Z,card,
4002111,8801499,IN,70.23,USD,2025-05-03T17:35:20Z,card,
4002112,8801494,IN,107.01,EUR,2025-05-03T17:50:00Z,card,
4002113,8801500,IN,201.60,GBP,2025-05-03T18:01:41Z,card,
4002114,8801501,IN,120.00,GBP,2025-05-03T18:47:54Z,voucher,
4002115,8801312,IN,117.00,GBP,2025-05-03T18:50:00Z,cash,
4002116,8801502,IN,63.80,AUD,2025-05-03T21:35:07Z,card,
4002117,8801503,IN,161.70,AUD,2025-05-03T21:53:59Z,card,
4002118,8801504,IN,194.85,USD,2025-05-04T00:00:46Z,card,
4002119,8801505,IN,26.40,AUD,2025-05-04T01:16:17Z,voucher,
4002120,8801506,IN,13.50,GBP,2025-05-04T06:36:54Z,card,
4002121,8801507,IN,108.00,GBP,2025-05-04T09:35:26Z,card,
4002122,8801043,OUT,181.10,USD,2025-05-04T10:14:44Z,card,cancellation (20% fee retained)
4002123,8801470,IN,80.26,EUR,2025-05-04T11:50:00Z,cash,
4002124,8801508,IN,178.35,EUR,2025-05-04T14:19:49Z,card,
4002125,8801509,IN,396.17,USD,2025-05-04T16:42:20Z,voucher,
4002126,8801506,IN,40.50,GBP,2025-05-04T16:50:00Z,card,
4002127,8801446,IN,133.76,EUR,2025-05-04T16:50:00Z,card,
4002128,8801393,IN,160.51,EUR,2025-05-04T19:35:00Z,card,
4002129,8801510,IN,15.95,AUD,2025-05-04T21:48:35Z,card,
4002130,8801511,IN,189.44,USD,2025-05-04T22:14:19Z,voucher,
4002131,8801512,IN,9.47,USD,2025-05-05T01:07:14Z,card,
4002132,8801513,IN,63.80,AUD,2025-05-05T06:08:40Z,voucher,
4002133,8801514,IN,1.20,GBP,2025-05-05T07:16:09Z,card,
4002134,8801515,IN,105.60,AUD,2025-05-05T07:55:07Z,card,
4002135,8801516,IN,285.36,EUR,2025-05-05T08:47:01Z,card,
4002136,8801517,IN,15.95,AUD,2025-05-05T10:48:44Z,card,
4002137,8801518,IN,108.00,GBP,2025-05-05T11:19:21Z,card,
4002138,8801296,IN,146.14,USD,2025-05-05T12:20:00Z,card,
4002139,8801519,IN,142.68,EUR,2025-05-05T12:36:31Z,card,
4002140,8801520,IN,256.55,USD,2025-05-05T12:49:52Z,card,
4002141,8801521,IN,256.55,USD,2025-05-05T13:23:00Z,card,
4002142,8801522,IN,622.55,USD,2025-05-05T13:34:04Z,card,
4002143,8801523,IN,113.66,USD,2025-05-05T14:24:13Z,card,
4002144,8801524,IN,150.00,GBP,2025-05-05T18:28:01Z,card,
4002145,8801525,IN,113.66,USD,2025-05-05T19:45:06Z,card,
4002146,8801526,IN,509.36,USD,2025-05-06T01:17:09Z,card,
4002147,8801527,IN,178.35,EUR,2025-05-06T07:46:21Z,card,
4002148,8801528,IN,0.60,GBP,2025-05-06T13:00:59Z,card,
4002149,8801529,IN,127.60,AUD,2025-05-06T13:23:32Z,voucher,
4002150,8801530,IN,194.85,USD,2025-05-06T14:22:55Z,card,
4002151,8801531,IN,71.34,EUR,2025-05-06T14:44:03Z,voucher,
4002152,8801532,IN,194.85,USD,2025-05-06T17:27:23Z,card,
4002153,8801513,IN,31.90,AUD,2025-05-06T18:30:31Z,card,
4002154,8801533,IN,239.85,EUR,2025-05-06T20:18:06Z,voucher,
4002155,8801534,IN,256.55,USD,2025-05-06T22:42:39Z,card,
4002156,8801517,IN,47.85,AUD,2025-05-06T23:20:00Z,cash,
4002157,8801535,IN,31.90,AUD,2025-05-07T07:13:40Z,card,
4002158,8801536,IN,71.34,EUR,2025-05-07T07:18:08Z,card,
4002159,8801537,IN,26.40,AUD,2025-05-07T10:21:55Z,card,
4002160,8801475,IN,146.14,USD,2025-05-07T12:50:00Z,card,
4002161,8801528,IN,1.80,GBP,2025-05-07T14:05:00Z,cash,
4002162,8801512,IN,28.42,USD,2025-05-07T16:05:00Z,card,
4002163,8801509,OUT,396.17,USD,2025-05-07T17:18:21Z,voucher,cancellation
4002164,8801538,IN,7.98,AUD,2025-05-07T21:08:38Z,card,
4002165,8801539,IN,97.43,USD,2025-05-07T21:24:21Z,card,
4002166,8801540,IN,13.48,AUD,2025-05-07T21:53:13Z,card,
4002167,8801541,IN,72.00,GBP,2025-05-07T22:11:40Z,card,
4002168,8801120,IN,121.27,AUD,2025-05-08T06:50:00Z,card,
4002169,8801542,IN,134.40,GBP,2025-05-08T06:55:56Z,card,
4002170,8801543,IN,100.80,GBP,2025-05-08T07:58:59Z,card,
4002171,8801544,IN,383.76,EUR,2025-05-08T10:10:51Z,card,
4002172,8801542,IN,67.20,GBP,2025-05-08T10:17:47Z,card,
4002173,8801545,IN,3.60,GBP,2025-05-08T10:30:11Z,card,
4002174,8801546,IN,191.88,EUR,2025-05-08T10:30:50Z,card,
4002175,8801547,IN,33.60,GBP,2025-05-08T12:31:36Z,card,
4002176,8801338,OUT,37.89,USD,2025-05-08T13:06:42Z,card,cancellation
4002177,8801548,IN,25.20,GBP,2025-05-08T13:12:39Z,card,
4002178,8800975,OUT,105.60,AUD,2025-05-08T13:59:27Z,card,cancellation
4002179,8801549,IN,401.31,USD,2025-05-08T15:15:05Z,voucher,
4002180,8801550,IN,142.68,EUR,2025-05-08T16:45:59Z,card,
4002181,8801548,IN,75.60,GBP,2025-05-08T17:50:00Z,card,
4002182,8801551,IN,42.76,USD,2025-05-08T18:00:30Z,card,
4002183,8800786,IN,71.95,EUR,2025-05-08T19:20:00Z,cash,
4002184,8801552,IN,62.42,EUR,2025-05-08T19:20:13Z,card,
4002185,8801268,IN,67.50,GBP,2025-05-08T19:50:00Z,card,
4002186,8801553,IN,142.68,EUR,2025-05-08T21:19:57Z,voucher,
4002187,8801554,IN,107.80,AUD,2025-05-08T21:36:56Z,card,
4002188,8801555,IN,342.07,USD,2025-05-08T22:38:42Z,card,
4002189,8801556,IN,54.00,GBP,2025-05-08T22:39:05Z,card,
4002190,8801557,IN,6.60,AUD,2025-05-09T03:44:39Z,card,
4002191,8801558,IN,427.59,USD,2025-05-09T04:10:40Z,card,
4002192,8801559,IN,107.01,EUR,2025-05-09T06:04:34Z,card,
4002193,8801560,IN,36.00,GBP,2025-05-09T07:06:38Z,voucher,
4002194,8801561,IN,26.40,AUD,2025-05-09T07:19:35Z,card,
4002195,8801562,IN,26.40,AUD,2025-05-09T07:27:29Z,card,
4002196,8801563,IN,40.43,AUD,2025-05-09T11:17:55Z,card,
4002197,8801564,IN,23.99,EUR,2025-05-09T11:52:30Z,card,
4002198,8801565,IN,25.20,GBP,2025-05-09T13:22:52Z,card,
4002199,8801566,IN,171.04,USD,2025-05-09T13:31:00Z,voucher,
4002200,8801567,IN,37.50,GBP,2025-05-09T13:44:43Z,card,
4002201,8801566,OUT,171.04,USD,2025-05-09T14:13:34Z,voucher,cancellation
4002202,8801568,IN,285.36,EUR,2025-05-09T18:27:33Z,card,
4002203,8801457,IN,287.82,EUR,2025-05-09T18:50:00Z,card,
4002204,8801295,IN,180.59,USD,2025-05-09T18:50:00Z,cash,
4002205,8801486,IN,168.00,GBP,2025-05-09T19:20:00Z,cash,
4002206,8801495,IN,35.67,EUR,2025-05-10T01:44:06Z,card,
4002207,8801563,IN,121.27,AUD,2025-05-10T03:50:00Z,card,
4002208,8801540,IN,148.22,AUD,2025-05-10T06:05:00Z,card,
4002209,8801569,IN,3.60,GBP,2025-05-10T08:47:12Z,card,
4002210,8801570,IN,239.85,EUR,2025-05-10T09:00:51Z,card,
4002211,8801570,IN,95.94,EUR,2025-05-10T10:40:35Z,card,
4002212,8801571,IN,189.44,USD,2025-05-10T14:41:16Z,card,
4002213,8801572,IN,342.07,USD,2025-05-10T16:08:29Z,card,
4002214,8801573,IN,84.89,USD,2025-05-10T17:50:14Z,card,
4002215,8801574,IN,0.30,GBP,2025-05-10T20:36:46Z,card,
4002216,8801575,IN,60.89,USD,2025-05-10T20:37:12Z,card,
4002217,8801573,IN,254.68,USD,2025-05-10T21:35:00Z,card,
4002218,8801563,OUT,16.17,AUD,2025-05-10T22:00:00Z,card,goodwill
4002219,8801576,IN,18.95,USD,2025-05-11T02:54:00Z,card,
4002220,8801577,IN,342.07,USD,2025-05-11T04:30:34Z,card,
4002221,8801578,IN,191.88,EUR,2025-05-11T09:52:29Z,card,
4002222,8801579,IN,150.00,GBP,2025-05-11T10:24:49Z,card,
4002223,8801580,IN,26.40,AUD,2025-05-11T10:49:53Z,card,
4002224,8801023,OUT,4.80,GBP,2025-05-11T10:51:00Z,card,cancellation
4002225,8801581,IN,85.52,USD,2025-05-11T13:03:57Z,card,
4002226,8801582,IN,36.00,GBP,2025-05-11T13:27:30Z,voucher,
4002227,8801583,IN,28.42,USD,2025-05-11T13:30:15Z,card,
4002228,8801526,IN,113.19,USD,2025-05-11T14:54:30Z,card,
4002229,8801582,IN,18.00,GBP,2025-05-11T14:58:14Z,card,
4002230,8801584,IN,142.68,EUR,2025-05-11T15:25:35Z,card,
4002231,8801581,IN,256.55,USD,2025-05-11T15:35:00Z,cash,
4002232,8801585,IN,50.40,GBP,2025-05-11T16:26:27Z,card,
4002233,8801585,IN,151.20,GBP,2025-05-11T17:20:00Z,card,
4002234,8801565,IN,75.60,GBP,2025-05-11T17:35:00Z,cash,
4002235,8800947,IN,50.40,GBP,2025-05-11T18:20:00Z,card,
4002236,8801586,IN,335.79,EUR,2025-05-11T21:42:25Z,card,
4002237,8801587,IN,71.34,EUR,2025-05-11T22:02:21Z,card,
4002238,8801434,OUT,194.85,USD,2025-05-12T04:58:28Z,voucher,cancellation (20% fee retained)
4002239,8801588,IN,180.00,GBP,2025-05-12T12:27:01Z,card,
4002240,8801558,OUT,213.80,USD,2025-05-12T12:30:00Z,card,goodwill
4002241,8801589,IN,178.35,EUR,2025-05-12T15:20:55Z,voucher,
4002242,8801590,IN,97.43,USD,2025-05-12T19:50:14Z,voucher,
4002243,8801591,IN,120.00,GBP,2025-05-12T21:15:42Z,card,
4002244,8801557,IN,19.80,AUD,2025-05-12T23:50:00Z,card,
4002245,8801592,IN,441.44,USD,2025-05-13T00:48:45Z,card,
4002246,8801580,IN,79.20,AUD,2025-05-13T01:35:00Z,card,
4002247,8801593,IN,37.89,USD,2025-05-13T03:29:38Z,card,
4002248,8801594,IN,106.90,USD,2025-05-13T04:34:05Z,card,
4002249,8801595,IN,62.42,EUR,2025-05-13T08:16:26Z,card,
4002250,8801473,OUT,256.55,USD,2025-05-13T10:43:04Z,card,cancellation
4002251,8801596,IN,53.90,AUD,2025-05-13T12:07:22Z,card,
4002252,8801597,IN,249.69,EUR,2025-05-13T15:47:39Z,card,
4002253,8801499,IN,210.69,USD,2025-05-13T18:50:00Z,cash,
4002254,8801598,IN,282.98,USD,2025-05-13T21:32:33Z,card,
4002255,8801599,IN,441.44,USD,2025-05-14T03:06:39Z,voucher,
4002256,8801600,IN,127.34,USD,2025-05-14T05:06:32Z,card,
4002257,8801601,IN,26.40,AUD,2025-05-14T05:16:15Z,card,
4002258,8801602,IN,285.36,EUR,2025-05-14T07:36:13Z,card,
4002259,8801603,IN,31.90,AUD,2025-05-14T13:00:10Z,voucher,
4002260,8801604,IN,59.96,EUR,2025-05-14T14:20:56Z,card,
4002261,8801605,IN,127.34,USD,2025-05-14T18:46:04Z,card,
4002262,8801604,IN,179.89,EUR,2025-05-14T18:50:00Z,card,
4002263,8801606,IN,36.00,GBP,2025-05-14T21:30:47Z,card,
4002264,8801607,IN,48.71,USD,2025-05-14T22:00:02Z,card,
4002265,8801608,IN,134.40,GBP,2025-05-15T06:26:22Z,voucher,
4002266,8801609,IN,26.75,EUR,2025-05-15T07:42:34Z,card,
4002267,8801610,IN,26.75,EUR,2025-05-15T11:36:32Z,card,
4002268,8801611,IN,26.95,AUD,2025-05-15T13:54:13Z,card,
4002269,8801612,IN,18.95,USD,2025-05-15T14:29:23Z,card,
4002270,8801612,IN,56.83,USD,2025-05-15T14:50:00Z,cash,
4002271,8801560,OUT,36.00,GBP,2025-05-15T17:27:00Z,voucher,cancellation
4002272,8801613,IN,72.00,GBP,2025-05-15T17:31:04Z,card,
4002273,8801330,IN,50.40,GBP,2025-05-15T19:20:00Z,card,
4002274,8801595,IN,187.27,EUR,2025-05-15T19:50:00Z,card,
4002275,8801614,IN,95.70,AUD,2025-05-15T21:01:29Z,card,
4002276,8801615,IN,90.30,USD,2025-05-16T01:05:45Z,card,
4002277,8801616,IN,200.66,USD,2025-05-16T01:40:36Z,card,
4002278,8801617,IN,21.38,USD,2025-05-16T01:53:10Z,card,
4002279,8801618,IN,107.80,AUD,2025-05-16T02:01:27Z,card,
4002280,8801619,IN,60.00,GBP,2025-05-16T07:28:18Z,card,
4002281,8801620,IN,226.38,USD,2025-05-16T13:07:45Z,card,
4002282,8801621,IN,240.79,USD,2025-05-16T16:28:41Z,voucher,
4002283,8801610,IN,80.26,EUR,2025-05-16T17:20:00Z,card,
4002284,8801489,IN,160.51,EUR,2025-05-16T17:50:00Z,cash,
4002285,8801621,OUT,240.79,USD,2025-05-16T19:08:41Z,voucher,cancellation
4002286,8801605,IN,382.02,USD,2025-05-16T19:20:00Z,card,
4002287,8801622,IN,22.50,GBP,2025-05-16T22:29:30Z,card,
4002288,8801623,IN,79.20,AUD,2025-05-16T23:14:17Z,card,
4002289,8801624,IN,155.64,USD,2025-05-17T00:08:12Z,card,
4002290,8801625,IN,54.00,GBP,2025-05-17T07:32:43Z,card,
4002291,8800931,IN,2.70,GBP,2025-05-17T09:05:00Z,cash,
4002292,8801626,IN,120.00,GBP,2025-05-17T09:16:43Z,card,
4002293,8801627,IN,27.00,GBP,2025-05-17T09:59:46Z,card,
4002294,8801628,IN,83.95,EUR,2025-05-17T11:58:29Z,card,
4002295,8801629,IN,27.00,GBP,2025-05-17T15:40:21Z,card,
4002296,8801630,IN,151.55,USD,2025-05-17T15:49:01Z,voucher,
4002297,8801631,IN,28.42,USD,2025-05-17T16:18:08Z,card,
4002298,8801632,IN,72.00,GBP,2025-05-17T17:30:46Z,card,
4002299,8801633,IN,321.05,USD,2025-05-17T19:48:35Z,card,
4002300,8801606,OUT,3.60,GBP,2025-05-17T20:00:00Z,card,goodwill
4002301,8801634,IN,60.00,GBP,2025-05-17T22:42:23Z,card,
4002302,8801635,IN,107.80,AUD,2025-05-18T03:51:34Z,card,
4002303,8801451,OUT,143.91,EUR,2025-05-18T09:00:00Z,voucher,goodwill
4002304,8801636,IN,178.35,EUR,2025-05-18T09:00:54Z,card,
4002305,8801637,IN,7.98,AUD,2025-05-18T10:10:52Z,card,
4002306,8801638,IN,37.89,USD,2025-05-18T12:29:52Z,voucher,
4002307,8801639,IN,64.14,USD,2025-05-18T12:51:41Z,card,
4002308,8801640,IN,151.55,USD,2025-05-18T12:55:03Z,card,
4002309,8801383,IN,90.00,GBP,2025-05-18T16:20:00Z,card,
4002310,8801641,IN,107.01,EUR,2025-05-18T17:44:43Z,card,
4002311,8801642,IN,95.70,AUD,2025-05-18T22:42:59Z,voucher,
4002312,8801643,IN,53.51,EUR,2025-05-19T13:44:53Z,card,
4002313,8801215,IN,382.02,USD,2025-05-19T15:50:00Z,cash,
4002314,8801627,IN,81.00,GBP,2025-05-19T16:50:00Z,cash,
4002315,8801644,IN,100.80,GBP,2025-05-19T17:43:20Z,card,
4002316,8801645,IN,180.00,GBP,2025-05-19T18:35:37Z,card,
4002317,8801646,IN,4.80,GBP,2025-05-19T19:12:41Z,card,
4002318,8801647,IN,48.71,USD,2025-05-19T20:06:47Z,card,
4002319,8801648,IN,23.93,AUD,2025-05-19T22:38:48Z,card,
4002320,8801649,IN,282.98,USD,2025-05-20T01:37:17Z,voucher,
4002321,8801650,IN,37.89,USD,2025-05-20T04:33:30Z,voucher,
4002322,8801651,IN,40.43,AUD,2025-05-20T04:37:22Z,card,
4002323,8801652,IN,47.97,EUR,2025-05-20T06:03:31Z,card,
4002324,8801653,IN,53.90,AUD,2025-05-20T06:20:27Z,card,
4002325,8801654,IN,26.75,EUR,2025-05-20T06:26:38Z,card,
4002326,8801655,IN,36.00,GBP,2025-05-20T07:46:16Z,voucher,
4002327,8801656,IN,168.00,GBP,2025-05-20T12:02:30Z,voucher,
4002328,8801272,OUT,90.00,GBP,2025-05-20T12:04:51Z,voucher,cancellation
4002329,8801471,IN,67.50,GBP,2025-05-20T13:05:00Z,cash,
4002330,8801551,IN,128.28,USD,2025-05-20T15:05:00Z,card,
4002331,8801657,IN,243.56,USD,2025-05-20T16:05:45Z,card,
4002332,8801628,IN,251.84,EUR,2025-05-20T17:20:00Z,cash,
4002333,8801658,IN,22.50,GBP,2025-05-20T17:47:14Z,card,
4002334,8801658,IN,67.50,GBP,2025-05-20T17:50:00Z,card,
4002335,8801302,IN,126.00,GBP,2025-05-20T18:20:00Z,card,
4002336,8801659,IN,150.00,GBP,2025-05-20T19:17:10Z,card,
4002337,8801660,IN,215.60,AUD,2025-05-20T22:57:56Z,voucher,
4002338,8801611,IN,80.85,AUD,2025-05-21T00:50:00Z,card,
4002339,8801661,IN,26.40,AUD,2025-05-21T04:23:55Z,card,
4002340,8801662,IN,171.04,USD,2025-05-21T15:49:26Z,card,
4002341,8801663,IN,481.57,USD,2025-05-21T16:13:03Z,card,
4002342,8801628,OUT,83.95,EUR,2025-05-21T18:30:00Z,card,goodwill
4002343,8801664,IN,134.40,GBP,2025-05-21T19:31:48Z,card,
4002344,8801665,IN,15.00,GBP,2025-05-21T19:51:06Z,card,
4002345,8801666,IN,171.04,USD,2025-05-22T00:28:18Z,card,
4002346,8801667,IN,171.04,USD,2025-05-22T03:53:17Z,card,
4002347,8801668,IN,79.20,AUD,2025-05-22T04:28:17Z,card,
4002348,8801669,IN,59.96,EUR,2025-05-22T08:11:31Z,card,
4002349,8801670,IN,108.00,GBP,2025-05-22T08:47:42Z,card,
4002350,8801671,IN,243.56,USD,2025-05-22T12:02:15Z,card,
4002351,8801672,IN,6.60,AUD,2025-05-22T13:06:19Z,card,
4002352,8801673,IN,72.00,GBP,2025-05-22T13:54:40Z,voucher,
4002353,8801674,IN,36.54,USD,2025-05-22T15:11:33Z,card,
4002354,8801654,IN,80.26,EUR,2025-05-22T19:35:00Z,cash,
4002355,8801675,IN,53.51,EUR,2025-05-22T20:18:43Z,card,
4002356,8801676,IN,31.90,AUD,2025-05-22T22:37:38Z,card,
4002357,8801677,IN,48.71,USD,2025-05-23T03:50:06Z,card,
4002358,8801661,IN,79.20,AUD,2025-05-23T05:20:00Z,card,
4002359,8801678,IN,1.20,GBP,2025-05-23T08:20:28Z,card,
4002360,8801679,IN,64.14,USD,2025-05-23T12:38:20Z,card,
4002361,8801680,IN,335.79,EUR,2025-05-23T13:23:12Z,card,
4002362,8801681,IN,256.55,USD,2025-05-23T14:30:53Z,card,
4002363,8801682,IN,75.78,USD,2025-05-23T17:22:43Z,voucher,
4002364,8801405,IN,107.93,EUR,2025-05-23T19:20:00Z,card,
4002365,8801564,IN,71.95,EUR,2025-05-23T20:20:00Z,card,
4002366,8801643,IN,160.51,EUR,2025-05-23T20:20:00Z,cash,
4002367,8801683,IN,189.44,USD,2025-05-23T23:32:44Z,card,
4002368,8801651,IN,121.27,AUD,2025-05-23T23:35:00Z,cash,
4002369,8801684,IN,95.70,AUD,2025-05-24T01:16:37Z,card,
4002370,8801510,IN,47.85,AUD,2025-05-24T05:20:00Z,card,
4002371,8801685,IN,280.92,USD,2025-05-24T05:33:57Z,voucher,
4002372,8801686,IN,36.00,GBP,2025-05-24T07:13:08Z,voucher,
4002373,8801687,IN,54.00,GBP,2025-05-24T08:08:45Z,card,
4002374,8801688,IN,30.00,GBP,2025-05-24T14:05:07Z,card,
4002375,8801689,IN,622.55,USD,2025-05-24T14:21:04Z,card,
4002376,8801690,IN,622.55,USD,2025-05-24T15:29:03Z,card,
4002377,8801691,IN,201.60,GBP,2025-05-24T16:53:38Z,voucher,
4002378,8801692,IN,509.36,USD,2025-05-24T17:24:55Z,card,
4002379,8801693,IN,191.88,EUR,2025-05-24T17:30:15Z,card,
4002380,8801694,IN,201.60,GBP,2025-05-24T18:16:17Z,voucher,
4002381,8801695,IN,0.90,GBP,2025-05-24T18:16:34Z,card,
4002382,8801696,IN,54.00,GBP,2025-05-24T18:19:39Z,voucher,
4002383,8801629,IN,81.00,GBP,2025-05-24T20:20:00Z,card,
4002384,8801697,IN,100.33,USD,2025-05-24T21:19:32Z,card,
4002385,8801698,IN,285.36,EUR,2025-05-24T22:06:49Z,card,
4002386,8801699,IN,53.90,AUD,2025-05-24T22:52:21Z,card,
4002387,8801667,OUT,171.04,USD,2025-05-25T00:48:24Z,card,cancellation
4002388,8801687,IN,18.00,GBP,2025-05-25T06:08:07Z,card,
4002389,8801700,IN,27.00,GBP,2025-05-25T06:27:41Z,card,
4002390,8801701,IN,26.40,AUD,2025-05-25T06:30:12Z,card,
4002391,8801702,IN,26.40,AUD,2025-05-25T08:34:32Z,card,
4002392,8801703,IN,335.79,EUR,2025-05-25T09:07:06Z,card,
4002393,8801704,IN,33.60,GBP,2025-05-25T09:40:59Z,card,
4002394,8801679,IN,192.41,USD,2025-05-25T12:20:00Z,card,
4002395,8801705,IN,36.00,GBP,2025-05-25T14:12:21Z,voucher,
4002396,8801706,IN,85.52,USD,2025-05-25T14:56:45Z,card,
4002397,8801707,IN,339.57,USD,2025-05-25T16:21:08Z,card,
4002398,8801708,IN,90.00,GBP,2025-05-25T16:45:39Z,voucher,
4002399,8801709,IN,48.71,USD,2025-05-25T16:48:26Z,card,
4002400,8801710,IN,189.44,USD,2025-05-25T20:27:55Z,card,
4002401,8801664,OUT,67.20,GBP,2025-05-26T08:15:00Z,card,goodwill
4002402,8801711,IN,201.60,GBP,2025-05-26T09:50:13Z,card,
4002403,8801712,IN,95.94,EUR,2025-05-26T12:02:00Z,card,
4002404,8801713,IN,1.20,GBP,2025-05-26T14:24:48Z,voucher,
4002405,8801714,IN,169.79,USD,2025-05-26T16:34:18Z,card,
4002406,8801715,IN,171.04,USD,2025-05-26T18:19:22Z,voucher,
4002407,8801716,IN,35.67,EUR,2025-05-26T19:42:59Z,card,
4002408,8801717,IN,21.38,USD,2025-05-26T20:29:29Z,card,
4002409,8801718,IN,60.89,USD,2025-05-26T21:03:31Z,card,
4002410,8801719,IN,24.36,USD,2025-05-26T21:15:45Z,card,
4002411,8801670,IN,36.00,GBP,2025-05-26T21:37:56Z,card,
4002412,8801720,IN,97.43,USD,2025-05-26T21:48:13Z,voucher,
4002413,8801721,IN,31.90,AUD,2025-05-26T22:13:42Z,card,
4002414,8801722,IN,249.69,EUR,2025-05-26T22:27:28Z,card,
4002415,8801723,IN,481.57,USD,2025-05-27T01:14:10Z,card,
4002416,8801682,OUT,60.62,USD,2025-05-27T02:25:49Z,voucher,cancellation (20% fee retained)
4002417,8801724,IN,215.60,AUD,2025-05-27T02:50:16Z,card,
4002418,8801725,IN,401.31,USD,2025-05-27T03:01:20Z,card,
4002419,8801726,IN,100.80,GBP,2025-05-27T06:09:11Z,card,
4002420,8801702,IN,79.20,AUD,2025-05-27T06:35:00Z,card,
4002421,8801727,IN,25.20,GBP,2025-05-27T06:50:31Z,card,
4002422,8801728,IN,239.85,EUR,2025-05-27T12:58:54Z,card,
4002423,8801729,IN,107.01,EUR,2025-05-27T14:53:20Z,card,
4002424,8801730,IN,75.78,USD,2025-05-27T15:02:54Z,card,
4002425,8801731,IN,75.78,USD,2025-05-27T15:40:31Z,card,
4002426,8801705,IN,36.00,GBP,2025-05-27T16:36:03Z,card,
4002427,8801732,IN,42.76,USD,2025-05-27T17:52:47Z,card,
4002428,8801733,IN,120.00,GBP,2025-05-27T18:29:03Z,card,
4002429,8801652,IN,143.91,EUR,2025-05-27T19:50:00Z,card,
4002430,8801734,IN,59.96,EUR,2025-05-27T22:18:49Z,card,
4002431,8801735,IN,35.67,EUR,2025-05-27T22:37:59Z,card,
4002432,8801736,IN,396.17,USD,2025-05-27T23:27:20Z,card,
4002433,8801737,IN,127.60,AUD,2025-05-27T23:47:03Z,card,
4002434,8801738,IN,24.36,USD,2025-05-28T00:01:36Z,card,
4002435,8801739,IN,256.55,USD,2025-05-28T00:58:10Z,card,
4002436,8801740,IN,105.60,AUD,2025-05-28T03:16:55Z,card,
4002437,8801741,IN,90.00,GBP,2025-05-28T06:13:29Z,card,
4002438,8801742,IN,26.75,EUR,2025-05-28T07:02:35Z,card,
4002439,8801743,IN,95.70,AUD,2025-05-28T08:08:30Z,card,
4002440,8801744,IN,143.91,EUR,2025-05-28T08:12:12Z,card,
4002441,8801706,IN,171.03,USD,2025-05-28T08:21:41Z,card,
4002442,8801745,IN,47.36,USD,2025-05-28T12:42:15Z,card,
4002443,8801746,IN,53.51,EUR,2025-05-28T13:53:57Z,card,
4002444,8801624,IN,580.10,USD,2025-05-28T15:05:00Z,cash,
4002445,8800920,IN,179.89,EUR,2025-05-28T17:20:00Z,cash,
4002446,8801554,OUT,107.80,AUD,2025-05-28T18:15:00Z,card,cancellation
4002447,8801747,IN,44.59,EUR,2025-05-28T18:48:42Z,card,
4002448,8801716,IN,107.01,EUR,2025-05-28T18:50:00Z,card,
4002449,8801534,OUT,256.55,USD,2025-05-28T19:45:53Z,card,cancellation
4002450,8801748,IN,15.00,GBP,2025-05-28T21:32:44Z,card,
4002451,8801749,IN,90.00,GBP,2025-05-29T06:21:40Z,card,
4002452,8801750,IN,26.75,EUR,2025-05-29T08:29:15Z,card,
4002453,8801751,IN,37.50,GBP,2025-05-29T09:10:51Z,card,
4002454,8801752,IN,27.00,GBP,2025-05-29T13:06:50Z,card,
4002455,8801718,IN,182.67,USD,2025-05-29T14:20:00Z,cash,
4002456,8801748,IN,45.00,GBP,2025-05-29T15:20:00Z,card,
4002457,8801753,IN,240.79,USD,2025-05-29T15:24:35Z,card,
4002458,8801754,IN,142.68,EUR,2025-05-29T18:38:54Z,card,
4002459,8801755,IN,285.36,EUR,2025-05-29T20:34:18Z,card,
4002460,8801756,IN,180.00,GBP,2025-05-29T21:30:40Z,card,
4002461,8801757,IN,99.04,USD,2025-05-29T23:02:21Z,card,
4002462,8801668,OUT,19.80,AUD,2025-05-29T23:30:00Z,card,goodwill
4002463,8801758,IN,75.78,USD,2025-05-30T03:48:44Z,card,
4002464,8801759,IN,361.18,USD,2025-05-30T04:17:22Z,card,
4002465,8801760,IN,679.14,USD,2025-05-30T05:19:10Z,voucher,
4002466,8801761,IN,27.00,GBP,2025-05-30T09:47:15Z,card,
4002467,8801762,IN,142.68,EUR,2025-05-30T11:31:17Z,card,
4002468,8801729,IN,71.34,EUR,2025-05-30T12:10:49Z,card,
4002469,8801763,IN,239.85,EUR,2025-05-30T13:35:50Z,card,
4002470,8801738,IN,73.07,USD,2025-05-30T14:20:00Z,card,
4002471,8801764,IN,239.85,EUR,2025-05-30T14:36:32Z,card,
4002472,8801765,IN,36.54,USD,2025-05-30T15:25:44Z,card,
4002473,8801766,IN,427.59,USD,2025-05-30T15:28:11Z,voucher,
4002474,8801767,IN,287.82,EUR,2025-05-30T15:48:39Z,voucher,
4002475,8801765,IN,109.60,USD,2025-05-30T16:35:00Z,card,
4002476,8801768,IN,110.36,USD,2025-05-30T18:57:20Z,card,
4002477,8801769,IN,26.40,AUD,2025-05-30T22:16:08Z,card,
4002478,8801766,IN,171.03,USD,2025-05-30T22:25:10Z,card,
4002479,8801770,IN,155.64,USD,2025-05-31T00:26:51Z,card,
4002480,8801710,OUT,94.72,USD,2025-05-31T03:00:00Z,card,goodwill
4002481,8801012,IN,80.85,AUD,2025-05-31T08:20:00Z,cash,
4002482,8801771,IN,22.50,GBP,2025-05-31T09:30:36Z,card,
4002483,8801622,IN,67.50,GBP,2025-05-31T13:50:00Z,cash,
4002484,8801772,IN,191.88,EUR,2025-05-31T14:00:06Z,card,
4002485,8801704,IN,168.00,GBP,2025-05-31T14:20:00Z,card,
4002486,8801773,IN,71.34,EUR,2025-05-31T14:47:50Z,card,
4002487,8801600,IN,382.02,USD,2025-05-31T15:20:00Z,card,
4002488,8801583,IN,85.24,USD,2025-05-31T15:35:00Z,card,
4002489,8801735,IN,107.01,EUR,2025-05-31T16:05:00Z,cash,
4002490,8801767,IN,47.97,EUR,2025-05-31T16:14:02Z,card,
4002491,8801125,IN,90.00,GBP,2025-05-31T16:50:00Z,cash,
4002492,8801774,IN,342.07,USD,2025-05-31T16:57:10Z,card,
4002493,8801775,IN,280.92,USD,2025-05-31T17:01:05Z,card,
4002494,8801776,IN,321.05,USD,2025-05-31T20:35:54Z,card,
4002495,8801777,IN,151.55,USD,2025-05-31T21:32:06Z,card,
4002496,8801778,IN,7.98,AUD,2025-05-31T21:55:47Z,card,
4002497,8801779,IN,113.66,USD,2025-05-31T22:26:39Z,card,
4002498,8801780,IN,161.70,AUD,2025-06-01T00:01:23Z,card,
4002499,8801778,IN,23.92,AUD,2025-06-01T00:20:00Z,cash,
4002500,8801781,IN,194.85,USD,2025-06-01T01:13:33Z,card,
4002501,8801782,IN,54.00,GBP,2025-06-01T07:55:55Z,card,
4002502,8801699,IN,161.70,AUD,2025-06-01T08:20:00Z,cash,
4002503,8801576,IN,56.83,USD,2025-06-01T11:05:00Z,card,
4002504,8801783,IN,85.52,USD,2025-06-01T12:23:51Z,voucher,
4002505,8801784,IN,48.71,USD,2025-06-01T12:28:52Z,card,
4002506,8801785,IN,321.05,USD,2025-06-01T14:15:00Z,voucher,
4002507,8801745,IN,142.08,USD,2025-06-01T14:20:00Z,cash,
4002508,8801786,IN,120.00,GBP,2025-06-01T16:42:43Z,card,
4002509,8801742,IN,80.26,EUR,2025-06-01T17:35:00Z,card,
4002510,8801787,IN,441.44,USD,2025-06-01T19:47:38Z,card,
4002511,8801788,IN,134.40,GBP,2025-06-01T19:47:39Z,voucher,
4002512,8801789,IN,31.90,AUD,2025-06-02T03:16:14Z,voucher,
4002513,8801601,OUT,26.40,AUD,2025-06-02T03:26:04Z,card,cancellation
4002514,8801790,IN,0.30,GBP,2025-06-02T09:10:11Z,card,
4002515,8801791,IN,26.40,AUD,2025-06-02T12:15:42Z,card,
4002516,8801792,IN,243.56,USD,2025-06-02T13:30:04Z,card,
4002517,8801793,IN,427.59,USD,2025-06-02T17:06:55Z,card,
4002518,8801750,IN,80.26,EUR,2025-06-02T17:50:00Z,cash,
4002519,8801794,IN,85.52,USD,2025-06-02T18:19:36Z,card,
4002520,8801795,IN,214.02,EUR,2025-06-02T18:34:46Z,card,
4002521,8801742,OUT,26.75,EUR,2025-06-02T21:45:00Z,card,goodwill
4002522,8801769,IN,79.20,AUD,2025-06-02T22:50:00Z,cash,
4002523,8801796,IN,79.20,AUD,2025-06-03T03:47:43Z,card,
4002524,8801797,IN,169.79,USD,2025-06-03T04:12:14Z,card,
4002525,8801798,IN,160.52,USD,2025-06-03T05:14:19Z,card,
4002526,8801799,IN,107.80,AUD,2025-06-03T05:16:06Z,card,
4002527,8801800,IN,401.31,USD,2025-06-03T05:18:15Z,voucher,
4002528,8801796,IN,26.40,AUD,2025-06-03T06:04:47Z,card,
4002529,8801801,IN,95.94,EUR,2025-06-03T06:17:32Z,card,
4002530,8801802,IN,201.60,GBP,2025-06-03T13:15:49Z,voucher,
4002531,8801803,IN,146.14,USD,2025-06-03T14:04:00Z,card,
4002532,8801351,OUT,249.69,EUR,2025-06-03T14:06:15Z,card,cancellation
4002533,8801804,IN,194.85,USD,2025-06-03T14:12:19Z,voucher,
4002534,8801744,IN,95.94,EUR,2025-06-03T14:23:03Z,card,
4002535,8801805,IN,335.79,EUR,2025-06-03T14:42:18Z,card,
4002536,8801216,IN,256.55,USD,2025-06-03T14:50:00Z,card,
4002537,8801806,IN,37.89,USD,2025-06-03T18:36:09Z,card,
4002538,8801807,IN,361.18,USD,2025-06-03T23:15:54Z,voucher,
4002539,8801808,IN,151.55,USD,2025-06-04T01:18:38Z,voucher,
4002540,8801701,OUT,26.40,AUD,2025-06-04T03:50:49Z,card,cancellation
4002541,8801809,IN,47.36,USD,2025-06-04T04:04:23Z,card,
4002542,8801810,IN,52.80,AUD,2025-06-04T04:15:17Z,card,
4002543,8801574,IN,0.90,GBP,2025-06-04T09:05:00Z,card,
4002544,8801811,IN,26.40,AUD,2025-06-04T09:24:01Z,card,
4002545,8801812,IN,23.99,EUR,2025-06-04T09:39:10Z,card,
4002546,8801813,IN,285.36,EUR,2025-06-04T11:25:28Z,card,
4002547,8801814,IN,26.40,AUD,2025-06-04T11:53:50Z,voucher,
4002548,8801815,IN,37.89,USD,2025-06-04T13:20:53Z,card,
4002549,8801816,IN,24.36,USD,2025-06-04T13:34:31Z,card,
4002550,8801817,IN,99.04,USD,2025-06-04T14:24:15Z,card,
4002551,8801803,OUT,73.07,USD,2025-06-04T15:00:00Z,card,goodwill
4002552,8801593,IN,113.66,USD,2025-06-04T16:35:00Z,card,
4002553,8801818,IN,36.00,GBP,2025-06-04T17:51:49Z,voucher,
4002554,8801819,IN,18.00,GBP,2025-06-04T18:11:32Z,card,
4002555,8801820,IN,71.34,EUR,2025-06-04T19:58:43Z,card,
4002556,8801821,IN,47.36,USD,2025-06-04T20:04:27Z,card,
4002557,8801722,OUT,249.69,EUR,2025-06-05T06:21:15Z,card,cancellation
4002558,8801822,IN,26.40,AUD,2025-06-05T07:15:29Z,card,
4002559,8801823,IN,239.85,EUR,2025-06-05T08:36:57Z,card,
4002560,8801802,IN,33.60,GBP,2025-06-05T09:05:24Z,card,
4002561,8801824,IN,23.99,EUR,2025-06-05T10:09:07Z,card,
4002562,8801825,IN,180.00,GBP,2025-06-05T11:31:31Z,card,
4002563,8801826,IN,54.00,GBP,2025-06-05T11:41:54Z,card,
4002564,8801827,IN,383.76,EUR,2025-06-05T12:13:42Z,card,
4002565,8801828,IN,67.20,GBP,2025-06-05T12:52:07Z,card,
4002566,8801829,IN,36.00,GBP,2025-06-05T13:32:04Z,voucher,
4002567,8801830,IN,150.00,GBP,2025-06-05T15:01:49Z,card,
4002568,8801831,IN,28.42,USD,2025-06-05T15:55:43Z,card,
4002569,8801832,IN,36.00,GBP,2025-06-05T17:07:38Z,card,
4002570,8801833,IN,23.99,EUR,2025-06-05T17:10:33Z,card,
4002571,8801834,IN,75.78,USD,2025-06-05T17:37:01Z,card,
4002572,8801835,IN,42.00,GBP,2025-06-05T19:43:04Z,card,
4002573,8801836,IN,189.44,USD,2025-06-05T19:55:24Z,card,
4002574,8801837,IN,97.43,USD,2025-06-05T20:25:01Z,card,
4002575,8801838,IN,201.60,GBP,2025-06-05T20:38:53Z,card,
4002576,8801839,IN,342.07,USD,2025-06-05T20:55:21Z,voucher,
4002577,8801840,IN,71.34,EUR,2025-06-05T21:18:42Z,voucher,
4002578,8801841,IN,15.00,GBP,2025-06-05T22:52:23Z,card,
4002579,8801842,IN,189.44,USD,2025-06-05T22:55:33Z,card,
4002580,8801786,IN,60.00,GBP,2025-06-05T23:55:49Z,card,
4002581,8801843,IN,113.66,USD,2025-06-06T00:28:59Z,card,
4002582,8801844,IN,7.98,AUD,2025-06-06T02:04:39Z,card,
4002583,8801845,IN,146.14,USD,2025-06-06T02:11:56Z,card,
4002584,8801822,IN,79.20,AUD,2025-06-06T05:50:00Z,card,
4002585,8801846,IN,1.20,GBP,2025-06-06T06:03:51Z,card,
4002586,8801847,IN,37.50,GBP,2025-06-06T07:26:20Z,card,
4002587,8801848,IN,95.94,EUR,2025-06-06T08:26:41Z,voucher,
4002588,8801849,IN,31.90,AUD,2025-06-06T08:51:18Z,voucher,
4002589,8801850,IN,285.36,EUR,2025-06-06T10:21:24Z,voucher,
4002590,8801851,IN,3.60,GBP,2025-06-06T11:02:59Z,card,
4002591,8801852,IN,113.66,USD,2025-06-06T12:03:55Z,card,
4002592,8801717,IN,64.14,USD,2025-06-06T12:20:00Z,cash,
4002593,8801853,IN,21.38,USD,2025-06-06T12:22:41Z,card,
4002594,8801854,IN,75.78,USD,2025-06-06T12:58:19Z,card,
4002595,8801855,IN,37.50,GBP,2025-06-06T13:40:16Z,card,
4002596,8801815,IN,189.44,USD,2025-06-06T14:20:00Z,cash,
4002597,8801856,IN,17.84,EUR,2025-06-06T15:19:19Z,card,
4002598,8801857,IN,361.18,USD,2025-06-06T15:25:30Z,voucher,
4002599,8801821,IN,142.08,USD,2025-06-06T18:05:00Z,cash,
4002600,8801853,IN,64.14,USD,2025-06-06T18:20:00Z,card,
4002601,8801847,IN,112.50,GBP,2025-06-06T18:20:00Z,card,
4002602,8801858,IN,155.64,USD,2025-06-06T18:21:44Z,card,
4002603,8801859,IN,383.76,EUR,2025-06-06T18:21:55Z,voucher,
4002604,8801770,IN,466.91,USD,2025-06-06T19:20:00Z,cash,
4002605,8801860,IN,194.85,USD,2025-06-06T19:20:43Z,card,
4002606,8801861,IN,151.55,USD,2025-06-06T19:38:18Z,voucher,
4002607,8801862,IN,335.79,EUR,2025-06-06T22:40:59Z,card,
4002608,8801863,IN,54.00,GBP,2025-06-06T22:49:04Z,voucher,
4002609,8801381,OUT,54.00,GBP,2025-06-06T23:02:29Z,card,cancellation
4002610,8801864,IN,26.40,AUD,2025-06-06T23:16:53Z,voucher,
4002611,8801865,IN,18.95,USD,2025-06-07T04:55:40Z,card,
4002612,8801866,IN,71.34,EUR,2025-06-07T09:13:33Z,card,
4002613,8801867,IN,239.85,EUR,2025-06-07T09:48:29Z,card,
4002614,8801868,IN,214.02,EUR,2025-06-07T10:58:30Z,card,
4002615,8801869,IN,26.75,EUR,2025-06-07T11:18:07Z,card,
4002616,8801639,IN,192.41,USD,2025-06-07T11:50:00Z,cash,
4002617,8801865,IN,56.83,USD,2025-06-07T13:20:00Z,cash,
4002618,8801870,IN,59.96,EUR,2025-06-07T15:12:37Z,card,
4002619,8801835,IN,126.00,GBP,2025-06-07T17:05:00Z,cash,
4002620,8801871,IN,33.60,GBP,2025-06-07T17:26:53Z,card,
4002621,8801855,IN,112.50,GBP,2025-06-07T18:20:00Z,card,
4002622,8801869,IN,80.26,EUR,2025-06-07T18:35:00Z,card,
4002623,8801391,IN,107.01,EUR,2025-06-07T19:50:00Z,cash,
4002624,8801872,IN,24.36,USD,2025-06-07T19:52:39Z,card,
4002625,8801873,IN,60.89,USD,2025-06-07T20:09:07Z,card,
4002626,8801870,IN,179.89,EUR,2025-06-07T20:35:00Z,cash,
4002627,8801874,IN,52.80,AUD,2025-06-07T22:34:36Z,card,
4002628,8801875,IN,95.70,AUD,2025-06-08T00:31:20Z,card,
4002629,8801849,IN,63.80,AUD,2025-06-08T02:06:38Z,card,
4002630,8801876,IN,63.80,AUD,2025-06-08T03:00:28Z,card,
4002631,8801877,IN,105.60,AUD,2025-06-08T03:12:19Z,voucher,
4002632,8801878,IN,71.34,EUR,2025-06-08T07:35:28Z,card,
4002633,8801879,IN,239.85,EUR,2025-06-08T08:09:25Z,voucher,
4002634,8801880,IN,0.90,GBP,2025-06-08T08:30:24Z,card,
4002635,8801881,IN,71.34,EUR,2025-06-08T11:19:24Z,card,
4002636,8801831,IN,85.24,USD,2025-06-08T13:20:00Z,card,
4002637,8801873,IN,182.67,USD,2025-06-08T14:20:00Z,cash,
4002638,8801882,IN,56.60,USD,2025-06-08T15:30:09Z,card,
4002639,8801584,OUT,142.68,EUR,2025-06-08T17:20:30Z,card,cancellation
4002640,8801883,IN,282.98,USD,2025-06-08T17:45:31Z,card,
4002641,8801884,IN,22.50,GBP,2025-06-08T18:25:15Z,card,
4002642,8801882,IN,169.78,USD,2025-06-08T18:35:00Z,cash,
4002643,8801867,OUT,23.99,EUR,2025-06-08T19:00:00Z,card,goodwill
4002644,8801615,IN,270.88,USD,2025-06-08T19:50:00Z,card,
4002645,8801757,IN,353.72,USD,2025-06-08T20:20:00Z,cash,
4002646,8801885,IN,26.95,AUD,2025-06-08T21:31:58Z,card,
4002647,8801886,IN,189.44,USD,2025-06-08T23:17:37Z,card,
4002648,8801887,IN,97.43,USD,2025-06-09T00:39:20Z,voucher,
4002649,8801888,IN,67.20,GBP,2025-06-09T08:08:01Z,card,
4002650,8801889,IN,90.00,GBP,2025-06-09T11:06:34Z,card,
4002651,8801890,IN,151.55,USD,2025-06-09T13:03:52Z,card,
4002652,8801891,IN,285.36,EUR,2025-06-09T13:09:20Z,card,
4002653,8801892,IN,178.35,EUR,2025-06-09T14:19:01Z,card,
4002654,8801893,IN,142.68,EUR,2025-06-09T14:51:50Z,card,
4002655,8801700,IN,81.00,GBP,2025-06-09T15:50:00Z,cash,
4002656,8801894,IN,18.95,USD,2025-06-09T17:28:50Z,card,
4002657,8801824,IN,71.95,EUR,2025-06-09T19:50:00Z,cash,
4002658,8801895,IN,95.94,EUR,2025-06-09T21:43:47Z,card,
4002659,8801896,IN,256.55,USD,2025-06-09T22:42:51Z,voucher,
4002660,8801897,IN,70.23,USD,2025-06-10T03:20:37Z,card,
4002661,8801898,IN,36.54,USD,2025-06-10T04:03:24Z,card,
4002662,8801899,IN,54.00,GBP,2025-06-10T07:06:49Z,card,
4002663,8801900,IN,201.60,GBP,2025-06-10T08:23:07Z,voucher,
4002664,8801901,IN,4.80,GBP,2025-06-10T09:41:41Z,card,
4002665,8801902,IN,95.70,AUD,2025-06-10T12:15:01Z,card,
4002666,8801806,IN,113.66,USD,2025-06-10T13:50:00Z,card,
4002667,8801903,IN,36.00,GBP,2025-06-10T14:02:45Z,voucher,
4002668,8801887,IN,48.71,USD,2025-06-10T14:25:31Z,card,
4002669,8801904,IN,60.00,GBP,2025-06-10T16:24:45Z,card,
4002670,8801858,IN,466.91,USD,2025-06-10T19:20:00Z,cash,
4002671,8801675,IN,231.85,EUR,2025-06-10T19:20:00Z,cash,
4002672,8801905,IN,90.00,GBP,2025-06-10T20:00:41Z,card,
4002673,8801906,IN,120.00,GBP,2025-06-10T21:13:25Z,voucher,
4002674,8801907,IN,110.36,USD,2025-06-10T21:25:46Z,card,
4002675,8801908,IN,12.18,USD,2025-06-10T21:49:51Z,card,
4002676,8801909,IN,60.00,GBP,2025-06-10T21:55:48Z,card,
4002677,8801910,IN,79.20,AUD,2025-06-10T22:39:27Z,card,
4002678,8801911,IN,42.76,USD,2025-06-10T22:47:54Z,card,
4002679,8801912,IN,134.40,GBP,2025-06-10T22:48:38Z,card,
4002680,8801885,IN,80.85,AUD,2025-06-10T23:20:00Z,card,
4002681,8801913,IN,161.70,AUD,2025-06-11T01:31:04Z,voucher,
4002682,8801914,IN,361.18,USD,2025-06-11T03:46:12Z,card,
4002683,8801861,OUT,121.24,USD,2025-06-11T04:08:31Z,voucher,cancellation (20% fee retained)
4002684,8801915,IN,79.20,AUD,2025-06-11T04:31:49Z,card,
4002685,8801672,IN,19.80,AUD,2025-06-11T06:20:00Z,cash,
4002686,8801916,IN,161.70,AUD,2025-06-11T10:11:23Z,card,
4002687,8801917,IN,15.00,GBP,2025-06-11T12:53:51Z,card,
4002688,8801918,IN,127.60,AUD,2025-06-11T13:26:35Z,card,
4002689,8801919,IN,110.36,USD,2025-06-11T13:39:18Z,card,
4002690,8801010,OUT,198.09,USD,2025-06-11T13:45:00Z,voucher,goodwill
4002691,8801920,IN,134.40,GBP,2025-06-11T15:17:11Z,card,
4002692,8801817,IN,297.13,USD,2025-06-11T15:50:00Z,cash,
4002693,8801816,IN,73.07,USD,2025-06-11T16:20:00Z,cash,
4002694,8801919,IN,331.08,USD,2025-06-11T16:50:00Z,cash,
4002695,8801921,IN,36.00,GBP,2025-06-11T17:10:11Z,voucher,
4002696,8801371,OUT,679.14,USD,2025-06-11T18:15:11Z,voucher,cancellation
4002697,8801922,IN,60.00,GBP,2025-06-11T20:24:35Z,card,
4002698,8801923,IN,565.95,USD,2025-06-11T21:30:10Z,card,
4002699,8801907,IN,331.08,USD,2025-06-11T21:35:00Z,cash,
4002700,8801924,IN,161.70,AUD,2025-06-11T21:36:14Z,voucher,
4002701,8801925,IN,285.36,EUR,2025-06-11T21:53:01Z,card,
4002702,8801925,IN,35.67,EUR,2025-06-11T22:58:39Z,card,
4002703,8801926,IN,31.90,AUD,2025-06-11T23:00:10Z,card,
4002704,8801927,IN,161.70,AUD,2025-06-11T23:10:35Z,card,
4002705,8801928,IN,53.90,AUD,2025-06-11T23:15:51Z,card,
4002706,8801929,IN,19.80,AUD,2025-06-12T03:34:51Z,card,
4002707,8801889,IN,30.00,GBP,2025-06-12T03:43:07Z,card,
4002708,8801930,IN,42.76,USD,2025-06-12T04:43:51Z,card,
4002709,8801929,IN,59.40,AUD,2025-06-12T07:20:00Z,card,
4002710,8801931,IN,67.20,GBP,2025-06-12T10:55:30Z,card,
4002711,8801932,IN,75.78,USD,2025-06-12T12:53:33Z,card,
4002712,8801933,IN,52.80,AUD,2025-06-12T13:01:41Z,card,
4002713,8801932,IN,75.77,USD,2025-06-12T13:14:18Z,card,
4002714,8801934,IN,282.98,USD,2025-06-12T13:38:56Z,card,
4002715,8801935,IN,54.00,GBP,2025-06-12T15:08:53Z,card,
4002716,8801936,IN,18.00,GBP,2025-06-12T15:19:15Z,card,
4002717,8801768,IN,331.08,USD,2025-06-12T19:05:00Z,card,
4002718,8801937,IN,106.90,USD,2025-06-12T19:43:44Z,card,
4002719,8801938,IN,142.68,EUR,2025-06-12T20:13:13Z,card,
4002720,8801906,OUT,120.00,GBP,2025-06-12T21:50:32Z,voucher,cancellation
4002721,8801939,IN,9.47,USD,2025-06-12T22:28:41Z,card,
4002722,8801844,IN,55.82,AUD,2025-06-12T22:50:00Z,cash,
4002723,8801940,IN,113.19,USD,2025-06-13T00:10:17Z,card,
4002724,8801941,IN,15.95,AUD,2025-06-13T02:49:09Z,card,
4002725,8801942,IN,168.00,GBP,2025-06-13T06:24:54Z,card,
4002726,8801943,IN,214.02,EUR,2025-06-13T07:40:45Z,card,
4002727,8801944,IN,249.69,EUR,2025-06-13T10:07:50Z,card,
4002728,8801945,IN,108.00,GBP,2025-06-13T10:33:58Z,card,
4002729,8801946,IN,79.20,AUD,2025-06-13T11:03:29Z,voucher,
4002730,8801947,IN,60.00,GBP,2025-06-13T12:30:35Z,card,
4002731,8801948,IN,282.98,USD,2025-06-13T13:28:35Z,card,
4002732,8801949,IN,622.55,USD,2025-06-13T13:57:48Z,card,
4002733,8801950,IN,16.80,GBP,2025-06-13T15:32:59Z,card,
4002734,8801804,IN,97.43,USD,2025-06-13T17:44:17Z,card,
4002735,8801951,IN,33.60,GBP,2025-06-13T18:41:04Z,card,
4002736,8801946,IN,26.40,AUD,2025-06-13T19:14:49Z,card,
4002737,8801952,IN,60.89,USD,2025-06-13T20:52:47Z,card,
4002738,8801953,IN,565.95,USD,2025-06-13T23:45:28Z,card,
4002739,8801954,IN,19.80,AUD,2025-06-14T02:25:54Z,card,
4002740,8801955,IN,240.79,USD,2025-06-14T04:53:11Z,card,
4002741,8801956,IN,79.20,AUD,2025-06-14T06:00:10Z,card,
4002742,8801957,IN,178.35,EUR,2025-06-14T06:38:34Z,card,
4002743,8801958,IN,134.40,GBP,2025-06-14T06:50:11Z,voucher,
4002744,8801959,IN,108.00,GBP,2025-06-14T07:15:56Z,card,
4002745,8801836,IN,75.77,USD,2025-06-14T10:44:47Z,card,
4002746,8801960,IN,90.00,GBP,2025-06-14T12:24:48Z,card,
4002747,8801695,IN,2.70,GBP,2025-06-14T13:35:00Z,card,
4002748,8801732,IN,128.28,USD,2025-06-14T14:05:00Z,card,
4002749,8801961,IN,3.60,GBP,2025-06-14T14:18:13Z,card,
4002750,8801891,OUT,285.36,EUR,2025-06-14T15:06:36Z,card,cancellation
4002751,8801937,IN,320.69,USD,2025-06-14T15:20:00Z,cash,
4002752,8801952,IN,182.67,USD,2025-06-14T15:20:00Z,cash,
4002753,8801950,IN,50.40,GBP,2025-06-14T15:50:00Z,cash,
4002754,8801962,IN,160.52,USD,2025-06-14T16:05:27Z,card,
4002755,8801884,IN,67.50,GBP,2025-06-14T16:50:00Z,cash,
4002756,8801754,OUT,142.68,EUR,2025-06-14T17:24:53Z,card,cancellation
4002757,8801963,IN,79.20,AUD,2025-06-14T21:13:43Z,card,
4002758,8801964,IN,95.70,AUD,2025-06-14T22:08:52Z,card,
4002759,8801863,IN,36.00,GBP,2025-06-14T23:02:14Z,card,
4002760,8801965,IN,127.60,AUD,2025-06-15T00:56:02Z,card,
4002761,8801966,IN,9.47,USD,2025-06-15T02:05:01Z,card,
4002762,8801967,IN,201.60,GBP,2025-06-15T07:31:56Z,card,
4002763,8801968,IN,214.02,EUR,2025-06-15T09:20:57Z,card,
4002764,8801966,IN,28.42,USD,2025-06-15T13:20:00Z,card,
4002765,8801790,IN,0.90,GBP,2025-06-15T13:35:00Z,card,
4002766,8801630,OUT,15.16,USD,2025-06-15T14:15:00Z,voucher,goodwill
4002767,8801940,IN,339.57,USD,2025-06-15T14:50:00Z,card,
4002768,8801969,IN,40.13,USD,2025-06-15T15:12:19Z,card,
4002769,8801970,IN,2.40,GBP,2025-06-15T15:16:12Z,voucher,
4002770,8801819,IN,54.00,GBP,2025-06-15T15:20:00Z,card,
4002771,8801910,OUT,19.80,AUD,2025-06-15T15:30:00Z,card,goodwill
4002772,8801971,IN,565.95,USD,2025-06-15T15:54:50Z,card,
4002773,8801972,IN,24.36,USD,2025-06-15T16:02:07Z,card,
4002774,8801973,IN,107.01,EUR,2025-06-15T18:04:55Z,card,
4002775,8801930,IN,128.28,USD,2025-06-15T18:20:00Z,cash,
4002776,8801974,IN,42.00,GBP,2025-06-15T18:32:33Z,card,
4002777,8801975,IN,80.26,USD,2025-06-15T20:32:39Z,card,
4002778,8801976,IN,31.90,AUD,2025-06-16T01:55:16Z,card,
4002779,8801977,IN,151.55,USD,2025-06-16T03:17:07Z,card,
4002780,8801683,OUT,151.55,USD,2025-06-16T03:37:08Z,card,cancellation (20% fee retained)
4002781,8801958,OUT,13.44,GBP,2025-06-16T07:00:00Z,voucher,goodwill
4002782,8801978,IN,67.20,GBP,2025-06-16T11:39:19Z,voucher,
4002783,8801979,IN,67.20,GBP,2025-06-16T11:49:10Z,card,
4002784,8801221,IN,214.02,EUR,2025-06-16T19:50:00Z,card,
4002785,8801804,OUT,292.28,USD,2025-06-16T21:14:35Z,voucher,cancellation
4002786,8801947,OUT,48.00,GBP,2025-06-16T21:44:22Z,card,cancellation (20% fee retained)
4002787,8801980,IN,48.71,USD,2025-06-16T21:54:34Z,card,
4002788,8801981,IN,42.76,USD,2025-06-16T22:23:57Z,card,
4002789,8801941,IN,47.85,AUD,2025-06-16T22:50:00Z,cash,
4002790,8801851,IN,1.20,GBP,2025-06-16T23:11:31Z,card,
4002791,8801982,IN,72.00,GBP,2025-06-17T09:02:06Z,voucher,
4002792,8801983,IN,383.76,EUR,2025-06-17T13:22:22Z,card,
4002793,8801984,IN,107.01,EUR,2025-06-17T14:42:04Z,card,
4002794,8801985,IN,28.42,USD,2025-06-17T15:16:31Z,card,
4002795,8801986,IN,33.60,GBP,2025-06-17T16:22:55Z,card,
4002796,8801987,IN,108.00,GBP,2025-06-17T17:13:33Z,voucher,
4002797,8801988,IN,54.00,GBP,2025-06-17T17:42:38Z,card,
4002798,8801841,IN,45.00,GBP,2025-06-17T18:20:00Z,card,
4002799,8801989,IN,287.82,EUR,2025-06-17T18:33:12Z,voucher,
4002800,8801897,IN,210.69,USD,2025-06-17T20:05:00Z,card,
4002801,8801990,IN,0.60,GBP,2025-06-17T21:00:26Z,card,
4002802,8801991,IN,401.31,USD,2025-06-17T22:36:11Z,card,
4002803,8801992,IN,63.80,AUD,2025-06-18T01:12:22Z,voucher,
4002804,8801993,IN,481.57,USD,2025-06-18T04:57:05Z,card,
4002805,8801994,IN,54.00,GBP,2025-06-18T07:34:28Z,voucher,
4002806,8801995,IN,27.00,GBP,2025-06-18T10:01:57Z,card,
4002807,8801996,IN,18.00,GBP,2025-06-18T10:21:27Z,card,
4002808,8801997,IN,22.50,GBP,2025-06-18T12:54:48Z,card,
4002809,8801953,OUT,565.95,USD,2025-06-18T14:49:58Z,card,cancellation
4002810,8801998,IN,45.00,GBP,2025-06-18T15:45:36Z,card,
4002811,8801665,IN,45.00,GBP,2025-06-18T15:50:00Z,card,
4002812,8801999,IN,189.44,USD,2025-06-18T16:11:00Z,card,
4002813,8802000,IN,509.36,USD,2025-06-18T16:46:39Z,card,
4002814,8802001,IN,36.00,GBP,2025-06-18T16:51:50Z,card,
4002815,8801951,IN,100.80,GBP,2025-06-18T17:05:00Z,card,
4002816,8802002,IN,64.14,USD,2025-06-18T19:15:01Z,card,
4002817,8802003,IN,18.00,GBP,2025-06-18T20:14:19Z,card,
4002818,8802004,IN,22.50,GBP,2025-06-18T22:29:07Z,card,
4002819,8802005,IN,90.30,USD,2025-06-19T00:11:51Z,card,
4002820,8802006,IN,427.59,USD,2025-06-19T00:44:38Z,card,
4002821,8802007,IN,169.79,USD,2025-06-19T00:52:02Z,card,
4002822,8802008,IN,161.70,AUD,2025-06-19T01:54:39Z,card,
4002823,8802009,IN,15.95,AUD,2025-06-19T02:59:14Z,card,
4002824,8802010,IN,171.04,USD,2025-06-19T04:08:06Z,voucher,
4002825,8802011,IN,12.18,USD,2025-06-19T04:38:09Z,card,
4002826,8801977,IN,37.89,USD,2025-06-19T08:06:57Z,card,
4002827,8802009,IN,47.85,AUD,2025-06-19T09:35:00Z,card,
4002828,8802012,IN,17.84,EUR,2025-06-19T09:43:41Z,card,
4002829,8802013,IN,72.00,GBP,2025-06-19T10:09:12Z,card,
4002830,8802014,IN,30.00,GBP,2025-06-19T10:10:57Z,card,
4002831,8802015,IN,180.00,GBP,2025-06-19T10:29:03Z,card,
4002832,8802016,IN,26.40,AUD,2025-06-19T10:50:16Z,card,
4002833,8802017,IN,33.60,GBP,2025-06-19T12:23:52Z,card,
4002834,8802018,IN,26.75,EUR,2025-06-19T12:26:18Z,card,
4002835,8802019,IN,287.82,EUR,2025-06-19T13:55:56Z,voucher,
4002836,8801939,IN,28.42,USD,2025-06-19T14:35:00Z,card,
4002837,8802017,IN,100.80,GBP,2025-06-19T17:50:00Z,card,
4002838,8802020,IN,90.00,GBP,2025-06-19T18:53:44Z,card,
4002839,8801996,IN,54.00,GBP,2025-06-19T20:20:00Z,card,
4002840,8801954,IN,59.40,AUD,2025-06-20T01:50:00Z,cash,
4002841,8802021,IN,481.57,USD,2025-06-20T01:59:01Z,voucher,
4002842,8802022,IN,48.71,USD,2025-06-20T03:09:49Z,card,
4002843,8802023,IN,40.43,AUD,2025-06-20T07:12:51Z,card,
4002844,8802024,IN,127.60,AUD,2025-06-20T07:20:34Z,voucher,
4002845,8802025,IN,335.79,EUR,2025-06-20T08:45:14Z,card,
4002846,8802026,IN,35.98,EUR,2025-06-20T11:49:04Z,card,
4002847,8802027,IN,120.00,GBP,2025-06-20T12:01:58Z,card,
4002848,8802022,IN,146.14,USD,2025-06-20T12:35:00Z,card,
4002849,8802028,IN,26.75,EUR,2025-06-20T13:56:37Z,card,
4002850,8801975,IN,240.79,USD,2025-06-20T16:50:00Z,cash,
4002851,8802029,IN,243.56,USD,2025-06-20T17:20:09Z,card,
4002852,8801998,IN,135.00,GBP,2025-06-20T17:50:00Z,cash,
4002853,8802030,IN,28.42,USD,2025-06-20T18:50:17Z,card,
4002854,8801360,OUT,282.98,USD,2025-06-20T19:44:00Z,card,cancellation
4002855,8802031,IN,60.00,GBP,2025-06-20T19:58:59Z,voucher,
4002856,8802032,IN,4.80,GBP,2025-06-20T20:13:08Z,voucher,
4002857,8802033,IN,321.05,USD,2025-06-20T20:54:27Z,card,
4002858,8802034,IN,70.75,USD,2025-06-21T00:27:51Z,card,
4002859,8802035,IN,0.90,GBP,2025-06-21T06:09:56Z,card,
4002860,8801976,IN,95.70,AUD,2025-06-21T07:20:00Z,cash,
4002861,8801685,OUT,280.92,USD,2025-06-21T07:48:25Z,voucher,cancellation
4002862,8802035,IN,2.70,GBP,2025-06-21T08:50:00Z,cash,
4002863,8802036,IN,35.98,EUR,2025-06-21T10:28:05Z,card,
4002864,8802037,IN,1.20,GBP,2025-06-21T12:06:04Z,voucher,
4002865,8802030,IN,85.24,USD,2025-06-21T13:35:00Z,card,
4002866,8802038,IN,108.00,GBP,2025-06-21T13:45:55Z,card,
4002867,8802002,IN,363.45,USD,2025-06-21T13:50:00Z,card,
4002868,8802039,IN,120.00,GBP,2025-06-21T15:04:15Z,card,
4002869,8801727,IN,75.60,GBP,2025-06-21T15:50:00Z,card,
4002870,8802040,IN,72.00,GBP,2025-06-21T15:50:43Z,card,
4002871,8802012,IN,53.50,EUR,2025-06-21T18:20:00Z,cash,
4002872,8802041,IN,83.95,EUR,2025-06-21T18:22:16Z,card,
4002873,8802042,IN,240.79,USD,2025-06-21T19:13:09Z,card,
4002874,8802029,IN,97.43,USD,2025-06-21T20:03:16Z,card,
4002875,8802043,IN,42.76,USD,2025-06-22T03:23:26Z,card,
4002876,8801890,IN,37.89,USD,2025-06-22T04:31:13Z,card,
4002877,8802044,IN,52.80,AUD,2025-06-22T06:00:57Z,card,
4002878,8802045,IN,22.50,GBP,2025-06-22T13:00:02Z,card,
4002879,8802046,IN,189.44,USD,2025-06-22T13:35:34Z,card,
4002880,8802047,IN,90.30,USD,2025-06-22T13:43:37Z,card,
4002881,8801797,IN,509.35,USD,2025-06-22T14:50:00Z,cash,
4002882,8802026,IN,107.93,EUR,2025-06-22T17:05:00Z,card,
4002883,8802047,IN,311.01,USD,2025-06-22T17:20:00Z,cash,
4002884,8801981,IN,128.28,USD,2025-06-22T17:50:00Z,card,
4002885,8802014,IN,120.00,GBP,2025-06-22T19:05:00Z,card,
4002886,8801734,IN,179.89,EUR,2025-06-22T19:20:00Z,cash,
4002887,8802048,IN,113.66,USD,2025-06-22T19:22:50Z,voucher,
4002888,8802049,IN,36.54,USD,2025-06-22T20:08:32Z,card,
4002889,8802050,IN,9.00,GBP,2025-06-22T20:16:45Z,card,
4002890,8802051,IN,285.36,EUR,2025-06-22T20:18:20Z,card,
4002891,8802052,IN,361.18,USD,2025-06-22T21:23:37Z,card,
4002892,8802053,IN,7.98,AUD,2025-06-23T00:26:23Z,card,
4002893,8802054,IN,95.70,AUD,2025-06-23T00:28:09Z,card,
4002894,8802055,IN,107.80,AUD,2025-06-23T02:01:50Z,card,
4002895,8802056,IN,321.05,USD,2025-06-23T02:30:54Z,card,
4002896,8802057,IN,107.80,AUD,2025-06-23T05:19:48Z,card,
4002897,8802058,IN,383.76,EUR,2025-06-23T07:45:48Z,card,
4002898,8802059,IN,59.96,EUR,2025-06-23T08:21:00Z,card,
4002899,8802053,IN,23.92,AUD,2025-06-23T08:50:00Z,cash,
4002900,8802060,IN,50.40,GBP,2025-06-23T10:24:57Z,card,
4002901,8802061,IN,105.60,AUD,2025-06-23T13:32:40Z,voucher,
4002902,8802011,IN,36.53,USD,2025-06-23T15:20:00Z,cash,
4002903,8802038,OUT,54.00,GBP,2025-06-23T16:30:00Z,card,goodwill
4002904,8802004,IN,67.50,GBP,2025-06-23T16:50:00Z,card,
4002905,8802062,IN,60.00,GBP,2025-06-23T17:00:09Z,card,
4002906,8802063,IN,99.04,USD,2025-06-23T17:07:50Z,card,
4002907,8802064,IN,134.40,GBP,2025-06-23T17:44:14Z,card,
4002908,8802065,IN,0.30,GBP,2025-06-23T18:45:48Z,card,
4002909,8802044,IN,52.80,AUD,2025-06-23T19:21:06Z,card,
4002910,8802066,IN,90.00,GBP,2025-06-23T19:28:50Z,card,
4002911,8801807,OUT,180.59,USD,2025-06-23T20:00:00Z,voucher,goodwill
4002912,8802067,IN,441.44,USD,2025-06-23T20:06:28Z,card,
4002913,8802068,IN,194.85,USD,2025-06-23T20:59:02Z,voucher,
4002914,8801945,IN,18.00,GBP,2025-06-23T21:48:44Z,card,
4002915,8802069,IN,240.79,USD,2025-06-24T00:10:40Z,card,
4002916,8802070,IN,31.90,AUD,2025-06-24T00:17:30Z,card,
4002917,8801999,OUT,189.44,USD,2025-06-24T00:58:05Z,card,cancellation
4002918,8802071,IN,63.80,AUD,2025-06-24T02:31:04Z,card,
4002919,8802072,IN,441.44,USD,2025-06-24T05:09:38Z,card,
4002920,8802073,IN,95.94,EUR,2025-06-24T06:11:52Z,card,
4002921,8801459,IN,39.60,AUD,2025-06-24T06:20:00Z,card,
4002922,8802074,IN,54.00,GBP,2025-06-24T09:15:43Z,voucher,
4002923,8802075,IN,335.79,EUR,2025-06-24T11:25:14Z,card,
4002924,8802076,IN,13.50,GBP,2025-06-24T12:32:52Z,card,
4002925,8802077,IN,120.00,GBP,2025-06-24T12:35:26Z,card,
4002926,8802076,IN,40.50,GBP,2025-06-24T12:50:00Z,card,
4002927,8801981,OUT,17.10,USD,2025-06-24T13:00:00Z,card,goodwill
4002928,8802078,IN,171.04,USD,2025-06-24T14:39:24Z,card,
4002929,8801986,IN,100.80,GBP,2025-06-24T16:50:00Z,cash,
4002930,8802039,OUT,120.00,GBP,2025-06-24T16:55:43Z,card,cancellation
4002931,8802079,IN,37.89,USD,2025-06-24T16:57:54Z,card,
4002932,8802080,IN,342.07,USD,2025-06-24T20:55:51Z,card,
4002933,8802081,IN,47.97,EUR,2025-06-24T21:49:15Z,card,
4002934,8801890,OUT,189.44,USD,2025-06-24T23:14:57Z,card,cancellation
4002935,8802082,IN,53.90,AUD,2025-06-25T02:01:25Z,card,
4002936,8802083,IN,226.38,USD,2025-06-25T03:02:15Z,card,
4002937,8802084,IN,79.20,AUD,2025-06-25T03:05:54Z,voucher,
4002938,8801739,OUT,256.55,USD,2025-06-25T04:47:30Z,card,cancellation
4002939,8802085,IN,53.51,EUR,2025-06-25T06:32:56Z,card,
4002940,8802086,IN,90.00,GBP,2025-06-25T07:28:37Z,card,
4002941,8802016,IN,79.20,AUD,2025-06-25T09:05:00Z,cash,
4002942,8801880,IN,2.70,GBP,2025-06-25T10:05:00Z,card,
4002943,8802087,IN,13.20,AUD,2025-06-25T11:38:12Z,card,
4002944,8802088,IN,64.14,USD,2025-06-25T14:46:44Z,card,
4002945,8802088,IN,192.41,USD,2025-06-25T14:50:00Z,cash,
4002946,8802089,IN,17.84,EUR,2025-06-25T15:36:10Z,card,
4002947,8802090,IN,26.75,EUR,2025-06-25T15:54:19Z,card,
4002948,8802089,IN,124.84,EUR,2025-06-25T18:50:00Z,card,
4002949,8708861,IN,23.00,USD,2025-06-25T19:00:00Z,card,
4002950,8802091,IN,27.00,GBP,2025-06-25T19:14:54Z,card,
4002951,8802090,IN,80.26,EUR,2025-06-25T19:20:00Z,card,
4002952,8802092,IN,396.17,USD,2025-06-25T19:45:51Z,card,
4002953,8802093,IN,70.75,USD,2025-06-25T21:01:24Z,card,
4002954,8802094,IN,679.14,USD,2025-06-25T21:16:11Z,card,
4002955,8802005,IN,270.88,USD,2025-06-25T21:35:00Z,cash,
4002956,8802095,IN,45.00,GBP,2025-06-25T22:26:55Z,card,
4002957,8802096,IN,321.05,USD,2025-06-25T22:38:01Z,voucher,
4002958,8802097,IN,42.76,USD,2025-06-25T23:09:18Z,card,
4002959,8802098,IN,105.60,AUD,2025-06-26T01:23:14Z,card,
4002960,8802099,IN,171.04,USD,2025-06-26T02:02:13Z,card,
4002961,8802084,IN,26.40,AUD,2025-06-26T03:08:46Z,card,
4002962,8802100,IN,161.70,AUD,2025-06-26T06:43:05Z,card,
4002963,8802101,IN,31.90,AUD,2025-06-26T07:02:13Z,voucher,
4002964,8802102,IN,53.51,EUR,2025-06-26T07:28:54Z,card,
4002965,8802103,IN,143.91,EUR,2025-06-26T11:37:48Z,card,
4002966,8802104,IN,401.31,USD,2025-06-26T14:35:21Z,card,
4002967,8802104,OUT,401.31,USD,2025-06-26T14:49:34Z,card,cancellation
4002968,8802105,IN,75.78,USD,2025-06-26T15:00:09Z,card,
4002969,8802106,IN,143.91,EUR,2025-06-26T15:13:51Z,card,
4002970,8802107,IN,36.54,USD,2025-06-26T16:17:37Z,card,
4002971,8802093,IN,212.23,USD,2025-06-26T19:20:00Z,cash,
4002972,8802108,IN,452.76,USD,2025-06-26T20:42:09Z,card,
4002973,8802109,IN,240.79,USD,2025-06-27T00:02:53Z,card,
4002974,8802110,IN,97.43,USD,2025-06-27T00:55:34Z,voucher,
4002975,8802111,IN,37.89,USD,2025-06-27T01:01:17Z,card,
4002976,8802112,IN,60.89,USD,2025-06-27T01:06:06Z,card,
4002977,8802113,IN,215.60,AUD,2025-06-27T05:20:45Z,card,
4002978,8802114,IN,215.60,AUD,2025-06-27T06:24:04Z,voucher,
4002979,8802115,IN,108.00,GBP,2025-06-27T07:19:25Z,card,
4002980,8802116,IN,47.97,EUR,2025-06-27T08:10:21Z,card,
4002981,8802117,IN,44.59,EUR,2025-06-27T12:50:09Z,card,
4002982,8802118,IN,151.55,USD,2025-06-27T13:00:12Z,card,
4002983,8802119,IN,106.90,USD,2025-06-27T13:26:34Z,card,
4002984,8802112,IN,182.67,USD,2025-06-27T13:50:00Z,cash,
4002985,8802120,IN,54.00,GBP,2025-06-27T14:12:30Z,card,
4002986,8802121,IN,178.35,EUR,2025-06-27T14:13:15Z,card,
4002987,8802122,IN,100.80,GBP,2025-06-27T14:29:10Z,card,
4002988,8802119,IN,320.69,USD,2025-06-27T15:20:00Z,card,
4002989,8802123,IN,146.14,USD,2025-06-27T15:40:16Z,card,
4002990,8802063,IN,297.13,USD,2025-06-27T16:50:00Z,cash,
4002991,8802124,IN,37.89,USD,2025-06-27T17:44:20Z,card,
4002992,8802125,IN,35.67,EUR,2025-06-27T17:58:19Z,card,
4002993,8802085,IN,160.51,EUR,2025-06-27T18:20:00Z,card,
4002994,8802124,IN,189.44,USD,2025-06-27T18:20:00Z,card,
4002995,8802126,IN,30.00,GBP,2025-06-27T20:01:26Z,card,
4002996,8802127,IN,72.00,GBP,2025-06-27T21:36:25Z,voucher,
4002997,8802128,IN,427.59,USD,2025-06-27T22:03:22Z,card,
4002998,8802129,IN,427.59,USD,2025-06-27T22:06:04Z,card,
4002999,8801529,OUT,31.90,AUD,2025-06-28T03:00:00Z,voucher,goodwill
4003000,8802130,IN,481.57,USD,2025-06-28T03:59:39Z,card,
4003001,8802131,IN,95.70,AUD,2025-06-28T04:57:23Z,voucher,
4003002,8802132,IN,47.97,EUR,2025-06-28T06:15:31Z,card,
4003003,8802133,IN,16.80,GBP,2025-06-28T09:05:28Z,card,
4003004,8801978,OUT,67.20,GBP,2025-06-28T09:09:48Z,voucher,cancellation
4003005,8802134,IN,71.34,EUR,2025-06-28T09:42:59Z,card,
4003006,8802135,IN,107.01,EUR,2025-06-28T10:31:10Z,voucher,
4003007,8802136,IN,107.80,AUD,2025-06-28T10:51:12Z,card,
4003008,8802137,IN,180.00,GBP,2025-06-28T11:06:59Z,card,
4003009,8802135,IN,71.34,EUR,2025-06-28T11:48:42Z,card,
4003010,8802138,IN,13.50,GBP,2025-06-28T11:53:17Z,card,
4003011,8802139,IN,1.20,GBP,2025-06-28T12:53:55Z,card,
4003012,8802140,IN,427.59,USD,2025-06-28T12:54:00Z,card,
4003013,8802141,IN,509.36,USD,2025-06-28T13:30:31Z,card,
4003014,8802142,IN,441.44,USD,2025-06-28T14:04:59Z,card,
4003015,8802143,IN,54.00,GBP,2025-06-28T16:12:52Z,card,
4003016,8802133,IN,50.40,GBP,2025-06-28T16:20:00Z,card,
4003017,8802144,IN,141.49,USD,2025-06-28T17:22:11Z,card,
4003018,8802145,IN,67.20,GBP,2025-06-28T17:59:41Z,card,
4003019,8802146,IN,169.79,USD,2025-06-28T18:13:34Z,card,
4003020,8801273,IN,75.60,GBP,2025-06-28T18:20:00Z,cash,
4003021,8801856,IN,53.50,EUR,2025-06-28T18:35:00Z,cash,
4003022,8802137,OUT,180.00,GBP,2025-06-28T19:15:04Z,card,cancellation
4003023,8802147,IN,180.00,GBP,2025-06-28T19:44:35Z,card,
4003024,8802148,IN,1.20,GBP,2025-06-28T19:51:55Z,card,
4003025,8802060,IN,151.20,GBP,2025-06-28T20:05:00Z,card,
4003026,8802073,IN,287.82,EUR,2025-06-28T20:20:00Z,cash,
4003027,8802056,OUT,321.05,USD,2025-06-28T21:36:17Z,card,cancellation
4003028,8802149,IN,401.31,USD,2025-06-28T22:17:15Z,voucher,
4003029,8802150,IN,26.40,AUD,2025-06-29T03:10:17Z,card,
4003030,8802151,IN,321.05,USD,2025-06-29T03:39:00Z,card,
4003031,8802150,IN,79.20,AUD,2025-06-29T08:20:00Z,card,
4003032,8802113,IN,53.90,AUD,2025-06-29T09:16:26Z,card,
4003033,8802152,IN,151.55,USD,2025-06-29T13:39:25Z,voucher,
4003034,8801746,IN,160.51,EUR,2025-06-29T13:50:00Z,cash,
4003035,8802153,IN,383.76,EUR,2025-06-29T14:55:57Z,card,
4003036,8802126,IN,90.00,GBP,2025-06-29T15:50:00Z,cash,
4003037,8802154,IN,113.66,USD,2025-06-29T20:17:42Z,card,
4003038,8802155,IN,201.60,GBP,2025-06-29T21:30:36Z,card,
4003039,8802156,IN,31.90,AUD,2025-06-29T21:37:17Z,voucher,
4003040,8802157,IN,67.20,GBP,2025-06-29T22:23:07Z,card,
4003041,8802158,IN,287.82,EUR,2025-06-29T22:26:54Z,card,
4003042,8801964,OUT,76.56,AUD,2025-06-30T04:00:30Z,card,cancellation (20% fee retained)
4003043,8802159,IN,361.18,USD,2025-06-30T04:38:51Z,card,
4003044,8802160,IN,335.79,EUR,2025-06-30T06:03:58Z,voucher,
4003045,8802161,IN,178.35,EUR,2025-06-30T06:17:19Z,voucher,
4003046,8802162,IN,2.40,GBP,2025-06-30T07:33:46Z,card,
4003047,8802163,IN,108.00,GBP,2025-06-30T08:02:06Z,card,
4003048,8802164,IN,37.50,GBP,2025-06-30T08:11:44Z,card,
4003049,8802165,IN,107.80,AUD,2025-06-30T09:37:44Z,card,
4003050,8802139,IN,4.80,GBP,2025-06-30T13:20:00Z,card,
4003051,8802166,IN,509.36,USD,2025-06-30T14:25:23Z,card,
4003052,8802167,IN,84.89,USD,2025-06-30T14:27:27Z,card,
4003053,8802168,IN,18.95,USD,2025-06-30T15:19:20Z,card,
4003054,8802169,IN,287.82,EUR,2025-06-30T18:26:53Z,card,
4003055,8802157,IN,33.60,GBP,2025-06-30T19:14:51Z,card,
4003056,8802170,IN,441.44,USD,2025-06-30T19:31:52Z,voucher,
4003057,8802171,IN,37.89,USD,2025-06-30T22:31:30Z,card,
4003058,8802172,IN,161.70,AUD,2025-07-01T05:36:22Z,voucher,
4003059,8802173,IN,36.00,GBP,2025-07-01T13:16:26Z,card,
4003060,8802174,IN,134.40,GBP,2025-07-01T13:53:56Z,voucher,
4003061,8802175,IN,396.17,USD,2025-07-01T14:59:57Z,voucher,
4003062,8802176,IN,178.35,EUR,2025-07-01T15:53:17Z,card,
4003063,8802177,IN,22.50,GBP,2025-07-01T17:27:46Z,card,
4003064,8802178,IN,2.40,GBP,2025-07-01T18:16:22Z,card,
4003065,8802091,IN,81.00,GBP,2025-07-01T18:20:00Z,card,
4003066,8802179,IN,189.44,USD,2025-07-01T19:59:11Z,voucher,
4003067,8802095,IN,135.00,GBP,2025-07-01T20:20:00Z,cash,
4003068,8802180,IN,214.02,EUR,2025-07-01T21:16:09Z,voucher,
4003069,8802181,IN,85.52,USD,2025-07-01T22:45:06Z,card,
4003070,8802182,IN,24.36,USD,2025-07-02T02:31:28Z,card,
4003071,8802183,IN,180.00,GBP,2025-07-02T12:09:28Z,card,
4003072,8802065,IN,0.90,GBP,2025-07-02T13:20:00Z,card,
4003073,8801911,IN,128.28,USD,2025-07-02T13:50:00Z,card,
4003074,8802184,IN,178.35,EUR,2025-07-02T14:04:08Z,card,
4003075,8802185,IN,243.56,USD,2025-07-02T14:26:06Z,voucher,
4003076,8802186,IN,200.66,USD,2025-07-02T16:26:36Z,voucher,
4003077,8802187,IN,280.92,USD,2025-07-02T20:15:21Z,card,
4003078,8802188,IN,71.34,EUR,2025-07-02T21:28:05Z,card,
4003079,8802189,IN,19.80,AUD,2025-07-03T00:11:02Z,card,
4003080,8802190,IN,120.39,USD,2025-07-03T00:15:21Z,card,
4003081,8802189,IN,59.40,AUD,2025-07-03T01:20:00Z,cash,
4003082,8802191,IN,37.89,USD,2025-07-03T02:15:21Z,card,
4003083,8802192,IN,249.69,EUR,2025-07-03T06:57:12Z,card,
4003084,8802193,IN,287.82,EUR,2025-07-03T12:18:56Z,card,
4003085,8802194,IN,150.00,GBP,2025-07-03T12:35:43Z,card,
4003086,8802195,IN,67.20,GBP,2025-07-03T12:50:59Z,voucher,
4003087,8802196,IN,509.36,USD,2025-07-03T13:16:49Z,card,
4003088,8802191,IN,113.66,USD,2025-07-03T13:50:00Z,cash,
4003089,8802197,IN,36.00,GBP,2025-07-03T14:38:47Z,card,
4003090,8802198,IN,12.18,USD,2025-07-03T14:43:39Z,card,
4003091,8802198,IN,36.53,USD,2025-07-03T15:20:00Z,cash,
4003092,8802199,IN,171.04,USD,2025-07-03T18:14:36Z,card,
4003093,8802075,OUT,335.79,EUR,2025-07-04T01:56:56Z,card,cancellation
4003094,8802189,OUT,39.60,AUD,2025-07-04T08:30:00Z,card,goodwill
4003095,8802200,IN,59.96,EUR,2025-07-04T10:01:33Z,card,
4003096,8802201,IN,134.40,GBP,2025-07-04T10:11:45Z,voucher,
4003097,8802202,IN,22.50,GBP,2025-07-04T10:30:04Z,card,
4003098,8801846,IN,3.60,GBP,2025-07-04T14:20:00Z,cash,
4003099,8802144,IN,424.46,USD,2025-07-04T15:50:00Z,card,
4003100,8802203,IN,42.76,USD,2025-07-04T15:56:26Z,card,
4003101,8801995,IN,81.00,GBP,2025-07-04T17:35:00Z,cash,
4003102,8802204,IN,95.94,EUR,2025-07-04T17:40:08Z,card,
4003103,8802205,IN,85.52,USD,2025-07-04T18:22:45Z,card,
4003104,8802206,IN,100.33,USD,2025-07-04T20:38:26Z,card,
4003105,8802207,IN,361.18,USD,2025-07-04T20:49:36Z,card,
4003106,8802208,IN,56.60,USD,2025-07-04T22:12:08Z,card,
4003107,8802209,IN,243.56,USD,2025-07-05T01:56:43Z,voucher,
4003108,8802210,IN,95.94,EUR,2025-07-05T09:02:24Z,card,
4003109,8802168,IN,56.83,USD,2025-07-05T10:50:00Z,cash,
4003110,8802203,IN,128.28,USD,2025-07-05T11:50:00Z,card,
4003111,8801674,IN,109.60,USD,2025-07-05T12:50:00Z,cash,
4003112,8802211,IN,3.60,GBP,2025-07-05T12:57:50Z,card,
4003113,8801871,IN,100.80,GBP,2025-07-05T14:05:00Z,cash,
4003114,8802212,IN,142.68,EUR,2025-07-05T14:48:03Z,card,
4003115,8802182,IN,73.07,USD,2025-07-05T14:50:00Z,card,
4003116,8802213,IN,256.55,USD,2025-07-05T16:12:48Z,voucher,
4003117,8802164,IN,112.50,GBP,2025-07-05T17:20:00Z,cash,
4003118,8801594,IN,320.69,USD,2025-07-05T17:50:00Z,card,
4003119,8802138,IN,40.50,GBP,2025-07-05T18:05:00Z,cash,
4003120,8802214,IN,168.00,GBP,2025-07-05T18:06:45Z,voucher,
4003121,8802215,IN,361.18,USD,2025-07-05T19:13:37Z,card,
4003122,8801552,IN,187.27,EUR,2025-07-05T19:20:00Z,cash,
4003123,8802206,IN,300.98,USD,2025-07-05T19:50:00Z,cash,
4003124,8802216,IN,31.90,AUD,2025-07-05T21:17:45Z,card,
4003125,8802217,IN,178.35,EUR,2025-07-05T21:23:57Z,card,
4003126,8802218,IN,28.42,USD,2025-07-05T22:49:49Z,card,
4003127,8802219,IN,19.80,AUD,2025-07-06T01:40:15Z,card,
4003128,8802220,IN,113.66,USD,2025-07-06T02:19:16Z,voucher,
4003129,8802221,IN,31.90,AUD,2025-07-06T05:59:35Z,card,
4003130,8802114,OUT,21.56,AUD,2025-07-06T06:15:00Z,voucher,goodwill
4003131,8802222,IN,71.96,EUR,2025-07-06T06:22:56Z,card,
4003132,8802023,IN,121.27,AUD,2025-07-06T07:35:00Z,card,
4003133,8802223,IN,37.50,GBP,2025-07-06T09:56:15Z,card,
4003134,8802224,IN,134.40,GBP,2025-07-06T12:37:53Z,card,
4003135,8802181,IN,256.55,USD,2025-07-06T12:50:00Z,cash,
4003136,8802225,IN,287.82,EUR,2025-07-06T14:15:01Z,card,
4003137,8802226,IN,9.47,USD,2025-07-06T14:29:11Z,card,
4003138,8802034,IN,212.23,USD,2025-07-06T16:20:00Z,cash,
4003139,8802201,OUT,134.40,GBP,2025-07-06T17:01:10Z,voucher,cancellation
4003140,8802227,IN,120.00,GBP,2025-07-06T19:44:45Z,voucher,
4003141,8802228,IN,95.94,EUR,2025-07-06T22:18:18Z,card,
4003142,8802229,IN,40.13,USD,2025-07-06T23:40:49Z,card,
4003143,8802169,OUT,287.82,EUR,2025-07-06T23:50:28Z,card,cancellation
4003144,8802230,IN,95.70,AUD,2025-07-07T00:23:15Z,card,
4003145,8802231,IN,60.89,USD,2025-07-07T04:51:41Z,card,
4003146,8802232,IN,53.90,AUD,2025-07-07T05:56:46Z,voucher,
4003147,8802233,IN,100.80,GBP,2025-07-07T07:03:32Z,card,
4003148,8802234,IN,60.00,GBP,2025-07-07T08:48:59Z,card,
4003149,8802235,IN,143.91,EUR,2025-07-07T09:36:04Z,voucher,
4003150,8802236,IN,1.20,GBP,2025-07-07T10:59:29Z,voucher,
4003151,8802237,IN,50.40,GBP,2025-07-07T11:03:12Z,card,
4003152,8802235,IN,95.94,EUR,2025-07-07T11:22:22Z,card,
4003153,8801653,OUT,53.90,AUD,2025-07-07T11:35:04Z,card,cancellation
4003154,8802238,IN,54.00,GBP,2025-07-07T12:09:41Z,card,
4003155,8802239,IN,47.36,USD,2025-07-07T14:06:38Z,card,
4003156,8802240,IN,189.44,USD,2025-07-07T14:18:58Z,card,
4003157,8802241,IN,679.14,USD,2025-07-07T15:42:50Z,card,
4003158,8802190,IN,361.18,USD,2025-07-07T16:50:00Z,card,
4003159,8802242,IN,4.80,GBP,2025-07-07T17:01:35Z,card,
4003160,8802243,IN,361.18,USD,2025-07-07T18:35:24Z,card,
4003161,8802244,IN,285.36,EUR,2025-07-07T20:39:07Z,card,
4003162,8802245,IN,83.95,EUR,2025-07-07T20:46:45Z,card,
4003163,8802246,IN,42.00,GBP,2025-07-07T20:54:38Z,card,
4003164,8802247,IN,90.00,GBP,2025-07-07T21:55:53Z,card,
4003165,8802248,IN,53.90,AUD,2025-07-08T04:47:46Z,card,
4003166,8802249,IN,26.75,EUR,2025-07-08T09:27:57Z,card,
4003167,8802250,IN,95.94,EUR,2025-07-08T13:27:16Z,card,
4003168,8802251,IN,71.34,EUR,2025-07-08T14:39:46Z,voucher,
4003169,8802252,IN,113.19,USD,2025-07-08T14:48:19Z,card,
4003170,8802253,IN,48.71,USD,2025-07-08T15:50:48Z,voucher,
4003171,8802254,IN,50.40,GBP,2025-07-08T16:41:31Z,card,
4003172,8802255,IN,21.38,USD,2025-07-08T16:42:03Z,card,
4003173,8802256,IN,321.05,USD,2025-07-08T18:54:28Z,card,
4003174,8802252,IN,339.57,USD,2025-07-08T19:05:00Z,cash,
4003175,8802257,IN,100.80,GBP,2025-07-08T19:05:26Z,card,
4003176,8802258,IN,40.13,USD,2025-07-08T19:26:56Z,card,
4003177,8801834,OUT,75.78,USD,2025-07-08T21:02:24Z,card,cancellation
4003178,8802259,IN,13.48,AUD,2025-07-08T21:08:52Z,card,
4003179,8802260,IN,12.18,USD,2025-07-09T01:12:22Z,card,
4003180,8802261,IN,105.60,AUD,2025-07-09T03:59:26Z,card,
4003181,8801322,OUT,35.67,EUR,2025-07-09T06:45:00Z,card,goodwill
4003182,8802262,IN,150.00,GBP,2025-07-09T08:25:03Z,card,
4003183,8802263,IN,48.71,USD,2025-07-09T14:15:54Z,voucher,
4003184,8802050,IN,27.00,GBP,2025-07-09T15:50:00Z,card,
4003185,8802264,IN,361.18,USD,2025-07-09T18:08:40Z,card,
4003186,8802265,IN,146.14,USD,2025-07-09T19:06:59Z,voucher,
4003187,8802249,IN,151.60,EUR,2025-07-09T19:50:00Z,card,
4003188,8802266,IN,194.85,USD,2025-07-09T20:06:53Z,card,
4003189,8802267,IN,127.34,USD,2025-07-09T20:28:59Z,card,
4003190,8802268,IN,35.98,EUR,2025-07-09T21:59:57Z,card,
4003191,8802269,IN,90.00,GBP,2025-07-09T22:49:47Z,voucher,
4003192,8801808,OUT,151.55,USD,2025-07-10T00:23:28Z,voucher,cancellation
4003193,8802270,IN,226.38,USD,2025-07-10T00:33:00Z,card,
4003194,8802271,IN,171.04,USD,2025-07-10T03:35:03Z,card,
4003195,8802272,IN,396.17,USD,2025-07-10T04:49:20Z,card,
4003196,8802273,IN,168.00,GBP,2025-07-10T07:00:57Z,voucher,
4003197,8802274,IN,105.60,AUD,2025-07-10T07:33:54Z,voucher,
4003198,8802275,IN,90.00,GBP,2025-07-10T10:17:42Z,card,
4003199,8802276,IN,60.89,USD,2025-07-10T12:20:32Z,card,
4003200,8802277,IN,108.00,GBP,2025-07-10T12:33:49Z,card,
4003201,8802278,IN,243.56,USD,2025-07-10T12:51:41Z,card,
4003202,8802278,IN,48.72,USD,2025-07-10T13:36:10Z,card,
4003203,8802107,IN,109.60,USD,2025-07-10T14:05:00Z,card,
4003204,8802279,IN,151.55,USD,2025-07-10T14:05:17Z,card,
4003205,8802280,IN,335.79,EUR,2025-07-10T14:45:17Z,card,
4003206,8802275,OUT,90.00,GBP,2025-07-10T15:37:25Z,card,cancellation
4003207,8802281,IN,4.80,GBP,2025-07-10T17:42:41Z,card,
4003208,8802282,IN,107.01,EUR,2025-07-10T18:33:58Z,voucher,
4003209,8802283,IN,90.00,GBP,2025-07-10T20:08:27Z,card,
4003210,8802284,IN,4.80,GBP,2025-07-10T20:23:57Z,voucher,
4003211,8802285,IN,194.85,USD,2025-07-11T04:19:51Z,card,
4003212,8802286,IN,151.55,USD,2025-07-11T04:20:03Z,card,
4003213,8801469,IN,135.57,AUD,2025-07-11T04:35:00Z,cash,
4003214,8802287,IN,53.90,AUD,2025-07-11T04:48:08Z,card,
4003215,8802288,IN,105.60,AUD,2025-07-11T05:30:49Z,card,
4003216,8802289,IN,150.00,GBP,2025-07-11T07:55:24Z,card,
4003217,8802290,IN,9.00,GBP,2025-07-11T09:24:27Z,card,
4003218,8802291,IN,201.60,GBP,2025-07-11T09:33:36Z,card,
4003219,8802279,OUT,151.55,USD,2025-07-11T10:43:05Z,card,cancellation
4003220,8802291,IN,67.20,GBP,2025-07-11T11:01:11Z,card,
4003221,8802264,OUT,361.18,USD,2025-07-11T11:35:43Z,card,cancellation
4003222,8802292,IN,52.80,AUD,2025-07-11T11:38:28Z,card,
4003223,8802049,IN,109.60,USD,2025-07-11T12:20:00Z,cash,
4003224,8802293,IN,7.98,AUD,2025-07-11T12:40:39Z,card,
4003225,8802294,IN,95.94,EUR,2025-07-11T12:58:56Z,card,
4003226,8802294,IN,47.97,EUR,2025-07-11T14:27:37Z,card,
4003227,8802246,IN,126.00,GBP,2025-07-11T17:20:00Z,card,
4003228,8802295,IN,72.00,GBP,2025-07-11T17:54:11Z,card,
4003229,8802296,IN,67.20,GBP,2025-07-11T17:56:23Z,card,
4003230,8802297,IN,396.17,USD,2025-07-11T18:03:16Z,card,
4003231,8802298,IN,143.91,EUR,2025-07-11T20:12:13Z,card,
4003232,8802229,IN,200.66,USD,2025-07-11T20:20:00Z,cash,
4003233,8802299,IN,26.40,AUD,2025-07-11T21:15:07Z,card,
4003234,8802300,IN,59.96,EUR,2025-07-11T21:18:25Z,card,
4003235,8802301,IN,26.40,AUD,2025-07-11T21:25:29Z,card,
4003236,8802302,IN,427.59,USD,2025-07-11T22:06:29Z,card,
4003237,8802303,IN,60.89,USD,2025-07-11T23:50:50Z,card,
4003238,8802304,IN,79.20,AUD,2025-07-12T00:22:42Z,card,
4003239,8802301,IN,79.20,AUD,2025-07-12T00:50:00Z,cash,
4003240,8802179,OUT,189.44,USD,2025-07-12T03:47:28Z,voucher,cancellation
4003241,8802305,IN,113.66,USD,2025-07-12T03:48:55Z,card,
4003242,8802306,IN,180.00,GBP,2025-07-12T09:05:58Z,voucher,
4003243,8802307,IN,72.00,GBP,2025-07-12T09:17:37Z,card,
4003244,8802308,IN,342.07,USD,2025-07-12T13:40:14Z,card,
4003245,8802260,IN,133.96,USD,2025-07-12T13:50:00Z,cash,
4003246,8802309,IN,396.17,USD,2025-07-12T13:50:37Z,card,
4003247,8802310,IN,287.82,EUR,2025-07-12T15:12:40Z,card,
4003248,8802276,IN,182.67,USD,2025-07-12T15:20:00Z,card,
4003249,8802262,OUT,120.00,GBP,2025-07-12T15:25:35Z,card,cancellation (20% fee retained)
4003250,8802230,OUT,9.57,AUD,2025-07-12T15:30:00Z,card,goodwill
4003251,8802258,IN,120.39,USD,2025-07-12T15:50:00Z,card,
4003252,8802311,IN,85.52,USD,2025-07-12T16:13:36Z,card,
4003253,8802312,IN,342.07,USD,2025-07-12T16:59:36Z,card,
4003254,8802223,IN,112.50,GBP,2025-07-12T17:05:00Z,cash,
4003255,8802007,IN,509.35,USD,2025-07-12T17:20:00Z,card,
4003256,8802237,IN,151.20,GBP,2025-07-12T17:20:00Z,card,
4003257,8802268,IN,107.93,EUR,2025-07-12T19:20:00Z,cash,
4003258,8802313,IN,85.52,USD,2025-07-12T20:05:36Z,card,
4003259,8802314,IN,321.05,USD,2025-07-12T21:26:41Z,card,
4003260,8802315,IN,99.04,USD,2025-07-12T22:36:10Z,card,
4003261,8802316,IN,52.80,AUD,2025-07-12T22:51:14Z,card,
4003262,8802317,IN,396.17,USD,2025-07-12T23:30:59Z,card,
4003263,8802318,IN,6.60,AUD,2025-07-12T23:36:13Z,card,
4003264,8802319,IN,53.90,AUD,2025-07-13T05:05:37Z,card,
4003265,8802320,IN,215.60,AUD,2025-07-13T06:52:51Z,voucher,
4003266,8802321,IN,1.20,GBP,2025-07-13T07:51:02Z,voucher,
4003267,8802322,IN,215.60,AUD,2025-07-13T08:22:59Z,card,
4003268,8802323,IN,9.00,GBP,2025-07-13T13:59:55Z,card,
4003269,8801997,IN,67.50,GBP,2025-07-13T14:50:00Z,card,
4003270,8802324,IN,22.50,GBP,2025-07-13T15:44:34Z,card,
4003271,8802146,IN,509.35,USD,2025-07-13T16:05:00Z,cash,
4003272,8802325,IN,16.80,GBP,2025-07-13T16:54:57Z,card,
4003273,8802177,IN,67.50,GBP,2025-07-13T17:20:00Z,card,
4003274,8802326,IN,30.00,GBP,2025-07-13T17:36:36Z,card,
4003275,8802326,IN,90.00,GBP,2025-07-13T18:50:00Z,card,
4003276,8802327,IN,160.52,USD,2025-07-13T22:22:45Z,card,
4003277,8802328,IN,36.54,USD,2025-07-14T00:51:11Z,card,
4003278,8802329,IN,452.76,USD,2025-07-14T02:28:24Z,voucher,
4003279,8802298,IN,95.94,EUR,2025-07-14T03:15:05Z,card,
4003280,8802176,IN,71.34,EUR,2025-07-14T05:28:52Z,card,
4003281,8802330,IN,161.70,AUD,2025-07-14T09:26:41Z,card,
4003282,8802331,IN,142.68,EUR,2025-07-14T10:13:40Z,card,
4003283,8802332,IN,100.80,GBP,2025-07-14T14:17:09Z,card,
4003284,8802333,IN,151.55,USD,2025-07-14T16:23:25Z,card,
4003285,8802125,IN,107.01,EUR,2025-07-14T19:05:00Z,card,
4003286,8802267,IN,438.61,USD,2025-07-14T19:35:00Z,card,
4003287,8802208,IN,169.78,USD,2025-07-14T20:20:00Z,cash,
4003288,8802334,IN,339.57,USD,2025-07-14T22:13:11Z,card,
4003289,8802318,IN,19.80,AUD,2025-07-14T22:50:00Z,cash,
4003290,8802219,IN,59.40,AUD,2025-07-14T22:50:00Z,cash,
4003291,8802335,IN,509.36,USD,2025-07-14T23:02:29Z,card,
4003292,8802336,IN,240.79,USD,2025-07-15T05:31:19Z,card,
4003293,8802337,IN,79.20,AUD,2025-07-15T06:05:09Z,card,
4003294,8802259,IN,40.42,AUD,2025-07-15T07:20:00Z,card,
4003295,8802338,IN,30.00,GBP,2025-07-15T07:42:19Z,card,
4003296,8802292,OUT,42.24,AUD,2025-07-15T08:33:50Z,card,cancellation (20% fee retained)
4003297,8802339,IN,215.60,AUD,2025-07-15T08:56:17Z,card,
4003298,8802340,IN,191.88,EUR,2025-07-15T10:51:37Z,card,
4003299,8802339,IN,107.80,AUD,2025-07-15T14:26:14Z,card,
4003300,8802341,IN,452.76,USD,2025-07-15T15:22:53Z,card,
4003301,8802342,IN,239.85,EUR,2025-07-15T17:00:34Z,card,
4003302,8802343,IN,75.78,USD,2025-07-15T17:31:48Z,card,
4003303,8802344,IN,45.00,GBP,2025-07-15T17:53:43Z,card,
4003304,8802132,IN,143.91,EUR,2025-07-15T19:05:00Z,card,
4003305,8802345,IN,60.20,USD,2025-07-15T19:14:07Z,card,
4003306,8802346,IN,194.85,USD,2025-07-15T20:14:30Z,card,
4003307,8802347,IN,127.60,AUD,2025-07-15T22:13:55Z,voucher,
4003308,8802348,IN,52.80,AUD,2025-07-15T22:30:10Z,card,
4003309,8802349,IN,105.60,AUD,2025-07-15T23:05:45Z,voucher,
4003310,8802350,IN,75.78,USD,2025-07-15T23:21:15Z,card,
4003311,8802351,IN,256.55,USD,2025-07-16T03:13:42Z,card,
4003312,8802352,IN,441.44,USD,2025-07-16T03:15:22Z,voucher,
4003313,8802353,IN,13.20,AUD,2025-07-16T03:22:20Z,card,
4003314,8802354,IN,120.00,GBP,2025-07-16T07:28:56Z,card,
4003315,8802343,IN,37.88,USD,2025-07-16T12:41:13Z,card,
4003316,8802241,OUT,679.14,USD,2025-07-16T13:57:13Z,card,cancellation
4003317,8802355,IN,481.57,USD,2025-07-16T17:23:50Z,card,
4003318,8802158,OUT,230.26,EUR,2025-07-16T18:43:39Z,card,cancellation (20% fee retained)
4003319,8802338,IN,90.00,GBP,2025-07-16T20:20:00Z,cash,
4003320,8802356,IN,107.80,AUD,2025-07-16T21:07:02Z,card,
4003321,8802341,IN,56.60,USD,2025-07-17T01:41:16Z,card,
4003322,8802357,IN,64.14,USD,2025-07-17T04:52:05Z,card,
4003323,8802353,IN,39.60,AUD,2025-07-17T05:35:00Z,cash,
4003324,8802358,IN,214.02,EUR,2025-07-17T08:18:00Z,card,
4003325,8802293,IN,23.92,AUD,2025-07-17T08:20:00Z,cash,
4003326,8802359,IN,50.40,GBP,2025-07-17T10:38:11Z,card,
4003327,8802360,IN,72.00,GBP,2025-07-17T10:42:31Z,card,
4003328,8802361,IN,100.80,GBP,2025-07-17T10:46:52Z,card,
4003329,8802362,IN,67.20,GBP,2025-07-17T11:01:25Z,card,
4003330,8802363,IN,107.01,EUR,2025-07-17T13:18:01Z,card,
4003331,8802364,IN,160.52,USD,2025-07-17T13:31:08Z,voucher,
4003332,8802357,IN,192.41,USD,2025-07-17T13:50:00Z,cash,
4003333,8802365,IN,565.95,USD,2025-07-17T13:54:13Z,card,
4003334,8802366,IN,64.14,USD,2025-07-17T14:06:56Z,card,
4003335,8802364,IN,40.14,USD,2025-07-17T14:19:06Z,card,
4003336,8801972,IN,73.07,USD,2025-07-17T14:20:00Z,card,
4003337,8802367,IN,35.67,EUR,2025-07-17T14:45:36Z,card,
4003338,8802349,OUT,105.60,AUD,2025-07-17T15:29:02Z,voucher,cancellation
4003339,8802368,IN,9.00,GBP,2025-07-17T15:48:33Z,card,
4003340,8802369,IN,361.18,USD,2025-07-17T17:34:11Z,card,
4003341,8802370,IN,120.00,GBP,2025-07-17T17:48:54Z,card,
4003342,8801697,IN,300.98,USD,2025-07-17T18:50:00Z,card,
4003343,8802371,IN,441.44,USD,2025-07-17T19:16:30Z,voucher,
4003344,8802315,IN,297.13,USD,2025-07-17T19:35:00Z,cash,
4003345,8802372,IN,4.80,GBP,2025-07-17T20:11:50Z,voucher,
4003346,8802373,IN,12.18,USD,2025-07-18T01:37:21Z,card,
4003347,8802374,IN,120.00,GBP,2025-07-18T06:25:16Z,voucher,
4003348,8802375,IN,26.40,AUD,2025-07-18T08:39:13Z,card,
4003349,8802376,IN,15.95,AUD,2025-07-18T12:41:19Z,card,
4003350,8802377,IN,134.40,GBP,2025-07-18T13:45:29Z,card,
4003351,8802284,OUT,4.80,GBP,2025-07-18T19:34:55Z,voucher,cancellation
4003352,8802378,IN,35.67,EUR,2025-07-18T19:48:05Z,card,
4003353,8802300,IN,179.89,EUR,2025-07-18T20:35:00Z,card,
4003354,8802379,IN,13.20,AUD,2025-07-18T22:56:08Z,card,
4003355,8802380,IN,127.60,AUD,2025-07-18T23:50:13Z,card,
4003356,8802381,IN,339.57,USD,2025-07-19T01:19:19Z,card,
4003357,8802382,IN,48.71,USD,2025-07-19T03:48:49Z,card,
4003358,8802383,IN,95.70,AUD,2025-07-19T06:55:43Z,card,
4003359,8802384,IN,287.82,EUR,2025-07-19T09:36:59Z,card,
4003360,8802043,IN,128.28,USD,2025-07-19T14:05:00Z,card,
4003361,8802385,IN,21.38,USD,2025-07-19T14:13:45Z,card,
4003362,8802324,IN,67.50,GBP,2025-07-19T14:20:00Z,cash,
4003363,8802386,IN,142.68,EUR,2025-07-19T14:27:56Z,card,
4003364,8801751,IN,112.50,GBP,2025-07-19T15:35:00Z,card,
4003365,8802323,IN,27.00,GBP,2025-07-19T18:35:00Z,cash,
4003366,8802387,IN,75.78,USD,2025-07-19T19:33:43Z,card,
4003367,8802388,IN,71.34,EUR,2025-07-19T22:31:05Z,card,
4003368,8802389,IN,243.56,USD,2025-07-20T00:26:33Z,card,
4003369,8802390,IN,161.70,AUD,2025-07-20T00:38:42Z,card,
4003370,8802332,OUT,100.80,GBP,2025-07-20T01:43:59Z,card,cancellation
4003371,8802391,IN,396.17,USD,2025-07-20T02:38:08Z,voucher,
4003372,8802392,IN,155.64,USD,2025-07-20T04:13:26Z,card,
4003373,8802393,IN,401.31,USD,2025-07-20T05:12:40Z,voucher,
4003374,8802394,IN,3.60,GBP,2025-07-20T06:26:22Z,card,
4003375,8802395,IN,25.20,GBP,2025-07-20T07:38:41Z,card,
4003376,8802396,IN,120.00,GBP,2025-07-20T08:39:07Z,card,
4003377,8802385,IN,64.14,USD,2025-07-20T11:50:00Z,cash,
4003378,8802397,IN,171.04,USD,2025-07-20T13:19:25Z,card,
4003379,8802388,OUT,57.07,EUR,2025-07-20T13:26:27Z,card,cancellation (20% fee retained)
4003380,8802398,IN,105.60,AUD,2025-07-20T13:34:49Z,card,
4003381,8802368,IN,27.00,GBP,2025-07-20T14:20:00Z,cash,
4003382,8802399,IN,134.40,GBP,2025-07-20T14:33:05Z,card,
4003383,8802325,IN,50.40,GBP,2025-07-20T16:50:00Z,cash,
4003384,8802374,IN,30.00,GBP,2025-07-20T16:56:10Z,card,
4003385,8802041,IN,251.84,EUR,2025-07-20T17:20:00Z,card,
4003386,8802400,IN,75.78,USD,2025-07-20T17:27:23Z,card,
4003387,8802401,IN,134.40,GBP,2025-07-20T17:29:03Z,card,
4003388,8802395,IN,75.60,GBP,2025-07-20T17:50:00Z,cash,
4003389,8801547,IN,100.80,GBP,2025-07-20T18:05:00Z,cash,
4003390,8802402,IN,178.35,EUR,2025-07-20T18:07:20Z,card,
4003391,8802403,IN,285.36,EUR,2025-07-20T18:11:18Z,card,
4003392,8802359,IN,151.20,GBP,2025-07-20T18:20:00Z,cash,
4003393,8802404,IN,37.89,USD,2025-07-20T19:23:11Z,card,
4003394,8802405,IN,48.71,USD,2025-07-20T20:08:51Z,card,
4003395,8802406,IN,396.17,USD,2025-07-20T21:09:03Z,card,
4003396,8802407,IN,36.00,GBP,2025-07-20T21:17:45Z,voucher,
4003397,8802408,IN,36.54,USD,2025-07-20T22:51:20Z,card,
4003398,8802409,IN,31.90,AUD,2025-07-20T23:26:50Z,card,
4003399,8802410,IN,52.80,AUD,2025-07-21T09:40:16Z,card,
4003400,8802411,IN,100.80,GBP,2025-07-21T11:10:29Z,card,
4003401,8802408,IN,109.60,USD,2025-07-21T13:35:00Z,cash,
4003402,8802412,IN,120.00,GBP,2025-07-21T13:37:06Z,card,
4003403,8802412,IN,30.00,GBP,2025-07-21T13:46:11Z,card,
4003404,8802413,IN,146.14,USD,2025-07-21T15:37:40Z,card,
4003405,8802389,IN,97.43,USD,2025-07-21T15:56:43Z,card,
4003406,8802414,IN,70.75,USD,2025-07-21T17:26:38Z,card,
4003407,8802036,IN,155.90,EUR,2025-07-21T17:50:00Z,card,
4003408,8802415,IN,679.14,USD,2025-07-21T19:21:31Z,voucher,
4003409,8802416,IN,60.00,GBP,2025-07-21T20:10:59Z,card,
4003410,8802417,IN,37.50,GBP,2025-07-21T20:55:40Z,card,
4003411,8802418,IN,48.71,USD,2025-07-22T00:24:59Z,card,
4003412,8802419,IN,12.18,USD,2025-07-22T04:57:38Z,card,
4003413,8802420,IN,16.80,GBP,2025-07-22T10:33:44Z,card,
4003414,8802421,IN,1.20,GBP,2025-07-22T12:22:51Z,card,
4003415,8802422,IN,26.40,AUD,2025-07-22T12:29:12Z,voucher,
4003416,8802421,IN,3.60,GBP,2025-07-22T12:50:00Z,card,
4003417,8802102,IN,160.51,EUR,2025-07-22T17:20:00Z,cash,
4003418,8802423,IN,60.00,GBP,2025-07-22T17:57:10Z,card,
4003419,8802424,IN,108.00,GBP,2025-07-22T19:04:17Z,voucher,
4003420,8802425,IN,16.80,GBP,2025-07-22T20:03:46Z,card,
4003421,8802426,IN,4.80,GBP,2025-07-22T20:23:11Z,card,
4003422,8802427,IN,37.50,GBP,2025-07-22T22:34:35Z,card,
4003423,8802428,IN,161.70,AUD,2025-07-22T23:03:12Z,card,
4003424,8802429,IN,243.56,USD,2025-07-23T03:25:31Z,voucher,
4003425,8802430,IN,256.55,USD,2025-07-23T04:05:55Z,card,
4003426,8802431,IN,95.70,AUD,2025-07-23T06:20:55Z,card,
4003427,8802432,IN,35.67,EUR,2025-07-23T09:05:46Z,card,
4003428,8802433,IN,105.60,AUD,2025-07-23T09:18:07Z,card,
4003429,8802434,IN,146.14,USD,2025-07-23T12:56:08Z,card,
4003430,8802434,IN,97.42,USD,2025-07-23T13:09:54Z,card,
4003431,8802435,IN,452.76,USD,2025-07-23T14:04:16Z,voucher,
4003432,8802436,IN,50.17,USD,2025-07-23T15:15:14Z,card,
4003433,8802437,IN,90.00,GBP,2025-07-23T18:51:27Z,card,
4003434,8802438,IN,481.57,USD,2025-07-23T21:52:24Z,card,
4003435,8802439,IN,97.43,USD,2025-07-23T22:41:34Z,card,
4003436,8802440,IN,13.20,AUD,2025-07-23T22:49:36Z,card,
4003437,8802441,IN,53.90,AUD,2025-07-23T23:58:54Z,card,
4003438,8802442,IN,240.79,USD,2025-07-24T01:45:50Z,card,
4003439,8802443,IN,441.44,USD,2025-07-24T02:36:29Z,card,
4003440,8802394,OUT,3.60,GBP,2025-07-24T02:53:25Z,card,cancellation
4003441,8802444,IN,105.60,AUD,2025-07-24T03:32:43Z,card,
4003442,8802445,IN,146.14,USD,2025-07-24T03:38:49Z,card,
4003443,8802441,IN,107.80,AUD,2025-07-24T03:48:59Z,card,
4003444,8802410,IN,52.80,AUD,2025-07-24T04:36:18Z,card,
4003445,8802376,IN,111.65,AUD,2025-07-24T07:05:00Z,card,
4003446,8802446,IN,83.95,EUR,2025-07-24T07:44:05Z,card,
4003447,8802447,IN,18.00,GBP,2025-07-24T08:53:48Z,card,
4003448,8802403,OUT,71.34,EUR,2025-07-24T09:00:00Z,card,goodwill
4003449,8802448,IN,127.60,AUD,2025-07-24T10:23:29Z,card,
4003450,8802449,IN,97.43,USD,2025-07-24T14:07:37Z,card,
4003451,8802450,IN,48.71,USD,2025-07-24T14:43:03Z,card,
4003452,8802451,IN,427.59,USD,2025-07-24T16:27:25Z,card,
4003453,8802116,IN,143.91,EUR,2025-07-24T17:50:00Z,card,
4003454,8802428,OUT,129.36,AUD,2025-07-24T19:14:56Z,card,cancellation (20% fee retained)
4003455,8802452,IN,339.57,USD,2025-07-24T19:32:24Z,voucher,
4003456,8802398,OUT,105.60,AUD,2025-07-24T22:20:52Z,card,cancellation
4003457,8802453,IN,452.76,USD,2025-07-25T01:03:20Z,card,
4003458,8802454,IN,6.60,AUD,2025-07-25T04:19:30Z,card,
4003459,8802455,IN,95.94,EUR,2025-07-25T06:03:29Z,card,
4003460,8802456,IN,3.60,GBP,2025-07-25T06:54:33Z,card,
4003461,8802457,IN,108.00,GBP,2025-07-25T08:02:40Z,voucher,
4003462,8802458,IN,287.82,EUR,2025-07-25T10:38:47Z,card,
4003463,8802459,IN,113.66,USD,2025-07-25T12:15:27Z,card,
4003464,8802439,IN,48.71,USD,2025-07-25T12:22:57Z,card,
4003465,8802460,IN,108.00,GBP,2025-07-25T13:29:23Z,card,
4003466,8802461,IN,194.85,USD,2025-07-25T13:35:53Z,card,
4003467,8802460,IN,18.00,GBP,2025-07-25T14:01:31Z,card,
4003468,8802459,IN,37.89,USD,2025-07-25T14:55:06Z,card,
4003469,8802462,IN,30.00,GBP,2025-07-25T15:26:09Z,card,
4003470,8802463,IN,9.00,GBP,2025-07-25T15:57:28Z,card,
4003471,8802427,IN,112.50,GBP,2025-07-25T17:35:00Z,cash,
4003472,8802464,IN,168.00,GBP,2025-07-25T18:35:49Z,card,
4003473,8802392,IN,466.91,USD,2025-07-25T19:50:00Z,cash,
4003474,8802446,IN,299.81,EUR,2025-07-25T20:35:00Z,card,
4003475,8802465,IN,9.47,USD,2025-07-25T23:11:09Z,card,
4003476,8802466,IN,106.90,USD,2025-07-25T23:15:40Z,card,
4003477,8801637,IN,23.92,AUD,2025-07-26T02:05:00Z,card,
4003478,8802467,IN,168.00,GBP,2025-07-26T07:10:37Z,voucher,
4003479,8802468,IN,17.84,EUR,2025-07-26T10:05:03Z,card,
4003480,8802469,IN,287.82,EUR,2025-07-26T11:43:28Z,voucher,
4003481,8802470,IN,146.14,USD,2025-07-26T12:17:49Z,card,
4003482,8802471,IN,72.00,GBP,2025-07-26T12:21:17Z,card,
4003483,8802472,IN,85.52,USD,2025-07-26T13:02:44Z,voucher,
4003484,8802473,IN,37.89,USD,2025-07-26T14:04:47Z,card,
4003485,8802474,IN,71.34,EUR,2025-07-26T16:23:34Z,voucher,
4003486,8802475,IN,23.99,EUR,2025-07-26T16:53:28Z,card,
4003487,8802462,IN,90.00,GBP,2025-07-26T17:20:00Z,cash,
4003488,8802476,IN,13.50,GBP,2025-07-26T19:22:43Z,card,
4003489,8802202,IN,67.50,GBP,2025-07-26T19:35:00Z,cash,
4003490,8802477,IN,60.00,GBP,2025-07-26T19:47:06Z,card,
4003491,8802478,IN,120.00,GBP,2025-07-26T21:36:54Z,card,
4003492,8802479,IN,36.54,USD,2025-07-27T00:08:44Z,card,
4003493,8802480,IN,256.55,USD,2025-07-27T03:53:57Z,card,
4003494,8802481,IN,48.71,USD,2025-07-27T04:08:13Z,card,
4003495,8802482,IN,33.60,GBP,2025-07-27T06:07:06Z,card,
4003496,8802483,IN,168.00,GBP,2025-07-27T06:25:35Z,voucher,
4003497,8802484,IN,13.20,AUD,2025-07-27T06:38:15Z,card,
4003498,8802485,IN,180.00,GBP,2025-07-27T07:35:48Z,voucher,
4003499,8802450,IN,97.43,USD,2025-07-27T08:59:27Z,card,
4003500,8802482,IN,134.40,GBP,2025-07-27T11:35:00Z,card,
4003501,8802245,IN,251.84,EUR,2025-07-27T12:20:00Z,card,
4003502,8802486,IN,44.59,EUR,2025-07-27T13:07:30Z,card,
4003503,8802487,IN,75.78,USD,2025-07-27T14:42:11Z,card,
4003504,8802447,IN,54.00,GBP,2025-07-27T17:35:00Z,card,
4003505,8802425,IN,50.40,GBP,2025-07-27T17:50:00Z,card,
4003506,8802486,IN,133.76,EUR,2025-07-27T18:20:00Z,card,
4003507,8801609,IN,80.26,EUR,2025-07-27T19:05:00Z,card,
4003508,8802463,IN,27.00,GBP,2025-07-27T19:35:00Z,cash,
4003509,8802488,IN,214.02,EUR,2025-07-27T19:54:13Z,card,
4003510,8802489,IN,240.79,USD,2025-07-27T20:45:14Z,card,
4003511,8802490,IN,26.40,AUD,2025-07-28T02:55:41Z,card,
4003512,8802375,OUT,13.20,AUD,2025-07-28T03:00:00Z,card,goodwill
4003513,8802491,IN,95.70,AUD,2025-07-28T03:08:59Z,voucher,
4003514,8802322,OUT,172.48,AUD,2025-07-28T04:03:29Z,card,cancellation (20% fee retained)
4003515,8802492,IN,178.35,EUR,2025-07-28T06:34:21Z,voucher,
4003516,8802469,OUT,28.78,EUR,2025-07-28T06:45:00Z,voucher,goodwill
4003517,8802493,IN,63.80,AUD,2025-07-28T07:12:02Z,card,
4003518,8802494,IN,120.00,GBP,2025-07-28T08:28:44Z,voucher,
4003519,8802495,IN,63.80,AUD,2025-07-28T09:23:30Z,card,
4003520,8802496,IN,178.35,EUR,2025-07-28T10:20:11Z,card,
4003521,8802497,IN,48.71,USD,2025-07-28T13:56:54Z,card,
4003522,8802498,IN,60.00,GBP,2025-07-28T14:28:37Z,card,
4003523,8802499,IN,83.95,EUR,2025-07-28T16:23:31Z,card,
4003524,8802500,IN,83.95,EUR,2025-07-28T16:38:09Z,card,
4003525,8802501,IN,282.98,USD,2025-07-28T18:46:30Z,voucher,
4003526,8802499,IN,251.84,EUR,2025-07-28T20:20:00Z,card,
4003527,8802502,IN,60.89,USD,2025-07-29T02:24:24Z,card,
4003528,8802503,IN,107.80,AUD,2025-07-29T04:23:29Z,card,
4003529,8802504,IN,100.80,GBP,2025-07-29T08:27:43Z,voucher,
4003530,8802505,IN,180.00,GBP,2025-07-29T09:18:14Z,card,
4003531,8802506,IN,60.89,USD,2025-07-29T13:02:39Z,card,
4003532,8802507,IN,146.14,USD,2025-07-29T13:22:39Z,card,
4003533,8802508,IN,100.80,GBP,2025-07-29T13:47:42Z,card,
4003534,8802509,IN,30.00,GBP,2025-07-29T13:54:02Z,card,
4003535,8802510,IN,383.76,EUR,2025-07-29T14:07:19Z,card,
4003536,8801800,OUT,401.31,USD,2025-07-29T15:14:02Z,voucher,cancellation
4003537,8802239,IN,142.08,USD,2025-07-29T16:20:00Z,cash,
4003538,8802511,IN,71.34,EUR,2025-07-29T21:11:04Z,voucher,
4003539,8802512,IN,243.56,USD,2025-07-29T21:43:39Z,voucher,
4003540,8802513,IN,47.97,EUR,2025-07-29T22:11:11Z,card,
4003541,8802514,IN,99.04,USD,2025-07-29T23:16:19Z,card,
4003542,8802515,IN,26.40,AUD,2025-07-30T01:19:06Z,card,
4003543,8802516,IN,27.00,GBP,2025-07-30T07:52:08Z,card,
4003544,8802517,IN,90.00,GBP,2025-07-30T09:11:29Z,voucher,
4003545,8802518,IN,31.90,AUD,2025-07-30T09:43:01Z,voucher,
4003546,8802519,IN,201.60,GBP,2025-07-30T10:29:53Z,card,
4003547,8802520,IN,240.79,USD,2025-07-30T15:07:37Z,card,
4003548,8802521,IN,3.60,GBP,2025-07-30T18:41:53Z,card,
4003549,8802522,IN,113.66,USD,2025-07-30T18:48:19Z,card,
4003550,8802523,IN,95.94,EUR,2025-07-30T20:25:22Z,card,
4003551,8802524,IN,95.94,EUR,2025-07-30T21:33:39Z,voucher,
4003552,8802525,IN,150.00,GBP,2025-07-30T22:15:26Z,card,
4003553,8802526,IN,113.66,USD,2025-07-31T02:54:45Z,card,
4003554,8802527,IN,53.90,AUD,2025-07-31T03:09:20Z,card,
4003555,8802528,IN,15.00,GBP,2025-07-31T07:08:26Z,card,
4003556,8802529,IN,72.00,GBP,2025-07-31T08:16:13Z,card,
4003557,8802530,IN,79.20,AUD,2025-07-31T08:57:26Z,voucher,
4003558,8802531,IN,105.60,AUD,2025-07-31T13:04:59Z,card,
4003559,8802226,IN,28.42,USD,2025-07-31T13:20:00Z,card,
4003560,8802532,IN,75.78,USD,2025-07-31T13:25:43Z,card,
4003561,8802533,IN,42.00,GBP,2025-07-31T15:20:08Z,card,
4003562,8802534,IN,396.17,USD,2025-07-31T15:35:08Z,voucher,
4003563,8802535,IN,201.60,GBP,2025-07-31T15:58:29Z,card,
4003564,8802536,IN,71.34,EUR,2025-07-31T16:04:38Z,card,
4003565,8802537,IN,189.44,USD,2025-07-31T16:15:40Z,voucher,
4003566,8802538,IN,90.00,GBP,2025-07-31T16:24:37Z,card,
4003567,8802539,IN,84.89,USD,2025-07-31T16:40:36Z,card,
4003568,8802540,IN,16.80,GBP,2025-07-31T17:26:47Z,card,
4003569,8802541,IN,70.75,USD,2025-07-31T17:38:20Z,card,
4003570,8802500,IN,251.84,EUR,2025-07-31T17:50:00Z,card,
4003571,8802517,OUT,45.00,GBP,2025-07-31T19:00:00Z,voucher,goodwill
4003572,8802542,IN,90.00,GBP,2025-07-31T19:50:31Z,voucher,
4003573,8802543,IN,71.34,EUR,2025-07-31T21:03:29Z,card,
4003574,8802544,IN,321.05,USD,2025-07-31T21:16:46Z,card,
4003575,8802545,IN,85.52,USD,2025-07-31T23:09:19Z,card,
4003576,8802546,IN,31.90,AUD,2025-07-31T23:41:07Z,card,
4003577,8802547,IN,80.26,USD,2025-07-31T23:44:34Z,card,
4003578,8802548,IN,60.20,USD,2025-08-01T04:55:56Z,card,
4003579,8802549,IN,75.78,USD,2025-08-01T04:58:53Z,card,
4003580,8802413,OUT,146.14,USD,2025-08-01T07:27:00Z,card,cancellation
4003581,8802550,IN,249.69,EUR,2025-08-01T09:24:12Z,card,
4003582,8802551,IN,95.94,EUR,2025-08-01T11:42:05Z,voucher,
4003583,8802552,IN,90.00,GBP,2025-08-01T12:07:40Z,card,
4003584,8802465,IN,28.42,USD,2025-08-01T13:20:00Z,cash,
4003585,8802553,IN,60.20,USD,2025-08-01T13:51:01Z,card,
4003586,8802543,IN,214.02,EUR,2025-08-01T14:35:00Z,cash,
4003587,8802554,IN,60.00,GBP,2025-08-01T16:06:40Z,card,
4003588,8802254,IN,151.20,GBP,2025-08-01T16:20:00Z,cash,
4003589,8802555,IN,107.01,EUR,2025-08-01T17:14:40Z,card,
4003590,8802556,IN,85.52,USD,2025-08-01T17:42:45Z,card,
4003591,8802557,IN,28.42,USD,2025-08-01T18:15:21Z,card,
4003592,8802378,IN,107.01,EUR,2025-08-01T20:35:00Z,card,
4003593,8802558,IN,679.14,USD,2025-08-01T22:16:36Z,card,
4003594,8802559,IN,127.60,AUD,2025-08-01T23:50:13Z,voucher,
4003595,8802560,IN,6.60,AUD,2025-08-02T01:10:25Z,card,
4003596,8802561,IN,85.52,USD,2025-08-02T01:54:59Z,card,
4003597,8802560,IN,19.80,AUD,2025-08-02T02:35:00Z,cash,
4003598,8802562,IN,18.00,GBP,2025-08-02T06:15:35Z,card,
4003599,8802563,IN,285.36,EUR,2025-08-02T07:34:54Z,voucher,
4003600,8802564,IN,67.20,GBP,2025-08-02T08:16:45Z,card,
4003601,8802481,IN,146.14,USD,2025-08-02T13:50:00Z,cash,
4003602,8802059,IN,179.89,EUR,2025-08-02T14:20:00Z,card,
4003603,8802556,IN,427.59,USD,2025-08-02T14:20:00Z,card,
4003604,8802565,IN,53.51,EUR,2025-08-02T16:48:32Z,card,
4003605,8802399,OUT,134.40,GBP,2025-08-02T17:23:19Z,card,cancellation
4003606,8802222,IN,215.86,EUR,2025-08-02T18:05:00Z,cash,
4003607,8802432,IN,107.01,EUR,2025-08-02T19:20:00Z,cash,
4003608,8802541,IN,212.23,USD,2025-08-02T22:05:00Z,cash,
4003609,8802566,IN,71.34,EUR,2025-08-02T22:06:57Z,card,
4003610,8802567,IN,31.90,AUD,2025-08-02T22:36:28Z,voucher,
4003611,8802568,IN,24.36,USD,2025-08-02T23:54:30Z,card,
4003612,8802457,IN,18.00,GBP,2025-08-03T00:19:42Z,card,
4003613,8802569,IN,97.43,USD,2025-08-03T00:41:36Z,card,
4003614,8802522,OUT,90.93,USD,2025-08-03T01:54:25Z,card,cancellation (20% fee retained)
4003615,8802570,IN,48.71,USD,2025-08-03T03:01:50Z,voucher,
4003616,8802480,OUT,205.24,USD,2025-08-03T05:44:24Z,card,cancellation (20% fee retained)
4003617,8802571,IN,143.91,EUR,2025-08-03T06:23:58Z,card,
4003618,8802572,IN,16.80,GBP,2025-08-03T09:36:53Z,card,
4003619,8802573,IN,13.48,AUD,2025-08-03T11:36:00Z,card,
4003620,8802574,IN,35.67,EUR,2025-08-03T11:37:19Z,card,
4003621,8802575,IN,239.85,EUR,2025-08-03T11:47:40Z,card,
4003622,8802576,IN,95.94,EUR,2025-08-03T11:55:33Z,card,
4003623,8802577,IN,53.90,AUD,2025-08-03T12:32:34Z,card,
4003624,8802578,IN,168.00,GBP,2025-08-03T12:35:11Z,card,
4003625,8802576,IN,47.97,EUR,2025-08-03T13:31:12Z,card,
4003626,8802579,IN,127.60,AUD,2025-08-03T13:39:14Z,voucher,
4003627,8802547,IN,240.79,USD,2025-08-03T14:50:00Z,cash,
4003628,8802580,IN,239.85,EUR,2025-08-03T15:14:15Z,voucher,
4003629,8802565,IN,196.18,EUR,2025-08-03T15:50:00Z,card,
4003630,8802581,IN,509.36,USD,2025-08-03T15:57:15Z,card,
4003631,8802581,IN,56.59,USD,2025-08-03T16:10:20Z,card,
4003632,8801670,OUT,144.00,GBP,2025-08-03T16:50:25Z,card,cancellation
4003633,8802574,IN,107.01,EUR,2025-08-03T18:35:00Z,card,
4003634,8802345,IN,180.59,USD,2025-08-03T19:20:00Z,card,
4003635,8802582,IN,6.60,AUD,2025-08-04T00:33:25Z,card,
4003636,8802582,IN,19.80,AUD,2025-08-04T01:20:00Z,card,
4003637,8802583,IN,26.40,AUD,2025-08-04T01:40:45Z,voucher,
4003638,8802407,OUT,28.80,GBP,2025-08-04T02:53:37Z,voucher,cancellation (20% fee retained)
4003639,8801538,IN,23.92,AUD,2025-08-04T04:50:00Z,cash,
4003640,8802584,IN,108.00,GBP,2025-08-04T06:05:58Z,card,
4003641,8802585,IN,54.00,GBP,2025-08-04T06:14:20Z,card,
4003642,8802515,IN,79.20,AUD,2025-08-04T06:50:00Z,cash,
4003643,8802586,IN,30.00,GBP,2025-08-04T06:51:50Z,card,
4003644,8802587,IN,59.96,EUR,2025-08-04T10:35:01Z,card,
4003645,8802588,IN,71.96,EUR,2025-08-04T11:10:07Z,card,
4003646,8802363,OUT,107.01,EUR,2025-08-04T11:26:01Z,card,cancellation
4003647,8802589,IN,243.56,USD,2025-08-04T12:00:35Z,card,
4003648,8802590,IN,256.55,USD,2025-08-04T14:54:17Z,voucher,
4003649,8802586,IN,90.00,GBP,2025-08-04T16:50:00Z,card,
4003650,8802476,IN,40.50,GBP,2025-08-04T18:20:00Z,card,
4003651,8802588,IN,215.86,EUR,2025-08-04T19:35:00Z,card,
4003652,8802591,IN,60.00,GBP,2025-08-04T20:25:49Z,card,
4003653,8802592,IN,127.60,AUD,2025-08-04T22:08:28Z,card,
4003654,8802593,IN,60.89,USD,2025-08-04T22:39:41Z,card,
4003655,8802594,IN,441.44,USD,2025-08-04T22:45:16Z,card,
4003656,8802595,IN,52.80,AUD,2025-08-05T01:00:41Z,card,
4003657,8802595,IN,26.40,AUD,2025-08-05T02:28:49Z,card,
4003658,8802596,IN,6.60,AUD,2025-08-05T03:13:27Z,card,
4003659,8802597,IN,13.48,AUD,2025-08-05T04:59:39Z,card,
4003660,8802597,IN,40.42,AUD,2025-08-05T06:20:00Z,cash,
4003661,8802598,IN,134.40,GBP,2025-08-05T06:29:37Z,card,
4003662,8802599,IN,95.94,EUR,2025-08-05T09:09:11Z,card,
4003663,8802600,IN,17.84,EUR,2025-08-05T11:47:22Z,card,
4003664,8802231,IN,182.67,USD,2025-08-05T12:20:00Z,cash,
4003665,8802218,IN,85.24,USD,2025-08-05T15:20:00Z,card,
4003666,8802601,IN,178.35,EUR,2025-08-05T17:26:41Z,voucher,
4003667,8802602,IN,134.40,GBP,2025-08-05T18:10:58Z,card,
4003668,8802533,IN,159.60,GBP,2025-08-05T19:05:00Z,cash,
4003669,8802603,IN,42.00,GBP,2025-08-05T20:04:28Z,card,
4003670,8802604,IN,194.85,USD,2025-08-05T21:32:39Z,card,
4003671,8801538,OUT,3.19,AUD,2025-08-05T23:00:00Z,card,goodwill
4003672,8802605,IN,64.14,USD,2025-08-06T00:07:55Z,card,
4003673,8802606,IN,160.52,USD,2025-08-06T00:11:03Z,card,
4003674,8802607,IN,19.80,AUD,2025-08-06T01:11:51Z,card,
4003675,8802608,IN,282.98,USD,2025-08-06T03:16:45Z,voucher,
4003676,8802609,IN,335.79,EUR,2025-08-06T07:15:11Z,card,
4003677,8802610,IN,180.00,GBP,2025-08-06T13:56:11Z,card,
4003678,8802611,IN,287.82,EUR,2025-08-06T15:21:31Z,voucher,
4003679,8802612,IN,679.14,USD,2025-08-06T16:11:31Z,card,
4003680,8802608,IN,113.19,USD,2025-08-06T17:29:20Z,card,
4003681,8802540,IN,117.60,GBP,2025-08-06T19:20:00Z,cash,
4003682,8802613,IN,107.80,AUD,2025-08-06T23:24:03Z,card,
4003683,8801864,OUT,26.40,AUD,2025-08-07T00:37:00Z,voucher,cancellation
4003684,8802614,IN,110.36,USD,2025-08-07T01:37:27Z,card,
4003685,8802615,IN,7.98,AUD,2025-08-07T02:18:00Z,card,
4003686,8802616,IN,107.80,AUD,2025-08-07T02:19:23Z,card,
4003687,8802495,OUT,63.80,AUD,2025-08-07T02:52:54Z,card,cancellation
4003688,8802617,IN,622.55,USD,2025-08-07T04:12:20Z,card,
4003689,8802618,IN,226.38,USD,2025-08-07T04:36:37Z,card,
4003690,8802594,IN,80.26,USD,2025-08-07T04:38:54Z,card,
4003691,8802611,IN,47.97,EUR,2025-08-07T05:16:13Z,card,
4003692,8802619,IN,339.57,USD,2025-08-07T05:24:07Z,voucher,
4003693,8802546,IN,95.70,AUD,2025-08-07T05:50:00Z,cash,
4003694,8802620,IN,95.94,EUR,2025-08-07T07:52:57Z,card,
4003695,8802621,IN,26.40,AUD,2025-08-07T08:20:48Z,card,
4003696,8802622,IN,127.60,AUD,2025-08-07T08:37:39Z,card,
4003697,8802623,IN,22.50,GBP,2025-08-07T09:22:02Z,card,
4003698,8802624,IN,127.60,AUD,2025-08-07T09:28:26Z,card,
4003699,8802625,IN,180.00,GBP,2025-08-07T09:56:17Z,voucher,
4003700,8802626,IN,201.60,GBP,2025-08-07T12:14:46Z,voucher,
4003701,8802627,IN,60.89,USD,2025-08-07T12:47:54Z,card,
4003702,8802097,IN,128.28,USD,2025-08-07T13:20:00Z,cash,
4003703,8802621,IN,52.80,AUD,2025-08-07T14:55:18Z,card,
4003704,8802605,IN,192.41,USD,2025-08-07T15:05:00Z,cash,
4003705,8802628,IN,18.95,USD,2025-08-07T15:12:31Z,card,
4003706,8802629,IN,335.79,EUR,2025-08-07T20:34:15Z,card,
4003707,8802630,IN,107.01,EUR,2025-08-07T20:41:30Z,voucher,
4003708,8802631,IN,47.97,EUR,2025-08-07T21:15:26Z,card,
4003709,8802619,IN,56.60,USD,2025-08-07T21:26:46Z,card,
4003710,8802632,IN,60.89,USD,2025-08-07T23:14:03Z,card,
4003711,8802633,IN,679.14,USD,2025-08-07T23:53:47Z,card,
4003712,8802634,IN,19.80,AUD,2025-08-08T03:38:16Z,card,
4003713,8802635,IN,150.00,GBP,2025-08-08T06:17:10Z,voucher,
4003714,8802636,IN,214.02,EUR,2025-08-08T09:27:21Z,card,
4003715,8802627,IN,182.67,USD,2025-08-08T11:50:00Z,card,
4003716,8802416,IN,30.00,GBP,2025-08-08T11:53:20Z,card,
4003717,8802367,IN,107.01,EUR,2025-08-08T12:05:00Z,cash,
4003718,8802513,IN,143.91,EUR,2025-08-08T16:05:00Z,card,
4003719,8802637,IN,100.80,GBP,2025-08-08T16:07:29Z,card,
4003720,8802638,IN,2.40,GBP,2025-08-08T16:24:11Z,card,
4003721,8802639,IN,48.71,USD,2025-08-08T18:33:53Z,voucher,
4003722,8802640,IN,150.00,GBP,2025-08-08T18:34:55Z,card,
4003723,8802641,IN,201.60,GBP,2025-08-08T19:08:29Z,voucher,
4003724,8802516,IN,81.00,GBP,2025-08-08T19:20:00Z,cash,
4003725,8802642,IN,143.91,EUR,2025-08-08T20:42:16Z,voucher,
4003726,8802643,IN,26.40,AUD,2025-08-08T21:32:49Z,card,
4003727,8802644,IN,113.66,USD,2025-08-08T21:47:22Z,voucher,
4003728,8802645,IN,161.70,AUD,2025-08-08T21:48:39Z,card,
4003729,8802646,IN,60.89,USD,2025-08-09T00:11:31Z,card,
4003730,8802647,IN,7.98,AUD,2025-08-09T00:19:47Z,card,
4003731,8802648,IN,85.52,USD,2025-08-09T02:35:26Z,card,
4003732,8802649,IN,90.30,USD,2025-08-09T02:49:24Z,card,
4003733,8802650,IN,28.42,USD,2025-08-09T03:36:45Z,card,
4003734,8802622,OUT,127.60,AUD,2025-08-09T04:07:00Z,card,cancellation
4003735,8802651,IN,113.66,USD,2025-08-09T04:25:06Z,voucher,
4003736,8802652,IN,481.57,USD,2025-08-09T04:26:26Z,card,
4003737,8802647,IN,23.92,AUD,2025-08-09T04:50:00Z,card,
4003738,8802653,IN,239.85,EUR,2025-08-09T06:17:10Z,card,
4003739,8802654,IN,90.00,GBP,2025-08-09T06:17:42Z,card,
4003740,8802655,IN,142.68,EUR,2025-08-09T06:29:42Z,voucher,
4003741,8802655,IN,71.34,EUR,2025-08-09T08:02:08Z,card,
4003742,8802516,OUT,27.00,GBP,2025-08-09T10:30:00Z,card,goodwill
4003743,8802648,OUT,85.52,USD,2025-08-09T11:32:55Z,card,cancellation
4003744,8802656,IN,201.60,GBP,2025-08-09T12:08:40Z,voucher,
4003745,8802657,IN,106.90,USD,2025-08-09T12:46:29Z,card,
4003746,8801898,IN,109.60,USD,2025-08-09T13:20:00Z,cash,
4003747,8802557,IN,123.13,USD,2025-08-09T13:50:00Z,cash,
4003748,8802151,OUT,321.05,USD,2025-08-09T15:56:00Z,card,cancellation
4003749,8802658,IN,33.60,GBP,2025-08-09T15:59:13Z,card,
4003750,8802333,OUT,37.89,USD,2025-08-09T17:30:00Z,card,goodwill
4003751,8802631,IN,143.91,EUR,2025-08-09T18:20:00Z,card,
4003752,8802659,IN,280.92,USD,2025-08-09T18:34:54Z,voucher,
4003753,8802660,IN,151.55,USD,2025-08-09T19:08:36Z,card,
4003754,8802572,IN,50.40,GBP,2025-08-09T19:35:00Z,cash,
4003755,8802661,IN,249.69,EUR,2025-08-09T21:46:15Z,card,
4003756,8802662,IN,100.80,GBP,2025-08-09T21:59:04Z,card,
4003757,8802663,IN,215.60,AUD,2025-08-10T00:47:47Z,card,
4003758,8802664,IN,105.60,AUD,2025-08-10T02:30:47Z,card,
4003759,8802641,OUT,201.60,GBP,2025-08-10T07:44:53Z,voucher,cancellation
4003760,8802615,IN,23.92,AUD,2025-08-10T08:20:00Z,card,
4003761,8802665,IN,107.01,EUR,2025-08-10T09:52:52Z,card,
4003762,8802502,IN,182.67,USD,2025-08-10T12:05:00Z,card,
4003763,8802666,IN,100.80,GBP,2025-08-10T12:07:30Z,card,
4003764,8802667,IN,75.78,USD,2025-08-10T15:02:49Z,card,
4003765,8802668,IN,60.00,GBP,2025-08-10T16:05:09Z,card,
4003766,8802649,IN,270.88,USD,2025-08-10T16:20:00Z,cash,
4003767,8802669,IN,239.85,EUR,2025-08-10T17:52:58Z,card,
4003768,8802662,IN,67.20,GBP,2025-08-10T18:09:00Z,card,
4003769,8802670,IN,143.91,EUR,2025-08-10T19:23:21Z,card,
4003770,8802671,IN,90.00,GBP,2025-08-10T21:07:32Z,card,
4003771,8802672,IN,95.94,EUR,2025-08-10T21:10:44Z,card,
4003772,8802673,IN,90.00,GBP,2025-08-10T21:59:55Z,voucher,
4003773,8802674,IN,53.90,AUD,2025-08-10T22:56:20Z,card,
4003774,8802675,IN,37.89,USD,2025-08-10T22:59:52Z,card,
4003775,8802676,IN,40.43,AUD,2025-08-11T06:16:00Z,card,
4003776,8802604,OUT,155.88,USD,2025-08-11T06:16:35Z,card,cancellation (20% fee retained)
4003777,8802677,IN,79.20,AUD,2025-08-11T08:49:17Z,voucher,
4003778,8802678,IN,214.02,EUR,2025-08-11T09:44:52Z,voucher,
4003779,8802679,IN,19.80,AUD,2025-08-11T11:16:00Z,card,
4003780,8802366,IN,192.41,USD,2025-08-11T11:50:00Z,cash,
4003781,8802680,IN,107.80,AUD,2025-08-11T12:25:21Z,card,
4003782,8802506,IN,182.67,USD,2025-08-11T13:50:00Z,card,
4003783,8802681,IN,427.59,USD,2025-08-11T14:32:06Z,card,
4003784,8802682,IN,70.23,USD,2025-08-11T14:58:43Z,card,
4003785,8802599,IN,287.82,EUR,2025-08-11T16:50:00Z,card,
4003786,8802683,IN,72.00,GBP,2025-08-11T17:20:09Z,card,
4003787,8802684,IN,383.76,EUR,2025-08-11T17:27:10Z,card,
4003788,8802623,IN,67.50,GBP,2025-08-11T18:50:00Z,card,
4003789,8802685,IN,60.89,USD,2025-08-11T19:32:56Z,card,
4003790,8802686,IN,100.33,USD,2025-08-11T20:15:54Z,card,
4003791,8802585,IN,18.00,GBP,2025-08-11T20:27:03Z,card,
4003792,8802682,IN,210.69,USD,2025-08-11T20:50:00Z,cash,
4003793,8802531,OUT,105.60,AUD,2025-08-11T22:11:54Z,card,cancellation
4003794,8802676,IN,121.27,AUD,2025-08-11T23:50:00Z,card,
4003795,8802665,IN,71.34,EUR,2025-08-12T03:10:43Z,card,
4003796,8802687,IN,15.95,AUD,2025-08-12T05:31:51Z,card,
4003797,8802688,IN,26.40,AUD,2025-08-12T07:27:09Z,card,
4003798,8802689,IN,249.69,EUR,2025-08-12T07:28:13Z,card,
4003799,8802690,IN,95.70,AUD,2025-08-12T10:02:43Z,card,
4003800,8802691,IN,143.91,EUR,2025-08-12T10:41:55Z,card,
4003801,8802685,IN,280.10,USD,2025-08-12T10:50:00Z,card,
4003802,8802561,IN,256.55,USD,2025-08-12T11:05:00Z,cash,
4003803,8802692,IN,134.40,GBP,2025-08-12T12:13:02Z,card,
4003804,8802693,IN,134.40,GBP,2025-08-12T12:31:50Z,card,
4003805,8802694,IN,18.00,GBP,2025-08-12T12:39:24Z,card,
4003806,8802695,IN,401.31,USD,2025-08-12T13:44:31Z,card,
4003807,8802696,IN,72.00,GBP,2025-08-12T13:57:30Z,card,
4003808,8802697,IN,168.00,GBP,2025-08-12T14:09:05Z,voucher,
4003809,8802698,IN,481.57,USD,2025-08-12T15:03:04Z,card,
4003810,8802699,IN,107.01,EUR,2025-08-12T15:24:04Z,card,
4003811,8802676,OUT,40.43,AUD,2025-08-12T18:00:00Z,card,goodwill
4003812,8802700,IN,97.43,USD,2025-08-12T19:19:50Z,card,
4003813,8802678,OUT,214.02,EUR,2025-08-12T20:35:37Z,voucher,cancellation
4003814,8802701,IN,15.00,GBP,2025-08-12T21:55:54Z,card,
4003815,8802702,IN,95.94,EUR,2025-08-12T22:30:45Z,card,
4003816,8802703,IN,47.97,EUR,2025-08-12T22:46:08Z,card,
4003817,8802704,IN,321.05,USD,2025-08-13T01:05:11Z,card,
4003818,8802705,IN,171.04,USD,2025-08-13T01:32:46Z,card,
4003819,8802706,IN,226.38,USD,2025-08-13T02:44:10Z,card,
4003820,8802707,IN,9.00,GBP,2025-08-13T07:52:24Z,card,
4003821,8802708,IN,335.79,EUR,2025-08-13T08:40:51Z,card,
4003822,8802706,IN,56.60,USD,2025-08-13T09:04:59Z,card,
4003823,8802709,IN,53.90,AUD,2025-08-13T09:07:14Z,card,
4003824,8802710,IN,60.00,GBP,2025-08-13T10:18:27Z,card,
4003825,8802705,OUT,171.04,USD,2025-08-13T11:07:24Z,card,cancellation
4003826,8802711,IN,23.99,EUR,2025-08-13T11:35:10Z,card,
4003827,8802691,OUT,143.91,EUR,2025-08-13T13:19:19Z,card,cancellation
4003828,8802642,OUT,115.13,EUR,2025-08-13T13:23:58Z,voucher,cancellation (20% fee retained)
4003829,8802712,IN,361.18,USD,2025-08-13T14:10:03Z,card,
4003830,8802713,IN,107.01,EUR,2025-08-13T18:37:55Z,card,
4003831,8802714,IN,239.85,EUR,2025-08-13T21:14:38Z,card,
4003832,8802715,IN,105.60,AUD,2025-08-13T23:29:01Z,card,
4003833,8802454,IN,19.80,AUD,2025-08-14T00:20:00Z,cash,
4003834,8802700,IN,97.42,USD,2025-08-14T01:08:00Z,card,
4003835,8802699,IN,35.67,EUR,2025-08-14T02:06:12Z,card,
4003836,8802716,IN,19.80,AUD,2025-08-14T05:39:12Z,card,
4003837,8802717,IN,285.36,EUR,2025-08-14T08:15:06Z,card,
4003838,8802718,IN,42.00,GBP,2025-08-14T08:19:01Z,card,
4003839,8802719,IN,95.94,EUR,2025-08-14T08:34:59Z,card,
4003840,8802379,IN,39.60,AUD,2025-08-14T09:05:00Z,card,
4003841,8802720,IN,36.00,GBP,2025-08-14T09:39:43Z,card,
4003842,8802721,IN,64.14,USD,2025-08-14T13:58:54Z,card,
4003843,8802722,IN,37.50,GBP,2025-08-14T14:17:04Z,card,
4003844,8802723,IN,201.60,GBP,2025-08-14T15:12:09Z,card,
4003845,8802724,IN,143.91,EUR,2025-08-14T16:04:11Z,card,
4003846,8802711,IN,71.95,EUR,2025-08-14T17:20:00Z,card,
4003847,8802722,IN,112.50,GBP,2025-08-14T18:05:00Z,cash,
4003848,8802468,IN,53.50,EUR,2025-08-14T18:20:00Z,card,
4003849,8802514,IN,297.13,USD,2025-08-14T19:05:00Z,card,
4003850,8802722,OUT,75.00,GBP,2025-08-14T21:15:00Z,card,goodwill
4003851,8802725,IN,127.34,USD,2025-08-14T23:02:25Z,card,
4003852,8802726,IN,37.89,USD,2025-08-14T23:42:05Z,card,
4003853,8802727,IN,282.98,USD,2025-08-15T02:11:36Z,card,
4003854,8802687,IN,47.85,AUD,2025-08-15T04:50:00Z,cash,
4003855,8802728,IN,282.98,USD,2025-08-15T05:27:49Z,card,
4003856,8802729,IN,150.00,GBP,2025-08-15T08:29:18Z,card,
4003857,8802730,IN,383.76,EUR,2025-08-15T08:39:26Z,card,
4003858,8802731,IN,90.00,GBP,2025-08-15T11:56:09Z,card,
4003859,8802732,IN,342.07,USD,2025-08-15T12:57:48Z,card,
4003860,8802733,IN,282.98,USD,2025-08-15T14:07:12Z,card,
4003861,8802734,IN,441.44,USD,2025-08-15T14:56:02Z,card,
4003862,8802735,IN,143.91,EUR,2025-08-15T14:59:23Z,voucher,
4003863,8802736,IN,383.76,EUR,2025-08-15T15:19:35Z,card,
4003864,8802736,IN,47.97,EUR,2025-08-15T15:38:47Z,card,
4003865,8802737,IN,108.00,GBP,2025-08-15T15:52:46Z,card,
4003866,8802738,IN,84.89,USD,2025-08-15T17:20:38Z,card,
4003867,8802707,IN,27.00,GBP,2025-08-15T18:20:00Z,cash,
4003868,8802739,IN,141.49,USD,2025-08-15T18:28:23Z,card,
4003869,8802738,IN,254.68,USD,2025-08-15T19:05:00Z,card,
4003870,8802739,IN,424.46,USD,2025-08-15T19:35:00Z,card,
4003871,8802740,IN,509.36,USD,2025-08-15T21:47:50Z,voucher,
4003872,8802741,IN,15.00,GBP,2025-08-15T22:23:02Z,card,
4003873,8802713,OUT,10.70,EUR,2025-08-16T04:45:00Z,card,goodwill
4003874,8802742,IN,287.82,EUR,2025-08-16T08:41:35Z,voucher,
4003875,8802743,IN,67.20,GBP,2025-08-16T09:59:28Z,voucher,
4003876,8802744,IN,31.90,AUD,2025-08-16T12:07:00Z,card,
4003877,8802745,IN,50.17,USD,2025-08-16T13:44:46Z,card,
4003878,8802657,IN,320.69,USD,2025-08-16T13:50:00Z,card,
4003879,8802746,IN,243.56,USD,2025-08-16T13:53:05Z,voucher,
4003880,8802405,IN,146.14,USD,2025-08-16T14:05:00Z,cash,
4003881,8802747,IN,339.57,USD,2025-08-16T14:11:10Z,voucher,
4003882,8802419,IN,36.53,USD,2025-08-16T14:50:00Z,cash,
4003883,8802748,IN,142.68,EUR,2025-08-16T15:07:55Z,card,
4003884,8802745,IN,150.49,USD,2025-08-16T16:20:00Z,cash,
4003885,8802686,IN,300.98,USD,2025-08-16T16:50:00Z,cash,
4003886,8802658,IN,134.40,GBP,2025-08-16T20:05:00Z,card,
4003887,8802709,IN,269.50,AUD,2025-08-17T00:35:00Z,card,
4003888,8802749,IN,146.14,USD,2025-08-17T00:49:51Z,card,
4003889,8802750,IN,679.14,USD,2025-08-17T01:54:32Z,card,
4003890,8802751,IN,679.14,USD,2025-08-17T04:13:30Z,voucher,
4003891,8802752,IN,53.90,AUD,2025-08-17T05:08:26Z,card,
4003892,8802753,IN,107.80,AUD,2025-08-17T05:13:11Z,voucher,
4003893,8802505,OUT,180.00,GBP,2025-08-17T07:12:11Z,card,cancellation
4003894,8802618,OUT,226.38,USD,2025-08-17T07:48:12Z,card,cancellation
4003895,8802724,OUT,143.91,EUR,2025-08-17T09:15:38Z,card,cancellation
4003896,8802754,IN,95.94,EUR,2025-08-17T10:54:25Z,card,
4003897,8802147,OUT,180.00,GBP,2025-08-17T11:08:55Z,card,cancellation
4003898,8802755,IN,105.60,AUD,2025-08-17T11:28:40Z,card,
4003899,8802707,OUT,3.60,GBP,2025-08-17T11:30:00Z,card,goodwill
4003900,8802756,IN,161.70,AUD,2025-08-17T11:59:15Z,voucher,
4003901,8802466,IN,320.69,USD,2025-08-17T14:05:00Z,card,
4003902,8802757,IN,47.36,USD,2025-08-17T14:58:35Z,card,
4003903,8802758,IN,71.34,EUR,2025-08-17T15:28:56Z,card,
4003904,8802759,IN,134.40,GBP,2025-08-17T15:59:14Z,card,
4003905,8802420,IN,50.40,GBP,2025-08-17T16:50:00Z,cash,
4003906,8802701,IN,45.00,GBP,2025-08-17T19:20:00Z,card,
4003907,8802702,IN,287.82,EUR,2025-08-17T19:35:00Z,cash,
4003908,8802760,IN,194.85,USD,2025-08-17T21:02:37Z,card,
4003909,8802761,IN,200.66,USD,2025-08-17T21:39:41Z,voucher,
4003910,8802762,IN,679.14,USD,2025-08-17T22:03:57Z,card,
4003911,8802763,IN,42.76,USD,2025-08-17T22:17:18Z,card,
4003912,8802764,IN,240.79,USD,2025-08-17T22:21:03Z,card,
4003913,8802765,IN,90.00,GBP,2025-08-17T22:38:48Z,card,
4003914,8802766,IN,31.90,AUD,2025-08-18T04:15:25Z,card,
4003915,8802509,IN,90.00,GBP,2025-08-18T15:05:00Z,card,
4003916,8802767,IN,80.26,USD,2025-08-18T16:41:46Z,card,
4003917,8802768,IN,97.43,USD,2025-08-18T17:05:05Z,card,
4003918,8802003,IN,90.00,GBP,2025-08-18T18:20:00Z,cash,
4003919,8802769,IN,113.66,USD,2025-08-18T18:26:53Z,card,
4003920,8802770,IN,90.00,GBP,2025-08-18T19:41:28Z,voucher,
4003921,8802771,IN,18.95,USD,2025-08-18T19:44:35Z,card,
4003922,8802772,IN,151.55,USD,2025-08-18T20:24:15Z,card,
4003923,8802773,IN,26.40,AUD,2025-08-19T00:42:39Z,card,
4003924,8802774,IN,146.14,USD,2025-08-19T00:51:57Z,voucher,
4003925,8802775,IN,53.90,AUD,2025-08-19T01:36:16Z,card,
4003926,8802776,IN,85.52,USD,2025-08-19T02:21:22Z,card,
4003927,8802777,IN,12.18,USD,2025-08-19T03:38:28Z,card,
4003928,8802778,IN,90.30,USD,2025-08-19T05:31:15Z,card,
4003929,8802484,IN,39.60,AUD,2025-08-19T05:50:00Z,card,
4003930,8801990,IN,3.00,GBP,2025-08-19T09:20:00Z,card,
4003931,8802779,IN,105.60,AUD,2025-08-19T10:00:07Z,card,
4003932,8802768,IN,48.71,USD,2025-08-19T15:27:54Z,card,
4003933,8802718,IN,126.00,GBP,2025-08-19T16:20:00Z,card,
4003934,8802780,IN,71.96,EUR,2025-08-19T16:27:42Z,card,
4003935,8802781,IN,481.57,USD,2025-08-19T17:49:29Z,card,
4003936,8802782,IN,22.50,GBP,2025-08-19T20:29:25Z,card,
4003937,8802783,IN,19.80,AUD,2025-08-20T00:03:41Z,card,
4003938,8802737,OUT,108.00,GBP,2025-08-20T00:10:21Z,card,cancellation
4003939,8802784,IN,509.36,USD,2025-08-20T02:31:48Z,card,
4003940,8802785,IN,335.79,EUR,2025-08-20T09:20:43Z,voucher,
4003941,8802786,IN,83.95,EUR,2025-08-20T10:45:33Z,card,
4003942,8802763,IN,128.28,USD,2025-08-20T12:20:00Z,cash,
4003943,8802787,IN,97.43,USD,2025-08-20T12:29:05Z,card,
4003944,8802776,IN,256.55,USD,2025-08-20T13:50:00Z,cash,
4003945,8802786,IN,251.84,EUR,2025-08-20T14:05:00Z,cash,
4003946,8802788,IN,80.26,USD,2025-08-20T14:22:32Z,card,
4003947,8802789,IN,226.38,USD,2025-08-20T15:14:22Z,card,
4003948,8802790,IN,239.85,EUR,2025-08-20T15:37:23Z,card,
4003949,8802791,IN,189.44,USD,2025-08-20T17:24:00Z,voucher,
4003950,8802788,IN,240.79,USD,2025-08-20T17:50:00Z,cash,
4003951,8802414,IN,212.23,USD,2025-08-20T18:20:00Z,cash,
4003952,8802792,IN,72.00,GBP,2025-08-20T18:26:08Z,card,
4003953,8802793,IN,396.17,USD,2025-08-20T20:03:30Z,card,
4003954,8802794,IN,37.89,USD,2025-08-20T21:20:16Z,card,
4003955,8802634,IN,59.40,AUD,2025-08-21T02:20:00Z,card,
4003956,8802242,OUT,4.80,GBP,2025-08-21T02:22:33Z,card,cancellation
4003957,8802795,IN,107.80,AUD,2025-08-21T06:35:49Z,card,
4003958,8802796,IN,71.34,EUR,2025-08-21T07:38:44Z,card,
4003959,8802797,IN,27.00,GBP,2025-08-21T08:18:21Z,card,
4003960,8802798,IN,72.00,GBP,2025-08-21T10:35:47Z,card,
4003961,8802799,IN,150.00,GBP,2025-08-21T11:09:04Z,voucher,
4003962,8802800,IN,143.91,EUR,2025-08-21T11:17:34Z,voucher,
4003963,8802708,OUT,33.58,EUR,2025-08-21T11:30:00Z,card,goodwill
4003964,8802801,IN,168.00,GBP,2025-08-21T12:11:10Z,card,
4003965,8802802,IN,90.30,USD,2025-08-21T13:22:49Z,card,
4003966,8802803,IN,53.51,EUR,2025-08-21T13:25:03Z,card,
4003967,8802804,IN,452.76,USD,2025-08-21T13:48:19Z,card,
4003968,8802805,IN,427.59,USD,2025-08-21T14:12:22Z,card,
4003969,8802650,IN,85.24,USD,2025-08-21T14:20:00Z,card,
4003970,8802806,IN,200.66,USD,2025-08-21T16:16:09Z,card,
4003971,8802807,IN,282.98,USD,2025-08-21T16:26:24Z,card,
4003972,8802808,IN,280.92,USD,2025-08-21T17:11:25Z,card,
4003973,8802809,IN,48.71,USD,2025-08-21T17:25:54Z,card,
4003974,8802810,IN,240.79,USD,2025-08-21T17:50:19Z,voucher,
4003975,8802811,IN,427.59,USD,2025-08-21T18:26:47Z,card,
4003976,8802780,IN,215.86,EUR,2025-08-21T18:50:00Z,card,
4003977,8802812,IN,44.59,EUR,2025-08-21T19:29:46Z,card,
4003978,8802813,IN,160.52,USD,2025-08-21T21:07:58Z,card,
4003979,8802814,IN,19.80,AUD,2025-08-21T21:16:31Z,card,
4003980,8802815,IN,21.38,USD,2025-08-21T21:41:36Z,card,
4003981,8802816,IN,90.00,GBP,2025-08-21T22:22:11Z,card,
4003982,8802817,IN,31.90,AUD,2025-08-21T23:50:13Z,card,
4003983,8802818,IN,127.34,USD,2025-08-22T00:26:09Z,card,
4003984,8802819,IN,7.98,AUD,2025-08-22T01:31:30Z,card,
4003985,8802820,IN,75.78,USD,2025-08-22T01:37:31Z,card,
4003986,8802821,IN,15.95,AUD,2025-08-22T02:14:52Z,card,
4003987,8802822,IN,161.70,AUD,2025-08-22T03:13:19Z,card,
4003988,8802823,IN,95.70,AUD,2025-08-22T03:56:35Z,card,
4003989,8802783,IN,59.40,AUD,2025-08-22T04:20:00Z,cash,
4003990,8802824,IN,342.07,USD,2025-08-22T04:49:03Z,card,
4003991,8802817,IN,95.70,AUD,2025-08-22T06:05:00Z,cash,
4003992,8802819,IN,23.92,AUD,2025-08-22T07:20:00Z,cash,
4003993,8802558,OUT,543.31,USD,2025-08-22T08:23:00Z,card,cancellation (20% fee retained)
4003994,8802825,IN,150.00,GBP,2025-08-22T12:13:25Z,voucher,
4003995,8802826,IN,134.40,GBP,2025-08-22T12:26:16Z,card,
4003996,8802827,IN,48.71,USD,2025-08-22T13:25:33Z,card,
4003997,8802828,IN,21.38,USD,2025-08-22T15:02:40Z,card,
4003998,8802694,IN,54.00,GBP,2025-08-22T15:50:00Z,card,
4003999,8802782,IN,67.50,GBP,2025-08-22T16:20:00Z,card,
4004000,8802829,IN,95.94,EUR,2025-08-22T17:19:33Z,card,
4004001,8802735,IN,95.94,EUR,2025-08-22T17:51:39Z,card,
4004002,8802830,IN,452.76,USD,2025-08-22T20:08:37Z,card,
4004003,8802831,IN,52.80,AUD,2025-08-22T21:18:49Z,voucher,
4004004,8802832,IN,339.57,USD,2025-08-22T22:22:53Z,card,
4004005,8802774,IN,97.42,USD,2025-08-22T23:41:03Z,card,
4004006,8802719,OUT,76.75,EUR,2025-08-23T00:35:02Z,card,cancellation (20% fee retained)
4004007,8802833,IN,95.70,AUD,2025-08-23T03:04:56Z,card,
4004008,8802834,IN,243.56,USD,2025-08-23T03:27:33Z,voucher,
4004009,8802814,IN,59.40,AUD,2025-08-23T06:05:00Z,cash,
4004010,8802573,IN,40.42,AUD,2025-08-23T08:20:00Z,cash,
4004011,8802835,IN,107.80,AUD,2025-08-23T08:54:05Z,voucher,
4004012,8802836,IN,100.80,GBP,2025-08-23T11:27:11Z,voucher,
4004013,8802528,IN,45.00,GBP,2025-08-23T12:50:00Z,card,
4004014,8802837,IN,90.00,GBP,2025-08-23T13:19:38Z,card,
4004015,8802828,IN,64.14,USD,2025-08-23T13:20:00Z,card,
4004016,8802838,IN,17.84,EUR,2025-08-23T13:27:01Z,card,
4004017,8802839,IN,191.88,EUR,2025-08-23T16:28:30Z,voucher,
4004018,8802812,IN,133.76,EUR,2025-08-23T16:50:00Z,cash,
4004019,8802840,IN,24.36,USD,2025-08-23T17:09:09Z,card,
4004020,8802838,IN,53.50,EUR,2025-08-23T17:50:00Z,card,
4004021,8802841,IN,97.43,USD,2025-08-23T17:57:55Z,voucher,
4004022,8802562,IN,54.00,GBP,2025-08-23T18:20:00Z,cash,
4004023,8802754,IN,287.82,EUR,2025-08-23T18:50:00Z,cash,
4004024,8802830,OUT,452.76,USD,2025-08-23T20:17:30Z,card,cancellation
4004025,8802842,IN,452.76,USD,2025-08-23T23:54:09Z,card,
4004026,8802843,IN,48.71,USD,2025-08-24T00:00:52Z,voucher,
4004027,8802844,IN,9.47,USD,2025-08-24T00:01:52Z,card,
4004028,8802433,OUT,105.60,AUD,2025-08-24T00:36:51Z,card,cancellation
4004029,8802845,IN,79.20,AUD,2025-08-24T00:44:44Z,voucher,
4004030,8802846,IN,215.60,AUD,2025-08-24T01:41:47Z,card,
4004031,8802846,IN,53.90,AUD,2025-08-24T01:57:52Z,card,
4004032,8802847,IN,127.60,AUD,2025-08-24T04:08:07Z,card,
4004033,8802848,IN,240.79,USD,2025-08-24T04:23:02Z,card,
4004034,8802849,IN,79.20,AUD,2025-08-24T04:37:22Z,card,
4004035,8802850,IN,168.00,GBP,2025-08-24T06:53:07Z,card,
4004036,8802851,IN,143.91,EUR,2025-08-24T07:34:29Z,card,
4004037,8802852,IN,60.00,GBP,2025-08-24T09:55:57Z,card,
4004038,8802853,IN,83.95,EUR,2025-08-24T10:21:24Z,card,
4004039,8802854,IN,50.40,GBP,2025-08-24T10:50:23Z,card,
4004040,8802855,IN,18.95,USD,2025-08-24T13:12:05Z,card,
4004041,8802856,IN,62.42,EUR,2025-08-24T13:41:08Z,card,
4004042,8802855,IN,56.83,USD,2025-08-24T13:50:00Z,cash,
4004043,8802857,IN,256.55,USD,2025-08-24T15:48:04Z,card,
4004044,8802803,IN,160.51,EUR,2025-08-24T18:50:00Z,card,
4004045,8802858,IN,256.55,USD,2025-08-24T19:08:43Z,voucher,
4004046,8802854,IN,151.20,GBP,2025-08-24T19:20:00Z,cash,
4004047,8802859,IN,178.35,EUR,2025-08-24T20:33:08Z,card,
4004048,8802860,IN,6.60,AUD,2025-08-24T21:09:38Z,card,
4004049,8802861,IN,70.75,USD,2025-08-25T01:08:18Z,card,
4004050,8802862,IN,113.66,USD,2025-08-25T04:20:07Z,voucher,
4004051,8802863,IN,72.00,GBP,2025-08-25T06:01:57Z,card,
4004052,8802490,IN,79.20,AUD,2025-08-25T06:50:00Z,card,
4004053,8802864,IN,71.34,EUR,2025-08-25T07:25:09Z,voucher,
4004054,8802865,IN,53.90,AUD,2025-08-25T08:04:41Z,card,
4004055,8802866,IN,95.94,EUR,2025-08-25T09:55:54Z,card,
4004056,8802867,IN,321.05,USD,2025-08-25T13:11:10Z,voucher,
4004057,8802868,IN,7.98,AUD,2025-08-25T13:45:21Z,card,
4004058,8802777,IN,36.53,USD,2025-08-25T14:05:00Z,card,
4004059,8802591,OUT,60.00,GBP,2025-08-25T15:10:55Z,card,cancellation
4004060,8802869,IN,249.69,EUR,2025-08-25T16:33:19Z,card,
4004061,8802870,IN,178.35,EUR,2025-08-25T18:06:38Z,voucher,
4004062,8802871,IN,3.60,GBP,2025-08-25T21:34:13Z,card,
4004063,8802872,IN,226.38,USD,2025-08-25T23:45:14Z,card,
4004064,8802873,IN,24.36,USD,2025-08-26T04:07:17Z,card,
4004065,8802874,IN,383.76,EUR,2025-08-26T06:14:41Z,card,
4004066,8802875,IN,45.00,GBP,2025-08-26T06:32:41Z,card,
4004067,8802679,IN,85.80,AUD,2025-08-26T08:20:00Z,card,
4004068,8802876,IN,15.00,GBP,2025-08-26T16:00:09Z,card,
4004069,8801833,IN,71.95,EUR,2025-08-26T17:20:00Z,cash,
4004070,8802714,OUT,23.99,EUR,2025-08-26T20:30:00Z,card,goodwill
4004071,8802877,IN,40.43,AUD,2025-08-26T22:08:08Z,card,
4004072,8802878,IN,150.00,GBP,2025-08-26T22:46:06Z,voucher,
4004073,8802879,IN,75.78,USD,2025-08-26T23:08:15Z,card,
4004074,8802877,IN,229.07,AUD,2025-08-26T23:20:00Z,card,
4004075,8802880,IN,26.40,AUD,2025-08-27T02:26:12Z,card,
4004076,8802881,IN,441.44,USD,2025-08-27T04:38:08Z,card,
4004077,8802842,OUT,362.21,USD,2025-08-27T05:39:30Z,card,cancellation (20% fee retained)
4004078,8802835,IN,53.90,AUD,2025-08-27T06:05:08Z,card,
4004079,8802882,IN,142.68,EUR,2025-08-27T06:38:46Z,card,
4004080,8802775,IN,161.70,AUD,2025-08-27T06:50:00Z,card,
4004081,8802673,OUT,90.00,GBP,2025-08-27T07:14:45Z,voucher,cancellation
4004082,8802883,IN,54.00,GBP,2025-08-27T09:53:26Z,card,
4004083,8802884,IN,26.40,AUD,2025-08-27T10:27:50Z,card,
4004084,8802885,IN,107.01,EUR,2025-08-27T10:43:22Z,card,
4004085,8802886,IN,17.84,EUR,2025-08-27T14:18:07Z,card,
4004086,8802887,IN,189.44,USD,2025-08-27T17:36:46Z,card,
4004087,8802888,IN,249.69,EUR,2025-08-27T17:44:13Z,card,
4004088,8802889,IN,106.90,USD,2025-08-27T17:50:06Z,card,
4004089,8802890,IN,161.70,AUD,2025-08-27T22:20:35Z,voucher,
4004090,8802891,IN,396.17,USD,2025-08-27T22:59:52Z,voucher,
4004091,8802892,IN,24.36,USD,2025-08-28T00:45:27Z,card,
4004092,8802893,IN,171.04,USD,2025-08-28T04:59:42Z,card,
4004093,8802894,IN,15.00,GBP,2025-08-28T08:48:19Z,card,
4004094,8802895,IN,1.20,GBP,2025-08-28T09:56:06Z,card,
4004095,8802815,IN,64.14,USD,2025-08-28T12:20:00Z,cash,
4004096,8802896,IN,161.70,AUD,2025-08-28T12:31:39Z,card,
4004097,8802897,IN,53.51,EUR,2025-08-28T13:39:29Z,card,
4004098,8801917,IN,45.00,GBP,2025-08-28T17:50:00Z,cash,
4004099,8802898,IN,95.94,EUR,2025-08-28T18:14:50Z,card,
4004100,8802899,IN,15.00,GBP,2025-08-28T19:39:04Z,card,
4004101,8802900,IN,151.55,USD,2025-08-28T21:12:53Z,card,
4004102,8802539,IN,254.68,USD,2025-08-28T22:05:00Z,cash,
4004103,8802901,IN,54.00,GBP,2025-08-28T22:44:35Z,card,
4004104,8802902,IN,52.80,AUD,2025-08-29T01:59:58Z,card,
4004105,8802903,IN,151.55,USD,2025-08-29T02:53:39Z,card,
4004106,8802904,IN,339.57,USD,2025-08-29T03:00:23Z,voucher,
4004107,8802905,IN,95.70,AUD,2025-08-29T04:24:27Z,card,
4004108,8802906,IN,71.34,EUR,2025-08-29T06:27:30Z,card,
4004109,8802907,IN,52.80,AUD,2025-08-29T07:30:07Z,voucher,
4004110,8802860,IN,19.80,AUD,2025-08-29T07:50:00Z,card,
4004111,8802074,OUT,54.00,GBP,2025-08-29T09:12:59Z,voucher,cancellation
4004112,8802908,IN,127.60,AUD,2025-08-29T10:16:05Z,card,
4004113,8802909,IN,50.40,GBP,2025-08-29T10:25:09Z,card,
4004114,8802910,IN,72.00,GBP,2025-08-29T11:12:51Z,voucher,
4004115,8802911,IN,31.90,AUD,2025-08-29T12:44:41Z,voucher,
4004116,8802912,IN,189.44,USD,2025-08-29T13:24:58Z,card,
4004117,8802913,IN,21.38,USD,2025-08-29T13:41:35Z,card,
4004118,8802914,IN,171.04,USD,2025-08-29T13:51:14Z,card,
4004119,8802873,IN,73.07,USD,2025-08-29T14:20:00Z,card,
4004120,8802915,IN,134.40,GBP,2025-08-29T14:30:10Z,card,
4004121,8802614,IN,411.34,USD,2025-08-29T15:50:00Z,card,
4004122,8802916,IN,71.96,EUR,2025-08-29T15:59:18Z,card,
4004123,8802913,IN,64.14,USD,2025-08-29T17:50:00Z,card,
4004124,8802672,IN,335.79,EUR,2025-08-29T18:20:00Z,cash,
4004125,8801812,IN,71.95,EUR,2025-08-29T18:35:00Z,cash,
4004126,8802917,IN,35.67,EUR,2025-08-29T22:16:01Z,card,
4004127,8802884,IN,79.20,AUD,2025-08-29T23:50:00Z,cash,
4004128,8802918,IN,85.52,USD,2025-08-30T04:31:34Z,card,
4004129,8802862,IN,37.89,USD,2025-08-30T05:07:05Z,card,
4004130,8802919,IN,105.60,AUD,2025-08-30T06:10:02Z,card,
4004131,8802920,IN,6.60,AUD,2025-08-30T07:11:46Z,card,
4004132,8802921,IN,37.50,GBP,2025-08-30T07:28:20Z,card,
4004133,8802922,IN,335.79,EUR,2025-08-30T09:45:23Z,card,
4004134,8801917,OUT,15.00,GBP,2025-08-30T10:00:00Z,card,goodwill
4004135,8802606,OUT,160.52,USD,2025-08-30T11:28:22Z,card,cancellation
4004136,8802923,IN,194.85,USD,2025-08-30T12:40:23Z,voucher,
4004137,8802924,IN,180.00,GBP,2025-08-30T12:58:39Z,card,
4004138,8802921,IN,142.50,GBP,2025-08-30T13:20:00Z,cash,
4004139,8802892,IN,73.07,USD,2025-08-30T13:20:00Z,cash,
4004140,8802741,IN,45.00,GBP,2025-08-30T14:05:00Z,cash,
4004141,8802568,IN,73.07,USD,2025-08-30T14:50:00Z,cash,
4004142,8802925,IN,565.95,USD,2025-08-30T14:51:35Z,voucher,
4004143,8802750,OUT,679.14,USD,2025-08-30T15:46:01Z,card,cancellation
4004144,8802926,IN,169.79,USD,2025-08-30T16:08:01Z,card,
4004145,8802856,IN,187.27,EUR,2025-08-30T16:20:00Z,cash,
4004146,8802861,IN,212.23,USD,2025-08-30T16:50:00Z,card,
4004147,8802927,IN,282.98,USD,2025-08-30T16:51:27Z,card,
4004148,8802916,IN,215.86,EUR,2025-08-30T18:50:00Z,card,
4004149,8802928,IN,67.20,GBP,2025-08-30T20:10:00Z,card,
4004150,8802926,IN,509.35,USD,2025-08-30T20:20:00Z,cash,
4004151,8802862,OUT,121.24,USD,2025-08-31T02:15:00Z,voucher,cancellation (20% fee retained)
4004152,8802929,IN,95.70,AUD,2025-08-31T04:19:29Z,card,
4004153,8802607,IN,59.40,AUD,2025-08-31T06:20:00Z,card,
4004154,8802930,IN,67.20,GBP,2025-08-31T07:47:37Z,card,
4004155,8802931,IN,72.00,GBP,2025-08-31T11:19:27Z,voucher,
4004156,8802901,OUT,54.00,GBP,2025-08-31T12:06:06Z,card,cancellation
4004157,8802932,IN,282.98,USD,2025-08-31T13:18:33Z,card,
4004158,8802912,OUT,47.36,USD,2025-08-31T21:00:00Z,card,goodwill
4004159,8802933,IN,90.00,GBP,2025-08-31T22:18:12Z,card,
4004160,8802781,OUT,385.26,USD,2025-08-31T22:19:06Z,card,cancellation (20% fee retained)
4004161,8802934,IN,48.71,USD,2025-08-31T22:49:10Z,card,
4004162,8802935,IN,441.44,USD,2025-08-31T23:10:20Z,card,
4004163,8802936,IN,40.13,USD,2025-08-31T23:39:24Z,card,
4004164,8802937,IN,95.94,EUR,2025-09-01T07:22:09Z,voucher,
4004165,8802938,IN,107.80,AUD,2025-09-01T08:50:17Z,card,
4004166,8802939,IN,335.79,EUR,2025-09-01T10:36:32Z,card,
4004167,8802940,IN,90.00,GBP,2025-09-01T13:48:46Z,card,
4004168,8802941,IN,1.20,GBP,2025-09-01T16:38:11Z,card,
4004169,8802942,IN,17.84,EUR,2025-09-01T18:16:57Z,card,
4004170,8802587,IN,179.89,EUR,2025-09-01T19:20:00Z,cash,
4004171,8802943,IN,339.57,USD,2025-09-01T20:11:00Z,card,
4004172,8802944,IN,52.80,AUD,2025-09-01T23:19:46Z,voucher,
4004173,8802945,IN,63.80,AUD,2025-09-02T02:09:39Z,voucher,
4004174,8802946,IN,120.39,USD,2025-09-02T02:27:02Z,card,
4004175,8802947,IN,31.90,AUD,2025-09-02T04:23:15Z,card,
4004176,8802948,IN,15.95,AUD,2025-09-02T06:40:09Z,card,
4004177,8802949,IN,161.70,AUD,2025-09-02T12:56:45Z,card,
4004178,8802875,IN,135.00,GBP,2025-09-02T13:35:00Z,card,
4004179,8802918,IN,256.55,USD,2025-09-02T14:50:00Z,cash,
4004180,8802950,IN,64.14,USD,2025-09-02T17:21:59Z,card,
4004181,8802603,IN,126.00,GBP,2025-09-02T17:50:00Z,card,
4004182,8802951,IN,85.52,USD,2025-09-02T18:29:26Z,card,
4004183,8802952,IN,160.52,USD,2025-09-03T00:19:04Z,card,
4004184,8802953,IN,105.60,AUD,2025-09-03T01:51:14Z,voucher,
4004185,8802072,OUT,441.44,USD,2025-09-03T03:42:46Z,card,cancellation
4004186,8802954,IN,214.02,EUR,2025-09-03T06:44:45Z,voucher,
4004187,8802906,OUT,71.34,EUR,2025-09-03T08:32:22Z,card,cancellation
4004188,8802955,IN,90.00,GBP,2025-09-03T09:05:59Z,card,
4004189,8802956,IN,143.91,EUR,2025-09-03T10:08:44Z,voucher,
4004190,8802957,IN,287.82,EUR,2025-09-03T11:01:33Z,card,
4004191,8802958,IN,178.35,EUR,2025-09-03T11:05:34Z,voucher,
4004192,8802950,IN,192.41,USD,2025-09-03T11:20:00Z,cash,
4004193,8802959,IN,90.00,GBP,2025-09-03T12:46:07Z,card,
4004194,8802960,IN,70.23,USD,2025-09-03T13:03:03Z,card,
4004195,8802957,IN,95.94,EUR,2025-09-03T13:23:40Z,card,
4004196,8802961,IN,2.40,GBP,2025-09-03T13:28:32Z,card,
4004197,8802962,IN,71.34,EUR,2025-09-03T14:20:48Z,card,
4004198,8802963,IN,21.38,USD,2025-09-03T14:32:41Z,card,
4004199,8802964,IN,85.52,USD,2025-09-03T14:34:48Z,voucher,
4004200,8802965,IN,481.57,USD,2025-09-03T15:24:10Z,voucher,
4004201,8802966,IN,45.00,GBP,2025-09-03T21:18:02Z,card,
4004202,8802758,OUT,71.34,EUR,2025-09-04T01:28:30Z,card,cancellation
4004203,8802967,IN,287.82,EUR,2025-09-04T09:14:26Z,card,
4004204,8802944,OUT,52.80,AUD,2025-09-04T14:08:39Z,voucher,cancellation
4004205,8801985,IN,85.24,USD,2025-09-04T14:20:00Z,card,
4004206,8802632,IN,182.67,USD,2025-09-04T14:50:00Z,card,
4004207,8802949,OUT,161.70,AUD,2025-09-04T17:15:46Z,card,cancellation
4004208,8802968,IN,427.59,USD,2025-09-04T18:06:19Z,card,
4004209,8802876,IN,45.00,GBP,2025-09-04T18:50:00Z,card,
4004210,8802081,IN,239.85,EUR,2025-09-04T18:50:00Z,card,
4004211,8802969,IN,64.14,USD,2025-09-04T21:12:31Z,card,
4004212,8802938,OUT,107.80,AUD,2025-09-05T02:21:00Z,card,cancellation
4004213,8802970,IN,37.50,GBP,2025-09-05T06:44:37Z,card,
4004214,8802925,IN,113.19,USD,2025-09-05T07:40:25Z,card,
4004215,8802773,IN,79.20,AUD,2025-09-05T07:50:00Z,cash,
4004216,8802971,IN,67.20,GBP,2025-09-05T09:29:12Z,card,
4004217,8802972,IN,2.40,GBP,2025-09-05T09:39:37Z,card,
4004218,8802973,IN,1.20,GBP,2025-09-05T11:29:38Z,card,
4004219,8802974,IN,47.97,EUR,2025-09-05T11:36:07Z,card,
4004220,8802975,IN,75.78,USD,2025-09-05T13:30:25Z,card,
4004221,8802951,IN,256.55,USD,2025-09-05T16:05:00Z,cash,
4004222,8802970,IN,112.50,GBP,2025-09-05T16:35:00Z,card,
4004223,8802976,IN,64.14,USD,2025-09-05T17:22:41Z,card,
4004224,8802975,OUT,60.62,USD,2025-09-05T17:24:03Z,card,cancellation (20% fee retained)
4004225,8802886,IN,53.50,EUR,2025-09-05T17:35:00Z,cash,
4004226,8802977,IN,70.23,USD,2025-09-05T18:24:59Z,card,
4004227,8802978,IN,287.82,EUR,2025-09-05T20:00:06Z,voucher,
4004228,8802946,IN,361.18,USD,2025-09-05T20:05:00Z,card,
4004229,8802911,IN,31.90,AUD,2025-09-06T03:58:31Z,card,
4004230,8802947,IN,31.90,AUD,2025-09-06T04:00:45Z,card,
4004231,8802922,OUT,83.95,EUR,2025-09-06T05:45:00Z,card,goodwill
4004232,8802979,IN,201.60,GBP,2025-09-06T07:09:44Z,card,
4004233,8802980,IN,107.80,AUD,2025-09-06T09:49:30Z,card,
4004234,8802981,IN,178.35,EUR,2025-09-06T09:59:22Z,voucher,
4004235,8802982,IN,16.80,GBP,2025-09-06T12:07:34Z,card,
4004236,8802328,IN,109.60,USD,2025-09-06T13:20:00Z,cash,
4004237,8802983,IN,70.75,USD,2025-09-06T14:04:09Z,card,
4004238,8802899,IN,45.00,GBP,2025-09-06T15:50:00Z,card,
4004239,8802974,IN,143.91,EUR,2025-09-06T17:50:00Z,cash,
4004240,8802404,IN,113.66,USD,2025-09-06T17:50:00Z,card,
4004241,8802984,IN,178.35,EUR,2025-09-06T18:47:26Z,card,
4004242,8802985,IN,4.80,GBP,2025-09-06T19:09:43Z,voucher,
4004243,8802986,IN,168.00,GBP,2025-09-06T20:44:54Z,card,
4004244,8802987,IN,142.68,EUR,2025-09-06T20:57:11Z,card,
4004245,8802988,IN,50.40,GBP,2025-09-06T21:12:00Z,card,
4004246,8802989,IN,285.36,EUR,2025-09-06T21:49:46Z,voucher,
4004247,8802978,IN,47.97,EUR,2025-09-06T22:19:02Z,card,
4004248,8802990,IN,15.95,AUD,2025-09-06T23:13:38Z,card,
4004249,8802991,IN,151.55,USD,2025-09-07T03:37:44Z,card,
4004250,8802990,IN,47.85,AUD,2025-09-07T08:05:00Z,card,
4004251,8802992,IN,36.00,GBP,2025-09-07T10:45:36Z,card,
4004252,8802993,IN,143.91,EUR,2025-09-07T11:03:09Z,card,
4004253,8802993,IN,47.97,EUR,2025-09-07T11:45:25Z,card,
4004254,8802994,IN,60.20,USD,2025-09-07T14:24:37Z,card,
4004255,8802963,IN,64.14,USD,2025-09-07T15:05:00Z,card,
4004256,8801936,IN,54.00,GBP,2025-09-07T17:50:00Z,card,
4004257,8802995,IN,95.94,EUR,2025-09-07T18:30:48Z,card,
4004258,8802344,IN,135.00,GBP,2025-09-07T18:50:00Z,card,
4004259,8802983,IN,212.23,USD,2025-09-07T19:20:00Z,cash,
4004260,8802994,IN,260.85,USD,2025-09-07T19:50:00Z,card,
4004261,8802725,IN,382.02,USD,2025-09-07T20:50:00Z,card,
4004262,8802996,IN,60.00,GBP,2025-09-07T20:50:49Z,card,
4004263,8802997,IN,42.00,GBP,2025-09-07T21:53:04Z,card,
4004264,8802998,IN,171.04,USD,2025-09-08T01:48:29Z,voucher,
4004265,8802999,IN,48.71,USD,2025-09-08T02:16:23Z,card,
4004266,8803000,IN,63.80,AUD,2025-09-08T02:21:26Z,voucher,
4004267,8803001,IN,226.38,USD,2025-09-08T02:36:17Z,card,
4004268,8803002,IN,280.92,USD,2025-09-08T04:00:50Z,card,
4004269,8803003,IN,105.60,AUD,2025-09-08T12:30:59Z,card,
4004270,8803004,IN,97.43,USD,2025-09-08T12:41:24Z,card,
4004271,8802344,OUT,18.00,GBP,2025-09-08T16:00:00Z,card,goodwill
4004272,8803005,IN,67.20,GBP,2025-09-08T16:49:22Z,card,
4004273,8803006,IN,59.96,EUR,2025-09-08T20:38:49Z,card,
4004274,8802984,IN,71.34,EUR,2025-09-08T21:35:22Z,card,
4004275,8803007,IN,48.71,USD,2025-09-08T22:59:00Z,card,
4004276,8802925,OUT,679.14,USD,2025-09-09T00:02:54Z,voucher,cancellation
4004277,8802511,OUT,71.34,EUR,2025-09-09T04:36:45Z,voucher,cancellation
4004278,8803008,IN,47.36,USD,2025-09-09T13:10:05Z,card,
4004279,8803009,IN,37.89,USD,2025-09-09T13:55:17Z,card,
4004280,8802958,OUT,44.59,EUR,2025-09-09T15:00:00Z,voucher,goodwill
4004281,8803010,IN,441.44,USD,2025-09-09T15:17:59Z,voucher,
4004282,8803008,IN,142.08,USD,2025-09-09T15:50:00Z,cash,
4004283,8803011,IN,90.30,USD,2025-09-09T15:50:15Z,card,
4004284,8801974,IN,126.00,GBP,2025-09-09T17:50:00Z,cash,
4004285,8803012,IN,42.76,USD,2025-09-09T19:10:14Z,card,
4004286,8803013,IN,75.78,USD,2025-09-09T19:42:47Z,voucher,
4004287,8802987,IN,71.34,EUR,2025-09-09T23:06:22Z,card,
4004288,8803014,IN,321.05,USD,2025-09-10T01:01:52Z,card,
4004289,8803015,IN,27.00,GBP,2025-09-10T07:28:38Z,card,
4004290,8803016,IN,7.98,AUD,2025-09-10T10:52:11Z,card,
4004291,8803017,IN,36.00,GBP,2025-09-10T11:54:56Z,card,
4004292,8802721,IN,192.41,USD,2025-09-10T13:05:00Z,cash,
4004293,8802962,IN,214.02,EUR,2025-09-10T18:20:00Z,cash,
4004294,8803018,IN,168.00,GBP,2025-09-10T18:21:42Z,card,
4004295,8802960,IN,210.69,USD,2025-09-10T20:20:00Z,card,
4004296,8803019,IN,64.14,USD,2025-09-10T21:29:02Z,card,
4004297,8803020,IN,63.80,AUD,2025-09-11T02:02:01Z,card,
4004298,8803021,IN,26.40,AUD,2025-09-11T02:28:15Z,card,
4004299,8803022,IN,113.66,USD,2025-09-11T04:34:58Z,card,
4004300,8803023,IN,90.00,GBP,2025-09-11T09:27:43Z,card,
4004301,8803024,IN,22.50,GBP,2025-09-11T10:42:52Z,card,
4004302,8803025,IN,83.95,EUR,2025-09-11T10:57:07Z,card,
4004303,8803026,IN,107.01,EUR,2025-09-11T10:58:40Z,voucher,
4004304,8802767,IN,240.79,USD,2025-09-11T17:50:00Z,cash,
4004305,8803027,IN,240.79,USD,2025-09-11T19:04:26Z,card,
4004306,8803028,IN,0.90,GBP,2025-09-11T20:47:58Z,card,
4004307,8803029,IN,171.04,USD,2025-09-11T20:59:52Z,card,
4004308,8803030,IN,481.57,USD,2025-09-12T05:09:22Z,voucher,
4004309,8803031,IN,161.70,AUD,2025-09-12T06:27:12Z,card,
4004310,8803032,IN,215.60,AUD,2025-09-12T07:29:40Z,card,
4004311,8803033,IN,36.00,GBP,2025-09-12T11:14:34Z,voucher,
4004312,8803034,IN,151.55,USD,2025-09-12T14:37:48Z,card,
4004313,8802977,IN,210.69,USD,2025-09-12T17:20:00Z,cash,
4004314,8803035,IN,67.20,GBP,2025-09-12T17:30:43Z,card,
4004315,8803006,IN,179.89,EUR,2025-09-12T18:50:00Z,cash,
4004316,8803015,IN,81.00,GBP,2025-09-12T18:50:00Z,card,
4004317,8802997,IN,126.00,GBP,2025-09-12T20:05:00Z,card,
4004318,8803036,IN,85.52,USD,2025-09-12T20:34:55Z,card,
4004319,8802716,IN,59.40,AUD,2025-09-13T00:50:00Z,card,
4004320,8803037,IN,427.59,USD,2025-09-13T01:00:39Z,voucher,
4004321,8803038,IN,31.90,AUD,2025-09-13T04:41:16Z,card,
4004322,8803016,IN,23.92,AUD,2025-09-13T05:20:00Z,cash,
4004323,8803039,IN,143.91,EUR,2025-09-13T08:38:38Z,card,
4004324,8803040,IN,79.20,AUD,2025-09-13T11:53:12Z,voucher,
4004325,8803041,IN,22.50,GBP,2025-09-13T14:56:04Z,card,
4004326,8802716,OUT,19.80,AUD,2025-09-13T15:00:00Z,card,goodwill
4004327,8803041,IN,67.50,GBP,2025-09-13T16:35:00Z,card,
4004328,8803019,IN,363.45,USD,2025-09-13T18:20:00Z,cash,
4004329,8803042,IN,214.02,EUR,2025-09-13T19:08:32Z,voucher,
4004330,8803043,IN,127.60,AUD,2025-09-14T03:52:16Z,voucher,
4004331,8803044,IN,441.44,USD,2025-09-14T04:36:05Z,card,
4004332,8803045,IN,240.79,USD,2025-09-14T04:59:32Z,card,
4004333,8803046,IN,107.80,AUD,2025-09-14T09:22:40Z,card,
4004334,8803047,IN,287.82,EUR,2025-09-14T10:15:14Z,card,
4004335,8803048,IN,108.00,GBP,2025-09-14T10:23:52Z,voucher,
4004336,8803049,IN,64.14,USD,2025-09-14T12:34:47Z,card,
4004337,8803050,IN,339.57,USD,2025-09-14T14:06:15Z,card,
4004338,8803051,IN,243.56,USD,2025-09-14T18:30:13Z,card,
4004339,8802859,IN,35.67,EUR,2025-09-14T18:46:30Z,card,
4004340,8803052,IN,90.00,GBP,2025-09-14T22:40:36Z,voucher,
4004341,8803053,IN,565.95,USD,2025-09-14T22:48:45Z,voucher,
4004342,8803054,IN,280.92,USD,2025-09-15T03:33:10Z,card,
4004343,8803055,IN,107.80,AUD,2025-09-15T11:07:46Z,card,
4004344,8803036,IN,427.59,USD,2025-09-15T11:20:00Z,cash,
4004345,8803056,IN,26.75,EUR,2025-09-15T14:52:25Z,card,
4004346,8803057,IN,191.88,EUR,2025-09-15T18:07:52Z,voucher,
4004347,8803058,IN,335.79,EUR,2025-09-15T21:55:38Z,card,
4004348,8803059,IN,18.95,USD,2025-09-15T21:57:48Z,card,
4004349,8803060,IN,189.44,USD,2025-09-16T00:21:33Z,card,
4004350,8802406,OUT,316.94,USD,2025-09-16T01:57:39Z,card,cancellation (20% fee retained)
4004351,8803061,IN,150.00,GBP,2025-09-16T06:33:56Z,voucher,
4004352,8803062,IN,127.60,AUD,2025-09-16T07:04:16Z,card,
4004353,8803007,IN,146.14,USD,2025-09-16T11:20:00Z,card,
4004354,8803063,IN,342.07,USD,2025-09-16T12:34:35Z,card,
4004355,8803064,IN,282.98,USD,2025-09-16T14:14:51Z,card,
4004356,8803065,IN,37.89,USD,2025-09-16T14:19:42Z,card,
4004357,8803066,IN,150.00,GBP,2025-09-16T14:39:15Z,card,
4004358,8803067,IN,48.71,USD,2025-09-16T14:44:17Z,card,
4004359,8803059,IN,56.83,USD,2025-09-16T15:20:00Z,card,
4004360,8803067,IN,146.14,USD,2025-09-16T15:35:00Z,cash,
4004361,8803068,IN,239.85,EUR,2025-09-16T20:43:14Z,voucher,
4004362,8803069,IN,40.13,USD,2025-09-17T00:02:14Z,card,
4004363,8803070,IN,171.04,USD,2025-09-17T00:54:21Z,card,
4004364,8803071,IN,48.71,USD,2025-09-17T02:50:30Z,card,
4004365,8803072,IN,256.55,USD,2025-09-17T03:35:01Z,card,
4004366,8803072,IN,85.52,USD,2025-09-17T04:23:14Z,card,
4004367,8803073,IN,214.02,EUR,2025-09-17T09:50:44Z,card,
4004368,8803074,IN,79.20,AUD,2025-09-17T11:33:19Z,card,
4004369,8803075,IN,134.40,GBP,2025-09-17T11:36:37Z,card,
4004370,8802897,IN,160.51,EUR,2025-09-17T12:20:00Z,card,
4004371,8803049,IN,192.41,USD,2025-09-17T14:20:00Z,cash,
4004372,8802794,OUT,37.89,USD,2025-09-17T18:51:41Z,card,cancellation
4004373,8803076,IN,33.60,GBP,2025-09-17T21:56:59Z,card,
4004374,8802352,OUT,441.44,USD,2025-09-18T00:02:42Z,voucher,cancellation
4004375,8803077,IN,59.96,EUR,2025-09-18T08:54:29Z,card,
4004376,8803078,IN,42.00,GBP,2025-09-18T11:09:02Z,card,
4004377,8803079,IN,249.69,EUR,2025-09-18T12:21:26Z,card,
4004378,8803078,IN,126.00,GBP,2025-09-18T14:05:00Z,card,
4004379,8802840,IN,73.07,USD,2025-09-18T14:05:00Z,cash,
4004380,8803024,IN,67.50,GBP,2025-09-18T20:20:00Z,cash,
4004381,8803080,IN,12.18,USD,2025-09-18T20:55:11Z,card,
4004382,8803081,IN,79.20,AUD,2025-09-18T22:07:19Z,card,
4004383,8803082,IN,215.60,AUD,2025-09-19T03:11:00Z,card,
4004384,8803083,IN,53.90,AUD,2025-09-19T03:47:51Z,card,
4004385,8803084,IN,42.76,USD,2025-09-19T04:03:31Z,card,
4004386,8803085,IN,37.89,USD,2025-09-19T04:28:03Z,card,
4004387,8803086,IN,214.02,EUR,2025-09-19T08:33:19Z,card,
4004388,8803087,IN,26.40,AUD,2025-09-19T11:41:25Z,card,
4004389,8803088,IN,256.55,USD,2025-09-19T13:46:20Z,voucher,
4004390,8803089,IN,161.70,AUD,2025-09-19T13:50:48Z,card,
4004391,8803078,OUT,42.00,GBP,2025-09-19T14:15:00Z,card,goodwill
4004392,8803090,IN,54.00,GBP,2025-09-19T14:57:10Z,card,
4004393,8803091,IN,108.00,GBP,2025-09-19T15:30:05Z,card,
4004394,8803092,IN,0.90,GBP,2025-09-19T15:47:48Z,card,
4004395,8803093,IN,427.59,USD,2025-09-19T16:39:56Z,card,
4004396,8803094,IN,178.35,EUR,2025-09-19T17:23:00Z,card,
4004397,8803076,IN,100.80,GBP,2025-09-19T18:20:00Z,cash,
4004398,8803095,IN,75.78,USD,2025-09-19T18:24:39Z,card,
4004399,8803096,IN,90.00,GBP,2025-09-19T21:58:20Z,card,
4004400,8803097,IN,243.56,USD,2025-09-20T01:56:58Z,card,
4004401,8803098,IN,361.18,USD,2025-09-20T02:18:44Z,card,
4004402,8802440,IN,39.60,AUD,2025-09-20T02:35:00Z,card,
4004403,8802821,IN,111.65,AUD,2025-09-20T06:35:00Z,card,
4004404,8803091,OUT,108.00,GBP,2025-09-20T07:41:35Z,card,cancellation
4004405,8803092,IN,2.70,GBP,2025-09-20T09:05:00Z,cash,
4004406,8802416,OUT,9.00,GBP,2025-09-20T12:30:00Z,card,goodwill
4004407,8803099,IN,42.76,USD,2025-09-20T12:50:58Z,card,
4004408,8803099,IN,128.28,USD,2025-09-20T14:20:00Z,card,
4004409,8803100,IN,50.40,GBP,2025-09-20T16:02:21Z,card,
4004410,8803101,IN,25.20,GBP,2025-09-20T16:31:54Z,card,
4004411,8803056,IN,80.26,EUR,2025-09-20T17:05:00Z,cash,
4004412,8803101,IN,75.60,GBP,2025-09-20T17:05:00Z,card,
4004413,8803102,IN,509.36,USD,2025-09-21T00:38:01Z,card,
4004414,8803103,IN,256.55,USD,2025-09-21T00:46:09Z,voucher,
4004415,8803104,IN,4.80,GBP,2025-09-21T07:34:01Z,card,
4004416,8803105,IN,23.99,EUR,2025-09-21T08:55:21Z,card,
4004417,8803106,IN,23.99,EUR,2025-09-21T08:57:37Z,card,
4004418,8802976,IN,192.41,USD,2025-09-21T11:05:00Z,cash,
4004419,8803107,IN,107.80,AUD,2025-09-21T11:53:46Z,card,
4004420,8803084,IN,128.28,USD,2025-09-21T12:20:00Z,cash,
4004421,8803108,IN,214.02,EUR,2025-09-21T12:27:40Z,voucher,
4004422,8803109,IN,75.78,USD,2025-09-21T13:07:44Z,card,
4004423,8803110,IN,194.85,USD,2025-09-21T13:18:37Z,voucher,
4004424,8803106,IN,71.95,EUR,2025-09-21T14:20:00Z,cash,
4004425,8803111,IN,180.00,GBP,2025-09-21T16:44:44Z,voucher,
4004426,8802936,IN,120.39,USD,2025-09-21T18:50:00Z,card,
4004427,8802853,IN,251.84,EUR,2025-09-21T18:50:00Z,cash,
4004428,8803011,IN,351.14,USD,2025-09-21T19:35:00Z,card,
4004429,8802688,IN,79.20,AUD,2025-09-22T05:05:00Z,card,
4004430,8803112,IN,90.00,GBP,2025-09-22T06:45:48Z,voucher,
4004431,8803113,IN,36.00,GBP,2025-09-22T07:58:37Z,card,
4004432,8803107,OUT,107.80,AUD,2025-09-22T12:15:22Z,card,cancellation
4004433,8803114,IN,169.79,USD,2025-09-22T13:53:39Z,card,
4004434,8803114,IN,565.95,USD,2025-09-22T17:05:00Z,card,
4004435,8803115,IN,127.34,USD,2025-09-22T19:08:33Z,card,
4004436,8803116,IN,100.80,GBP,2025-09-22T22:55:37Z,card,
4004437,8803117,IN,107.80,AUD,2025-09-22T23:50:44Z,card,
4004438,8803118,IN,243.56,USD,2025-09-23T03:05:53Z,card,
4004439,8803112,IN,18.00,GBP,2025-09-23T05:00:38Z,card,
4004440,8803119,IN,31.90,AUD,2025-09-23T05:17:24Z,voucher,
4004441,8803120,IN,63.80,AUD,2025-09-23T05:23:47Z,card,
4004442,8803121,IN,107.01,EUR,2025-09-23T06:21:49Z,card,
4004443,8803122,IN,63.80,AUD,2025-09-23T08:41:03Z,card,
4004444,8803123,IN,79.20,AUD,2025-09-23T12:39:48Z,voucher,
4004445,8803124,IN,178.35,EUR,2025-09-23T13:29:23Z,card,
4004446,8803125,IN,171.04,USD,2025-09-23T14:56:03Z,card,
4004447,8803126,IN,201.60,GBP,2025-09-23T14:59:54Z,voucher,
4004448,8803127,IN,67.20,GBP,2025-09-23T16:19:22Z,card,
4004449,8803128,IN,189.44,USD,2025-09-23T17:14:39Z,card,
4004450,8803129,IN,15.00,GBP,2025-09-23T17:35:57Z,card,
4004451,8803130,IN,200.66,USD,2025-09-23T20:28:12Z,card,
4004452,8803131,IN,226.38,USD,2025-09-24T00:14:52Z,card,
4004453,8803132,IN,256.55,USD,2025-09-24T01:33:47Z,card,
4004454,8803133,IN,15.95,AUD,2025-09-24T02:10:14Z,card,
4004455,8802527,IN,269.50,AUD,2025-09-24T04:05:00Z,card,
4004456,8803134,IN,48.71,USD,2025-09-24T04:50:22Z,card,
4004457,8803133,IN,79.75,AUD,2025-09-24T05:50:00Z,cash,
4004458,8803135,IN,249.69,EUR,2025-09-24T06:57:33Z,voucher,
4004459,8802973,IN,3.60,GBP,2025-09-24T10:20:00Z,cash,
4004460,8803136,IN,6.60,AUD,2025-09-24T11:04:31Z,card,
4004461,8803137,IN,249.69,EUR,2025-09-24T11:44:01Z,voucher,
4004462,8803138,IN,0.60,GBP,2025-09-24T13:43:21Z,card,
4004463,8803139,IN,171.04,USD,2025-09-24T17:56:49Z,card,
4004464,8803140,IN,59.96,EUR,2025-09-24T19:40:38Z,card,
4004465,8803141,IN,243.56,USD,2025-09-24T20:09:29Z,card,
4004466,8803046,OUT,107.80,AUD,2025-09-25T01:50:48Z,card,cancellation
4004467,8803142,IN,146.14,USD,2025-09-25T02:24:09Z,card,
4004468,8803143,IN,26.95,AUD,2025-09-25T02:59:15Z,card,
4004469,8803144,IN,19.80,AUD,2025-09-25T04:57:31Z,card,
4004470,8803143,IN,80.85,AUD,2025-09-25T06:50:00Z,card,
4004471,8802996,OUT,60.00,GBP,2025-09-25T08:21:37Z,card,cancellation
4004472,8803138,IN,1.80,GBP,2025-09-25T09:35:00Z,card,
4004473,8803145,IN,63.80,AUD,2025-09-25T09:38:51Z,card,
4004474,8803146,IN,60.00,GBP,2025-09-25T10:02:56Z,card,
4004475,8803147,IN,60.20,USD,2025-09-25T13:54:14Z,card,
4004476,8803148,IN,35.67,EUR,2025-09-25T14:53:05Z,card,
4004477,8803123,IN,26.40,AUD,2025-09-25T16:05:30Z,card,
4004478,8803149,IN,342.07,USD,2025-09-25T16:43:02Z,card,
4004479,8803150,IN,285.36,EUR,2025-09-25T17:16:09Z,card,
4004480,8803151,IN,134.40,GBP,2025-09-25T18:11:17Z,card,
4004481,8803152,IN,383.76,EUR,2025-09-25T19:15:07Z,voucher,
4004482,8803153,IN,215.60,AUD,2025-09-26T02:49:16Z,card,
4004483,8803154,IN,53.90,AUD,2025-09-26T04:11:15Z,voucher,
4004484,8803145,OUT,63.80,AUD,2025-09-26T05:06:38Z,card,cancellation
4004485,8803143,OUT,10.78,AUD,2025-09-26T06:00:00Z,card,goodwill
4004486,8803155,IN,285.36,EUR,2025-09-26T06:10:24Z,voucher,
4004487,8803156,IN,59.96,EUR,2025-09-26T06:49:00Z,card,
4004488,8803157,IN,36.00,GBP,2025-09-26T07:24:34Z,voucher,
4004489,8803158,IN,95.94,EUR,2025-09-26T08:36:25Z,card,
4004490,8803159,IN,72.00,GBP,2025-09-26T10:41:52Z,voucher,
4004491,8803160,IN,53.90,AUD,2025-09-26T11:24:08Z,voucher,
4004492,8803161,IN,201.60,GBP,2025-09-26T11:48:42Z,voucher,
4004493,8803162,IN,256.55,USD,2025-09-26T15:02:23Z,card,
4004494,8802628,IN,56.83,USD,2025-09-26T17:50:00Z,cash,
4004495,8802894,IN,45.00,GBP,2025-09-26T18:05:00Z,cash,
4004496,8803163,IN,239.85,EUR,2025-09-26T18:07:20Z,card,
4004497,8803164,IN,160.52,USD,2025-09-26T18:49:38Z,card,
4004498,8802988,IN,151.20,GBP,2025-09-26T19:05:00Z,cash,
4004499,8803156,IN,179.89,EUR,2025-09-26T19:35:00Z,card,
4004500,8803025,IN,251.84,EUR,2025-09-26T19:50:00Z,card,
4004501,8803157,IN,36.00,GBP,2025-09-26T20:33:03Z,card,
4004502,8803165,IN,226.38,USD,2025-09-26T21:23:37Z,card,
4004503,8803166,IN,42.76,USD,2025-09-26T21:30:33Z,card,
4004504,8803167,IN,7.98,AUD,2025-09-26T22:45:04Z,card,
4004505,8802948,IN,47.85,AUD,2025-09-26T23:50:00Z,cash,
4004506,8803139,OUT,171.04,USD,2025-09-27T05:03:45Z,card,cancellation
4004507,8803142,OUT,146.14,USD,2025-09-27T09:37:37Z,card,cancellation
4004508,8803168,IN,45.00,GBP,2025-09-27T10:44:04Z,card,
4004509,8803169,IN,142.68,EUR,2025-09-27T12:18:23Z,voucher,
4004510,8803170,IN,18.95,USD,2025-09-27T14:48:50Z,card,
4004511,8803170,IN,56.83,USD,2025-09-27T14:50:00Z,card,
4004512,8803171,IN,113.66,USD,2025-09-27T15:23:39Z,card,
4004513,8803172,IN,54.00,GBP,2025-09-27T15:32:50Z,voucher,
4004514,8803173,IN,441.44,USD,2025-09-27T16:47:29Z,voucher,
4004515,8803105,IN,71.95,EUR,2025-09-27T17:35:00Z,card,
4004516,8803174,IN,146.14,USD,2025-09-27T18:00:01Z,card,
4004517,8803168,IN,135.00,GBP,2025-09-27T19:35:00Z,cash,
4004518,8803175,IN,180.00,GBP,2025-09-27T19:42:47Z,voucher,
4004519,8803176,IN,23.93,AUD,2025-09-27T21:49:30Z,card,
4004520,8803165,IN,113.19,USD,2025-09-28T03:04:17Z,card,
4004521,8803176,IN,71.77,AUD,2025-09-28T07:05:00Z,card,
4004522,8803177,IN,95.94,EUR,2025-09-28T09:54:27Z,card,
4004523,8803178,IN,30.00,GBP,2025-09-28T12:59:59Z,card,
4004524,8803179,IN,134.40,GBP,2025-09-28T13:10:50Z,card,
4004525,8803180,IN,107.80,AUD,2025-09-28T13:18:51Z,card,
4004526,8803181,IN,194.85,USD,2025-09-28T13:19:58Z,voucher,
4004527,8803182,IN,287.82,EUR,2025-09-28T14:01:23Z,card,
4004528,8803183,IN,23.99,EUR,2025-09-28T15:37:06Z,card,
4004529,8803184,IN,342.07,USD,2025-09-28T17:01:10Z,card,
4004530,8803185,IN,67.20,GBP,2025-09-28T17:08:24Z,card,
4004531,8803158,IN,47.97,EUR,2025-09-28T20:42:49Z,card,
4004532,8803165,OUT,339.57,USD,2025-09-28T22:21:40Z,card,cancellation
4004533,8803186,IN,21.38,USD,2025-09-28T22:36:37Z,card,
4004534,8803187,IN,287.82,EUR,2025-09-28T22:43:19Z,voucher,
4004535,8803188,IN,6.60,AUD,2025-09-28T23:41:35Z,card,
4004536,8803189,IN,15.95,AUD,2025-09-29T03:01:30Z,card,
4004537,8803190,IN,40.43,AUD,2025-09-29T05:33:58Z,card,
4004538,8803191,IN,108.00,GBP,2025-09-29T07:02:08Z,card,
4004539,8803192,IN,71.34,EUR,2025-09-29T08:54:02Z,card,
4004540,8803193,IN,79.20,AUD,2025-09-29T09:05:08Z,voucher,
4004541,8803192,IN,35.67,EUR,2025-09-29T10:20:20Z,card,
4004542,8803194,IN,201.60,GBP,2025-09-29T10:53:51Z,card,
4004543,8803195,IN,396.17,USD,2025-09-29T15:05:30Z,card,
4004544,8803175,OUT,18.00,GBP,2025-09-29T15:15:00Z,voucher,goodwill
4004545,8803196,IN,285.36,EUR,2025-09-29T16:10:10Z,card,
4004546,8803179,IN,33.60,GBP,2025-09-29T17:26:10Z,card,
4004547,8803197,IN,249.69,EUR,2025-09-29T18:05:00Z,card,
4004548,8803198,IN,622.55,USD,2025-09-29T19:58:51Z,card,
4004549,8803172,IN,36.00,GBP,2025-09-29T21:06:08Z,card,
4004550,8803199,IN,31.90,AUD,2025-09-29T21:51:57Z,card,
4004551,8803200,IN,565.95,USD,2025-09-30T01:16:21Z,card,
4004552,8803182,IN,47.97,EUR,2025-09-30T01:54:22Z,card,
4004553,8803199,IN,95.70,AUD,2025-09-30T04:50:00Z,card,
4004554,8803201,IN,107.80,AUD,2025-09-30T05:58:13Z,card,
4004555,8803202,IN,31.90,AUD,2025-09-30T11:08:48Z,voucher,
4004556,8803203,IN,285.36,EUR,2025-09-30T12:46:06Z,card,
4004557,8803204,IN,97.43,USD,2025-09-30T12:52:50Z,card,
4004558,8803205,IN,22.50,GBP,2025-09-30T13:16:58Z,card,
4004559,8803134,IN,146.14,USD,2025-09-30T14:20:00Z,card,
4004560,8803206,IN,151.55,USD,2025-09-30T17:22:56Z,voucher,
4004561,8803207,IN,361.18,USD,2025-09-30T20:26:33Z,card,
4004562,8803208,IN,113.66,USD,2025-09-30T21:03:29Z,card,
4004563,8803209,IN,42.76,USD,2025-09-30T21:26:28Z,card,
4004564,8803210,IN,63.80,AUD,2025-09-30T21:41:54Z,card,
4004565,8803211,IN,54.00,GBP,2025-09-30T22:33:52Z,card,
4004566,8803208,IN,37.89,USD,2025-09-30T22:59:41Z,card,
4004567,8803212,IN,171.04,USD,2025-09-30T23:53:47Z,voucher,
4004568,8803213,IN,21.38,USD,2025-10-01T01:45:10Z,card,
4004569,8803214,IN,52.80,AUD,2025-10-01T07:57:47Z,card,
4004570,8803215,IN,6.60,AUD,2025-10-01T09:03:52Z,card,
4004571,8803216,IN,134.40,GBP,2025-10-01T12:22:10Z,card,
4004572,8803217,IN,150.00,GBP,2025-10-01T14:08:35Z,voucher,
4004573,8803218,IN,151.55,USD,2025-10-01T16:28:22Z,card,
4004574,8803219,IN,22.50,GBP,2025-10-01T18:28:55Z,card,
4004575,8803220,IN,256.55,USD,2025-10-01T20:10:48Z,voucher,
4004576,8803221,IN,383.76,EUR,2025-10-01T21:51:18Z,card,
4004577,8803222,IN,427.59,USD,2025-10-01T22:23:20Z,card,
4004578,8803223,IN,396.17,USD,2025-10-02T01:32:52Z,voucher,
4004579,8803217,IN,30.00,GBP,2025-10-02T03:21:39Z,card,
4004580,8803224,IN,342.07,USD,2025-10-02T03:57:28Z,card,
4004581,8803225,IN,47.36,USD,2025-10-02T04:22:10Z,card,
4004582,8803075,OUT,134.40,GBP,2025-10-02T09:07:38Z,card,cancellation
4004583,8803226,IN,108.00,GBP,2025-10-02T11:28:36Z,voucher,
4004584,8803227,IN,40.43,AUD,2025-10-02T12:44:12Z,card,
4004585,8803228,IN,335.79,EUR,2025-10-02T13:20:27Z,card,
4004586,8803229,IN,214.02,EUR,2025-10-02T14:35:37Z,card,
4004587,8803230,IN,40.13,USD,2025-10-02T16:38:15Z,card,
4004588,8803230,IN,120.39,USD,2025-10-02T17:50:00Z,card,
4004589,8803231,IN,26.95,AUD,2025-10-02T21:14:53Z,card,
4004590,8803232,IN,256.55,USD,2025-10-02T22:49:48Z,voucher,
4004591,8803233,IN,26.40,AUD,2025-10-02T23:45:26Z,card,
4004592,8803234,IN,13.20,AUD,2025-10-03T03:11:53Z,card,
4004593,8803235,IN,282.98,USD,2025-10-03T05:22:25Z,card,
4004594,8803236,IN,383.76,EUR,2025-10-03T12:06:01Z,card,
4004595,8803237,IN,106.90,USD,2025-10-03T12:49:14Z,card,
4004596,8803238,IN,191.88,EUR,2025-10-03T14:02:12Z,card,
4004597,8803239,IN,679.14,USD,2025-10-03T15:44:16Z,card,
4004598,8803240,IN,134.40,GBP,2025-10-03T17:49:26Z,card,
4004599,8803129,IN,45.00,GBP,2025-10-03T18:35:00Z,cash,
4004600,8803241,IN,339.57,USD,2025-10-03T19:06:10Z,voucher,
4004601,8802966,IN,135.00,GBP,2025-10-03T19:35:00Z,card,
4004602,8803242,IN,452.76,USD,2025-10-03T20:24:16Z,card,
4004603,8803243,IN,161.70,AUD,2025-10-03T22:06:16Z,card,
4004604,8803244,IN,6.60,AUD,2025-10-03T23:55:54Z,card,
4004605,8803245,IN,215.60,AUD,2025-10-04T01:17:38Z,card,
4004606,8803246,IN,622.55,USD,2025-10-04T02:45:58Z,card,
4004607,8803244,IN,19.80,AUD,2025-10-04T05:20:00Z,cash,
4004608,8803247,IN,107.80,AUD,2025-10-04T06:43:43Z,card,
4004609,8803248,IN,26.40,AUD,2025-10-04T07:05:19Z,card,
4004610,8803249,IN,178.35,EUR,2025-10-04T11:33:59Z,voucher,
4004611,8803250,IN,200.66,USD,2025-10-04T14:05:39Z,card,
4004612,8803251,IN,240.79,USD,2025-10-04T18:20:30Z,card,
4004613,8803233,IN,52.80,AUD,2025-10-04T18:42:09Z,card,
4004614,8802943,OUT,339.57,USD,2025-10-04T19:50:10Z,card,cancellation
4004615,8803252,IN,339.57,USD,2025-10-04T19:51:20Z,voucher,
4004616,8803253,IN,105.60,AUD,2025-10-04T20:53:37Z,voucher,
4004617,8803253,IN,26.40,AUD,2025-10-04T21:28:03Z,card,
4004618,8803254,IN,26.40,AUD,2025-10-04T23:01:31Z,card,
4004619,8803255,IN,243.56,USD,2025-10-05T01:18:10Z,card,
4004620,8803256,IN,189.44,USD,2025-10-05T01:44:43Z,card,
4004621,8803201,OUT,107.80,AUD,2025-10-05T03:37:06Z,card,cancellation
4004622,8803257,IN,85.52,USD,2025-10-05T04:03:41Z,card,
4004623,8803258,IN,127.60,AUD,2025-10-05T04:57:46Z,card,
4004624,8803259,IN,59.96,EUR,2025-10-05T06:24:36Z,card,
4004625,8803234,IN,39.60,AUD,2025-10-05T08:05:00Z,card,
4004626,8803166,IN,128.28,USD,2025-10-05T12:35:00Z,card,
4004627,8803012,IN,128.28,USD,2025-10-05T14:50:00Z,card,
4004628,8803069,IN,120.39,USD,2025-10-05T15:35:00Z,cash,
4004629,8803200,IN,113.19,USD,2025-10-05T16:41:28Z,card,
4004630,8803259,IN,179.89,EUR,2025-10-05T20:20:00Z,card,
4004631,8803260,IN,53.90,AUD,2025-10-05T20:54:13Z,card,
4004632,8803261,IN,1.20,GBP,2025-10-05T22:23:01Z,card,
4004633,8803262,IN,321.05,USD,2025-10-05T22:43:38Z,voucher,
4004634,8803263,IN,22.50,GBP,2025-10-06T06:14:36Z,card,
4004635,8803264,IN,383.76,EUR,2025-10-06T11:15:10Z,card,
4004636,8803265,IN,23.93,AUD,2025-10-06T11:32:51Z,card,
4004637,8803248,IN,52.80,AUD,2025-10-06T13:44:45Z,card,
4004638,8803266,IN,37.50,GBP,2025-10-06T18:38:11Z,card,
4004639,8803267,IN,25.20,GBP,2025-10-06T19:15:09Z,card,
4004640,8803268,IN,161.70,AUD,2025-10-07T01:47:01Z,card,
4004641,8803269,IN,565.95,USD,2025-10-07T02:57:40Z,voucher,
4004642,8803270,IN,256.55,USD,2025-10-07T04:47:25Z,voucher,
4004643,8803271,IN,4.80,GBP,2025-10-07T09:38:24Z,card,
4004644,8803272,IN,120.00,GBP,2025-10-07T14:23:18Z,card,
4004645,8803273,IN,226.38,USD,2025-10-07T14:56:12Z,card,
4004646,8803274,IN,150.00,GBP,2025-10-07T15:01:02Z,card,
4004647,8803275,IN,80.26,USD,2025-10-07T16:53:45Z,card,
4004648,8803276,IN,256.55,USD,2025-10-07T19:43:50Z,card,
4004649,8803277,IN,54.00,GBP,2025-10-07T20:28:38Z,card,
4004650,8803278,IN,50.40,GBP,2025-10-07T22:55:28Z,card,
4004651,8803279,IN,26.40,AUD,2025-10-07T22:56:16Z,card,
4004652,8803280,IN,23.93,AUD,2025-10-07T23:38:34Z,card,
4004653,8803281,IN,42.76,USD,2025-10-08T02:19:29Z,card,
4004654,8803282,IN,48.71,USD,2025-10-08T02:27:15Z,card,
4004655,8803283,IN,63.80,AUD,2025-10-08T02:53:34Z,card,
4004656,8803242,IN,56.60,USD,2025-10-08T06:20:03Z,card,
4004657,8803284,IN,26.75,EUR,2025-10-08T06:22:50Z,card,
4004658,8803262,OUT,321.05,USD,2025-10-08T06:36:36Z,voucher,cancellation
4004659,8803285,IN,95.94,EUR,2025-10-08T07:23:59Z,voucher,
4004660,8803286,IN,71.34,EUR,2025-10-08T08:24:28Z,card,
4004661,8803287,IN,191.88,EUR,2025-10-08T11:36:19Z,card,
4004662,8803288,IN,72.00,GBP,2025-10-08T11:49:36Z,card,
4004663,8803289,IN,189.44,USD,2025-10-08T12:35:22Z,card,
4004664,8803290,IN,47.36,USD,2025-10-08T12:58:51Z,card,
4004665,8803282,IN,146.14,USD,2025-10-08T13:20:00Z,card,
4004666,8803291,IN,35.67,EUR,2025-10-08T13:25:35Z,card,
4004667,8803290,IN,142.08,USD,2025-10-08T15:05:00Z,card,
4004668,8803292,IN,71.96,EUR,2025-10-08T17:18:34Z,card,
4004669,8803293,IN,13.48,AUD,2025-10-08T20:29:09Z,card,
4004670,8803294,IN,285.36,EUR,2025-10-08T21:31:10Z,card,
4004671,8803295,IN,168.00,GBP,2025-10-08T22:07:36Z,card,
4004672,8803227,IN,121.27,AUD,2025-10-08T23:50:00Z,card,
4004673,8803296,IN,113.66,USD,2025-10-09T01:57:20Z,voucher,
4004674,8803297,IN,75.78,USD,2025-10-09T02:47:49Z,voucher,
4004675,8803298,IN,42.00,GBP,2025-10-09T06:19:01Z,card,
4004676,8803299,IN,53.90,AUD,2025-10-09T10:01:16Z,card,
4004677,8803300,IN,239.85,EUR,2025-10-09T12:16:13Z,voucher,
4004678,8803301,IN,215.60,AUD,2025-10-09T12:42:50Z,card,
4004679,8803302,IN,120.39,USD,2025-10-09T15:07:52Z,card,
4004680,8802778,IN,270.88,USD,2025-10-09T15:35:00Z,cash,
4004681,8803273,OUT,226.38,USD,2025-10-09T15:47:40Z,card,cancellation
4004682,8803303,IN,142.68,EUR,2025-10-09T16:45:22Z,card,
4004683,8803275,IN,240.79,USD,2025-10-09T16:50:00Z,card,
4004684,8803205,IN,127.50,GBP,2025-10-09T18:20:00Z,card,
4004685,8803193,OUT,79.20,AUD,2025-10-10T00:31:52Z,voucher,cancellation
4004686,8803300,IN,95.94,EUR,2025-10-10T01:29:07Z,card,
4004687,8803265,IN,71.77,AUD,2025-10-10T06:50:00Z,cash,
4004688,8803304,IN,127.60,AUD,2025-10-10T06:55:59Z,card,
4004689,8803305,IN,107.01,EUR,2025-10-10T08:47:44Z,card,
4004690,8803306,IN,161.70,AUD,2025-10-10T11:47:30Z,card,
4004691,8803307,IN,287.82,EUR,2025-10-10T12:01:22Z,voucher,
4004692,8803308,IN,105.60,AUD,2025-10-10T12:59:01Z,card,
4004693,8803261,IN,3.60,GBP,2025-10-10T13:20:00Z,card,
4004694,8703666,IN,117.00,USD,2025-10-10T16:00:00Z,card,
4004695,8803309,IN,481.57,USD,2025-10-10T17:04:23Z,card,
4004696,8803310,IN,90.30,USD,2025-10-10T17:04:28Z,card,
4004697,8803077,IN,179.89,EUR,2025-10-10T17:20:00Z,card,
4004698,8803311,IN,25.20,GBP,2025-10-10T19:16:25Z,card,
4004699,8803310,IN,270.88,USD,2025-10-10T20:05:00Z,cash,
4004700,8803312,IN,285.36,EUR,2025-10-10T20:06:39Z,card,
4004701,8803313,IN,95.94,EUR,2025-10-10T20:08:58Z,card,
4004702,8803314,IN,90.00,GBP,2025-10-10T20:51:40Z,card,
4004703,8803315,IN,21.38,USD,2025-10-10T21:04:00Z,card,
4004704,8803316,IN,108.00,GBP,2025-10-10T21:39:38Z,voucher,
4004705,8803317,IN,113.66,USD,2025-10-11T02:13:03Z,card,
4004706,8803301,IN,53.90,AUD,2025-10-11T02:42:46Z,card,
4004707,8803318,IN,23.93,AUD,2025-10-11T03:03:48Z,card,
4004708,8803319,IN,215.60,AUD,2025-10-11T05:10:31Z,card,
4004709,8803280,IN,103.67,AUD,2025-10-11T06:20:00Z,cash,
4004710,8803320,IN,35.67,EUR,2025-10-11T07:02:29Z,card,
4004711,8803321,IN,60.00,GBP,2025-10-11T07:02:56Z,card,
4004712,8803322,IN,249.69,EUR,2025-10-11T07:34:18Z,card,
4004713,8803323,IN,105.60,AUD,2025-10-11T09:26:43Z,card,
4004714,8803324,IN,60.00,GBP,2025-10-11T09:27:35Z,card,
4004715,8803315,IN,64.14,USD,2025-10-11T10:50:00Z,cash,
4004716,8704184,IN,120.00,USD,2025-10-11T11:00:00Z,card,
4004717,8803325,IN,361.18,USD,2025-10-11T15:48:09Z,voucher,
4004718,8803326,IN,361.18,USD,2025-10-11T16:31:11Z,card,
4004719,8803327,IN,13.50,GBP,2025-10-11T18:24:29Z,card,
4004720,8803320,IN,107.01,EUR,2025-10-11T18:50:00Z,cash,
4004721,8803328,IN,509.36,USD,2025-10-11T20:20:09Z,card,
4004722,8803329,IN,214.02,EUR,2025-10-11T22:32:55Z,card,
4004723,8803124,OUT,178.35,EUR,2025-10-12T03:13:40Z,card,cancellation
4004724,8803330,IN,60.00,GBP,2025-10-12T08:58:12Z,card,
4004725,8803255,IN,97.43,USD,2025-10-12T09:48:34Z,card,
4004726,8803247,IN,107.80,AUD,2025-10-12T12:16:27Z,card,
4004727,8803257,IN,256.55,USD,2025-10-12T14:20:00Z,card,
4004728,8803327,IN,40.50,GBP,2025-10-12T15:20:00Z,cash,
4004729,8803331,IN,155.64,USD,2025-10-12T17:34:34Z,card,
4004730,8803178,IN,120.00,GBP,2025-10-12T17:35:00Z,cash,
4004731,8803278,IN,151.20,GBP,2025-10-12T18:05:00Z,cash,
4004732,8803284,IN,80.26,EUR,2025-10-12T18:35:00Z,card,
4004733,8803313,IN,95.94,EUR,2025-10-12T18:58:28Z,card,
4004734,8803332,IN,36.00,GBP,2025-10-12T20:52:04Z,voucher,
4004735,8802436,IN,150.49,USD,2025-10-12T21:20:00Z,card,
4004736,8803333,IN,60.00,GBP,2025-10-12T21:31:47Z,card,
4004737,8803334,IN,361.18,USD,2025-10-12T23:58:46Z,voucher,
4004738,8803335,IN,48.71,USD,2025-10-13T00:36:56Z,voucher,
4004739,8803336,IN,226.38,USD,2025-10-13T03:24:07Z,card,
4004740,8803053,OUT,452.76,USD,2025-10-13T06:33:00Z,voucher,cancellation (20% fee retained)
4004741,8803337,IN,180.00,GBP,2025-10-13T07:48:21Z,card,
4004742,8803338,IN,22.50,GBP,2025-10-13T09:34:09Z,card,
4004743,8803339,IN,113.66,USD,2025-10-13T17:03:11Z,card,
4004744,8803340,IN,36.00,GBP,2025-10-13T17:03:28Z,card,
4004745,8803338,IN,85.50,GBP,2025-10-13T17:50:00Z,card,
4004746,8803341,IN,37.89,USD,2025-10-13T20:44:14Z,card,
4004747,8803342,IN,60.00,GBP,2025-10-13T21:50:35Z,card,
4004748,8803293,IN,40.42,AUD,2025-10-13T23:50:00Z,cash,
4004749,8803343,IN,215.60,AUD,2025-10-14T01:24:47Z,card,
4004750,8803344,IN,339.57,USD,2025-10-14T03:14:19Z,card,
4004751,8803345,IN,79.20,AUD,2025-10-14T07:56:45Z,voucher,
4004752,8803346,IN,71.34,EUR,2025-10-14T10:44:11Z,card,
4004753,8803341,IN,113.66,USD,2025-10-14T11:20:00Z,cash,
4004754,8803347,IN,18.95,USD,2025-10-14T12:00:57Z,card,
4004755,8803348,IN,9.47,USD,2025-10-14T13:36:23Z,card,
4004756,8803348,IN,104.19,USD,2025-10-14T14:35:00Z,card,
4004757,8803349,IN,171.04,USD,2025-10-14T19:30:21Z,voucher,
4004758,8803331,IN,466.91,USD,2025-10-14T20:05:00Z,card,
4004759,8803350,IN,35.67,EUR,2025-10-14T22:47:25Z,card,
4004760,8803351,IN,48.71,USD,2025-10-15T01:01:41Z,card,
4004761,8803352,IN,200.66,USD,2025-10-15T03:24:33Z,voucher,
4004762,8803353,IN,452.76,USD,2025-10-15T05:50:23Z,voucher,
4004763,8803354,IN,59.96,EUR,2025-10-15T06:14:54Z,card,
4004764,8803355,IN,17.84,EUR,2025-10-15T11:00:43Z,card,
4004765,8803356,IN,23.99,EUR,2025-10-15T11:14:10Z,card,
4004766,8803357,IN,45.00,GBP,2025-10-15T11:17:00Z,card,
4004767,8803358,IN,120.39,USD,2025-10-15T15:16:16Z,card,
4004768,8803080,IN,36.53,USD,2025-10-15T16:05:00Z,card,
4004769,8803203,OUT,285.36,EUR,2025-10-15T16:54:23Z,card,cancellation
4004770,8803291,IN,107.01,EUR,2025-10-15T17:50:00Z,cash,
4004771,8803345,IN,26.40,AUD,2025-10-15T18:24:25Z,card,
4004772,8803359,IN,54.00,GBP,2025-10-15T18:44:21Z,voucher,
4004773,8803360,IN,401.31,USD,2025-10-15T19:17:58Z,card,
4004774,8803356,IN,71.95,EUR,2025-10-15T19:35:00Z,card,
4004775,8803286,IN,285.36,EUR,2025-10-15T19:35:00Z,card,
4004776,8803354,IN,179.89,EUR,2025-10-15T19:50:00Z,cash,
4004777,8803361,IN,287.82,EUR,2025-10-15T21:43:57Z,card,
4004778,8803190,IN,121.27,AUD,2025-10-15T22:35:00Z,card,
4004779,8803337,OUT,45.00,GBP,2025-10-15T23:00:00Z,card,goodwill
4004780,8803362,IN,79.20,AUD,2025-10-16T00:29:57Z,voucher,
4004781,8803363,IN,200.66,USD,2025-10-16T02:29:44Z,card,
4004782,8803167,IN,23.92,AUD,2025-10-16T03:05:00Z,card,
4004783,8803335,OUT,48.71,USD,2025-10-16T05:51:30Z,voucher,cancellation
4004784,8803364,IN,142.68,EUR,2025-10-16T10:35:19Z,card,
4004785,8803365,IN,90.00,GBP,2025-10-16T14:30:00Z,card,
4004786,8803350,IN,107.01,EUR,2025-10-16T16:50:00Z,cash,
4004787,8803366,IN,134.40,GBP,2025-10-16T18:14:26Z,card,
4004788,8803355,IN,53.50,EUR,2025-10-16T19:05:00Z,card,
4004789,8803367,IN,194.85,USD,2025-10-16T20:32:07Z,card,
4004790,8803368,IN,59.96,EUR,2025-10-16T21:06:13Z,card,
4004791,8803369,IN,85.52,USD,2025-10-16T21:46:16Z,card,
4004792,8803370,IN,79.20,AUD,2025-10-16T22:09:42Z,card,
4004793,8803371,IN,401.31,USD,2025-10-17T02:17:26Z,voucher,
4004794,8803372,IN,23.99,EUR,2025-10-17T07:33:35Z,card,
4004795,8803373,IN,143.91,EUR,2025-10-17T09:37:02Z,card,
4004796,8803374,IN,35.67,EUR,2025-10-17T10:23:00Z,card,
4004797,8803375,IN,143.91,EUR,2025-10-17T14:09:10Z,voucher,
4004798,8803376,IN,321.05,USD,2025-10-17T15:08:02Z,card,
4004799,8803357,IN,135.00,GBP,2025-10-17T17:50:00Z,card,
4004800,8803377,IN,200.66,USD,2025-10-17T18:05:57Z,card,
4004801,8802982,IN,50.40,GBP,2025-10-17T19:35:00Z,cash,
4004802,8803372,IN,71.95,EUR,2025-10-17T19:35:00Z,cash,
4004803,8803378,IN,79.20,AUD,2025-10-17T20:04:49Z,voucher,
4004804,8803379,IN,63.80,AUD,2025-10-17T21:02:02Z,card,
4004805,8803379,IN,31.90,AUD,2025-10-17T21:12:50Z,card,
4004806,8803380,IN,70.75,USD,2025-10-17T21:57:42Z,card,
4004807,8803378,IN,26.40,AUD,2025-10-17T22:16:14Z,card,
4004808,8803381,IN,146.14,USD,2025-10-18T01:05:09Z,card,
4004809,8803382,IN,243.56,USD,2025-10-18T03:21:31Z,card,
4004810,8803383,IN,95.70,AUD,2025-10-18T03:59:58Z,voucher,
4004811,8803384,IN,335.79,EUR,2025-10-18T10:22:58Z,card,
4004812,8803237,IN,320.69,USD,2025-10-18T11:20:00Z,cash,
4004813,8803385,IN,15.00,GBP,2025-10-18T12:06:07Z,card,
4004814,8803386,IN,113.66,USD,2025-10-18T14:21:11Z,card,
4004815,8803386,IN,37.89,USD,2025-10-18T14:23:40Z,card,
4004816,8803387,IN,85.52,USD,2025-10-18T14:32:48Z,card,
4004817,8803209,IN,128.28,USD,2025-10-18T15:20:00Z,card,
4004818,8803368,IN,179.89,EUR,2025-10-18T16:05:00Z,cash,
4004819,8803388,IN,71.34,EUR,2025-10-18T17:31:21Z,card,
4004820,8803389,IN,47.97,EUR,2025-10-18T17:52:04Z,card,
4004821,8803385,IN,105.00,GBP,2025-10-18T18:20:00Z,card,
4004822,8802868,IN,23.92,AUD,2025-10-19T00:35:00Z,card,
4004823,8803390,IN,95.70,AUD,2025-10-19T00:54:55Z,card,
4004824,8803391,IN,22.50,GBP,2025-10-19T06:43:44Z,card,
4004825,8803392,IN,83.95,EUR,2025-10-19T10:02:37Z,card,
4004826,8803393,IN,7.98,AUD,2025-10-19T11:28:42Z,card,
4004827,8803394,IN,95.94,EUR,2025-10-19T13:39:50Z,card,
4004828,8803395,IN,67.20,GBP,2025-10-19T16:02:03Z,card,
4004829,8803396,IN,48.71,USD,2025-10-19T16:36:02Z,card,
4004830,8803392,IN,251.84,EUR,2025-10-19T16:50:00Z,cash,
4004831,8803292,IN,215.86,EUR,2025-10-19T17:50:00Z,cash,
4004832,8803397,IN,25.20,GBP,2025-10-19T19:05:33Z,card,
4004833,8803394,IN,287.82,EUR,2025-10-19T19:20:00Z,cash,
4004834,8803398,IN,30.00,GBP,2025-10-19T19:47:36Z,card,
4004835,8803399,IN,90.00,GBP,2025-10-19T20:21:34Z,card,
4004836,8803400,IN,60.00,GBP,2025-10-19T21:12:32Z,card,
4004837,8803401,IN,151.55,USD,2025-10-20T00:32:08Z,card,
4004838,8803402,IN,12.18,USD,2025-10-20T00:58:40Z,card,
4004839,8803277,IN,18.00,GBP,2025-10-20T09:05:05Z,card,
4004840,8803403,IN,53.51,EUR,2025-10-20T14:36:27Z,card,
4004841,8803404,IN,249.69,EUR,2025-10-20T15:36:24Z,card,
4004842,8803405,IN,17.84,EUR,2025-10-20T15:50:54Z,card,
4004843,8803406,IN,146.14,USD,2025-10-20T17:02:40Z,voucher,
4004844,8803407,IN,72.00,GBP,2025-10-20T17:04:44Z,card,
4004845,8803398,IN,90.00,GBP,2025-10-20T17:50:00Z,cash,
4004846,8803374,IN,107.01,EUR,2025-10-20T18:50:00Z,card,
4004847,8803345,OUT,26.40,AUD,2025-10-20T23:00:00Z,voucher,goodwill
4004848,8803408,IN,215.60,AUD,2025-10-21T00:51:34Z,card,
4004849,8803407,IN,36.00,GBP,2025-10-21T00:52:43Z,card,
4004850,8803409,IN,85.52,USD,2025-10-21T01:16:36Z,voucher,
4004851,8803410,IN,105.60,AUD,2025-10-21T02:57:02Z,card,
4004852,8803411,IN,441.44,USD,2025-10-21T04:41:57Z,card,
4004853,8803412,IN,2.40,GBP,2025-10-21T06:41:10Z,card,
4004854,8803413,IN,142.68,EUR,2025-10-21T07:22:00Z,card,
4004855,8803414,IN,214.02,EUR,2025-10-21T12:00:43Z,card,
4004856,8803415,IN,200.66,USD,2025-10-21T14:13:05Z,card,
4004857,8803416,IN,9.00,GBP,2025-10-21T14:46:46Z,card,
4004858,8803417,IN,59.96,EUR,2025-10-21T16:45:41Z,card,
4004859,8803418,IN,383.76,EUR,2025-10-21T17:35:17Z,card,
4004860,8803419,IN,226.38,USD,2025-10-21T18:02:10Z,card,
4004861,8803420,IN,256.55,USD,2025-10-21T21:01:23Z,card,
4004862,8803421,IN,161.70,AUD,2025-10-22T01:38:10Z,card,
4004863,8803422,IN,15.95,AUD,2025-10-22T01:58:11Z,card,
4004864,8803252,OUT,271.66,USD,2025-10-22T03:05:11Z,voucher,cancellation (20% fee retained)
4004865,8803421,OUT,161.70,AUD,2025-10-22T06:33:36Z,card,cancellation
4004866,8803423,IN,168.00,GBP,2025-10-22T09:36:11Z,card,
4004867,8803424,IN,16.80,GBP,2025-10-22T10:57:30Z,card,
4004868,8803425,IN,107.80,AUD,2025-10-22T12:00:03Z,card,
4004869,8803426,IN,120.39,USD,2025-10-22T15:07:15Z,card,
4004870,8803427,IN,282.98,USD,2025-10-22T15:13:00Z,voucher,
4004871,8803428,IN,100.33,USD,2025-10-22T16:09:25Z,card,
4004872,8702591,IN,56.00,GBP,2025-10-22T19:00:00Z,card,
4004873,8803424,IN,50.40,GBP,2025-10-22T19:50:00Z,card,
4004874,8803429,IN,285.36,EUR,2025-10-22T20:19:35Z,card,
4004875,8803430,IN,361.18,USD,2025-10-22T23:02:22Z,card,
4004876,8803431,IN,106.90,USD,2025-10-23T02:05:21Z,card,
4004877,8803432,IN,6.60,AUD,2025-10-23T04:41:37Z,card,
4004878,8803433,IN,53.90,AUD,2025-10-23T04:41:51Z,card,
4004879,8803434,IN,35.98,EUR,2025-10-23T06:51:03Z,card,
4004880,8803398,OUT,60.00,GBP,2025-10-23T08:00:00Z,card,goodwill
4004881,8803435,IN,42.00,GBP,2025-10-23T08:26:02Z,card,
4004882,8803436,IN,215.60,AUD,2025-10-23T08:29:22Z,card,
4004883,8803437,IN,36.00,GBP,2025-10-23T08:51:39Z,voucher,
4004884,8803438,IN,60.00,GBP,2025-10-23T09:25:28Z,card,
4004885,8803439,IN,321.05,USD,2025-10-23T14:32:14Z,card,
4004886,8802909,IN,218.40,GBP,2025-10-23T17:50:00Z,card,
4004887,8803440,IN,441.44,USD,2025-10-23T18:35:36Z,card,
4004888,8803434,IN,107.93,EUR,2025-10-23T19:20:00Z,cash,
4004889,8803441,IN,178.35,EUR,2025-10-23T22:53:32Z,card,
4004890,8803442,IN,243.56,USD,2025-10-23T22:54:24Z,voucher,
4004891,8803443,IN,243.56,USD,2025-10-24T00:21:30Z,card,
4004892,8803430,OUT,288.94,USD,2025-10-24T11:08:42Z,card,cancellation (20% fee retained)
4004893,8803431,IN,320.69,USD,2025-10-24T14:05:00Z,cash,
4004894,8803403,IN,160.51,EUR,2025-10-24T18:20:00Z,cash,
4004895,8803263,IN,67.50,GBP,2025-10-24T18:50:00Z,card,
4004896,8802757,IN,142.08,USD,2025-10-24T20:35:00Z,cash,
4004897,8803444,IN,161.70,AUD,2025-10-24T20:39:16Z,card,
4004898,8803445,IN,59.96,EUR,2025-10-24T21:07:05Z,card,
4004899,8803446,IN,113.66,USD,2025-10-25T00:24:32Z,card,
4004900,8803432,IN,19.80,AUD,2025-10-25T04:35:00Z,card,
4004901,8803447,IN,342.07,USD,2025-10-25T04:46:16Z,voucher,
4004902,8803346,IN,35.67,EUR,2025-10-25T05:02:17Z,card,
4004903,8803448,IN,79.20,AUD,2025-10-25T05:10:03Z,card,
4004904,8803449,IN,26.75,EUR,2025-10-25T06:10:51Z,card,
4004905,8803450,IN,25.20,GBP,2025-10-25T06:23:07Z,card,
4004906,8803451,IN,120.00,GBP,2025-10-25T06:26:33Z,card,
4004907,8803452,IN,13.50,GBP,2025-10-25T06:31:51Z,card,
4004908,8803453,IN,95.94,EUR,2025-10-25T08:51:22Z,voucher,
4004909,8803454,IN,26.40,AUD,2025-10-25T10:29:10Z,card,
4004910,8803353,OUT,452.76,USD,2025-10-25T10:51:49Z,voucher,cancellation
4004911,8803455,IN,33.60,GBP,2025-10-25T14:10:24Z,card,
4004912,8803455,IN,100.80,GBP,2025-10-25T16:05:00Z,card,
4004913,8803148,IN,107.01,EUR,2025-10-25T18:50:00Z,card,
4004914,8803456,IN,143.91,EUR,2025-10-25T20:34:18Z,card,
4004915,8803457,IN,15.00,GBP,2025-10-25T21:15:19Z,card,
4004916,8803458,IN,52.80,AUD,2025-10-26T00:05:19Z,card,
4004917,8803459,IN,31.90,AUD,2025-10-26T07:27:48Z,voucher,
4004918,8803460,IN,45.00,GBP,2025-10-26T10:52:05Z,card,
4004919,8803461,IN,22.50,GBP,2025-10-26T12:01:21Z,card,
4004920,8803462,IN,161.70,AUD,2025-10-26T12:19:29Z,voucher,
4004921,8803463,IN,37.89,USD,2025-10-26T12:21:39Z,card,
4004922,8803281,IN,128.28,USD,2025-10-26T13:20:00Z,card,
4004923,8803464,IN,256.55,USD,2025-10-26T14:05:52Z,card,
4004924,8802771,IN,56.83,USD,2025-10-26T14:50:00Z,cash,
4004925,8803397,IN,75.60,GBP,2025-10-26T16:50:00Z,cash,
4004926,8803401,IN,37.89,USD,2025-10-26T17:01:04Z,card,
4004927,8803465,IN,2.40,GBP,2025-10-26T18:46:15Z,card,
4004928,8803466,IN,171.04,USD,2025-10-26T20:28:51Z,voucher,
4004929,8803461,IN,67.50,GBP,2025-10-26T20:50:00Z,card,
4004930,8803467,IN,79.20,AUD,2025-10-27T01:24:54Z,card,
4004931,8803468,IN,95.70,AUD,2025-10-27T02:53:48Z,card,
4004932,8803469,IN,47.97,EUR,2025-10-27T14:06:13Z,card,
4004933,8803470,IN,383.76,EUR,2025-10-27T14:16:54Z,card,
4004934,8803471,IN,141.49,USD,2025-10-27T16:36:59Z,card,
4004935,8803472,IN,90.30,USD,2025-10-27T21:21:48Z,card,
4004936,8803473,IN,23.93,AUD,2025-10-27T23:43:47Z,card,
4004937,8803474,IN,26.40,AUD,2025-10-28T04:58:40Z,card,
4004938,8803454,IN,79.20,AUD,2025-10-28T07:20:00Z,cash,
4004939,8803475,IN,35.67,EUR,2025-10-28T08:37:13Z,card,
4004940,8803186,IN,64.14,USD,2025-10-28T11:20:00Z,cash,
4004941,8803476,IN,22.50,GBP,2025-10-28T15:25:35Z,card,
4004942,8803477,IN,160.52,USD,2025-10-28T15:43:09Z,voucher,
4004943,8803478,IN,180.00,GBP,2025-10-28T17:01:30Z,voucher,
4004944,8803479,IN,239.85,EUR,2025-10-28T18:16:49Z,card,
4004945,8803476,IN,67.50,GBP,2025-10-28T19:20:00Z,cash,
4004946,8803391,IN,67.50,GBP,2025-10-28T19:20:00Z,cash,
4004947,8803416,IN,27.00,GBP,2025-10-28T19:35:00Z,cash,
4004948,8803480,IN,30.00,GBP,2025-10-28T20:46:12Z,card,
4004949,8803481,IN,143.91,EUR,2025-10-28T22:55:02Z,card,
4004950,8803482,IN,18.00,GBP,2025-10-28T22:56:43Z,card,
4004951,8803483,IN,107.80,AUD,2025-10-29T01:57:52Z,voucher,
4004952,8803484,IN,215.60,AUD,2025-10-29T05:03:27Z,card,
4004953,8803485,IN,62.42,EUR,2025-10-29T07:08:01Z,card,
4004954,8803486,IN,143.91,EUR,2025-10-29T11:01:01Z,card,
4004955,8803487,IN,335.79,EUR,2025-10-29T11:21:18Z,voucher,
4004956,8803402,IN,36.53,USD,2025-10-29T15:20:00Z,card,
4004957,8803488,IN,59.96,EUR,2025-10-29T16:18:40Z,card,
4004958,8803489,IN,33.60,GBP,2025-10-29T17:33:55Z,card,
4004959,8803490,IN,90.00,GBP,2025-10-29T19:56:48Z,card,
4004960,8803491,IN,214.02,EUR,2025-10-29T20:12:02Z,voucher,
4004961,8803485,IN,187.27,EUR,2025-10-29T20:50:00Z,cash,
4004962,8803488,IN,275.83,EUR,2025-10-29T21:05:00Z,card,
4004963,8803492,IN,85.52,USD,2025-10-29T21:26:25Z,card,
4004964,8803493,IN,142.68,EUR,2025-10-29T22:23:45Z,card,
4004965,8803494,IN,53.90,AUD,2025-10-29T22:27:25Z,card,
4004966,8803494,IN,161.70,AUD,2025-10-29T22:50:00Z,card,
4004967,8803481,IN,47.97,EUR,2025-10-30T05:47:44Z,card,
4004968,8803495,IN,143.91,EUR,2025-10-30T08:51:17Z,card,
4004969,8803496,IN,1.20,GBP,2025-10-30T12:25:50Z,card,
4004970,8803497,IN,36.00,GBP,2025-10-30T12:50:55Z,card,
4004971,8803498,IN,110.36,USD,2025-10-30T13:31:27Z,card,
4004972,8803498,IN,331.08,USD,2025-10-30T15:35:00Z,card,
4004973,8803499,IN,239.85,EUR,2025-10-30T17:24:37Z,card,
4004974,8803500,IN,150.00,GBP,2025-10-30T18:03:45Z,voucher,
4004975,8803501,IN,335.79,EUR,2025-10-30T19:04:03Z,card,
4004976,8803499,IN,47.97,EUR,2025-10-30T21:56:16Z,card,
4004977,8803489,IN,100.80,GBP,2025-10-31T15:35:00Z,card,
4004978,8803502,IN,70.75,USD,2025-10-31T17:06:51Z,card,
4004979,8803502,IN,212.23,USD,2025-10-31T18:50:00Z,card,
4004980,8803503,IN,63.80,AUD,2025-10-31T20:06:35Z,card,
4004981,8803504,IN,215.60,AUD,2025-10-31T21:05:16Z,card,
4004982,8803462,OUT,80.85,AUD,2025-11-01T02:00:00Z,voucher,goodwill
4004983,8803367,OUT,19.49,USD,2025-11-01T06:30:00Z,card,goodwill
4004984,8803505,IN,168.00,GBP,2025-11-01T09:34:36Z,card,
4004985,8803506,IN,30.00,GBP,2025-11-01T10:10:45Z,card,
4004986,8803507,IN,150.00,GBP,2025-11-01T12:52:10Z,voucher,
4004987,8803508,IN,679.14,USD,2025-11-01T13:20:43Z,voucher,
4004988,8803506,IN,90.00,GBP,2025-11-01T14:05:00Z,card,
4004989,8803509,IN,240.79,USD,2025-11-01T14:20:22Z,card,
4004990,8803510,IN,60.00,GBP,2025-11-01T14:38:44Z,card,
4004991,8803511,IN,200.66,USD,2025-11-01T15:15:53Z,card,
4004992,8803472,IN,270.88,USD,2025-11-01T15:50:00Z,card,
4004993,8803512,IN,9.00,GBP,2025-11-01T18:31:06Z,card,
4004994,8803449,IN,115.93,EUR,2025-11-01T18:35:00Z,cash,
4004995,8803450,IN,75.60,GBP,2025-11-01T19:05:00Z,card,
4004996,8803445,IN,179.89,EUR,2025-11-01T20:05:00Z,cash,
4004997,8803469,IN,143.91,EUR,2025-11-01T20:05:00Z,card,
4004998,8803513,IN,59.96,EUR,2025-11-01T20:09:06Z,card,
4004999,8803452,IN,40.50,GBP,2025-11-01T20:20:00Z,cash,
4005000,8803366,OUT,134.40,GBP,2025-11-01T22:41:04Z,card,cancellation
4005001,8803514,IN,200.66,USD,2025-11-01T23:45:59Z,card,
4005002,8803515,IN,215.60,AUD,2025-11-02T00:29:32Z,card,
4005003,8803306,OUT,80.85,AUD,2025-11-02T02:30:00Z,card,goodwill
4005004,8803516,IN,161.70,AUD,2025-11-02T02:34:38Z,card,
4005005,8803517,IN,47.36,USD,2025-11-02T04:47:28Z,card,
4005006,8803518,IN,127.60,AUD,2025-11-02T04:50:54Z,card,
4005007,8803519,IN,90.00,GBP,2025-11-02T12:56:09Z,card,
4005008,8803520,IN,97.43,USD,2025-11-02T14:34:12Z,voucher,
4005009,8803519,IN,36.00,GBP,2025-11-02T16:30:52Z,card,
4005010,8803521,IN,67.20,GBP,2025-11-02T16:52:49Z,voucher,
4005011,8803522,IN,95.94,EUR,2025-11-02T17:17:02Z,card,
4005012,8803435,IN,126.00,GBP,2025-11-02T20:05:00Z,cash,
4005013,8803523,IN,12.18,USD,2025-11-02T23:08:10Z,card,
4005014,8803524,IN,106.90,USD,2025-11-02T23:50:09Z,card,
4005015,8803525,IN,84.89,USD,2025-11-03T02:58:44Z,card,
4005016,8803526,IN,9.00,GBP,2025-11-03T08:02:52Z,card,
4005017,8803527,IN,33.60,GBP,2025-11-03T10:34:34Z,card,
4005018,8803528,IN,105.60,AUD,2025-11-03T11:34:42Z,card,
4005019,8803172,OUT,72.00,GBP,2025-11-03T13:12:45Z,voucher,cancellation (20% fee retained)
4005020,8803400,OUT,60.00,GBP,2025-11-03T16:53:47Z,card,cancellation
4005021,8803311,IN,142.80,GBP,2025-11-03T19:05:00Z,card,
4005022,8803460,IN,165.00,GBP,2025-11-03T20:20:00Z,card,
4005023,8803529,IN,168.00,GBP,2025-11-03T21:23:54Z,card,
4005024,8803525,IN,254.68,USD,2025-11-03T21:50:00Z,cash,
4005025,8803530,IN,679.14,USD,2025-11-03T23:23:29Z,card,
4005026,8803531,IN,161.70,AUD,2025-11-04T01:07:59Z,card,
4005027,8803532,IN,37.50,GBP,2025-11-04T11:03:17Z,card,
4005028,8803028,IN,2.70,GBP,2025-11-04T11:20:00Z,card,
4005029,8803533,IN,180.00,GBP,2025-11-04T13:28:14Z,voucher,
4005030,8803532,IN,142.50,GBP,2025-11-04T17:20:00Z,card,
4005031,8803534,IN,54.00,GBP,2025-11-04T18:26:17Z,voucher,
4005032,8803535,IN,178.35,EUR,2025-11-04T18:29:11Z,card,
4005033,8803536,IN,110.36,USD,2025-11-04T19:11:37Z,card,
4005034,8803537,IN,31.90,AUD,2025-11-04T20:00:40Z,voucher,
4005035,8803538,IN,26.40,AUD,2025-11-04T20:51:46Z,card,
4005036,8803539,IN,107.80,AUD,2025-11-04T21:23:51Z,voucher,
4005037,8803536,IN,331.08,USD,2025-11-04T22:50:00Z,cash,
4005038,8803540,IN,161.70,AUD,2025-11-04T23:16:50Z,card,
4005039,8803541,IN,40.43,AUD,2025-11-05T06:14:38Z,card,
4005040,8803542,IN,23.99,EUR,2025-11-05T14:33:35Z,card,
4005041,8803543,IN,70.75,USD,2025-11-05T16:50:27Z,card,
4005042,8803544,IN,0.60,GBP,2025-11-05T17:32:58Z,card,
4005043,8803545,IN,50.40,GBP,2025-11-05T18:21:44Z,card,
4005044,8803522,IN,287.82,EUR,2025-11-05T18:35:00Z,card,
4005045,8803546,IN,1.20,GBP,2025-11-05T19:37:09Z,card,
4005046,8803547,IN,100.80,GBP,2025-11-05T21:21:01Z,card,
4005047,8803548,IN,95.70,AUD,2025-11-05T23:03:18Z,voucher,
4005048,8803422,IN,47.85,AUD,2025-11-06T02:50:00Z,card,
4005049,8803549,IN,107.80,AUD,2025-11-06T08:34:08Z,card,
4005050,8803550,IN,54.00,GBP,2025-11-06T12:10:32Z,card,
4005051,8803486,IN,95.94,EUR,2025-11-06T16:23:25Z,card,
4005052,8803551,IN,100.80,GBP,2025-11-06T19:21:01Z,card,
4005053,8803552,IN,52.80,AUD,2025-11-06T21:19:04Z,card,
4005054,8803446,IN,37.89,USD,2025-11-06T22:10:51Z,card,
4005055,8803553,IN,26.40,AUD,2025-11-06T23:50:35Z,card,
4005056,8803554,IN,151.55,USD,2025-11-07T01:03:38Z,card,
4005057,8803520,OUT,48.72,USD,2025-11-07T10:30:00Z,voucher,goodwill
4005058,8803555,IN,67.20,GBP,2025-11-07T10:48:14Z,card,
4005059,8803556,IN,249.69,EUR,2025-11-07T12:02:51Z,card,
4005060,8803557,IN,113.66,USD,2025-11-07T13:26:20Z,card,
4005061,8803523,IN,36.53,USD,2025-11-07T14:20:00Z,card,
4005062,8803558,IN,287.82,EUR,2025-11-07T16:21:54Z,voucher,
4005063,8803559,IN,9.47,USD,2025-11-07T19:23:29Z,card,
4005064,8803560,IN,71.34,EUR,2025-11-07T20:06:02Z,card,
4005065,8803457,IN,45.00,GBP,2025-11-07T21:05:00Z,cash,
4005066,8803538,OUT,26.40,AUD,2025-11-07T21:50:57Z,card,cancellation
4005067,8803561,IN,150.00,GBP,2025-11-07T22:07:42Z,card,
4005068,8803562,IN,0.30,GBP,2025-11-07T22:22:22Z,card,
4005069,8803563,IN,107.01,EUR,2025-11-07T23:33:19Z,card,
4005070,8803231,IN,80.85,AUD,2025-11-08T07:05:00Z,cash,
4005071,8803163,OUT,239.85,EUR,2025-11-08T10:00:57Z,card,cancellation
4005072,8803564,IN,26.95,AUD,2025-11-08T10:20:57Z,card,
4005073,8803544,IN,1.80,GBP,2025-11-08T11:35:00Z,card,
4005074,8803559,IN,28.42,USD,2025-11-08T11:50:00Z,card,
4005075,8803565,IN,105.60,AUD,2025-11-08T12:04:17Z,card,
4005076,8803566,IN,71.96,EUR,2025-11-08T13:18:44Z,card,
4005077,8803567,IN,54.00,GBP,2025-11-08T13:49:46Z,voucher,
4005078,8803568,IN,194.85,USD,2025-11-08T14:55:24Z,card,
4005079,8803569,IN,282.98,USD,2025-11-08T15:57:37Z,voucher,
4005080,8803513,IN,179.89,EUR,2025-11-08T17:50:00Z,cash,
4005081,8803566,IN,215.86,EUR,2025-11-08T19:50:00Z,cash,
4005082,8803570,IN,52.80,AUD,2025-11-08T20:20:23Z,card,
4005083,8803571,IN,339.57,USD,2025-11-08T21:23:30Z,card,
4005084,8803548,IN,63.80,AUD,2025-11-09T00:14:57Z,card,
4005085,8803572,IN,40.43,AUD,2025-11-09T00:22:44Z,card,
4005086,8803446,OUT,151.55,USD,2025-11-09T00:26:18Z,card,cancellation
4005087,8803573,IN,95.70,AUD,2025-11-09T01:54:22Z,card,
4005088,8803574,IN,26.40,AUD,2025-11-09T04:38:24Z,card,
4005089,8803318,IN,71.77,AUD,2025-11-09T05:50:00Z,card,
4005090,8803575,IN,53.90,AUD,2025-11-09T08:51:58Z,card,
4005091,8803576,IN,100.80,GBP,2025-11-09T11:53:11Z,card,
4005092,8803577,IN,178.35,EUR,2025-11-09T14:39:10Z,card,
4005093,8803578,IN,95.94,EUR,2025-11-09T15:03:46Z,card,
4005094,8803579,IN,565.95,USD,2025-11-09T15:20:31Z,card,
4005095,8803580,IN,36.54,USD,2025-11-09T15:38:30Z,card,
4005096,8803580,IN,109.60,USD,2025-11-09T19:05:00Z,card,
4005097,8803526,IN,27.00,GBP,2025-11-09T19:50:00Z,cash,
4005098,8803527,IN,100.80,GBP,2025-11-09T19:50:00Z,cash,
4005099,8803581,IN,161.70,AUD,2025-11-09T22:24:19Z,voucher,
4005100,8803582,IN,107.80,AUD,2025-11-10T02:38:16Z,voucher,
4005101,8803583,IN,26.75,EUR,2025-11-10T08:40:01Z,card,
4005102,8803584,IN,40.43,AUD,2025-11-10T11:15:55Z,card,
4005103,8803585,IN,108.00,GBP,2025-11-10T14:18:24Z,card,
4005104,8803586,IN,72.00,GBP,2025-11-10T21:36:20Z,voucher,
4005105,8803375,OUT,143.91,EUR,2025-11-11T01:09:36Z,voucher,cancellation
4005106,8803587,IN,26.40,AUD,2025-11-11T04:12:21Z,card,
4005107,8803588,IN,3.60,GBP,2025-11-11T07:13:04Z,card,
4005108,8803589,IN,134.40,GBP,2025-11-11T09:08:05Z,voucher,
4005109,8803590,IN,54.00,GBP,2025-11-11T15:18:01Z,card,
4005110,8803543,IN,212.23,USD,2025-11-11T15:50:00Z,cash,
4005111,8803573,IN,31.90,AUD,2025-11-11T19:20:40Z,card,
4005112,8803591,IN,60.20,USD,2025-11-11T19:32:36Z,card,
4005113,8803592,IN,107.80,AUD,2025-11-11T21:33:34Z,card,
4005114,8803593,IN,155.64,USD,2025-11-11T22:17:06Z,card,
4005115,8803594,IN,48.71,USD,2025-11-11T22:41:15Z,card,
4005116,8803595,IN,63.80,AUD,2025-11-11T22:46:00Z,card,
4005117,8803596,IN,19.80,AUD,2025-11-11T23:10:16Z,card,
4005118,8803597,IN,72.00,GBP,2025-11-11T23:51:52Z,voucher,
4005119,8803598,IN,53.90,AUD,2025-11-12T02:40:25Z,voucher,
4005120,8803599,IN,22.50,GBP,2025-11-12T09:05:29Z,card,
4005121,8803600,IN,100.80,GBP,2025-11-12T09:18:31Z,card,
4005122,8803601,IN,25.20,GBP,2025-11-12T11:12:31Z,card,
4005123,8803602,IN,13.48,AUD,2025-11-12T12:01:17Z,card,
4005124,8803573,OUT,127.60,AUD,2025-11-12T12:24:46Z,card,cancellation
4005125,8803603,IN,48.71,USD,2025-11-12T13:13:31Z,card,
4005126,8803604,IN,56.60,USD,2025-11-12T14:01:09Z,card,
4005127,8803605,IN,339.57,USD,2025-11-12T16:06:09Z,card,
4005128,8803604,IN,169.78,USD,2025-11-12T17:35:00Z,cash,
4005129,8803593,IN,466.91,USD,2025-11-12T19:20:00Z,cash,
4005130,8803606,IN,27.00,GBP,2025-11-13T12:25:15Z,card,
4005131,8803607,IN,25.20,GBP,2025-11-13T15:22:25Z,card,
4005132,8803608,IN,321.05,USD,2025-11-13T17:28:45Z,card,
4005133,8803609,IN,13.48,AUD,2025-11-14T00:12:20Z,card,
4005134,8803610,IN,110.36,USD,2025-11-14T01:08:20Z,card,
4005135,8803611,IN,249.69,EUR,2025-11-14T07:08:36Z,voucher,
4005136,8803612,IN,15.00,GBP,2025-11-14T07:55:31Z,card,
4005137,8803613,IN,53.90,AUD,2025-11-14T08:19:03Z,card,
4005138,8803614,IN,22.50,GBP,2025-11-14T08:20:38Z,card,
4005139,8803615,IN,60.20,USD,2025-11-14T18:29:09Z,card,
4005140,8803616,IN,335.79,EUR,2025-11-14T20:11:11Z,card,
4005141,8803393,IN,23.92,AUD,2025-11-15T00:05:00Z,cash,
4005142,8803564,IN,80.85,AUD,2025-11-15T01:20:00Z,cash,
4005143,8803617,IN,12.18,USD,2025-11-15T05:48:04Z,card,
4005144,8803618,IN,215.60,AUD,2025-11-15T06:13:19Z,card,
4005145,8803602,IN,40.42,AUD,2025-11-15T06:35:00Z,card,
4005146,8803609,IN,40.42,AUD,2025-11-15T06:35:00Z,cash,
4005147,8803613,IN,161.70,AUD,2025-11-15T06:50:00Z,cash,
4005148,8803619,IN,201.60,GBP,2025-11-15T07:10:50Z,card,
4005149,8803620,IN,285.36,EUR,2025-11-15T08:56:12Z,voucher,
4005150,8803621,IN,100.80,GBP,2025-11-15T09:31:38Z,card,
4005151,8803622,IN,143.91,EUR,2025-11-15T11:26:35Z,card,
4005152,8803120,OUT,63.80,AUD,2025-11-15T12:17:09Z,card,cancellation
4005153,8803623,IN,287.82,EUR,2025-11-15T13:23:12Z,card,
4005154,8803624,IN,45.00,GBP,2025-11-15T13:26:57Z,card,
4005155,8803625,IN,54.00,GBP,2025-11-15T13:31:27Z,card,
4005156,8803626,IN,243.56,USD,2025-11-15T14:52:59Z,card,
4005157,8803627,IN,452.76,USD,2025-11-15T15:06:13Z,card,
4005158,8803628,IN,95.94,EUR,2025-11-15T16:51:23Z,card,
4005159,8803628,IN,383.76,EUR,2025-11-15T19:05:00Z,cash,
4005160,8803601,IN,75.60,GBP,2025-11-15T19:20:00Z,card,
4005161,8803629,IN,60.00,GBP,2025-11-15T20:15:06Z,card,
4005162,8803583,IN,80.26,EUR,2025-11-15T20:20:00Z,cash,
4005163,8803410,OUT,84.48,AUD,2025-11-15T20:44:10Z,card,cancellation (20% fee retained)
4005164,8803630,IN,321.05,USD,2025-11-15T21:55:50Z,card,
4005165,8803631,IN,67.20,GBP,2025-11-15T22:04:28Z,card,
4005166,8803632,IN,6.60,AUD,2025-11-15T22:42:28Z,card,
4005167,8803633,IN,171.04,USD,2025-11-16T02:06:15Z,card,
4005168,8803634,IN,23.93,AUD,2025-11-16T02:13:56Z,card,
4005169,8803635,IN,200.66,USD,2025-11-16T05:00:55Z,voucher,
4005170,8803636,IN,60.20,USD,2025-11-16T05:07:24Z,card,
4005171,8803637,IN,1.20,GBP,2025-11-16T07:23:53Z,card,
4005172,8803596,IN,59.40,AUD,2025-11-16T08:20:00Z,card,
4005173,8803638,IN,2.40,GBP,2025-11-16T09:38:15Z,card,
4005174,8803602,OUT,13.48,AUD,2025-11-16T09:45:00Z,card,goodwill
4005175,8803509,OUT,240.79,USD,2025-11-16T10:50:53Z,card,cancellation
4005176,8803639,IN,50.40,GBP,2025-11-16T13:30:49Z,card,
4005177,8803640,IN,342.07,USD,2025-11-16T13:39:03Z,card,
4005178,8803641,IN,37.89,USD,2025-11-16T14:29:29Z,voucher,
4005179,8803606,IN,81.00,GBP,2025-11-16T18:20:00Z,card,
4005180,8803599,IN,67.50,GBP,2025-11-16T18:50:00Z,card,
4005181,8803624,IN,135.00,GBP,2025-11-16T19:05:00Z,card,
4005182,8803542,IN,71.95,EUR,2025-11-16T20:50:00Z,card,
4005183,8803560,IN,214.02,EUR,2025-11-16T20:50:00Z,cash,
4005184,8803642,IN,31.90,AUD,2025-11-16T21:03:23Z,card,
4005185,8803591,IN,180.59,USD,2025-11-16T21:20:00Z,cash,
4005186,8803643,IN,120.00,GBP,2025-11-16T21:34:27Z,card,
4005187,8803644,IN,52.80,AUD,2025-11-16T22:24:16Z,card,
4005188,8803645,IN,53.90,AUD,2025-11-17T02:23:31Z,voucher,
4005189,8803646,IN,31.90,AUD,2025-11-17T11:31:36Z,voucher,
4005190,8803647,IN,134.40,GBP,2025-11-17T17:42:59Z,card,
4005191,8803648,IN,0.60,GBP,2025-11-17T20:14:01Z,card,
4005192,8803649,IN,256.55,USD,2025-11-17T21:42:31Z,card,
4005193,8803650,IN,21.38,USD,2025-11-18T02:17:16Z,card,
4005194,8803651,IN,37.89,USD,2025-11-18T05:21:15Z,card,
4005195,8803652,IN,383.76,EUR,2025-11-18T09:52:41Z,card,
4005196,8803653,IN,42.00,GBP,2025-11-18T10:38:21Z,card,
4005197,8803654,IN,178.35,EUR,2025-11-18T14:38:20Z,card,
4005198,8803655,IN,60.20,USD,2025-11-18T16:10:40Z,card,
4005199,8803612,IN,45.00,GBP,2025-11-18T18:20:00Z,cash,
4005200,8803656,IN,427.59,USD,2025-11-18T20:35:20Z,card,
4005201,8803657,IN,23.99,EUR,2025-11-18T22:09:43Z,card,
4005202,8803658,IN,396.17,USD,2025-11-18T23:32:58Z,card,
4005203,8803658,IN,113.19,USD,2025-11-19T00:31:08Z,card,
4005204,8803659,IN,50.40,GBP,2025-11-19T08:35:30Z,card,
4005205,8803660,IN,67.20,GBP,2025-11-19T10:02:03Z,voucher,
4005206,8803661,IN,285.36,EUR,2025-11-19T12:16:35Z,voucher,
4005207,8803662,IN,113.19,USD,2025-11-19T17:30:56Z,card,
4005208,8803512,IN,27.00,GBP,2025-11-19T18:20:00Z,card,
4005209,8803610,IN,331.08,USD,2025-11-19T19:20:00Z,card,
4005210,8803663,IN,191.88,EUR,2025-11-19T20:17:37Z,card,
4005211,8803664,IN,83.95,EUR,2025-11-19T21:46:40Z,card,
4005212,8803665,IN,72.00,GBP,2025-11-19T22:00:49Z,card,
4005213,8803666,IN,31.90,AUD,2025-11-19T22:23:07Z,voucher,
4005214,8803667,IN,18.95,USD,2025-11-19T23:28:40Z,card,
4005215,8803668,IN,427.59,USD,2025-11-19T23:29:19Z,voucher,
4005216,8803669,IN,6.60,AUD,2025-11-20T04:08:59Z,card,
4005217,8803645,OUT,53.90,AUD,2025-11-20T08:17:22Z,voucher,cancellation
4005218,8803670,IN,35.98,EUR,2025-11-20T08:45:44Z,card,
4005219,8803671,IN,36.00,GBP,2025-11-20T11:00:03Z,card,
4005220,8803672,IN,201.60,GBP,2025-11-20T15:15:00Z,card,
4005221,8803673,IN,35.98,EUR,2025-11-20T16:47:45Z,card,
4005222,8803674,IN,71.34,EUR,2025-11-20T16:53:55Z,card,
4005223,8803675,IN,0.60,GBP,2025-11-20T17:15:44Z,card,
4005224,8803676,IN,67.20,GBP,2025-11-20T20:30:25Z,voucher,
4005225,8803677,IN,27.00,GBP,2025-11-20T20:38:38Z,card,
4005226,8803678,IN,280.92,USD,2025-11-20T23:32:39Z,card,
4005227,8803679,IN,256.55,USD,2025-11-20T23:39:12Z,card,
4005228,8803634,IN,71.77,AUD,2025-11-21T02:50:00Z,card,
4005229,8803680,IN,63.80,AUD,2025-11-21T06:44:19Z,voucher,
4005230,8803681,IN,239.85,EUR,2025-11-21T07:20:40Z,card,
4005231,8803682,IN,107.01,EUR,2025-11-21T09:56:08Z,card,
4005232,8803683,IN,26.95,AUD,2025-11-21T12:00:37Z,card,
4005233,8803684,IN,214.02,EUR,2025-11-21T17:04:20Z,card,
4005234,8803426,IN,361.18,USD,2025-11-21T19:50:00Z,card,
4005235,8803685,IN,31.90,AUD,2025-11-21T20:35:50Z,card,
4005236,8803686,IN,441.44,USD,2025-11-21T21:18:57Z,card,
4005237,8803687,IN,4.80,GBP,2025-11-22T08:36:25Z,card,
4005238,8803681,IN,95.94,EUR,2025-11-22T09:57:28Z,card,
4005239,8803667,IN,56.83,USD,2025-11-22T12:05:00Z,card,
4005240,8803688,IN,285.36,EUR,2025-11-22T13:16:11Z,card,
4005241,8803689,IN,178.35,EUR,2025-11-22T14:03:44Z,card,
4005242,8803524,IN,320.69,USD,2025-11-22T16:05:00Z,card,
4005243,8803690,IN,75.78,USD,2025-11-22T16:05:40Z,card,
4005244,8803655,IN,180.59,USD,2025-11-22T18:20:00Z,card,
4005245,8803691,IN,37.89,USD,2025-11-22T19:58:24Z,voucher,
4005246,8803692,IN,13.48,AUD,2025-11-22T20:13:29Z,card,
4005247,8803693,IN,214.02,EUR,2025-11-22T20:26:28Z,card,
4005248,8803693,IN,71.34,EUR,2025-11-22T20:51:35Z,card,
4005249,8803692,IN,40.42,AUD,2025-11-22T22:50:00Z,cash,
4005250,8803572,IN,121.27,AUD,2025-11-23T01:35:00Z,card,
4005251,8803694,IN,239.85,EUR,2025-11-23T07:19:41Z,card,
4005252,8803669,IN,19.80,AUD,2025-11-23T07:50:00Z,cash,
4005253,8803695,IN,142.68,EUR,2025-11-23T08:31:02Z,card,
4005254,8803696,IN,3.60,GBP,2025-11-23T09:25:19Z,card,
4005255,8803697,IN,180.00,GBP,2025-11-23T12:53:00Z,voucher,
4005256,8803698,IN,48.71,USD,2025-11-23T13:03:36Z,card,
4005257,8803675,IN,1.80,GBP,2025-11-23T14:50:00Z,card,
4005258,8803699,IN,54.00,GBP,2025-11-23T15:02:41Z,card,
4005259,8803650,IN,64.14,USD,2025-11-23T15:50:00Z,card,
4005260,8803700,IN,191.88,EUR,2025-11-23T17:28:53Z,card,
4005261,8803475,IN,107.01,EUR,2025-11-23T18:50:00Z,card,
4005262,8803701,IN,401.31,USD,2025-11-23T18:56:34Z,voucher,
4005263,8803702,IN,26.75,EUR,2025-11-23T20:10:28Z,card,
4005264,8803703,IN,105.60,AUD,2025-11-24T00:31:53Z,card,
4005265,8803704,IN,280.92,USD,2025-11-24T02:15:05Z,voucher,
4005266,8803635,OUT,20.07,USD,2025-11-24T05:00:00Z,voucher,goodwill
4005267,8803632,IN,19.80,AUD,2025-11-24T05:05:00Z,cash,
4005268,8803642,IN,95.70,AUD,2025-11-24T08:35:00Z,cash,
4005269,8803705,IN,105.60,AUD,2025-11-24T09:44:21Z,card,
4005270,8803184,OUT,342.07,USD,2025-11-24T10:33:26Z,card,cancellation
4005271,8803505,OUT,168.00,GBP,2025-11-24T12:41:40Z,card,cancellation
4005272,8803333,OUT,60.00,GBP,2025-11-24T14:10:51Z,card,cancellation
4005273,8803706,IN,12.18,USD,2025-11-24T18:02:45Z,card,
4005274,8803670,IN,107.93,EUR,2025-11-24T19:05:00Z,cash,
4005275,8803706,IN,36.53,USD,2025-11-24T19:05:00Z,cash,
4005276,8803707,IN,178.35,EUR,2025-11-24T20:04:53Z,card,
4005277,8803708,IN,90.00,GBP,2025-11-24T20:11:07Z,card,
4005278,8803709,IN,134.40,GBP,2025-11-24T20:37:48Z,voucher,
4005279,8803653,IN,126.00,GBP,2025-11-24T21:35:00Z,card,
4005280,8803038,IN,95.70,AUD,2025-11-24T21:50:00Z,cash,
4005281,8803710,IN,90.00,GBP,2025-11-24T22:31:53Z,voucher,
4005282,8803711,IN,36.00,GBP,2025-11-24T22:33:36Z,card,
4005283,8803712,IN,63.80,AUD,2025-11-24T22:36:30Z,card,
4005284,8803701,OUT,40.13,USD,2025-11-24T23:00:00Z,voucher,goodwill
4005285,8803713,IN,127.60,AUD,2025-11-25T02:51:51Z,card,
4005286,8803714,IN,107.80,AUD,2025-11-25T08:22:17Z,card,
4005287,8803715,IN,19.80,AUD,2025-11-25T09:06:48Z,card,
4005288,8803517,IN,142.08,USD,2025-11-25T11:50:00Z,card,
4005289,8803716,IN,240.79,USD,2025-11-25T15:26:53Z,card,
4005290,8803717,IN,143.91,EUR,2025-11-25T16:36:01Z,card,
4005291,8803486,OUT,191.88,EUR,2025-11-25T16:49:31Z,card,cancellation (20% fee retained)
4005292,8803636,IN,180.59,USD,2025-11-25T21:05:00Z,cash,
4005293,8803718,IN,127.60,AUD,2025-11-25T21:53:24Z,card,
4005294,8803719,IN,63.80,AUD,2025-11-26T01:42:46Z,voucher,
4005295,8803685,OUT,3.19,AUD,2025-11-26T08:00:00Z,card,goodwill
4005296,8803720,IN,105.60,AUD,2025-11-26T09:44:29Z,voucher,
4005297,8803721,IN,40.43,AUD,2025-11-26T12:52:59Z,card,
4005298,8803722,IN,168.00,GBP,2025-11-26T13:56:56Z,card,
4005299,8803723,IN,22.50,GBP,2025-11-26T15:42:15Z,card,
4005300,8803724,IN,50.40,GBP,2025-11-26T15:58:01Z,card,
4005301,8803718,OUT,12.76,AUD,2025-11-26T16:00:00Z,card,goodwill
4005302,8803724,IN,151.20,GBP,2025-11-26T16:50:00Z,cash,
4005303,8803702,IN,80.26,EUR,2025-11-26T18:05:00Z,cash,
4005304,8803140,IN,179.89,EUR,2025-11-26T19:35:00Z,cash,
4005305,8803725,IN,3.60,GBP,2025-11-26T20:16:21Z,card,
4005306,8803726,IN,13.50,GBP,2025-11-26T20:39:13Z,card,
4005307,8803727,IN,31.90,AUD,2025-11-26T23:27:03Z,card,
4005308,8803727,IN,95.70,AUD,2025-11-27T00:20:00Z,card,
4005309,8803189,IN,47.85,AUD,2025-11-27T01:35:00Z,cash,
4005310,8803565,OUT,105.60,AUD,2025-11-27T05:47:56Z,card,cancellation
4005311,8803728,IN,95.94,EUR,2025-11-27T08:15:55Z,card,
4005312,8803729,IN,85.52,USD,2025-11-27T16:06:15Z,card,
4005313,8803730,IN,282.98,USD,2025-11-27T16:06:51Z,card,
4005314,8803731,IN,3.60,GBP,2025-11-27T17:11:14Z,card,
4005315,8803298,IN,126.00,GBP,2025-11-27T18:50:00Z,cash,
4005316,8803614,IN,103.50,GBP,2025-11-27T21:20:00Z,cash,
4005317,8803732,IN,63.80,AUD,2025-11-27T21:50:14Z,card,
4005318,8803733,IN,7.98,AUD,2025-11-27T22:00:28Z,card,
4005319,8803733,IN,23.92,AUD,2025-11-27T22:05:00Z,cash,
4005320,8803732,IN,63.80,AUD,2025-11-27T22:37:11Z,card,
4005321,8803727,OUT,63.80,AUD,2025-11-27T23:30:00Z,card,goodwill
4005322,8803734,IN,95.70,AUD,2025-11-28T01:33:57Z,card,
4005323,8803734,IN,63.80,AUD,2025-11-28T01:47:57Z,card,
4005324,8803709,OUT,134.40,GBP,2025-11-28T02:24:28Z,voucher,cancellation
4005325,8803689,OUT,178.35,EUR,2025-11-28T03:56:20Z,card,cancellation
4005326,8803735,IN,13.20,AUD,2025-11-28T05:17:30Z,card,
4005327,8803736,IN,142.68,EUR,2025-11-28T11:06:05Z,card,
4005328,8803737,IN,26.40,AUD,2025-11-28T11:37:09Z,voucher,
4005329,8803738,IN,108.00,GBP,2025-11-28T12:13:12Z,card,
4005330,8803739,IN,565.95,USD,2025-11-28T14:58:57Z,card,
4005331,8803545,IN,151.20,GBP,2025-11-28T16:35:00Z,card,
4005332,8803740,IN,396.17,USD,2025-11-28T18:19:35Z,card,
4005333,8803740,IN,113.19,USD,2025-11-28T19:19:49Z,card,
4005334,8803741,IN,481.57,USD,2025-11-28T20:28:21Z,voucher,
4005335,8803540,OUT,161.70,AUD,2025-11-28T23:39:20Z,card,cancellation
4005336,8803683,IN,80.85,AUD,2025-11-29T06:20:00Z,cash,
4005337,8803742,IN,42.00,GBP,2025-11-29T10:23:35Z,card,
4005338,8803739,IN,56.60,USD,2025-11-29T12:13:08Z,card,
4005339,8803743,IN,191.88,EUR,2025-11-29T14:36:42Z,card,
4005340,8803744,IN,622.55,USD,2025-11-29T15:21:23Z,voucher,
4005341,8803745,IN,214.02,EUR,2025-11-29T15:28:36Z,card,
4005342,8803746,IN,24.36,USD,2025-11-29T15:32:15Z,card,
4005343,8803742,IN,126.00,GBP,2025-11-29T16:20:00Z,card,
4005344,8803747,IN,37.89,USD,2025-11-29T16:31:25Z,voucher,
4005345,8803748,IN,18.00,GBP,2025-11-29T17:49:44Z,card,
4005346,8803749,IN,280.92,USD,2025-11-29T18:04:47Z,card,
4005347,8803723,IN,67.50,GBP,2025-11-29T19:50:00Z,cash,
4005348,8803750,IN,151.55,USD,2025-11-29T19:52:08Z,card,
4005349,8803751,IN,26.40,AUD,2025-11-29T20:46:18Z,card,
4005350,8803726,IN,40.50,GBP,2025-11-29T21:20:00Z,card,
4005351,8803752,IN,280.92,USD,2025-11-29T21:40:07Z,voucher,
4005352,8803753,IN,31.90,AUD,2025-11-29T23:40:44Z,card,
4005353,8803753,IN,31.90,AUD,2025-11-29T23:51:12Z,card,
4005354,8803703,IN,52.80,AUD,2025-11-30T00:11:45Z,card,
4005355,8803753,OUT,51.04,AUD,2025-11-30T00:13:24Z,card,cancellation (20% fee retained)
4005356,8803754,IN,127.60,AUD,2025-11-30T02:56:23Z,card,
4005357,8803755,IN,36.54,USD,2025-11-30T05:20:09Z,card,
4005358,8803756,IN,249.69,EUR,2025-11-30T07:35:54Z,card,
4005359,8803757,IN,200.66,USD,2025-11-30T14:09:55Z,voucher,
4005360,8803728,OUT,47.97,EUR,2025-11-30T14:15:00Z,card,goodwill
4005361,8803757,IN,40.13,USD,2025-11-30T16:15:41Z,card,
4005362,8803758,IN,240.79,USD,2025-11-30T18:56:15Z,card,
4005363,8803759,IN,150.00,GBP,2025-11-30T21:39:42Z,card,
4005364,8803760,IN,151.55,USD,2025-12-01T00:00:32Z,card,
4005365,8803704,OUT,280.92,USD,2025-12-01T05:03:28Z,voucher,cancellation
4005366,8803761,IN,95.94,EUR,2025-12-01T09:54:59Z,card,
4005367,8803762,IN,52.80,AUD,2025-12-01T12:32:38Z,voucher,
4005368,8803763,IN,249.69,EUR,2025-12-01T13:29:31Z,card,
4005369,8803764,IN,67.20,GBP,2025-12-01T13:43:34Z,card,
4005370,8803746,IN,73.07,USD,2025-12-01T15:20:00Z,cash,
4005371,8803765,IN,4.80,GBP,2025-12-01T17:59:05Z,voucher,
4005372,8803748,IN,54.00,GBP,2025-12-01T19:20:00Z,card,
4005373,8803766,IN,53.90,AUD,2025-12-02T01:54:43Z,card,
4005374,8803767,IN,106.90,USD,2025-12-02T03:11:43Z,card,
4005375,8803768,IN,401.31,USD,2025-12-02T04:48:08Z,voucher,
4005376,8803611,OUT,249.69,EUR,2025-12-02T05:59:15Z,voucher,cancellation
4005377,8803735,IN,66.00,AUD,2025-12-02T08:20:00Z,card,
4005378,8803769,IN,63.80,AUD,2025-12-02T09:19:36Z,card,
4005379,8803770,IN,71.34,EUR,2025-12-02T12:09:42Z,card,
4005380,8803771,IN,2.40,GBP,2025-12-02T13:06:38Z,card,
4005381,8803772,IN,622.55,USD,2025-12-02T14:14:41Z,voucher,
4005382,8803773,IN,239.85,EUR,2025-12-02T14:46:49Z,voucher,
4005383,8803774,IN,249.69,EUR,2025-12-02T15:36:45Z,card,
4005384,8803775,IN,107.01,EUR,2025-12-02T16:52:44Z,card,
4005385,8803776,IN,15.95,AUD,2025-12-02T21:56:26Z,card,
4005386,8803712,IN,31.90,AUD,2025-12-02T22:25:00Z,card,
4005387,8803776,IN,47.85,AUD,2025-12-02T23:50:00Z,cash,
4005388,8803777,IN,509.36,USD,2025-12-03T03:38:02Z,voucher,
4005389,8803778,IN,396.17,USD,2025-12-03T05:30:28Z,card,
4005390,8803774,OUT,249.69,EUR,2025-12-03T05:35:49Z,card,cancellation
4005391,8803779,IN,63.80,AUD,2025-12-03T06:03:31Z,card,
4005392,8803780,IN,26.40,AUD,2025-12-03T06:37:59Z,card,
4005393,8803781,IN,107.80,AUD,2025-12-03T07:49:19Z,card,
4005394,8803782,IN,15.00,GBP,2025-12-03T10:55:50Z,card,
4005395,8803783,IN,335.79,EUR,2025-12-03T11:23:29Z,card,
4005396,8803784,IN,72.00,GBP,2025-12-03T14:26:35Z,voucher,
4005397,8803785,IN,335.79,EUR,2025-12-03T14:55:22Z,voucher,
4005398,8803786,IN,120.39,USD,2025-12-03T15:05:54Z,card,
4005399,8803782,IN,45.00,GBP,2025-12-03T17:50:00Z,card,
4005400,8803787,IN,143.91,EUR,2025-12-03T22:47:13Z,card,
4005401,8803788,IN,161.70,AUD,2025-12-04T04:49:21Z,voucher,
4005402,8803789,IN,75.78,USD,2025-12-04T05:19:53Z,voucher,
4005403,8803790,IN,214.02,EUR,2025-12-04T07:23:29Z,voucher,
4005404,8803791,IN,59.96,EUR,2025-12-04T08:24:43Z,card,
4005405,8803792,IN,16.80,GBP,2025-12-04T10:23:05Z,card,
4005406,8803651,IN,113.66,USD,2025-12-04T14:05:00Z,card,
4005407,8803793,IN,321.05,USD,2025-12-04T14:24:29Z,voucher,
4005408,8803794,IN,201.60,GBP,2025-12-04T15:03:19Z,card,
4005409,8803795,IN,67.20,GBP,2025-12-04T17:55:14Z,voucher,
4005410,8803796,IN,113.66,USD,2025-12-04T22:10:57Z,voucher,
4005411,8803797,IN,105.60,AUD,2025-12-05T03:39:06Z,card,
4005412,8803798,IN,79.20,AUD,2025-12-05T04:19:07Z,card,
4005413,8803799,IN,3.60,GBP,2025-12-05T08:07:19Z,card,
4005414,8803800,IN,26.40,AUD,2025-12-05T08:37:04Z,card,
4005415,8803801,IN,71.34,EUR,2025-12-05T13:09:28Z,card,
4005416,8803798,IN,26.40,AUD,2025-12-05T15:51:02Z,card,
4005417,8803802,IN,150.00,GBP,2025-12-05T16:32:34Z,card,
4005418,8803803,IN,191.88,EUR,2025-12-05T16:44:19Z,card,
4005419,8803804,IN,9.00,GBP,2025-12-05T17:24:27Z,card,
4005420,8803805,IN,256.55,USD,2025-12-05T17:56:39Z,card,
4005421,8803791,IN,179.89,EUR,2025-12-05T18:50:00Z,card,
4005422,8803744,OUT,622.55,USD,2025-12-05T20:35:19Z,voucher,cancellation
4005423,8803806,IN,100.80,GBP,2025-12-05T22:47:08Z,card,
4005424,8803807,IN,160.52,USD,2025-12-06T05:25:34Z,card,
4005425,8803541,IN,121.27,AUD,2025-12-06T05:50:00Z,card,
4005426,8803808,IN,72.00,GBP,2025-12-06T07:58:24Z,voucher,
4005427,8803809,IN,90.00,GBP,2025-12-06T08:28:03Z,card,
4005428,8803810,IN,120.00,GBP,2025-12-06T12:03:14Z,card,
4005429,8803811,IN,335.79,EUR,2025-12-06T14:46:45Z,card,
4005430,8803802,OUT,150.00,GBP,2025-12-06T14:49:18Z,card,cancellation
4005431,8803266,IN,112.50,GBP,2025-12-06T16:20:00Z,card,
4005432,8803812,IN,97.43,USD,2025-12-06T17:04:52Z,voucher,
4005433,8803358,IN,361.18,USD,2025-12-06T17:50:00Z,card,
4005434,8803813,IN,160.52,USD,2025-12-06T18:52:42Z,voucher,
4005435,8803615,IN,180.59,USD,2025-12-06T19:50:00Z,cash,
4005436,8803801,IN,214.02,EUR,2025-12-06T19:50:00Z,cash,
4005437,8803814,IN,31.90,AUD,2025-12-06T20:50:34Z,card,
4005438,8803751,IN,52.80,AUD,2025-12-06T21:03:15Z,card,
4005439,8803677,IN,81.00,GBP,2025-12-06T21:20:00Z,cash,
4005440,8803815,IN,321.05,USD,2025-12-06T21:39:01Z,card,
4005441,8803816,IN,134.40,GBP,2025-12-06T23:11:13Z,card,
4005442,8803817,IN,321.05,USD,2025-12-07T00:09:54Z,card,
4005443,8803818,IN,31.90,AUD,2025-12-07T00:28:01Z,card,
4005444,8803819,IN,15.95,AUD,2025-12-07T04:53:04Z,card,
4005445,8803820,IN,27.00,GBP,2025-12-07T07:51:41Z,card,
4005446,8803819,IN,47.85,AUD,2025-12-07T08:35:00Z,card,
4005447,8803821,IN,90.00,GBP,2025-12-07T10:56:43Z,card,
4005448,8803822,IN,13.20,AUD,2025-12-07T12:31:53Z,card,
4005449,8803820,IN,81.00,GBP,2025-12-07T14:05:00Z,cash,
4005450,8803823,IN,107.01,EUR,2025-12-07T15:07:23Z,card,
4005451,8803824,IN,150.00,GBP,2025-12-07T16:23:58Z,card,
4005452,8803825,IN,95.70,AUD,2025-12-07T21:07:13Z,card,
4005453,8803786,IN,361.18,USD,2025-12-07T21:50:00Z,card,
4005454,8803826,IN,67.20,GBP,2025-12-07T22:56:08Z,card,
4005455,8803772,OUT,622.55,USD,2025-12-08T01:43:14Z,voucher,cancellation
4005456,8803827,IN,401.31,USD,2025-12-08T06:59:53Z,voucher,
4005457,8803828,IN,54.00,GBP,2025-12-08T07:43:01Z,card,
4005458,8803829,IN,108.00,GBP,2025-12-08T09:08:23Z,card,
4005459,8803830,IN,33.60,GBP,2025-12-08T14:08:50Z,card,
4005460,8803831,IN,72.00,GBP,2025-12-08T17:00:48Z,card,
4005461,8803832,IN,95.70,AUD,2025-12-08T20:21:47Z,voucher,
4005462,8803833,IN,106.90,USD,2025-12-09T00:09:48Z,card,
4005463,8803725,IN,2.40,GBP,2025-12-09T03:02:46Z,card,
4005464,8803834,IN,107.80,AUD,2025-12-09T03:37:25Z,card,
4005465,8803835,IN,107.80,AUD,2025-12-09T04:10:42Z,card,
4005466,8803836,IN,13.48,AUD,2025-12-09T04:39:49Z,card,
4005467,8803837,IN,2.40,GBP,2025-12-09T11:21:48Z,card,
4005468,8803838,IN,622.55,USD,2025-12-09T14:09:12Z,card,
4005469,8803594,IN,146.14,USD,2025-12-09T14:50:00Z,cash,
4005470,8803839,IN,84.89,USD,2025-12-09T16:35:48Z,card,
4005471,8803804,IN,27.00,GBP,2025-12-09T17:35:00Z,card,
4005472,8803779,IN,31.90,AUD,2025-12-09T18:52:55Z,card,
4005473,8803839,IN,254.68,USD,2025-12-09T19:50:00Z,card,
4005474,8803840,IN,13.48,AUD,2025-12-10T03:50:10Z,card,
4005475,8803841,IN,71.34,EUR,2025-12-10T13:35:39Z,card,
4005476,8803674,IN,214.02,EUR,2025-12-10T16:50:00Z,card,
4005477,8803842,IN,214.02,EUR,2025-12-10T16:51:03Z,card,
4005478,8803843,IN,97.43,USD,2025-12-10T17:35:53Z,card,
4005479,8803844,IN,100.80,GBP,2025-12-10T19:36:44Z,card,
4005480,8803845,IN,215.60,AUD,2025-12-10T21:08:05Z,card,
4005481,8803529,OUT,134.40,GBP,2025-12-10T23:12:20Z,card,cancellation (20% fee retained)
4005482,8803846,IN,151.55,USD,2025-12-10T23:29:24Z,card,
4005483,8803756,OUT,199.75,EUR,2025-12-11T04:07:25Z,card,cancellation (20% fee retained)
4005484,8803715,IN,59.40,AUD,2025-12-11T06:20:00Z,cash,
4005485,8803847,IN,142.68,EUR,2025-12-11T09:21:44Z,card,
4005486,8803848,IN,249.69,EUR,2025-12-11T12:19:55Z,voucher,
4005487,8803347,IN,56.83,USD,2025-12-11T14:50:00Z,cash,
4005488,8803657,IN,167.89,EUR,2025-12-11T15:05:00Z,cash,
4005489,8803835,OUT,86.24,AUD,2025-12-11T22:41:51Z,card,cancellation (20% fee retained)
4005490,8803674,OUT,28.54,EUR,2025-12-12T03:00:00Z,card,goodwill
4005491,8803849,IN,79.20,AUD,2025-12-12T03:15:43Z,card,
4005492,8803822,IN,39.60,AUD,2025-12-12T08:20:00Z,card,
4005493,8803850,IN,19.80,AUD,2025-12-12T09:53:34Z,card,
4005494,8803851,IN,95.94,EUR,2025-12-12T10:12:01Z,card,
4005495,8803781,IN,107.80,AUD,2025-12-12T10:53:28Z,card,
4005496,8803849,IN,52.80,AUD,2025-12-12T12:27:25Z,card,
4005497,8803852,IN,18.95,USD,2025-12-12T14:15:09Z,card,
4005498,8803817,OUT,32.11,USD,2025-12-12T15:00:00Z,card,goodwill
4005499,8803853,IN,84.89,USD,2025-12-12T15:28:34Z,card,
4005500,8803617,IN,133.96,USD,2025-12-12T16:50:00Z,cash,
4005501,8803854,IN,23.99,EUR,2025-12-12T17:00:45Z,card,
4005502,8803854,IN,71.95,EUR,2025-12-12T19:20:00Z,card,
4005503,8803631,OUT,33.60,GBP,2025-12-12T20:30:00Z,card,goodwill
4005504,8803841,IN,214.02,EUR,2025-12-12T20:50:00Z,cash,
4005505,8803855,IN,13.20,AUD,2025-12-12T20:50:46Z,card,
4005506,8803607,IN,75.60,GBP,2025-12-12T21:20:00Z,cash,
4005507,8803299,OUT,5.39,AUD,2025-12-12T23:45:00Z,card,goodwill
4005508,8803855,IN,92.40,AUD,2025-12-12T23:50:00Z,cash,
4005509,8803840,IN,40.42,AUD,2025-12-13T00:05:00Z,cash,
4005510,8803843,OUT,9.74,USD,2025-12-13T12:00:00Z,card,goodwill
4005511,8803856,IN,4.80,GBP,2025-12-13T14:53:42Z,card,
4005512,8803779,OUT,95.70,AUD,2025-12-13T16:38:28Z,card,cancellation
4005513,8803857,IN,37.50,GBP,2025-12-13T22:12:49Z,card,
4005514,8803858,IN,168.00,GBP,2025-12-13T22:19:06Z,card,
4005515,8803859,IN,215.60,AUD,2025-12-13T23:23:25Z,card,
4005516,8803833,IN,320.69,USD,2025-12-14T15:35:00Z,cash,
4005517,8803841,OUT,28.54,EUR,2025-12-14T16:00:00Z,card,goodwill
4005518,8803860,IN,401.31,USD,2025-12-14T16:02:31Z,card,
4005519,8803860,IN,80.26,USD,2025-12-14T17:22:41Z,card,
4005520,8803861,IN,282.98,USD,2025-12-14T17:31:44Z,voucher,
4005521,8803862,IN,3.60,GBP,2025-12-14T18:16:51Z,card,
4005522,8803863,IN,168.00,GBP,2025-12-14T18:18:00Z,card,
4005523,8803864,IN,214.02,EUR,2025-12-14T19:08:13Z,card,
4005524,8803865,IN,239.85,EUR,2025-12-14T20:18:53Z,card,
4005525,8803866,IN,79.20,AUD,2025-12-15T00:32:51Z,card,
4005526,8803796,IN,75.78,USD,2025-12-15T04:49:29Z,card,
4005527,8803867,IN,150.00,GBP,2025-12-15T07:27:14Z,card,
4005528,8803868,IN,1.20,GBP,2025-12-15T09:06:35Z,card,
4005529,8803869,IN,215.60,AUD,2025-12-15T10:51:37Z,card,
4005530,8803870,IN,127.60,AUD,2025-12-15T10:57:32Z,card,
4005531,8803868,IN,3.60,GBP,2025-12-15T14:35:00Z,cash,
4005532,8803652,OUT,191.88,EUR,2025-12-15T18:15:00Z,card,goodwill
4005533,8803871,IN,36.00,GBP,2025-12-15T18:32:58Z,card,
4005534,8803872,IN,200.66,USD,2025-12-15T21:52:10Z,card,
4005535,8803873,IN,214.02,EUR,2025-12-15T22:09:44Z,card,
4005536,8803874,IN,16.80,GBP,2025-12-16T08:04:06Z,card,
4005537,8803875,IN,180.00,GBP,2025-12-16T11:25:46Z,card,
4005538,8803876,IN,287.82,EUR,2025-12-16T14:24:09Z,voucher,
4005539,8803830,IN,100.80,GBP,2025-12-16T15:20:00Z,card,
4005540,8803877,IN,214.02,EUR,2025-12-16T16:59:50Z,card,
4005541,8803866,OUT,63.36,AUD,2025-12-16T18:09:16Z,card,cancellation (20% fee retained)
4005542,8803878,IN,100.80,GBP,2025-12-16T21:25:39Z,voucher,
4005543,8803879,IN,40.43,AUD,2025-12-16T21:55:19Z,card,
4005544,8803495,OUT,143.91,EUR,2025-12-16T23:13:40Z,card,cancellation
4005545,8803851,OUT,23.99,EUR,2025-12-17T02:00:00Z,card,goodwill
4005546,8803880,IN,481.57,USD,2025-12-17T03:36:30Z,card,
4005547,8803881,IN,105.60,AUD,2025-12-17T06:47:19Z,card,
4005548,8803882,IN,95.94,EUR,2025-12-17T10:12:07Z,card,
4005549,8803882,IN,287.82,EUR,2025-12-17T18:20:00Z,card,
4005550,8803883,IN,134.40,GBP,2025-12-17T19:20:17Z,card,
4005551,8803884,IN,240.79,USD,2025-12-17T22:01:29Z,card,
4005552,8803885,IN,70.75,USD,2025-12-17T23:39:37Z,card,
4005553,8803864,OUT,214.02,EUR,2025-12-18T00:09:52Z,card,cancellation
4005554,8803879,IN,229.07,AUD,2025-12-18T03:50:00Z,cash,
4005555,8803886,IN,13.20,AUD,2025-12-18T04:32:57Z,card,
4005556,8803847,IN,35.67,EUR,2025-12-18T10:48:43Z,card,
4005557,8803887,IN,383.76,EUR,2025-12-18T15:04:11Z,card,
4005558,8803307,OUT,287.82,EUR,2025-12-18T15:52:31Z,voucher,cancellation
4005559,8803888,IN,54.00,GBP,2025-12-18T16:19:25Z,card,
4005560,8803889,IN,71.34,EUR,2025-12-18T16:45:36Z,card,
4005561,8803890,IN,240.79,USD,2025-12-18T16:52:13Z,card,
4005562,8803891,IN,0.60,GBP,2025-12-18T18:53:14Z,card,
4005563,8803892,IN,83.95,EUR,2025-12-18T19:48:50Z,card,
4005564,8803893,IN,108.00,GBP,2025-12-18T23:48:02Z,voucher,
4005565,8803894,IN,151.55,USD,2025-12-19T00:26:11Z,card,
4005566,8803895,IN,280.92,USD,2025-12-19T00:42:17Z,card,
4005567,8803896,IN,30.00,GBP,2025-12-19T07:08:35Z,card,
4005568,8803894,IN,75.78,USD,2025-12-19T07:39:20Z,card,
4005569,8803897,IN,26.75,EUR,2025-12-19T07:43:23Z,card,
4005570,8803898,IN,22.50,GBP,2025-12-19T09:34:27Z,card,
4005571,8803899,IN,59.96,EUR,2025-12-19T16:32:39Z,card,
4005572,8803900,IN,3.60,GBP,2025-12-19T16:40:06Z,card,
4005573,8803901,IN,191.88,EUR,2025-12-19T17:18:26Z,voucher,
4005574,8803897,IN,80.26,EUR,2025-12-19T18:20:00Z,card,
4005575,8803902,IN,90.00,GBP,2025-12-19T18:47:03Z,voucher,
4005576,8803903,IN,383.76,EUR,2025-12-19T19:49:37Z,card,
4005577,8803904,IN,26.40,AUD,2025-12-19T20:13:08Z,card,
4005578,8803225,IN,142.08,USD,2025-12-19T20:50:00Z,card,
4005579,8803905,IN,239.85,EUR,2025-12-19T22:29:05Z,card,
4005580,8803906,IN,53.90,AUD,2025-12-19T22:34:16Z,card,
4005581,8803907,IN,427.59,USD,2025-12-19T23:15:27Z,card,
4005582,8803908,IN,7.98,AUD,2025-12-20T01:44:10Z,card,
4005583,8803909,IN,60.89,USD,2025-12-20T02:10:15Z,card,
4005584,8803910,IN,63.80,AUD,2025-12-20T02:55:32Z,card,
4005585,8803911,IN,26.40,AUD,2025-12-20T04:36:20Z,card,
4005586,8803911,IN,52.80,AUD,2025-12-20T04:36:48Z,card,
4005587,8803912,IN,160.52,USD,2025-12-20T05:02:04Z,card,
4005588,8803908,IN,23.92,AUD,2025-12-20T06:05:00Z,cash,
4005589,8803904,IN,79.20,AUD,2025-12-20T06:50:00Z,cash,
4005590,8803473,IN,71.77,AUD,2025-12-20T06:50:00Z,cash,
4005591,8803909,IN,182.67,USD,2025-12-20T12:35:00Z,cash,
4005592,8803913,IN,168.00,GBP,2025-12-20T16:00:06Z,card,
4005593,8803914,IN,150.00,GBP,2025-12-20T16:36:20Z,voucher,
4005594,8803874,IN,50.40,GBP,2025-12-20T16:50:00Z,cash,
4005595,8803915,IN,361.18,USD,2025-12-20T19:14:37Z,card,
4005596,8803857,IN,112.50,GBP,2025-12-20T20:50:00Z,cash,
4005597,8803916,IN,401.31,USD,2025-12-20T21:16:25Z,voucher,
4005598,8803917,IN,452.76,USD,2025-12-20T22:11:39Z,card,
4005599,8803918,IN,63.80,AUD,2025-12-20T22:56:11Z,card,
4005600,8803919,IN,26.40,AUD,2025-12-21T05:05:45Z,card,
4005601,8803920,IN,9.00,GBP,2025-12-21T08:21:16Z,card,
4005602,8803755,IN,158.31,USD,2025-12-21T12:35:00Z,card,
4005603,8803921,IN,335.79,EUR,2025-12-21T13:59:06Z,card,
4005604,8803922,IN,27.00,GBP,2025-12-21T14:52:21Z,card,
4005605,8803923,IN,321.05,USD,2025-12-21T15:56:56Z,card,
4005606,8803924,IN,120.39,USD,2025-12-21T16:51:29Z,card,
4005607,8803898,IN,67.50,GBP,2025-12-21T18:20:00Z,cash,
4005608,8803924,IN,361.18,USD,2025-12-21T18:20:00Z,cash,
4005609,8803920,IN,63.00,GBP,2025-12-21T20:20:00Z,cash,
4005610,8803925,IN,161.70,AUD,2025-12-21T22:37:17Z,card,
4005611,8803926,IN,160.52,USD,2025-12-21T23:01:57Z,card,
4005612,8803927,IN,95.70,AUD,2025-12-22T00:22:35Z,card,
4005613,8803928,IN,105.60,AUD,2025-12-22T04:06:17Z,card,
4005614,8803584,IN,121.27,AUD,2025-12-22T05:50:00Z,cash,
4005615,8803929,IN,79.20,AUD,2025-12-22T06:09:17Z,card,
4005616,8803930,IN,287.82,EUR,2025-12-22T09:14:48Z,voucher,
4005617,8803213,IN,64.14,USD,2025-12-22T13:35:00Z,card,
4005618,8803931,IN,71.96,EUR,2025-12-22T16:40:23Z,card,
4005619,8803932,IN,22.50,GBP,2025-12-22T18:53:54Z,card,
4005620,8803659,IN,151.20,GBP,2025-12-22T20:05:00Z,card,
4005621,8803933,IN,23.93,AUD,2025-12-22T20:17:49Z,card,
4005622,8803885,IN,212.23,USD,2025-12-22T21:50:00Z,card,
4005623,8803934,IN,53.90,AUD,2025-12-22T23:14:10Z,card,
4005624,8803935,IN,52.80,AUD,2025-12-23T02:20:23Z,card,
4005625,8803936,IN,90.00,GBP,2025-12-23T11:27:58Z,card,
4005626,8803767,IN,320.69,USD,2025-12-23T14:50:00Z,cash,
4005627,8803937,IN,72.00,GBP,2025-12-23T15:33:39Z,card,
4005628,8803938,IN,282.98,USD,2025-12-23T18:06:06Z,card,
4005629,8803939,IN,105.60,AUD,2025-12-23T21:44:46Z,card,
4005630,8803940,IN,105.60,AUD,2025-12-23T22:27:43Z,card,
4005631,8803941,IN,79.20,AUD,2025-12-24T05:29:03Z,card,
4005632,8803876,OUT,28.78,EUR,2025-12-24T06:00:00Z,voucher,goodwill
4005633,8803942,IN,4.80,GBP,2025-12-24T08:05:02Z,card,
4005634,8803943,IN,168.00,GBP,2025-12-24T09:50:34Z,voucher,
4005635,8803944,IN,127.60,AUD,2025-12-24T11:10:01Z,card,
4005636,8803637,IN,3.60,GBP,2025-12-24T13:50:00Z,card,
4005637,8803891,IN,1.80,GBP,2025-12-24T15:05:00Z,card,
4005638,8803945,IN,1.20,GBP,2025-12-24T15:10:12Z,card,
4005639,8803439,OUT,32.11,USD,2025-12-24T17:00:00Z,card,goodwill
4005640,8803946,IN,361.18,USD,2025-12-24T20:16:08Z,card,
4005641,8803947,IN,127.60,AUD,2025-12-24T21:31:04Z,card,
4005642,8803836,IN,40.42,AUD,2025-12-24T22:05:00Z,card,
4005643,8803948,IN,105.60,AUD,2025-12-24T22:14:21Z,voucher,
4005644,8803949,IN,71.34,EUR,2025-12-24T23:19:16Z,card,
4005645,8803941,IN,26.40,AUD,2025-12-25T01:56:06Z,card,
4005646,8803950,IN,107.01,EUR,2025-12-25T07:07:51Z,card,
4005647,8803951,IN,26.75,EUR,2025-12-25T10:11:17Z,card,
4005648,8803952,IN,67.20,GBP,2025-12-25T12:46:09Z,voucher,
4005649,8803953,IN,107.01,EUR,2025-12-25T14:24:52Z,card,
4005650,8803954,IN,37.89,USD,2025-12-25T15:45:05Z,card,
4005651,8803954,IN,113.66,USD,2025-12-25T15:50:00Z,card,
4005652,8803955,IN,239.85,EUR,2025-12-25T19:23:33Z,card,
4005653,8803956,IN,22.50,GBP,2025-12-25T20:18:35Z,card,
4005654,8803957,IN,127.60,AUD,2025-12-25T22:17:51Z,card,
4005655,8803958,IN,335.79,EUR,2025-12-25T22:41:54Z,card,
4005656,8803850,IN,59.40,AUD,2025-12-25T23:35:00Z,cash,
4005657,8803948,IN,52.80,AUD,2025-12-26T00:48:57Z,card,
4005658,8803959,IN,95.70,AUD,2025-12-26T10:09:25Z,card,
4005659,8803949,OUT,71.34,EUR,2025-12-26T11:46:20Z,card,cancellation
4005660,8803960,IN,481.57,USD,2025-12-26T15:31:36Z,card,
4005661,8803961,IN,679.14,USD,2025-12-26T15:49:31Z,voucher,
4005662,8803962,IN,401.31,USD,2025-12-26T16:23:14Z,voucher,
4005663,8803932,IN,67.50,GBP,2025-12-26T17:20:00Z,card,
4005664,8803664,IN,251.84,EUR,2025-12-26T20:05:00Z,card,
4005665,8803899,IN,179.89,EUR,2025-12-26T20:20:00Z,card,
4005666,8803956,IN,67.50,GBP,2025-12-26T20:35:00Z,cash,
4005667,8803963,IN,42.00,GBP,2025-12-26T22:10:09Z,card,
4005668,8803964,IN,127.60,AUD,2025-12-26T22:18:00Z,card,
4005669,8803965,IN,481.57,USD,2025-12-26T23:31:14Z,card,
4005670,8803966,IN,95.70,AUD,2025-12-27T02:18:18Z,card,
4005671,8803967,IN,396.17,USD,2025-12-27T06:53:08Z,card,
4005672,8803968,IN,127.60,AUD,2025-12-27T11:31:52Z,card,
4005673,8803969,IN,180.00,GBP,2025-12-27T12:36:31Z,card,
4005674,8803970,IN,3.60,GBP,2025-12-27T13:56:02Z,card,
4005675,8803916,OUT,401.31,USD,2025-12-27T16:23:33Z,voucher,cancellation
4005676,8803971,IN,99.04,USD,2025-12-27T16:31:07Z,card,
4005677,8803971,IN,297.13,USD,2025-12-27T16:50:00Z,card,
4005678,8803577,OUT,142.68,EUR,2025-12-27T18:09:17Z,card,cancellation (20% fee retained)
4005679,8803972,IN,146.14,USD,2025-12-27T19:49:10Z,voucher,
4005680,8803973,IN,85.52,USD,2025-12-27T21:23:55Z,card,
4005681,8803974,IN,287.82,EUR,2025-12-27T23:28:34Z,card,
4005682,8803975,IN,44.59,EUR,2025-12-27T23:59:32Z,card,
4005683,8803933,IN,71.77,AUD,2025-12-28T00:20:00Z,card,
4005684,8803976,IN,100.33,USD,2025-12-28T00:25:32Z,card,
4005685,8803977,IN,52.80,AUD,2025-12-28T01:22:36Z,card,
4005686,8803886,IN,39.60,AUD,2025-12-28T04:05:00Z,card,
4005687,8803978,IN,79.20,AUD,2025-12-28T04:18:26Z,card,
4005688,8803934,IN,161.70,AUD,2025-12-28T06:35:00Z,card,
4005689,8803979,IN,37.89,USD,2025-12-28T13:36:52Z,voucher,
4005690,8803980,IN,282.98,USD,2025-12-28T16:01:12Z,card,
4005691,8803978,IN,52.80,AUD,2025-12-28T16:12:30Z,card,
4005692,8803981,IN,90.30,USD,2025-12-28T16:52:12Z,card,
4005693,8803982,IN,622.55,USD,2025-12-28T16:53:35Z,card,
4005694,8803983,IN,45.00,GBP,2025-12-28T16:58:59Z,card,
4005695,8803984,IN,90.00,GBP,2025-12-28T17:12:21Z,card,
4005696,8803922,IN,81.00,GBP,2025-12-28T20:20:00Z,cash,
4005697,8803905,IN,47.97,EUR,2025-12-28T20:38:09Z,card,
4005698,8803985,IN,15.00,GBP,2025-12-29T07:57:17Z,card,
4005699,8803931,IN,215.86,EUR,2025-12-29T19:20:00Z,cash,
4005700,8803983,IN,135.00,GBP,2025-12-29T19:50:00Z,card,
4005701,8803986,IN,215.60,AUD,2025-12-29T21:03:10Z,card,
4005702,8803987,IN,9.47,USD,2025-12-30T00:46:08Z,card,
4005703,8803988,IN,40.13,USD,2025-12-30T04:28:40Z,card,
4005704,8803989,IN,54.00,GBP,2025-12-30T09:10:52Z,card,
4005705,8803722,OUT,168.00,GBP,2025-12-30T10:03:20Z,card,cancellation
4005706,8803990,IN,42.00,GBP,2025-12-30T10:11:08Z,card,
4005707,8803991,IN,146.14,USD,2025-12-30T14:59:54Z,card,
4005708,8803973,IN,256.55,USD,2025-12-30T15:35:00Z,card,
4005709,8803991,IN,97.42,USD,2025-12-30T15:40:38Z,card,
4005710,8803992,IN,59.96,EUR,2025-12-30T15:51:41Z,card,
4005711,8803761,IN,287.82,EUR,2025-12-30T18:05:00Z,card,
4005712,8803992,IN,179.89,EUR,2025-12-30T20:20:00Z,card,
4005713,8803975,IN,133.76,EUR,2025-12-30T21:20:00Z,cash,
4005714,8803993,IN,105.60,AUD,2025-12-31T00:34:24Z,card,
4005715,8803994,IN,161.70,AUD,2025-12-31T00:47:17Z,card,
4005716,8803777,OUT,127.34,USD,2025-12-31T05:00:00Z,voucher,goodwill
4005717,8803995,IN,47.97,EUR,2025-12-31T13:00:30Z,card,
4005718,8803996,IN,45.00,GBP,2025-12-31T15:28:14Z,card,
4005719,8803997,IN,160.52,USD,2025-12-31T15:57:28Z,card,
4005720,8803641,OUT,37.89,USD,2025-12-31T16:28:16Z,voucher,cancellation
4005721,8803998,IN,441.44,USD,2025-12-31T17:08:20Z,card,
4005722,8803976,IN,300.98,USD,2025-12-31T17:20:00Z,cash,
4005723,8803995,IN,191.88,EUR,2025-12-31T18:05:00Z,cash,
4005724,8803999,IN,396.17,USD,2025-12-31T18:44:00Z,card,
4005725,8803996,IN,135.00,GBP,2025-12-31T19:20:00Z,card,
4005726,8804000,IN,249.69,EUR,2025-12-31T20:59:10Z,card,
4005727,8804001,IN,180.00,GBP,2025-12-31T21:07:38Z,card,
4005728,8804002,IN,79.20,AUD,2026-01-01T07:47:02Z,card,
4005729,8804003,IN,42.00,GBP,2026-01-01T13:21:23Z,card,
4005730,8804004,IN,361.18,USD,2026-01-01T14:35:48Z,card,
4005731,8804005,IN,335.79,EUR,2026-01-01T16:05:04Z,card,
4005732,8803896,IN,90.00,GBP,2026-01-01T18:35:00Z,card,
4005733,8804006,IN,565.95,USD,2026-01-01T19:34:04Z,voucher,
4005734,8803770,IN,214.02,EUR,2026-01-01T19:50:00Z,cash,
4005735,8804004,IN,80.26,USD,2026-01-01T20:40:45Z,card,
4005736,8804007,IN,71.34,EUR,2026-01-01T21:54:39Z,voucher,
4005737,8804008,IN,161.70,AUD,2026-01-01T23:47:56Z,card,
4005738,8804009,IN,481.57,USD,2026-01-02T06:50:49Z,voucher,
4005739,8804010,IN,13.48,AUD,2026-01-02T08:15:06Z,card,
4005740,8804008,IN,53.90,AUD,2026-01-02T11:41:39Z,card,
4005741,8804011,IN,239.85,EUR,2026-01-02T12:57:24Z,voucher,
4005742,8804012,IN,342.07,USD,2026-01-02T14:19:00Z,card,
4005743,8803994,OUT,40.43,AUD,2026-01-02T16:15:00Z,card,goodwill
4005744,8804013,IN,24.36,USD,2026-01-02T19:01:01Z,card,
4005745,8804014,IN,161.70,AUD,2026-01-02T20:09:37Z,voucher,
4005746,8804015,IN,95.70,AUD,2026-01-02T21:07:11Z,card,
4005747,8804016,IN,565.95,USD,2026-01-02T21:17:57Z,card,
4005748,8804017,IN,427.59,USD,2026-01-02T22:36:47Z,voucher,
4005749,8804018,IN,226.38,USD,2026-01-02T22:40:26Z,voucher,
4005750,8804019,IN,19.80,AUD,2026-01-03T03:29:11Z,card,
4005751,8803800,IN,79.20,AUD,2026-01-03T05:20:00Z,cash,
4005752,8804020,IN,63.80,AUD,2026-01-03T06:20:29Z,card,
4005753,8804019,IN,59.40,AUD,2026-01-03T06:35:00Z,card,
4005754,8804021,IN,95.70,AUD,2026-01-03T07:10:52Z,voucher,
4005755,8804022,IN,83.95,EUR,2026-01-03T08:51:51Z,card,
4005756,8804023,IN,287.82,EUR,2026-01-03T10:31:00Z,card,
4005757,8804024,IN,71.34,EUR,2026-01-03T12:09:42Z,card,
4005758,8804025,IN,335.79,EUR,2026-01-03T13:15:11Z,card,
4005759,8804026,IN,50.40,GBP,2026-01-03T13:17:53Z,card,
4005760,8804023,IN,95.94,EUR,2026-01-03T14:21:39Z,card,
4005761,8804013,IN,73.07,USD,2026-01-03T15:20:00Z,card,
4005762,8804027,IN,90.00,GBP,2026-01-03T16:51:55Z,card,
4005763,8803981,IN,270.88,USD,2026-01-03T19:20:00Z,cash,
4005764,8804021,IN,63.80,AUD,2026-01-03T19:45:21Z,card,
4005765,8804028,IN,141.49,USD,2026-01-03T19:58:43Z,card,
4005766,8804029,IN,150.00,GBP,2026-01-04T16:28:49Z,card,
4005767,8803852,IN,56.83,USD,2026-01-04T17:20:00Z,cash,
4005768,8804030,IN,37.50,GBP,2026-01-04T18:27:57Z,card,
4005769,8804030,IN,112.50,GBP,2026-01-04T19:05:00Z,cash,
4005770,8804031,IN,31.90,AUD,2026-01-04T21:44:27Z,card,
4005771,8804032,IN,180.00,GBP,2026-01-05T09:38:52Z,voucher,
4005772,8804033,IN,339.57,USD,2026-01-05T14:19:04Z,voucher,
4005773,8804034,IN,565.95,USD,2026-01-05T16:10:46Z,card,
4005774,8803988,IN,120.39,USD,2026-01-05T17:50:00Z,cash,
4005775,8804035,IN,143.91,EUR,2026-01-05T18:59:18Z,card,
4005776,8804036,IN,67.20,GBP,2026-01-05T19:11:42Z,card,
4005777,8803987,IN,28.42,USD,2026-01-05T20:50:00Z,cash,
4005778,8804003,IN,193.20,GBP,2026-01-06T15:05:00Z,cash,
4005779,8803351,IN,146.14,USD,2026-01-06T15:05:00Z,cash,
4005780,8803662,IN,339.57,USD,2026-01-06T18:20:00Z,cash,
4005781,8804022,IN,347.78,EUR,2026-01-06T18:50:00Z,cash,
4005782,8803990,IN,126.00,GBP,2026-01-06T20:05:00Z,card,
4005783,8804037,IN,79.20,AUD,2026-01-06T21:17:26Z,card,
4005784,8804038,IN,26.40,AUD,2026-01-07T02:13:56Z,voucher,
4005785,8804038,OUT,26.40,AUD,2026-01-07T04:46:01Z,voucher,cancellation
4005786,8804039,IN,107.80,AUD,2026-01-07T06:19:02Z,card,
4005787,8804040,IN,30.00,GBP,2026-01-07T09:03:28Z,card,
4005788,8804035,IN,95.94,EUR,2026-01-07T10:40:07Z,card,
4005789,8804041,IN,0.60,GBP,2026-01-07T12:25:35Z,card,
4005790,8804016,OUT,565.95,USD,2026-01-07T14:14:12Z,card,cancellation
4005791,8804042,IN,160.52,USD,2026-01-07T14:25:25Z,card,
4005792,8804041,IN,1.80,GBP,2026-01-07T15:20:00Z,card,
4005793,8804040,IN,90.00,GBP,2026-01-07T20:20:00Z,cash,
4005794,8804043,IN,15.00,GBP,2026-01-07T21:40:02Z,card,
4005795,8804044,IN,33.60,GBP,2026-01-08T11:19:28Z,card,
4005796,8804045,IN,240.79,USD,2026-01-08T14:23:12Z,card,
4005797,8804046,IN,90.00,GBP,2026-01-08T15:53:19Z,voucher,
4005798,8804026,IN,184.80,GBP,2026-01-08T17:05:00Z,card,
4005799,8804031,OUT,25.52,AUD,2026-01-08T19:40:11Z,card,cancellation (20% fee retained)
4005800,8804047,IN,54.00,GBP,2026-01-08T20:03:56Z,voucher,
4005801,8804048,IN,63.80,AUD,2026-01-08T20:55:13Z,card,
4005802,8804049,IN,79.20,AUD,2026-01-08T22:32:45Z,voucher,
4005803,8804050,IN,361.18,USD,2026-01-09T01:11:28Z,card,
4005804,8803827,OUT,321.05,USD,2026-01-09T04:11:24Z,voucher,cancellation (20% fee retained)
4005805,8804051,IN,47.97,EUR,2026-01-09T07:42:11Z,card,
4005806,8804052,IN,90.00,GBP,2026-01-09T14:32:01Z,card,
4005807,8804051,IN,143.91,EUR,2026-01-09T14:50:00Z,card,
4005808,8804053,IN,481.57,USD,2026-01-10T01:48:56Z,card,
4005809,8804054,IN,127.60,AUD,2026-01-10T05:02:57Z,card,
4005810,8804055,IN,120.00,GBP,2026-01-10T09:15:49Z,card,
4005811,8804056,IN,47.97,EUR,2026-01-10T11:19:28Z,card,
4005812,8803963,IN,126.00,GBP,2026-01-10T11:50:00Z,cash,
4005813,8803562,IN,0.90,GBP,2026-01-10T13:50:00Z,card,
4005814,8804057,IN,100.80,GBP,2026-01-10T15:43:43Z,voucher,
4005815,8804058,IN,95.94,EUR,2026-01-10T17:42:25Z,card,
4005816,8804028,IN,424.46,USD,2026-01-10T18:20:00Z,card,
4005817,8804056,IN,143.91,EUR,2026-01-10T20:05:00Z,cash,
4005818,8804043,IN,45.00,GBP,2026-01-10T20:50:00Z,card,
4005819,8804059,IN,23.99,EUR,2026-01-10T21:02:41Z,card,
4005820,8803788,OUT,161.70,AUD,2026-01-11T05:15:36Z,voucher,cancellation
4005821,8803847,OUT,44.59,EUR,2026-01-11T15:00:00Z,card,goodwill
4005822,8804060,IN,452.76,USD,2026-01-11T15:41:41Z,card,
4005823,8804060,IN,56.60,USD,2026-01-11T16:46:57Z,card,
4005824,8804061,IN,383.76,EUR,2026-01-11T18:20:57Z,card,
4005825,8804044,IN,100.80,GBP,2026-01-11T18:50:00Z,cash,
4005826,8804059,IN,71.95,EUR,2026-01-11T21:20:00Z,card,
4005827,8804062,IN,52.80,AUD,2026-01-12T00:03:26Z,card,
4005828,8804010,IN,40.42,AUD,2026-01-12T06:50:00Z,card,
4005829,8804063,IN,95.94,EUR,2026-01-12T12:41:08Z,card,
4005830,8803985,IN,45.00,GBP,2026-01-12T15:05:00Z,card,
4005831,8804061,OUT,191.88,EUR,2026-01-12T16:45:00Z,card,goodwill
4005832,8804064,IN,26.40,AUD,2026-01-12T22:02:44Z,card,
4005833,8804058,IN,335.79,EUR,2026-01-13T20:05:00Z,cash,
4005834,8804065,IN,52.80,AUD,2026-01-13T23:52:15Z,voucher,
4005835,8804002,OUT,7.92,AUD,2026-01-14T12:15:00Z,card,goodwill
4005836,8804066,IN,95.94,EUR,2026-01-14T14:33:05Z,card,
4005837,8804067,IN,56.60,USD,2026-01-14T15:47:23Z,card,
4005838,8804068,IN,401.31,USD,2026-01-14T15:48:37Z,card,
4005839,8804067,IN,169.78,USD,2026-01-14T20:50:00Z,cash,
4005840,8804069,IN,95.70,AUD,2026-01-14T23:43:55Z,card,
4005841,8804070,IN,90.00,GBP,2026-01-15T10:07:19Z,card,
4005842,8803951,IN,80.26,EUR,2026-01-15T19:20:00Z,card,
