patron_key,operator_key,contact_email,given_name,family_name,registered_ts
310001,2,olivia.walker426@hotmail.co.uk,Olivia,Walker,2024-09-22T20:34:57Z
310002,2,mason.clark321@btinternet.com,Mason,Clark,2024-10-03T16:19:04Z
310003,4,mia.kelly452@icloud.com,Mia,Kelly,2024-10-04T05:39:55Z
310004,3,kai.robinson876@outlook.com,Kai,Robinson,2024-10-14T02:57:51Z
310005,2,ethan.jones698@hotmail.co.uk,Ethan,Jones,2024-10-15T08:40:46Z
310006,1,chloe.murphy301@eircom.net,Chloe,Murphy,2024-10-15T20:36:37Z
310007,1,,Aoife,Nguyen,2024-10-19T10:45:22Z
310008,3,oliver.murphy715@yahoo.com,Oliver,Murphy,2024-10-23T19:59:18Z
310009,3,grace.wright383@yahoo.com,Grace,Wright,2024-10-25T19:24:57Z
310010,4,siobhan.garcia366@gmail.com,Siobhan,Garcia,2024-10-27T09:14:06Z
310011,4,elijah.robinson440@outlook.com,Elijah,Robinson,2024-10-29T02:33:06Z
310012,4,conor.williams870@outlook.com,Conor,Williams,2024-10-29T02:57:16Z
310013,3,none@none.com,Liam,Moore,2024-10-29T20:42:10Z
310014,4,oscar.davies927@gmail.com,Oscar,Davies,2024-10-30T03:33:11Z
310015,5,liam.obrien515@yahoo.com,Liam,O'Brien,2024-10-30T16:56:42Z
310016,4,maya.martinez299@bigpond.com,Maya,Martinez,2024-11-01T00:36:03Z
310017,5,arjun.thompson473@aol.com,Arjun,Thompson,2024-11-03T01:22:00Z
310018,4,lily.jones664@outlook.com,Lily,Jones,2024-11-03T09:47:11Z
310019,2,amelia.thomas906@eircom.net,Amelia,Thomas,2024-11-05T10:17:42Z
310020,5,mason.cooper361@gmail.com,Mason,Cooper,2024-11-06T02:33:26Z
310021,4,,Daniel,Thomas,2024-11-07T12:37:46Z
310022,3,aoife.wood42@yahoo.com,Aoife,Wood,2024-11-08T01:45:36Z
310023,1,,Ava,Robinson,2024-11-08T12:28:28Z
310024,2,olivia.davies82@eircom.net,Olivia,Davies,2024-11-09T19:14:12Z
310025,1,grace.lee207@eircom.net,Grace,Lee,2024-11-09T23:38:05Z
310026,5,siobhan.green315@yahoo.com,Siobhan,Green,2024-11-11T16:12:59Z
310027,1,,Oliver,Lewis,2024-11-12T12:31:51Z
310028,6,conor.hall816@hotmail.co.uk,Conor,Hall,2024-11-13T19:13:17Z
310029,2,,Conor,Johnson,2024-11-14T21:50:39Z
310030,1,henry.moore421@hotmail.co.uk,Henry,Moore,2024-11-15T11:49:45Z
310031,1,harry.walker172@btinternet.com,Harry,Walker,2024-11-15T13:25:48Z
310032,1,,Charlotte,Jackson,2024-11-15T23:14:19Z
310033,2,siobhan.jackson205@btinternet.com,Siobhan,Jackson,2024-11-18T12:17:32Z
310034,4,harry.johnson621@icloud.com,Harry,Johnson,2024-11-22T09:18:06Z
310035,5,lucas.davies42@aol.com,Lucas,Davies,2024-11-23T04:37:42Z
310036,3,harry.green708@outlook.com,Harry,Green,2024-11-23T05:50:11Z
310037,1,freya.hughes435@btinternet.com,Freya,Hughes,2024-11-23T07:36:31Z
310038,2,sam.walsh945@btinternet.com,Sam,Walsh,2024-11-23T16:47:56Z
310039,3,mateo.clarke429@outlook.com,Mateo,Clarke,2024-11-23T22:05:50Z
310040,4,aoife.moore995@icloud.com,Aoife,Moore,2024-11-24T09:43:49Z
310041,4,kai.green496@outlook.com,Kai,Green,2024-11-25T03:43:51Z
310042,4,chloe.thompson563@bigpond.com,Chloe,Thompson,2024-11-26T02:05:27Z
310043,3,lily.walsh433@aol.com,Lily,Walsh,2024-11-26T05:25:23Z
310044,5,Oliver.moore664@icloud.com,Oliver,Moore,2024-11-26T15:54:42Z
310045,4,zoe.wood89@gmail.com,Zoe,Wood,2024-11-26T23:18:42Z
310046,4,chloe.smith972@outlook.com,Chloe,Smith,2024-11-27T06:22:57Z
310047,1,,Charlotte,Thompson,2024-11-27T19:52:45Z
310048,2,freya.wright53@eircom.net,Freya,Wright,2024-11-27T20:37:23Z
310049,2,Elijah.walker461@eircom.net,Elijah,Walker,2024-11-28T14:21:02Z
310050,1,zoe.hughes734@btinternet.com,Zoe,Hughes,2024-11-29T10:36:55Z
310051,4,amelia.davies73@gmail.com,Amelia,Davies,2024-11-30T11:01:17Z
310052,4,noah.walker198@gmail.com,Noah,Walker,2024-11-30T22:21:39Z
310053,4,oliver.jones403@bigpond.com,Oliver,Jones,2024-12-02T21:29:58Z
310054,4,Priya.edwards644@gmail.com,Priya,Edwards,2024-12-03T02:35:45Z
310055,4,olivia.cooper972@gmail.com,Olivia,Cooper,2024-12-03T12:28:59Z
310056,5,grace.obrien831@outlook.com,Grace,O'Brien,2024-12-04T00:53:42Z
310057,3,sofia.jones950@icloud.com,Sofia,Jones,2024-12-04T03:52:36Z
310058,2,james.hill203@btinternet.com,James,Hill,2024-12-04T07:55:23Z
310059,2,,Oscar,Brown,2024-12-04T15:24:49Z
310060,4,henry.kelly345@bigpond.com,Henry,Kelly,2024-12-05T01:55:00Z
310061,1,jack.smith743@btinternet.com,Jack,Smith,2024-12-05T12:15:43Z
310062,4,Zoe.clarke358@gmail.com,Zoe,Clarke,2024-12-06T08:14:51Z
310063,4,freya.taylor58@bigpond.com,Freya,Taylor,2024-12-06T10:24:38Z
310064,1,kai.wood633@gmail.com,Kai,Wood,2024-12-07T22:09:47Z
310065,1,lily.obrien613@btinternet.com,Lily,O'Brien,2024-12-08T11:37:59Z
310066,1,arjun.robinson466@outlook.com,Arjun,Robinson,2024-12-08T19:10:04Z
310067,3,henry.clarke903@yahoo.com,Henry,Clarke,2024-12-09T19:47:25Z
310068,2,zoe.thomas727@btinternet.com,Zoe,Thomas,2024-12-09T22:58:29Z
310069,4,mia.walker612@bigpond.com,Mia,Walker,2024-12-09T23:16:38Z
310070,4,zoe.wood476@outlook.com,Zoe,Wood,2024-12-10T04:50:46Z
310071,5,siobhan.jackson229@yahoo.com,Siobhan,Jackson,2024-12-10T06:52:16Z
310072,2,freya.walker370@gmail.com,Freya,Walker,2024-12-10T17:04:08Z
310073,3,harry.patel575@outlook.com,Harry,Patel,2024-12-10T22:08:54Z
310074,3,,Henry,Johnson,2024-12-11T03:11:54Z
310075,4,Mateo.murphy978@gmail.com,Mateo,Murphy,2024-12-11T05:05:06Z
310076,6,conor.martinez228@outlook.com,Conor,Martinez,2024-12-11T07:24:02Z
310077,1,sofia.murphy158@outlook.com,Sofia,Murphy,2024-12-11T21:29:30Z
310078,5,priya.edwards892@outlook.com,Priya,Edwards,2024-12-12T05:00:24Z
310079,2,mia.williams197@gmail.com,Mia,Williams,2024-12-12T10:57:14Z
310080,4,lily.clarke834@outlook.com,Lily,Clarke,2024-12-12T20:03:23Z
310081,4,mia.hughes395@bigpond.com,Mia,Hughes,2024-12-13T06:11:53Z
310082,5,priya.lewis16@outlook.com,Priya,Lewis,2024-12-13T14:33:10Z
310083,5,zoe.nguyen109@aol.com,Zoe,Nguyen,2024-12-13T20:08:03Z
310084,1,conor.nguyen442@btinternet.com,Conor,Nguyen,2024-12-13T22:56:43Z
310085,4,Conor.thomas633@outlook.com,Conor,Thomas,2024-12-14T12:49:16Z
310086,1,Ethan.clarke251@gmail.com,Ethan,Clarke,2024-12-14T17:18:57Z
310087,1,grace.davies550@eircom.net,Grace,Davies,2024-12-14T18:33:32Z
310088,5,emma.thomas818@yahoo.com,Emma,Thomas,2024-12-14T23:45:14Z
310089,4,kai.lee820@icloud.com,Kai,Lee,2024-12-15T08:48:03Z
310090,4,daniel.brown368@outlook.com,Daniel,Brown,2024-12-15T10:27:33Z
310091,1,freya.lewis948@hotmail.co.uk,Freya,Lewis,2024-12-15T13:10:50Z
310092,1,sophia.wright465@hotmail.co.uk,Sophia,Wright,2024-12-15T13:34:29Z
310093,5,ruby.brown885@gmail.com,Ruby,Brown,2024-12-15T14:42:20Z
310094,5,hannah.patel897@gmail.com,Hannah,Patel,2024-12-15T21:03:53Z
310095,4,maya.murphy586@gmail.com,Maya,Murphy,2024-12-15T21:51:37Z
310096,3,ava.kelly249@aol.com,Ava,Kelly,2024-12-16T03:44:10Z
310097,2,leo.smith355@gmail.com,Leo,Smith,2024-12-16T11:08:06Z
310098,1,mia.obrien906@gmail.com,Mia,O'Brien,2024-12-16T12:32:10Z
310099,2,ruby.lewis178@outlook.com,Ruby,Lewis,2024-12-16T14:26:33Z
310100,1,lucas.thompson374@btinternet.com,Lucas,Thompson,2024-12-16T17:53:21Z
310101,3,conor.obrien845@gmail.com,Conor,O'Brien,2024-12-16T18:01:05Z
310102,2,aoife.johnson472@hotmail.co.uk,Aoife,Johnson,2024-12-16T18:50:15Z
310103,5,,Lucas,Nguyen,2024-12-16T20:46:20Z
310104,5,kai.davies621@outlook.com,Kai,Davies,2024-12-17T03:02:47Z
310105,4,Ruby.lee527@bigpond.com,Ruby,Lee,2024-12-17T03:43:57Z
310106,1,noah.johnson53@eircom.net,Noah,Johnson,2024-12-17T09:06:07Z
310107,6,oscar.martinez274@hotmail.co.uk,Oscar,Martinez,2024-12-17T17:14:40Z
310108,1,ella.wilson665@hotmail.co.uk,Ella,Wilson,2024-12-17T20:06:17Z
310109,2,arjun.wright819@gmail.com,Arjun,Wright,2024-12-17T23:30:34Z
310110,4,elijah.martinez563@bigpond.com,Elijah,Martinez,2024-12-18T03:37:15Z
310111,1,kai.harris287@btinternet.com,Kai,Harris,2024-12-18T07:29:35Z
310112,4,ella.walker461@bigpond.com,Ella,Walker,2024-12-18T07:42:17Z
310113,1,daniel.davies596@btinternet.com,Daniel,Davies,2024-12-18T08:40:52Z
310114,2,elijah.moore905@hotmail.co.uk,Elijah,Moore,2024-12-18T10:17:42Z
310115,2,mason.turner313@btinternet.com,Mason,Turner,2024-12-18T17:14:21Z
310116,4,Mateo.lee439@outlook.com,Mateo,Lee,2024-12-18T20:14:33Z
310117,4,liam.wright489@outlook.com,Liam,Wright,2024-12-18T22:29:01Z
310118,6,liam.white677@hotmail.co.uk,Liam,White,2024-12-18T23:42:18Z
310119,1,mason.lewis144@hotmail.co.uk,Mason,Lewis,2024-12-19T13:22:59Z
310120,5,ella.garcia792@gmail.com,Ella,Garcia,2024-12-19T18:16:26Z
310121,2,sofia.wilson431@gmail.com,Sofia,Wilson,2024-12-19T19:41:47Z
310122,3,sophia.wood587@icloud.com,Sophia,Wood,2024-12-20T04:29:40Z
310123,4,harry.brown689@bigpond.com,Harry,Brown,2024-12-20T04:36:07Z
310124,4,Lucas.hughes964@bigpond.com,Lucas,Hughes,2024-12-20T05:02:50Z
310125,1,Aoife.wood587@btinternet.com,Aoife,Wood,2024-12-20T09:54:20Z
310126,2,,Lily,Jones,2024-12-20T11:40:04Z
310127,2,Zoe.king202@hotmail.co.uk,Zoe,King,2024-12-20T14:12:05Z
310128,4,amelia.hall834@gmail.com,Amelia,Hall,2024-12-20T21:28:11Z
310129,2,ruby.lee25@btinternet.com,Ruby,Lee,2024-12-21T08:20:56Z
310130,2,conor.smith999@outlook.com,Conor,Smith,2024-12-21T10:38:44Z
310131,2,maya.king374@btinternet.com,Maya,King,2024-12-21T13:03:21Z
310132,3,oliver.garcia172@yahoo.com,Oliver,Garcia,2024-12-21T15:28:42Z
310133,2,kai.martin183@eircom.net,Kai,Martin,2024-12-21T18:39:12Z
310134,4,mason.williams816@icloud.com,Mason,Williams,2024-12-21T21:27:14Z
310135,4,elijah.jones954@icloud.com,Elijah,Jones,2024-12-22T00:24:31Z
310136,4,Ethan.walker655@gmail.com,Ethan,Walker,2024-12-22T05:49:21Z
310137,2,Aoife.lee536@btinternet.com,Aoife,Lee,2024-12-22T07:10:31Z
310138,1,Charlotte.hughes73@btinternet.com,Charlotte,Hughes,2024-12-22T19:38:26Z
310139,3,liam.harris224@icloud.com,Liam,Harris,2024-12-23T13:30:44Z
310140,3,noah.thomas736@gmail.com,Noah,Thomas,2024-12-23T19:25:56Z
310141,2,freya.moore797@hotmail.co.uk,Freya,Moore,2024-12-24T09:12:15Z
310142,2,siobhan.walsh922@outlook.com,Siobhan,Walsh,2024-12-24T11:05:26Z
310143,2,oliver.kelly475@eircom.net,Oliver,Kelly,2024-12-24T14:56:20Z
310144,1,hannah.clarke292@outlook.com,Hannah,Clarke,2024-12-24T19:50:21Z
310145,4,,Oscar,Cooper,2024-12-24T23:11:02Z
310146,3,James.murphy317@icloud.com,James,Murphy,2024-12-25T01:51:38Z
310147,5,arjun.harris916@aol.com,Arjun,Harris,2024-12-25T03:04:05Z
310148,4,isla.nguyen139@bigpond.com,Isla,Nguyen,2024-12-25T07:01:37Z
310149,4,daniel.lee587@outlook.com,Daniel,Lee,2024-12-25T09:26:34Z
310150,4,ella.lee911@gmail.com,Ella,Lee,2024-12-25T12:44:46Z
310151,5,amelia.martin480@aol.com,Amelia,Martin,2024-12-25T19:06:17Z
310152,1,conor.nguyen522@outlook.com,Conor,Nguyen,2024-12-25T19:57:09Z
310153,2,oscar.kelly672@outlook.com,Oscar,Kelly,2024-12-26T07:58:39Z
310154,6,leo.hall982@gmail.com,Leo,Hall,2024-12-26T08:28:17Z
310155,1,freya.thomas779@hotmail.co.uk,Freya,Thomas,2024-12-26T11:08:12Z
310156,1,jack.davies604@outlook.com,Jack,Davies,2024-12-26T13:24:01Z
310157,1,sofia.robinson723@gmail.com,Sofia,Robinson,2024-12-26T14:00:39Z
310158,5,sophia.hughes289@aol.com,Sophia,Hughes,2024-12-26T15:19:11Z
310159,5,oliver.jones165@yahoo.com,Oliver,Jones,2024-12-26T17:06:03Z
310160,1,priya.hall206@eircom.net,Priya,Hall,2024-12-26T19:35:37Z
310161,4,Olivia.harris406@icloud.com,Olivia,Harris,2024-12-26T21:01:22Z
310162,1,sophia.evans803@outlook.com,Sophia,Evans,2024-12-26T21:01:57Z
310163,1,amelia.taylor550@outlook.com,Amelia,Taylor,2024-12-26T22:43:36Z
310164,4,elijah.wood319@gmail.com,Elijah,Wood,2024-12-27T02:18:17Z
310165,5,freya.davies208@yahoo.com,Freya,Davies,2024-12-27T05:13:07Z
310166,4,isla.smith72@outlook.com,Isla,Smith,2024-12-27T05:28:33Z
310167,4,lily.walker27@icloud.com,Lily,Walker,2024-12-27T08:56:19Z
310168,3,harry.clarke79@icloud.com,Harry,Clarke,2024-12-27T13:05:12Z
310169,5,conor.taylor368@icloud.com,Conor,Taylor,2024-12-27T14:42:32Z
310170,4,mia.robinson908@outlook.com,Mia,Robinson,2024-12-28T05:44:51Z
310171,4,Noah.walker315@gmail.com,Noah,Walker,2024-12-28T06:57:40Z
310172,1,Kai.green174@outlook.com,Kai,Green,2024-12-28T12:31:19Z
310173,2,Ava.green120@outlook.com,Ava,Green,2024-12-28T14:35:35Z
310174,3,daniel.edwards834@gmail.com,Daniel,Edwards,2024-12-28T14:55:33Z
310175,5,emma.hall301@aol.com,Emma,Hall,2024-12-28T18:11:55Z
310176,1,hannah.thompson79@gmail.com,Hannah,Thompson,2024-12-28T21:01:25Z
310177,4,sofia.williams35@icloud.com,Sofia,Williams,2024-12-28T22:15:41Z
310178,1,conor.kelly2@outlook.com,Conor,Kelly,2024-12-28T22:39:02Z
310179,4,aoife.brown129@icloud.com,Aoife,Brown,2024-12-29T02:56:43Z
310180,4,siobhan.clark849@icloud.com,Siobhan,Clark,2024-12-29T08:53:47Z
310181,2,ethan.king873@outlook.com,Ethan,King,2024-12-29T09:53:28Z
310182,1,sofia.nguyen569@eircom.net,Sofia,Nguyen,2024-12-29T12:51:54Z
310183,1,mia.jones583@gmail.com,Mia,Jones,2024-12-29T13:22:50Z
310184,1,conor.clarke468@gmail.com,Conor,Clarke,2024-12-29T14:47:07Z
310185,5,zoe.harris666@aol.com,Zoe,Harris,2024-12-29T16:17:45Z
310186,5,oliver.walsh322@outlook.com,Oliver,Walsh,2024-12-29T16:34:04Z
310187,2,oscar.king553@gmail.com,Oscar,King,2024-12-29T16:56:46Z
310188,5,noah.nguyen133@outlook.com,Noah,Nguyen,2024-12-30T01:04:05Z
310189,4,,Sofia,O'Brien,2024-12-30T02:06:32Z
310190,1,Lucas.murphy752@gmail.com,Lucas,Murphy,2024-12-30T16:30:20Z
310191,5,grace.davies983@outlook.com,Grace,Davies,2024-12-30T17:24:01Z
310192,2,ella.harris877@outlook.com,Ella,Harris,2024-12-30T17:42:37Z
310193,6,olivia.hughes144@btinternet.com,Olivia,Hughes,2024-12-30T19:45:00Z
310194,1,james.taylor971@hotmail.co.uk,James,Taylor,2024-12-30T21:48:19Z
310195,1,siobhan.jones322@btinternet.com,Siobhan,Jones,2024-12-31T08:10:15Z
310196,2,arjun.smith152@gmail.com,Arjun,Smith,2024-12-31T09:59:38Z
310197,1,Daniel.martin380@hotmail.co.uk,Daniel,Martin,2024-12-31T11:24:38Z
310198,1,Olivia.kelly79@btinternet.com,Olivia,Kelly,2024-12-31T14:55:16Z
310199,2,isla.patel193@btinternet.com,Isla,Patel,2024-12-31T15:18:50Z
310200,2,maya.robinson816@eircom.net,Maya,Robinson,2024-12-31T19:00:56Z
310201,2,ruby.taylor94@gmail.com,Ruby,Taylor,2024-12-31T22:38:29Z
310202,6,,Zoe,Harris,2024-12-31T23:26:41Z
310203,4,james.moore123@gmail.com,James,Moore,2025-01-01T00:51:05Z
310204,4,mateo.robinson638@outlook.com,Mateo,Robinson,2025-01-01T01:20:10Z
310205,4,henry.murphy394@gmail.com,Henry,Murphy,2025-01-01T02:08:37Z
310206,1,Lily.patel791@outlook.com,Lily,Patel,2025-01-01T09:33:12Z
310207,2,aoife.murphy902@outlook.com,Aoife,Murphy,2025-01-01T18:35:59Z
310208,5,oliver.obrien238@aol.com,Oliver,O'Brien,2025-01-01T21:29:28Z
310209,4,oscar.kelly14@icloud.com,Oscar,Kelly,2025-01-02T08:45:05Z
310210,1,lily.clark717@outlook.com,Lily,Clark,2025-01-02T15:06:01Z
310211,4,,Noah,Brown,2025-01-03T01:03:13Z
310212,4,elijah.obrien997@gmail.com,Elijah,O'Brien,2025-01-03T02:30:41Z
310213,2,elijah.walsh75@btinternet.com,Elijah,Walsh,2025-01-03T07:50:42Z
310214,1,daniel.patel84@outlook.com,Daniel,Patel,2025-01-03T09:16:59Z
310215,2,Leo.king809@outlook.com,Leo,King,2025-01-03T10:36:05Z
310216,5,Daniel.wilson627@aol.com,Daniel,Wilson,2025-01-03T15:54:09Z
310217,1,chloe.king240@btinternet.com,Chloe,King,2025-01-03T18:27:05Z
310218,2,siobhan.edwards885@btinternet.com,Siobhan,Edwards,2025-01-03T22:10:08Z
310219,3,ella.johnson413@icloud.com,Ella,Johnson,2025-01-03T23:53:41Z
310220,4,emma.edwards923@bigpond.com,Emma,Edwards,2025-01-04T02:26:23Z
310221,2,jack.white327@gmail.com,Jack,White,2025-01-04T09:27:30Z
310222,2,maya.lewis898@outlook.com,Maya,Lewis,2025-01-04T11:58:41Z
310223,5,none@none.com,Maya,White,2025-01-04T14:20:46Z
310224,2,,Mateo,Turner,2025-01-04T14:48:19Z
310225,2,zoe.garcia806@btinternet.com,Zoe,Garcia,2025-01-04T15:53:11Z
310226,4,freya.patel959@gmail.com,Freya,Patel,2025-01-04T23:16:37Z
310227,5,mason.nguyen739@gmail.com,Mason,Nguyen,2025-01-05T01:50:36Z
310228,1,ella.williams115@eircom.net,Ella,Williams,2025-01-05T07:37:31Z
310229,1,sofia.hall901@btinternet.com,Sofia,Hall,2025-01-05T09:20:27Z
310230,1,oliver.murphy478@hotmail.co.uk,Oliver,Murphy,2025-01-05T09:39:01Z
310231,2,sophia.green638@eircom.net,Sophia,Green,2025-01-05T11:21:06Z
310232,4,freya.hall624@gmail.com,Freya,Hall,2025-01-05T12:43:22Z
310233,5,maya.hill822@icloud.com,Maya,Hill,2025-01-05T15:11:49Z
310234,6,zoe.white584@hotmail.co.uk,Zoe,White,2025-01-05T18:23:53Z
310235,5,charlotte.edwards867@yahoo.com,Charlotte,Edwards,2025-01-06T00:44:15Z
310236,5,sofia.hall610@icloud.com,Sofia,Hall,2025-01-06T05:09:08Z
310237,1,siobhan.clark407@eircom.net,Siobhan,Clark,2025-01-06T12:10:24Z
310238,1,lucas.obrien917@hotmail.co.uk,Lucas,O'Brien,2025-01-06T13:24:45Z
310239,3,noah.lewis839@yahoo.com,Noah,Lewis,2025-01-06T22:53:22Z
310240,2,sophia.kelly347@btinternet.com,Sophia,Kelly,2025-01-06T23:42:48Z
310241,3,ruby.brown946@outlook.com,Ruby,Brown,2025-01-07T14:49:16Z
310242,1,ethan.king475@outlook.com,Ethan,King,2025-01-07T16:45:46Z
310243,3,mateo.williams250@outlook.com,Mateo,Williams,2025-01-07T21:34:42Z
310244,2,amelia.smith43@btinternet.com,Amelia,Smith,2025-01-08T09:24:38Z
310245,2,priya.edwards792@gmail.com,Priya,Edwards,2025-01-08T13:11:45Z
310246,5,oliver.lee224@aol.com,Oliver,Lee,2025-01-09T00:32:55Z
310247,5,liam.robinson816@icloud.com,Liam,Robinson,2025-01-09T00:41:20Z
310248,1,Olivia.walsh715@eircom.net,Olivia,Walsh,2025-01-09T21:32:49Z
310249,5,kai.obrien645@outlook.com,Kai,O'Brien,2025-01-10T01:00:50Z
310250,2,olivia.martinez523@gmail.com,Olivia,Martinez,2025-01-10T09:14:19Z
310251,4,amelia.walsh537@outlook.com,Amelia,Walsh,2025-01-10T12:01:07Z
310252,1,siobhan.hill864@hotmail.co.uk,Siobhan,Hill,2025-01-10T12:28:07Z
310253,4,emma.lee253@bigpond.com,Emma,Lee,2025-01-10T12:38:28Z
310254,2,kai.white559@gmail.com,Kai,White,2025-01-10T14:38:19Z
310255,2,Daniel.thomas319@hotmail.co.uk,Daniel,Thomas,2025-01-10T17:12:00Z
310256,5,siobhan.thompson910@icloud.com,Siobhan,Thompson,2025-01-10T21:14:30Z
310257,1,ethan.murphy740@hotmail.co.uk,Ethan,Murphy,2025-01-10T22:06:21Z
310258,3,sofia.kelly957@icloud.com,Sofia,Kelly,2025-01-11T03:41:46Z
310259,6,charlotte.thompson466@outlook.com,Charlotte,Thompson,2025-01-11T07:48:32Z
310260,2,ella.jackson964@eircom.net,Ella,Jackson,2025-01-11T20:40:27Z
310261,2,mia.garcia193@btinternet.com,Mia,Garcia,2025-01-12T17:07:04Z
310262,1,zoe.edwards591@eircom.net,Zoe,Edwards,2025-01-12T19:22:31Z
310263,1,henry.brown743@outlook.com,Henry,Brown,2025-01-12T20:06:40Z
310264,2,oscar.taylor479@hotmail.co.uk,Oscar,Taylor,2025-01-12T20:22:26Z
310265,3,grace.edwards726@icloud.com,Grace,Edwards,2025-01-12T20:27:08Z
310266,2,kai.kelly198@hotmail.co.uk,Kai,Kelly,2025-01-12T22:52:01Z
310267,4,noah.king540@outlook.com,Noah,King,2025-01-13T09:08:53Z
310268,2,noah.wilson754@hotmail.co.uk,Noah,Wilson,2025-01-13T10:30:42Z
310269,4,freya.taylor476@icloud.com,Freya,Taylor,2025-01-13T11:41:56Z
310270,5,lucas.jackson474@outlook.com,Lucas,Jackson,2025-01-13T19:00:47Z
310271,3,Freya.moore387@aol.com,Freya,Moore,2025-01-14T04:38:29Z
310272,4,maya.hall326@bigpond.com,Maya,Hall,2025-01-14T09:24:50Z
310273,4,oliver.wood886@icloud.com,Oliver,Wood,2025-01-14T11:23:16Z
310274,1,charlotte.hall712@hotmail.co.uk,Charlotte,Hall,2025-01-14T18:23:05Z
310275,4,amelia.taylor80@bigpond.com,Amelia,Taylor,2025-01-14T22:12:49Z
310276,2,maya.brown137@btinternet.com,Maya,Brown,2025-01-14T22:22:51Z
310277,3,ella.kelly369@aol.com,Ella,Kelly,2025-01-15T03:19:44Z
310278,4,aoife.murphy673@outlook.com,Aoife,Murphy,2025-01-15T04:32:01Z
310279,1,grace.davies125@btinternet.com,Grace,Davies,2025-01-15T15:31:33Z
310280,4,arjun.hall914@icloud.com,Arjun,Hall,2025-01-15T20:04:54Z
310281,2,oliver.garcia236@outlook.com,Oliver,Garcia,2025-01-15T23:39:32Z
310282,3,,Mason,Johnson,2025-01-16T02:25:53Z
310283,4,liam.hill761@icloud.com,Liam,Hill,2025-01-16T06:21:35Z
310284,4,chloe.thompson251@icloud.com,Chloe,Thompson,2025-01-16T10:21:05Z
310285,4,,Sam,Walker,2025-01-16T10:38:58Z
310286,1,ava.harris339@btinternet.com,Ava,Harris,2025-01-16T11:36:38Z
310287,4,oliver.robinson34@bigpond.com,Oliver,Robinson,2025-01-17T08:03:17Z
310288,4,ella.wilson989@bigpond.com,Ella,Wilson,2025-01-17T12:33:04Z
310289,1,conor.evans109@outlook.com,Conor,Evans,2025-01-17T12:47:59Z
310290,5,sophia.thomas920@icloud.com,Sophia,Thomas,2025-01-17T15:20:15Z
310291,5,daniel.king451@yahoo.com,Daniel,King,2025-01-17T16:45:20Z
310292,4,oliver.smith209@bigpond.com,Oliver,Smith,2025-01-18T00:51:08Z
310293,4,lucas.williams443@bigpond.com,Lucas,Williams,2025-01-18T07:44:36Z
310294,1,amelia.jones723@gmail.com,Amelia,Jones,2025-01-18T11:36:14Z
310295,4,jack.wilson521@outlook.com,Jack,Wilson,2025-01-18T12:08:39Z
310296,1,hannah.taylor727@btinternet.com,Hannah,Taylor,2025-01-18T13:21:52Z
310297,3,ella.garcia579@gmail.com,Ella,Garcia,2025-01-18T13:46:24Z
310298,5,ruby.murphy173@outlook.com,Ruby,Murphy,2025-01-18T17:18:19Z
310299,5,isla.williams333@yahoo.com,Isla,Williams,2025-01-18T17:54:09Z
310300,1,Kai.kelly198@hotmail.co.uk,Kai,Kelly,2025-01-18T18:57:52Z
310301,1,grace.garcia471@btinternet.com,Grace,Garcia,2025-01-18T20:33:55Z
310302,4,ella.davies866@outlook.com,Ella,Davies,2025-01-19T01:06:51Z
310303,4,olivia.clarke885@icloud.com,Olivia,Clarke,2025-01-19T01:18:33Z
310304,4,elijah.lewis570@icloud.com,Elijah,Lewis,2025-01-19T02:52:36Z
310305,4,mia.patel438@gmail.com,Mia,Patel,2025-01-19T05:21:42Z
310306,4,mason.brown705@outlook.com,Mason,Brown,2025-01-19T12:59:14Z
310307,1,ava.garcia759@eircom.net,Ava,Garcia,2025-01-19T14:38:35Z
310308,6,Henry.edwards531@eircom.net,Henry,Edwards,2025-01-19T20:10:12Z
310309,4,henry.lewis372@gmail.com,Henry,Lewis,2025-01-19T21:29:24Z
310310,4,olivia.wilson476@bigpond.com,Olivia,Wilson,2025-01-20T04:00:13Z
310311,5,,Ella,Brown,2025-01-20T06:49:01Z
310312,4,none@none.com,Emma,Walker,2025-01-20T07:16:40Z
310313,2,oscar.jones683@gmail.com,Oscar,Jones,2025-01-20T08:57:01Z
310314,2,zoe.martinez856@outlook.com,Zoe,Martinez,2025-01-20T16:51:59Z
310315,5,,Sophia,Clarke,2025-01-20T16:53:19Z
310316,5,harry.lewis779@aol.com,Harry,Lewis,2025-01-20T17:05:13Z
310317,5,,Noah,Thompson,2025-01-20T22:40:56Z
310318,4,harry.wright99@bigpond.com,Harry,Wright,2025-01-20T23:09:08Z
310319,4,oliver.hall950@bigpond.com,Oliver,Hall,2025-01-21T00:07:35Z
310320,2,james.smith744@btinternet.com,James,Smith,2025-01-21T11:23:13Z
310321,1,jack.smith558@eircom.net,Jack,Smith,2025-01-21T11:54:11Z
310322,2,charlotte.nguyen23@outlook.com,Charlotte,Nguyen,2025-01-21T14:57:15Z
310323,1,conor.johnson858@btinternet.com,Conor,Johnson,2025-01-21T18:25:15Z
310324,1,hannah.brown99@hotmail.co.uk,Hannah,Brown,2025-01-21T19:09:41Z
310325,3,,Oliver,Lee,2025-01-22T00:37:49Z
310326,4,jack.moore953@bigpond.com,Jack,Moore,2025-01-22T01:34:02Z
310327,3,ella.cooper953@gmail.com,Ella,Cooper,2025-01-22T14:57:43Z
310328,3,priya.robinson287@outlook.com,Priya,Robinson,2025-01-22T16:23:08Z
310329,5,sophia.thompson604@icloud.com,Sophia,Thompson,2025-01-22T20:38:38Z
310330,4,Ethan.murphy626@outlook.com,Ethan,Murphy,2025-01-23T06:55:35Z
310331,1,,Elijah,Moore,2025-01-23T15:10:46Z
310332,1,elijah.johnson972@outlook.com,Elijah,Johnson,2025-01-23T17:14:19Z
310333,1,mason.johnson34@outlook.com,Mason,Johnson,2025-01-23T19:44:13Z
310334,5,kai.walsh500@aol.com,Kai,Walsh,2025-01-24T02:19:10Z
310335,4,jack.edwards784@icloud.com,Jack,Edwards,2025-01-24T12:33:22Z
310336,1,,Ava,Jones,2025-01-24T17:29:38Z
310337,3,zoe.thompson240@aol.com,Zoe,Thompson,2025-01-24T18:35:46Z
310338,1,mateo.smith39@hotmail.co.uk,Mateo,Smith,2025-01-24T18:50:50Z
310339,4,sofia.williams191@bigpond.com,Sofia,Williams,2025-01-24T22:58:53Z
310340,5,zoe.nguyen945@yahoo.com,Zoe,Nguyen,2025-01-24T23:39:39Z
310341,6,amelia.moore42@hotmail.co.uk,Amelia,Moore,2025-01-25T07:14:55Z
310342,6,sam.martinez436@gmail.com,Sam,Martinez,2025-01-25T07:36:34Z
310343,1,hannah.thomas723@btinternet.com,Hannah,Thomas,2025-01-25T13:36:32Z
310344,1,siobhan.martin631@hotmail.co.uk,Siobhan,Martin,2025-01-25T13:59:00Z
310345,5,siobhan.green526@gmail.com,Siobhan,Green,2025-01-25T14:41:06Z
310346,5,conor.jones841@icloud.com,Conor,Jones,2025-01-25T16:31:28Z
310347,5,jack.cooper846@icloud.com,Jack,Cooper,2025-01-25T17:06:43Z
310348,2,ella.smith110@btinternet.com,Ella,Smith,2025-01-25T17:38:32Z
310349,2,arjun.turner296@gmail.com,Arjun,Turner,2025-01-25T21:04:35Z
310350,3,chloe.white830@yahoo.com,Chloe,White,2025-01-26T00:21:30Z
310351,3,maya.white368@icloud.com,Maya,White,2025-01-26T04:30:50Z
310352,4,isla.king268@gmail.com,Isla,King,2025-01-26T04:49:24Z
310353,4,ethan.jackson814@outlook.com,Ethan,Jackson,2025-01-26T06:18:48Z
310354,1,ethan.wilson336@hotmail.co.uk,Ethan,Wilson,2025-01-26T11:51:47Z
310355,1,conor.williams607@hotmail.co.uk,Conor,Williams,2025-01-26T13:06:25Z
310356,2,sam.wilson353@eircom.net,Sam,Wilson,2025-01-26T19:05:37Z
310357,1,hannah.hill14@outlook.com,Hannah,Hill,2025-01-26T19:28:27Z
310358,4,Maya.kelly454@icloud.com,Maya,Kelly,2025-01-26T22:51:18Z
310359,3,hannah.garcia916@yahoo.com,Hannah,Garcia,2025-01-27T04:07:12Z
310360,1,Freya.white976@btinternet.com,Freya,White,2025-01-27T16:28:44Z
310361,5,sophia.wood623@yahoo.com,Sophia,Wood,2025-01-27T19:14:14Z
310362,5,Sam.wilson247@gmail.com,Sam,Wilson,2025-01-27T21:57:21Z
310363,1,daniel.martin745@hotmail.co.uk,Daniel,Martin,2025-01-28T14:12:39Z
310364,5,,Sophia,Johnson,2025-01-29T02:04:46Z
310365,4,mason.kelly49@bigpond.com,Mason,Kelly,2025-01-29T05:58:56Z
310366,5,elijah.walker170@icloud.com,Elijah,Walker,2025-01-29T18:19:46Z
310367,1,elijah.robinson904@eircom.net,Elijah,Robinson,2025-01-29T19:56:36Z
310368,4,hannah.harris324@gmail.com,Hannah,Harris,2025-01-29T22:39:43Z
310369,5,amelia.lee126@outlook.com,Amelia,Lee,2025-01-30T00:02:16Z
310370,1,ruby.cooper547@hotmail.co.uk,Ruby,Cooper,2025-01-30T08:11:44Z
310371,6,leo.lewis383@btinternet.com,Leo,Lewis,2025-01-30T14:04:05Z
310372,3,Mia.garcia811@outlook.com,Mia,Garcia,2025-01-30T16:12:10Z
310373,1,henry.wood167@hotmail.co.uk,Henry,Wood,2025-01-30T16:21:36Z
310374,2,aoife.williams266@outlook.com,Aoife,Williams,2025-01-30T17:07:31Z
310375,1,,Liam,Lewis,2025-01-30T23:58:55Z
310376,6,mia.cooper425@btinternet.com,Mia,Cooper,2025-01-31T10:31:12Z
310377,1,hannah.smith784@hotmail.co.uk,Hannah,Smith,2025-01-31T13:05:23Z
310378,1,oscar.brown677@btinternet.com,Oscar,Brown,2025-01-31T15:01:32Z
310379,1,Oliver.patel899@gmail.com,Oliver,Patel,2025-01-31T17:13:53Z
310380,2,henry.nguyen387@eircom.net,Henry,Nguyen,2025-01-31T17:26:23Z
310381,4,oscar.patel184@outlook.com,Oscar,Patel,2025-01-31T20:54:05Z
310382,4,chloe.moore534@icloud.com,Chloe,Moore,2025-01-31T21:17:21Z
310383,5,Sofia.walsh668@yahoo.com,Sofia,Walsh,2025-02-01T01:35:20Z
310384,4,leo.clarke754@outlook.com,Leo,Clarke,2025-02-01T12:43:24Z
310385,1,emma.walker968@btinternet.com,Emma,Walker,2025-02-01T14:34:50Z
310386,2,harry.jackson238@outlook.com,Harry,Jackson,2025-02-01T15:55:19Z
310387,4,grace.turner804@icloud.com,Grace,Turner,2025-02-01T21:32:09Z
310388,3,james.wilson521@gmail.com,James,Wilson,2025-02-01T23:46:00Z
310389,4,James.hughes776@outlook.com,James,Hughes,2025-02-02T07:51:44Z
310390,2,freya.wright553@eircom.net,Freya,Wright,2025-02-02T09:36:37Z
310391,4,Aoife.cooper257@outlook.com,Aoife,Cooper,2025-02-02T10:24:27Z
310392,1,amelia.clark456@gmail.com,Amelia,Clark,2025-02-02T10:27:13Z
310393,2,jack.jones694@btinternet.com,Jack,Jones,2025-02-02T19:51:50Z
310394,4,ava.edwards214@gmail.com,Ava,Edwards,2025-02-03T05:02:24Z
310395,4,Elijah.jones637@bigpond.com,Elijah,Jones,2025-02-03T05:42:03Z
310396,4,,Emma,Clarke,2025-02-03T09:30:31Z
310397,4,sofia.clark471@gmail.com,Sofia,Clark,2025-02-03T12:38:10Z
310398,3,Daniel.harris553@icloud.com,Daniel,Harris,2025-02-03T14:41:58Z
310399,1,sofia.lee404@btinternet.com,Sofia,Lee,2025-02-03T18:15:07Z
310400,4,harry.wright775@outlook.com,Harry,Wright,2025-02-03T20:01:18Z
310401,4,Lily.brown777@icloud.com,Lily,Brown,2025-02-04T02:14:05Z
310402,5,ruby.lee259@gmail.com,Ruby,Lee,2025-02-04T04:10:57Z
310403,1,lily.martin389@hotmail.co.uk,Lily,Martin,2025-02-04T10:41:50Z
310404,1,mason.cooper86@btinternet.com,Mason,Cooper,2025-02-04T10:53:13Z
310405,4,lucas.clark609@gmail.com,Lucas,Clark,2025-02-04T11:40:14Z
310406,5,conor.williams741@aol.com,Conor,Williams,2025-02-04T14:20:48Z
310407,2,Henry.williams713@gmail.com,Henry,Williams,2025-02-04T16:24:19Z
310408,5,henry.turner89@yahoo.com,Henry,Turner,2025-02-05T05:41:45Z
310409,5,Elijah.white446@icloud.com,Elijah,White,2025-02-05T05:55:52Z
310410,5,lily.williams696@outlook.com,Lily,Williams,2025-02-05T14:47:57Z
310411,2,mason.murphy670@hotmail.co.uk,Mason,Murphy,2025-02-05T15:29:29Z
310412,1,arjun.nguyen309@hotmail.co.uk,Arjun,Nguyen,2025-02-05T16:39:18Z
310413,3,ruby.hall457@gmail.com,Ruby,Hall,2025-02-05T16:39:43Z
310414,5,sophia.garcia114@icloud.com,Sophia,Garcia,2025-02-05T16:52:10Z
310415,3,mia.lee399@outlook.com,Mia,Lee,2025-02-05T21:36:25Z
310416,5,olivia.clark946@outlook.com,Olivia,Clark,2025-02-06T00:41:39Z
310417,4,charlotte.obrien702@gmail.com,Charlotte,O'Brien,2025-02-06T02:11:39Z
310418,3,elijah.turner167@outlook.com,Elijah,Turner,2025-02-06T04:35:11Z
310419,1,freya.green25@gmail.com,Freya,Green,2025-02-06T09:34:45Z
310420,4,Noah.martin296@gmail.com,Noah,Martin,2025-02-06T12:51:32Z
310421,3,priya.green432@outlook.com,Priya,Green,2025-02-06T13:58:47Z
310422,3,priya.walker228@icloud.com,Priya,Walker,2025-02-06T17:25:10Z
310423,2,Ava.taylor886@outlook.com,Ava,Taylor,2025-02-06T18:17:54Z
310424,1,grace.brown592@btinternet.com,Grace,Brown,2025-02-06T19:00:57Z
310425,4,oliver.patel309@bigpond.com,Oliver,Patel,2025-02-06T21:26:40Z
310426,5,,Noah,Walsh,2025-02-07T01:35:13Z
310427,4,kai.king148@bigpond.com,Kai,King,2025-02-07T06:45:13Z
310428,1,amelia.thompson777@hotmail.co.uk,Amelia,Thompson,2025-02-07T09:26:42Z
310429,1,arjun.walsh146@btinternet.com,Arjun,Walsh,2025-02-07T10:10:53Z
310430,1,sofia.edwards907@outlook.com,Sofia,Edwards,2025-02-07T10:33:43Z
310431,3,hannah.garcia597@outlook.com,Hannah,Garcia,2025-02-07T14:33:04Z
310432,4,siobhan.hill542@outlook.com,Siobhan,Hill,2025-02-07T22:09:03Z
310433,4,mason.taylor779@icloud.com,Mason,Taylor,2025-02-07T22:30:38Z
310434,4,Olivia.harris984@icloud.com,Olivia,Harris,2025-02-08T00:29:32Z
310435,5,chloe.wood460@icloud.com,Chloe,Wood,2025-02-08T01:45:52Z
310436,5,Arjun.davies35@icloud.com,Arjun,Davies,2025-02-08T04:02:11Z
310437,5,mateo.king269@outlook.com,Mateo,King,2025-02-08T05:23:23Z
310438,1,priya.walsh426@outlook.com,Priya,Walsh,2025-02-08T07:40:20Z
310439,2,aoife.smith594@eircom.net,Aoife,Smith,2025-02-08T10:31:17Z
310440,2,priya.murphy320@hotmail.co.uk,Priya,Murphy,2025-02-08T13:01:32Z
310441,2,sofia.wilson545@outlook.com,Sofia,Wilson,2025-02-08T18:58:52Z
310442,4,lucas.hughes138@bigpond.com,Lucas,Hughes,2025-02-08T21:53:14Z
310443,5,ava.hall570@yahoo.com,Ava,Hall,2025-02-09T03:24:02Z
310444,4,james.garcia5@outlook.com,James,Garcia,2025-02-09T06:41:43Z
310445,4,mateo.garcia962@gmail.com,Mateo,Garcia,2025-02-09T06:54:49Z
310446,2,Charlotte.jackson206@outlook.com,Charlotte,Jackson,2025-02-09T07:27:18Z
310447,6,lily.thomas749@gmail.com,Lily,Thomas,2025-02-09T10:21:11Z
310448,1,priya.jackson751@eircom.net,Priya,Jackson,2025-02-09T11:59:54Z
310449,2,mateo.wright79@outlook.com,Mateo,Wright,2025-02-09T14:26:31Z
310450,5,noah.walker64@yahoo.com,Noah,Walker,2025-02-09T16:34:30Z
310451,5,none@none.com,Emma,Moore,2025-02-09T19:22:32Z
310452,4,liam.thompson26@gmail.com,Liam,Thompson,2025-02-10T04:22:23Z
310453,4,mia.white730@icloud.com,Mia,White,2025-02-10T05:57:17Z
310454,1,sam.garcia789@hotmail.co.uk,Sam,Garcia,2025-02-10T11:02:57Z
310455,6,jack.lewis754@outlook.com,Jack,Lewis,2025-02-10T14:53:50Z
310456,1,chloe.robinson267@outlook.com,Chloe,Robinson,2025-02-10T15:46:32Z
310457,1,olivia.hughes32@outlook.com,Olivia,Hughes,2025-02-10T20:29:31Z
310458,5,,Emma,Garcia,2025-02-10T21:31:53Z
310459,6,kai.walsh103@btinternet.com,Kai,Walsh,2025-02-10T23:06:25Z
310460,3,Henry.harris671@yahoo.com,Henry,Harris,2025-02-11T00:50:39Z
310461,5,ava.hill873@icloud.com,Ava,Hill,2025-02-11T03:26:59Z
310462,4,freya.cooper297@gmail.com,Freya,Cooper,2025-02-11T04:52:24Z
310463,1,Amelia.wilson5@btinternet.com,Amelia,Wilson,2025-02-11T08:50:59Z
310464,1,emma.garcia561@hotmail.co.uk,Emma,Garcia,2025-02-11T12:20:56Z
310465,1,oscar.brown893@hotmail.co.uk,Oscar,Brown,2025-02-11T14:13:39Z
310466,3,conor.lee317@gmail.com,Conor,Lee,2025-02-11T16:07:37Z
310467,5,sofia.thomas527@yahoo.com,Sofia,Thomas,2025-02-12T04:07:46Z
310468,1,olivia.clarke476@hotmail.co.uk,Olivia,Clarke,2025-02-12T11:35:23Z
310469,2,conor.brown934@hotmail.co.uk,Conor,Brown,2025-02-12T14:05:01Z
310470,5,zoe.walsh715@gmail.com,Zoe,Walsh,2025-02-12T20:54:50Z
310471,2,siobhan.hughes427@hotmail.co.uk,Siobhan,Hughes,2025-02-12T22:23:02Z
310472,4,ella.white228@bigpond.com,Ella,White,2025-02-12T23:54:42Z
310473,4,sofia.moore947@icloud.com,Sofia,Moore,2025-02-13T02:00:13Z
310474,4,Sam.hughes663@bigpond.com,Sam,Hughes,2025-02-13T07:57:56Z
310475,1,hannah.martinez844@eircom.net,Hannah,Martinez,2025-02-13T09:52:28Z
310476,2,ruby.moore740@hotmail.co.uk,Ruby,Moore,2025-02-13T15:14:58Z
310477,2,ethan.kelly63@btinternet.com,Ethan,Kelly,2025-02-13T17:17:58Z
310478,2,amelia.clark620@eircom.net,Amelia,Clark,2025-02-13T20:25:26Z
310479,4,james.smith287@gmail.com,James,Smith,2025-02-13T23:32:11Z
310480,5,chloe.brown767@yahoo.com,Chloe,Brown,2025-02-14T00:58:56Z
310481,3,ella.hall903@icloud.com,Ella,Hall,2025-02-14T05:03:40Z
310482,4,ella.taylor186@bigpond.com,Ella,Taylor,2025-02-14T05:10:41Z
310483,4,,Chloe,O'Brien,2025-02-14T06:00:42Z
310484,1,ava.nguyen469@gmail.com,Ava,Nguyen,2025-02-14T12:16:53Z
310485,3,ava.walsh774@icloud.com,Ava,Walsh,2025-02-14T13:10:33Z
310486,2,,Henry,Clarke,2025-02-14T15:59:09Z
310487,1,oliver.walsh767@gmail.com,Oliver,Walsh,2025-02-14T17:53:56Z
310488,2,henry.smith436@outlook.com,Henry,Smith,2025-02-14T19:23:31Z
310489,1,amelia.clarke399@hotmail.co.uk,Amelia,Clarke,2025-02-14T22:11:56Z
310490,5,henry.clark914@outlook.com,Henry,Clark,2025-02-15T14:10:09Z
310491,1,ruby.patel696@hotmail.co.uk,Ruby,Patel,2025-02-15T14:14:01Z
310492,1,charlotte.martinez11@gmail.com,Charlotte,Martinez,2025-02-15T14:24:43Z
310493,1,mason.murphy485@outlook.com,Mason,Murphy,2025-02-15T15:51:15Z
310494,5,chloe.hughes771@yahoo.com,Chloe,Hughes,2025-02-15T16:05:21Z
310495,1,olivia.hill578@hotmail.co.uk,Olivia,Hill,2025-02-15T16:07:07Z
310496,5,aoife.clarke16@outlook.com,Aoife,Clarke,2025-02-15T18:08:41Z
310497,5,ruby.cooper696@icloud.com,Ruby,Cooper,2025-02-15T18:18:04Z
310498,4,liam.evans123@bigpond.com,Liam,Evans,2025-02-15T21:43:26Z
310499,2,aoife.martin282@btinternet.com,Aoife,Martin,2025-02-15T22:55:45Z
310500,5,isla.davies953@yahoo.com,Isla,Davies,2025-02-16T14:03:39Z
310501,2,henry.turner529@outlook.com,Henry,Turner,2025-02-16T15:28:11Z
310502,2,harry.walker172@btinternet.com,Harry,Walker,2025-02-16T16:24:57Z
310503,4,hannah.green373@icloud.com,Hannah,Green,2025-02-16T21:18:45Z
310504,5,harry.jones800@outlook.com,Harry,Jones,2025-02-16T21:24:40Z
310505,5,charlotte.evans124@gmail.com,Charlotte,Evans,2025-02-17T05:54:38Z
310506,2,mason.thompson931@eircom.net,Mason,Thompson,2025-02-17T08:16:56Z
310507,6,sophia.robinson499@outlook.com,Sophia,Robinson,2025-02-17T15:04:13Z
310508,2,isla.lewis706@btinternet.com,Isla,Lewis,2025-02-17T21:16:43Z
310509,2,,Hannah,Edwards,2025-02-17T23:50:39Z
310510,5,oliver.davies530@aol.com,Oliver,Davies,2025-02-18T06:08:08Z
310511,5,Charlotte.obrien246@aol.com,Charlotte,O'Brien,2025-02-19T01:48:08Z
310512,4,freya.thompson571@bigpond.com,Freya,Thompson,2025-02-19T03:12:02Z
310513,4,Ethan.hall929@bigpond.com,Ethan,Hall,2025-02-19T03:39:55Z
310514,2,mateo.patel740@eircom.net,Mateo,Patel,2025-02-19T08:14:54Z
310515,1,freya.taylor476@hotmail.co.uk,Freya,Taylor,2025-02-19T08:33:00Z
310516,4,isla.walker445@icloud.com,Isla,Walker,2025-02-19T08:45:37Z
310517,4,mia.white61@outlook.com,Mia,White,2025-02-19T10:47:23Z
310518,2,leo.kelly979@eircom.net,Leo,Kelly,2025-02-19T12:50:21Z
310519,1,chloe.hill662@gmail.com,Chloe,Hill,2025-02-19T13:09:23Z
310520,1,jack.wright240@gmail.com,Jack,Wright,2025-02-19T19:28:11Z
310521,3,kai.hill381@yahoo.com,Kai,Hill,2025-02-20T02:42:46Z
310522,4,mason.smith119@icloud.com,Mason,Smith,2025-02-20T05:30:31Z
310523,1,elijah.evans74@eircom.net,Elijah,Evans,2025-02-20T09:26:45Z
310524,4,lucas.garcia353@bigpond.com,Lucas,Garcia,2025-02-20T10:53:24Z
310525,2,oliver.evans563@hotmail.co.uk,Oliver,Evans,2025-02-20T13:38:22Z
310526,5,,Leo,Thompson,2025-02-20T15:07:13Z
310527,3,mia.murphy613@gmail.com,Mia,Murphy,2025-02-20T19:18:34Z
310528,1,charlotte.hall764@gmail.com,Charlotte,Hall,2025-02-20T22:10:32Z
310529,5,Hannah.martin267@yahoo.com,Hannah,Martin,2025-02-21T01:11:00Z
310530,4,siobhan.thompson434@icloud.com,Siobhan,Thompson,2025-02-21T01:41:18Z
310531,4,james.martin584@outlook.com,James,Martin,2025-02-21T05:19:08Z
310532,4,zoe.nguyen248@gmail.com,Zoe,Nguyen,2025-02-21T09:27:57Z
310533,2,freya.williams332@btinternet.com,Freya,Williams,2025-02-21T12:24:02Z
310534,1,sophia.clarke513@hotmail.co.uk,Sophia,Clarke,2025-02-21T16:47:15Z
310535,2,ethan.thompson456@outlook.com,Ethan,Thompson,2025-02-21T19:04:49Z
310536,3,sofia.martinez311@gmail.com,Sofia,Martinez,2025-02-21T20:15:29Z
310537,4,Leo.moore599@bigpond.com,Leo,Moore,2025-02-21T21:23:11Z
310538,6,Lucas.brown62@hotmail.co.uk,Lucas,Brown,2025-02-21T21:37:09Z
310539,3,sophia.patel518@gmail.com,Sophia,Patel,2025-02-22T03:59:49Z
310540,1,freya.hill576@outlook.com,Freya,Hill,2025-02-22T09:53:39Z
310541,4,oliver.smith90@outlook.com,Oliver,Smith,2025-02-22T11:54:50Z
310542,6,maya.walker739@eircom.net,Maya,Walker,2025-02-22T12:23:20Z
310543,1,oliver.white364@btinternet.com,Oliver,White,2025-02-22T12:51:00Z
310544,1,freya.martin242@hotmail.co.uk,Freya,Martin,2025-02-22T13:13:50Z
310545,1,mia.hall879@gmail.com,Mia,Hall,2025-02-22T15:49:32Z
310546,4,Lily.clarke381@bigpond.com,Lily,Clarke,2025-02-22T20:26:21Z
310547,2,chloe.wilson787@gmail.com,Chloe,Wilson,2025-02-22T21:12:29Z
310548,4,,Mason,Brown,2025-02-23T03:27:50Z
310549,3,Leo.obrien661@yahoo.com,Leo,O'Brien,2025-02-23T05:45:06Z
310550,4,conor.lewis477@icloud.com,Conor,Lewis,2025-02-23T05:56:19Z
310551,2,henry.thomas440@hotmail.co.uk,Henry,Thomas,2025-02-23T09:09:45Z
310552,6,Elijah.king324@btinternet.com,Elijah,King,2025-02-23T10:02:39Z
310553,2,oscar.king794@eircom.net,Oscar,King,2025-02-23T12:13:27Z
310554,5,mia.hall595@gmail.com,Mia,Hall,2025-02-23T18:23:36Z
310555,3,mia.martinez41@aol.com,Mia,Martinez,2025-02-24T01:00:22Z
310556,5,ella.jackson661@icloud.com,Ella,Jackson,2025-02-24T01:40:25Z
310557,4,Mateo.thompson768@gmail.com,Mateo,Thompson,2025-02-24T02:08:06Z
310558,3,jack.wright702@gmail.com,Jack,Wright,2025-02-24T02:23:03Z
310559,5,lily.evans492@outlook.com,Lily,Evans,2025-02-24T03:36:46Z
310560,5,elijah.evans142@icloud.com,Elijah,Evans,2025-02-24T06:23:43Z
310561,2,Kai.king95@gmail.com,Kai,King,2025-02-24T13:44:50Z
310562,5,elijah.evans5@outlook.com,Elijah,Evans,2025-02-24T17:10:36Z
310563,5,kai.martinez296@outlook.com,Kai,Martinez,2025-02-24T18:32:00Z
310564,1,aoife.murphy737@gmail.com,Aoife,Murphy,2025-02-24T18:36:17Z
310565,4,lily.garcia598@outlook.com,Lily,Garcia,2025-02-25T00:57:16Z
310566,5,grace.edwards242@icloud.com,Grace,Edwards,2025-02-25T01:37:43Z
310567,1,maya.johnson604@eircom.net,Maya,Johnson,2025-02-25T08:52:30Z
310568,4,freya.smith588@gmail.com,Freya,Smith,2025-02-25T09:56:52Z
310569,2,Conor.garcia471@btinternet.com,Conor,Garcia,2025-02-25T12:43:37Z
310570,4,mia.wright122@outlook.com,Mia,Wright,2025-02-25T12:59:41Z
310571,5,Mia.wilson633@icloud.com,Mia,Wilson,2025-02-25T18:18:27Z
310572,5,lucas.cooper393@icloud.com,Lucas,Cooper,2025-02-25T20:00:58Z
310573,2,noah.king754@outlook.com,Noah,King,2025-02-26T07:45:03Z
310574,4,noah.taylor418@outlook.com,Noah,Taylor,2025-02-27T00:59:23Z
310575,5,zoe.patel592@icloud.com,Zoe,Patel,2025-02-27T03:09:05Z
310576,4,mason.clark451@gmail.com,Mason,Clark,2025-02-27T05:44:49Z
310577,4,maya.lewis582@icloud.com,Maya,Lewis,2025-02-27T06:14:31Z
310578,1,henry.nguyen910@outlook.com,Henry,Nguyen,2025-02-27T07:21:40Z
310579,1,ava.garcia618@gmail.com,Ava,Garcia,2025-02-27T10:04:32Z
310580,2,sam.king902@gmail.com,Sam,King,2025-02-27T12:51:00Z
310581,5,conor.thompson570@aol.com,Conor,Thompson,2025-02-27T14:35:30Z
310582,1,hannah.clarke436@outlook.com,Hannah,Clarke,2025-02-27T15:10:14Z
310583,1,emma.lee590@outlook.com,Emma,Lee,2025-02-27T16:03:44Z
310584,5,grace.brown428@yahoo.com,Grace,Brown,2025-02-27T16:22:45Z
310585,4,henry.garcia250@icloud.com,Henry,Garcia,2025-02-27T22:34:56Z
310586,4,olivia.walsh81@bigpond.com,Olivia,Walsh,2025-02-28T00:14:30Z
310587,3,Sofia.evans34@aol.com,Sofia,Evans,2025-02-28T01:47:24Z
310588,3,liam.walker690@gmail.com,Liam,Walker,2025-02-28T01:58:25Z
310589,4,sofia.smith786@icloud.com,Sofia,Smith,2025-02-28T05:41:43Z
310590,2,sofia.kelly291@hotmail.co.uk,Sofia,Kelly,2025-02-28T07:40:33Z
310591,2,oliver.walker699@btinternet.com,Oliver,Walker,2025-02-28T09:27:59Z
310592,1,freya.lee558@gmail.com,Freya,Lee,2025-02-28T11:00:14Z
310593,2,siobhan.hall771@hotmail.co.uk,Siobhan,Hall,2025-02-28T12:40:19Z
310594,1,oscar.martin251@gmail.com,Oscar,Martin,2025-02-28T15:26:22Z
310595,3,lucas.garcia676@outlook.com,Lucas,Garcia,2025-02-28T17:24:40Z
310596,3,arjun.wood420@aol.com,Arjun,Wood,2025-03-01T02:53:57Z
310597,4,priya.thomas48@icloud.com,Priya,Thomas,2025-03-01T03:44:04Z
310598,1,hannah.williams127@eircom.net,Hannah,Williams,2025-03-01T10:18:38Z
310599,5,siobhan.martin84@outlook.com,Siobhan,Martin,2025-03-01T19:27:54Z
310600,4,isla.obrien446@gmail.com,Isla,O'Brien,2025-03-01T23:16:36Z
310601,1,amelia.moore242@gmail.com,Amelia,Moore,2025-03-02T07:11:13Z
310602,1,sam.kelly108@gmail.com,Sam,Kelly,2025-03-02T08:30:15Z
310603,6,ava.walsh212@gmail.com,Ava,Walsh,2025-03-02T11:48:48Z
310604,5,daniel.hill783@yahoo.com,Daniel,Hill,2025-03-02T14:41:12Z
310605,3,james.walker229@outlook.com,James,Walker,2025-03-02T15:26:08Z
310606,2,ethan.wilson52@btinternet.com,Ethan,Wilson,2025-03-02T15:50:07Z
310607,5,oscar.jones409@outlook.com,Oscar,Jones,2025-03-02T17:33:24Z
310608,3,,Sofia,Turner,2025-03-02T18:03:58Z
310609,4,leo.walker179@bigpond.com,Leo,Walker,2025-03-03T00:46:50Z
310610,4,sam.davies914@icloud.com,Sam,Davies,2025-03-03T01:23:00Z
310611,1,Leo.moore641@btinternet.com,Leo,Moore,2025-03-03T07:22:15Z
310612,1,olivia.jones595@btinternet.com,Olivia,Jones,2025-03-03T11:28:28Z
310613,3,conor.martinez801@gmail.com,Conor,Martinez,2025-03-03T19:20:30Z
310614,4,charlotte.thomas800@bigpond.com,Charlotte,Thomas,2025-03-03T20:31:21Z
310615,3,ethan.clarke454@yahoo.com,Ethan,Clarke,2025-03-03T22:55:38Z
310616,5,freya.clarke13@yahoo.com,Freya,Clarke,2025-03-04T01:38:03Z
310617,3,,Ava,Wood,2025-03-04T22:08:10Z
310618,5,ruby.nguyen831@yahoo.com,Ruby,Nguyen,2025-03-05T06:34:24Z
310619,1,leo.clark171@outlook.com,Leo,Clark,2025-03-05T07:59:42Z
310620,2,elijah.jackson768@outlook.com,Elijah,Jackson,2025-03-05T12:55:10Z
310621,2,Isla.wright551@eircom.net,Isla,Wright,2025-03-05T16:24:44Z
310622,3,olivia.clark932@yahoo.com,Olivia,Clark,2025-03-05T21:04:53Z
310623,2,mia.obrien656@btinternet.com,Mia,O'Brien,2025-03-05T23:56:07Z
310624,3,Charlotte.kelly979@aol.com,Charlotte,Kelly,2025-03-06T00:01:40Z
310625,4,olivia.thomas234@icloud.com,Olivia,Thomas,2025-03-06T03:35:22Z
310626,4,Elijah.brown859@outlook.com,Elijah,Brown,2025-03-06T08:57:56Z
310627,1,oliver.green719@hotmail.co.uk,Oliver,Green,2025-03-06T10:57:26Z
310628,2,sofia.wilson198@gmail.com,Sofia,Wilson,2025-03-06T11:42:05Z
310629,1,ava.taylor886@outlook.com,Ava,Taylor,2025-03-06T22:12:31Z
310630,6,mason.hughes233@btinternet.com,Mason,Hughes,2025-03-06T22:59:04Z
310631,2,ruby.evans393@gmail.com,Ruby,Evans,2025-03-07T08:28:04Z
310632,4,noah.brown731@gmail.com,Noah,Brown,2025-03-07T11:04:47Z
310633,5,,Conor,Patel,2025-03-07T18:29:13Z
310634,5,ella.cooper953@gmail.com,Ella,Cooper,2025-03-08T00:17:06Z
310635,3,olivia.murphy39@icloud.com,Olivia,Murphy,2025-03-08T02:10:52Z
310636,4,amelia.clark518@gmail.com,Amelia,Clark,2025-03-08T05:23:12Z
310637,2,ethan.hill465@gmail.com,Ethan,Hill,2025-03-08T13:49:59Z
310638,1,arjun.patel27@hotmail.co.uk,Arjun,Patel,2025-03-08T16:32:27Z
310639,5,chloe.martinez250@gmail.com,Chloe,Martinez,2025-03-08T19:15:54Z
310640,4,amelia.jackson60@icloud.com,Amelia,Jackson,2025-03-08T20:38:08Z
310641,3,jack.king568@outlook.com,Jack,King,2025-03-08T21:11:35Z
310642,4,amelia.lewis642@gmail.com,Amelia,Lewis,2025-03-08T21:29:59Z
310643,1,elijah.martin150@outlook.com,Elijah,Martin,2025-03-08T23:00:06Z
310644,2,oscar.murphy957@outlook.com,Oscar,Murphy,2025-03-08T23:48:53Z
310645,5,isla.smith319@outlook.com,Isla,Smith,2025-03-09T06:36:33Z
310646,1,olivia.green316@hotmail.co.uk,Olivia,Green,2025-03-09T07:57:48Z
310647,5,emma.williams741@gmail.com,Emma,Williams,2025-03-09T17:00:13Z
310648,4,harry.wood831@bigpond.com,Harry,Wood,2025-03-10T01:31:42Z
310649,5,mason.thompson230@icloud.com,Mason,Thompson,2025-03-10T02:55:39Z
310650,4,freya.murphy480@gmail.com,Freya,Murphy,2025-03-10T06:25:31Z
310651,1,conor.murphy852@eircom.net,Conor,Murphy,2025-03-10T13:02:59Z
310652,5,Priya.williams172@yahoo.com,Priya,Williams,2025-03-10T14:48:56Z
310653,5,siobhan.walker376@yahoo.com,Siobhan,Walker,2025-03-10T22:32:32Z
310654,4,mason.thompson166@gmail.com,Mason,Thompson,2025-03-11T04:12:11Z
310655,2,Liam.hill66@hotmail.co.uk,Liam,Hill,2025-03-11T12:59:21Z
310656,3,priya.green741@yahoo.com,Priya,Green,2025-03-12T17:42:01Z
310657,5,zoe.clark888@aol.com,Zoe,Clark,2025-03-12T18:15:07Z
310658,3,liam.smith652@outlook.com,Liam,Smith,2025-03-12T22:24:05Z
310659,4,,Harry,Williams,2025-03-13T11:02:22Z
310660,1,oliver.wilson227@hotmail.co.uk,Oliver,Wilson,2025-03-13T11:53:29Z
310661,2,lily.martinez637@btinternet.com,Lily,Martinez,2025-03-13T16:20:39Z
310662,2,lucas.clarke760@hotmail.co.uk,Lucas,Clarke,2025-03-13T19:28:58Z
310663,1,olivia.jones979@hotmail.co.uk,Olivia,Jones,2025-03-13T20:41:29Z
310664,5,siobhan.robinson267@aol.com,Siobhan,Robinson,2025-03-13T22:33:22Z
310665,1,ava.green329@eircom.net,Ava,Green,2025-03-14T07:21:51Z
310666,4,ethan.davies104@gmail.com,Ethan,Davies,2025-03-14T09:21:19Z
310667,1,ella.jones302@btinternet.com,Ella,Jones,2025-03-14T09:44:26Z
310668,1,chloe.harris155@hotmail.co.uk,Chloe,Harris,2025-03-14T14:09:34Z
310669,2,oscar.williams194@hotmail.co.uk,Oscar,Williams,2025-03-14T17:00:54Z
310670,5,mateo.lee137@aol.com,Mateo,Lee,2025-03-14T18:00:03Z
310671,5,zoe.jackson478@aol.com,Zoe,Jackson,2025-03-14T18:00:33Z
310672,3,kai.kelly734@icloud.com,Kai,Kelly,2025-03-14T23:31:09Z
310673,3,charlotte.jackson36@outlook.com,Charlotte,Jackson,2025-03-15T00:17:47Z
310674,5,amelia.moore861@gmail.com,Amelia,Moore,2025-03-15T00:58:52Z
310675,5,zoe.johnson338@outlook.com,Zoe,Johnson,2025-03-15T01:06:29Z
310676,3,sam.kelly243@yahoo.com,Sam,Kelly,2025-03-15T01:57:26Z
310677,1,ethan.hughes874@btinternet.com,Ethan,Hughes,2025-03-15T09:25:48Z
310678,3,emma.davies610@yahoo.com,Emma,Davies,2025-03-15T17:31:07Z
310679,1,aoife.robinson111@hotmail.co.uk,Aoife,Robinson,2025-03-15T18:35:55Z
310680,3,Sam.harris103@gmail.com,Sam,Harris,2025-03-16T02:25:01Z
310681,2,elijah.johnson972@outlook.com,Elijah,Johnson,2025-03-16T08:49:01Z
310682,2,chloe.harris446@eircom.net,Chloe,Harris,2025-03-16T14:21:37Z
310683,2,Amelia.taylor332@eircom.net,Amelia,Taylor,2025-03-16T16:10:28Z
310684,3,,Mateo,Smith,2025-03-16T16:27:25Z
310685,5,sofia.kelly957@icloud.com,Sofia,Kelly,2025-03-16T23:34:15Z
310686,2,harry.martinez633@btinternet.com,Harry,Martinez,2025-03-17T10:25:58Z
310687,4,ava.wilson147@bigpond.com,Ava,Wilson,2025-03-17T11:23:18Z
310688,3,james.thomas877@icloud.com,James,Thomas,2025-03-18T00:39:28Z
310689,4,leo.obrien421@gmail.com,Leo,O'Brien,2025-03-18T04:22:22Z
310690,3,Lily.evans543@outlook.com,Lily,Evans,2025-03-18T12:20:39Z
310691,3,liam.davies982@yahoo.com,Liam,Davies,2025-03-18T19:57:28Z
310692,3,henry.taylor12@outlook.com,Henry,Taylor,2025-03-18T21:09:19Z
310693,4,mia.kelly493@outlook.com,Mia,Kelly,2025-03-18T22:16:28Z
310694,5,freya.lewis155@outlook.com,Freya,Lewis,2025-03-19T00:52:10Z
310695,4,hannah.jones923@icloud.com,Hannah,Jones,2025-03-19T04:15:53Z
310696,2,elijah.moore71@btinternet.com,Elijah,Moore,2025-03-19T08:23:18Z
310697,1,grace.walker594@btinternet.com,Grace,Walker,2025-03-19T09:02:56Z
310698,2,aoife.martin978@eircom.net,Aoife,Martin,2025-03-19T13:56:06Z
310699,1,lucas.brown59@gmail.com,Lucas,Brown,2025-03-19T19:49:33Z
310700,4,henry.taylor520@gmail.com,Henry,Taylor,2025-03-20T01:28:30Z
310701,2,sam.moore829@gmail.com,Sam,Moore,2025-03-20T09:46:42Z
310702,4,leo.hall864@bigpond.com,Leo,Hall,2025-03-20T11:27:52Z
310703,3,mateo.kelly570@aol.com,Mateo,Kelly,2025-03-20T14:47:04Z
310704,3,leo.clark134@icloud.com,Leo,Clark,2025-03-20T21:30:22Z
310705,1,mia.cooper323@eircom.net,Mia,Cooper,2025-03-20T23:39:52Z
310706,3,olivia.lee640@yahoo.com,Olivia,Lee,2025-03-21T03:00:28Z
310707,4,hannah.robinson390@outlook.com,Hannah,Robinson,2025-03-21T06:54:41Z
310708,1,ruby.garcia881@eircom.net,Ruby,Garcia,2025-03-21T09:29:51Z
310709,2,james.green30@gmail.com,James,Green,2025-03-21T12:36:49Z
310710,3,olivia.lee16@gmail.com,Olivia,Lee,2025-03-21T12:39:07Z
310711,1,noah.white570@eircom.net,Noah,White,2025-03-21T13:34:17Z
310712,3,mason.hall654@outlook.com,Mason,Hall,2025-03-21T13:36:55Z
310713,5,oliver.hall359@aol.com,Oliver,Hall,2025-03-21T18:46:58Z
310714,3,grace.jones426@yahoo.com,Grace,Jones,2025-03-21T21:53:46Z
310715,4,charlotte.lewis596@gmail.com,Charlotte,Lewis,2025-03-22T01:15:05Z
310716,2,freya.harris137@hotmail.co.uk,Freya,Harris,2025-03-22T07:14:23Z
310717,1,,Mia,Brown,2025-03-22T07:53:18Z
310718,4,,Noah,Moore,2025-03-22T09:05:09Z
310719,4,priya.evans840@icloud.com,Priya,Evans,2025-03-22T12:59:28Z
310720,3,olivia.williams966@aol.com,Olivia,Williams,2025-03-22T13:51:00Z
310721,2,Noah.smith813@eircom.net,Noah,Smith,2025-03-22T14:32:26Z
310722,5,jack.king568@outlook.com,Jack,King,2025-03-22T14:47:39Z
310723,2,mia.obrien957@outlook.com,Mia,O'Brien,2025-03-22T15:21:52Z
310724,5,olivia.turner965@gmail.com,Olivia,Turner,2025-03-22T16:32:28Z
310725,2,sam.thompson513@outlook.com,Sam,Thompson,2025-03-22T20:24:04Z
310726,2,sofia.cooper651@hotmail.co.uk,Sofia,Cooper,2025-03-22T21:33:43Z
310727,3,isla.wright729@gmail.com,Isla,Wright,2025-03-22T22:35:28Z
310728,1,ava.green4@eircom.net,Ava,Green,2025-03-23T11:04:23Z
310729,1,James.johnson609@gmail.com,James,Johnson,2025-03-23T11:04:32Z
310730,5,henry.hill595@outlook.com,Henry,Hill,2025-03-23T16:18:56Z
310731,2,,Liam,O'Brien,2025-03-23T16:41:42Z
310732,1,maya.jackson545@btinternet.com,Maya,Jackson,2025-03-23T21:14:04Z
310733,4,mateo.walker864@outlook.com,Mateo,Walker,2025-03-23T21:28:48Z
310734,3,sam.robinson89@aol.com,Sam,Robinson,2025-03-23T23:48:02Z
310735,1,sofia.hall422@outlook.com,Sofia,Hall,2025-03-24T09:49:03Z
310736,2,aoife.walsh956@outlook.com,Aoife,Walsh,2025-03-24T10:53:48Z
310737,5,lucas.walsh727@aol.com,Lucas,Walsh,2025-03-24T13:08:12Z
310738,1,,Lucas,Nguyen,2025-03-24T18:15:21Z
310739,1,mateo.jackson792@outlook.com,Mateo,Jackson,2025-03-24T18:18:02Z
310740,1,arjun.martinez631@hotmail.co.uk,Arjun,Martinez,2025-03-24T21:18:57Z
310741,5,daniel.jackson435@yahoo.com,Daniel,Jackson,2025-03-24T22:52:10Z
310742,5,olivia.cooper964@gmail.com,Olivia,Cooper,2025-03-25T04:26:26Z
310743,1,mason.martinez352@btinternet.com,Mason,Martinez,2025-03-25T08:48:00Z
310744,3,amelia.martin762@gmail.com,Amelia,Martin,2025-03-25T12:15:33Z
310745,1,zoe.moore119@gmail.com,Zoe,Moore,2025-03-25T13:59:41Z
310746,2,mason.cooper320@outlook.com,Mason,Cooper,2025-03-25T15:05:35Z
310747,1,noah.kelly157@hotmail.co.uk,Noah,Kelly,2025-03-25T15:34:14Z
310748,2,ava.robinson102@hotmail.co.uk,Ava,Robinson,2025-03-25T19:34:00Z
310749,3,grace.robinson541@yahoo.com,Grace,Robinson,2025-03-25T20:46:40Z
310750,5,,Grace,Walker,2025-03-25T23:18:21Z
310751,4,aoife.walker373@outlook.com,Aoife,Walker,2025-03-26T00:32:00Z
310752,3,mia.edwards361@icloud.com,Mia,Edwards,2025-03-26T00:43:49Z
310753,3,daniel.taylor473@icloud.com,Daniel,Taylor,2025-03-26T01:08:31Z
310754,5,ella.johnson751@yahoo.com,Ella,Johnson,2025-03-26T02:34:07Z
310755,2,grace.turner201@outlook.com,Grace,Turner,2025-03-26T07:45:12Z
310756,1,grace.martin867@outlook.com,Grace,Martin,2025-03-26T08:53:24Z
310757,2,Lucas.green767@eircom.net,Lucas,Green,2025-03-26T15:33:56Z
310758,1,,Elijah,Wright,2025-03-26T16:23:48Z
310759,1,arjun.nguyen420@gmail.com,Arjun,Nguyen,2025-03-26T17:01:40Z
310760,3,amelia.williams478@gmail.com,Amelia,Williams,2025-03-26T20:12:56Z
310761,4,none@none.com,Harry,Wright,2025-03-26T21:29:45Z
310762,3,mason.white611@outlook.com,Mason,White,2025-03-27T02:20:51Z
310763,5,lucas.clarke203@aol.com,Lucas,Clarke,2025-03-27T03:36:30Z
310764,2,mateo.harris436@hotmail.co.uk,Mateo,Harris,2025-03-27T11:03:53Z
310765,1,arjun.garcia128@eircom.net,Arjun,Garcia,2025-03-27T13:55:05Z
310766,5,chloe.nguyen293@aol.com,Chloe,Nguyen,2025-03-27T17:18:48Z
310767,2,James.turner490@hotmail.co.uk,James,Turner,2025-03-27T19:33:23Z
310768,5,,Lucas,Murphy,2025-03-28T03:56:35Z
310769,4,freya.clarke670@bigpond.com,Freya,Clarke,2025-03-28T04:05:42Z
310770,6,conor.brown287@eircom.net,Conor,Brown,2025-03-28T09:52:41Z
310771,1,maya.kelly461@eircom.net,Maya,Kelly,2025-03-28T11:29:51Z
310772,1,priya.king884@outlook.com,Priya,King,2025-03-28T12:39:37Z
310773,5,Mateo.hughes22@yahoo.com,Mateo,Hughes,2025-03-28T13:12:25Z
310774,2,liam.white677@hotmail.co.uk,Liam,White,2025-03-28T16:34:40Z
310775,5,ethan.green990@icloud.com,Ethan,Green,2025-03-28T17:51:34Z
310776,3,freya.hughes692@outlook.com,Freya,Hughes,2025-03-28T19:36:18Z
310777,1,priya.turner506@outlook.com,Priya,Turner,2025-03-29T07:59:45Z
310778,2,,Olivia,Green,2025-03-29T09:11:42Z
310779,1,hannah.green88@gmail.com,Hannah,Green,2025-03-29T12:13:17Z
310780,5,james.martinez601@outlook.com,James,Martinez,2025-03-29T14:44:58Z
310781,3,sam.wood642@icloud.com,Sam,Wood,2025-03-29T16:09:34Z
310782,5,noah.patel899@icloud.com,Noah,Patel,2025-03-29T17:49:12Z
310783,1,ruby.robinson99@eircom.net,Ruby,Robinson,2025-03-29T21:08:54Z
310784,2,none@none.com,Mia,Edwards,2025-03-29T21:33:01Z
310785,2,grace.martinez340@eircom.net,Grace,Martinez,2025-03-30T07:31:32Z
310786,1,noah.clark490@outlook.com,Noah,Clark,2025-03-30T09:32:35Z
310787,1,siobhan.wilson731@eircom.net,Siobhan,Wilson,2025-03-30T15:21:49Z
310788,4,Lily.hughes907@bigpond.com,Lily,Hughes,2025-03-31T07:53:10Z
310789,3,Oliver.lewis655@yahoo.com,Oliver,Lewis,2025-03-31T15:14:17Z
310790,3,oliver.garcia960@gmail.com,Oliver,Garcia,2025-03-31T19:44:54Z
310791,2,Amelia.wright599@gmail.com,Amelia,Wright,2025-03-31T20:54:07Z
310792,1,ava.king190@btinternet.com,Ava,King,2025-03-31T20:56:18Z
310793,3,grace.jackson517@icloud.com,Grace,Jackson,2025-04-01T02:51:22Z
310794,5,siobhan.jackson974@icloud.com,Siobhan,Jackson,2025-04-01T13:53:27Z
310795,3,charlotte.nguyen125@icloud.com,Charlotte,Nguyen,2025-04-02T00:44:46Z
310796,5,chloe.thompson253@gmail.com,Chloe,Thompson,2025-04-02T00:56:11Z
310797,3,james.obrien160@gmail.com,James,O'Brien,2025-04-02T00:57:40Z
310798,5,emma.kelly25@icloud.com,Emma,Kelly,2025-04-02T01:29:36Z
310799,2,henry.wright165@gmail.com,Henry,Wright,2025-04-02T07:26:10Z
310800,3,emma.wright107@yahoo.com,Emma,Wright,2025-04-02T12:04:11Z
310801,3,charlotte.kelly932@aol.com,Charlotte,Kelly,2025-04-02T14:50:10Z
310802,3,charlotte.jones44@icloud.com,Charlotte,Jones,2025-04-02T16:22:42Z
310803,2,amelia.clark224@gmail.com,Amelia,Clark,2025-04-02T19:02:19Z
310804,4,isla.jackson469@icloud.com,Isla,Jackson,2025-04-02T20:15:22Z
310805,2,emma.king135@outlook.com,Emma,King,2025-04-03T07:14:01Z
310806,4,Ava.smith569@icloud.com,Ava,Smith,2025-04-03T07:45:25Z
310807,1,sophia.hughes852@gmail.com,Sophia,Hughes,2025-04-03T19:41:30Z
310808,3,lucas.hughes376@outlook.com,Lucas,Hughes,2025-04-03T22:31:18Z
310809,5,ethan.jackson889@yahoo.com,Ethan,Jackson,2025-04-04T00:21:21Z
310810,3,maya.lewis147@icloud.com,Maya,Lewis,2025-04-04T00:38:11Z
310811,3,harry.edwards5@gmail.com,Harry,Edwards,2025-04-04T02:45:25Z
310812,5,Freya.jackson697@yahoo.com,Freya,Jackson,2025-04-04T05:53:29Z
310813,2,oscar.moore288@hotmail.co.uk,Oscar,Moore,2025-04-04T06:34:20Z
310814,2,ella.hall205@outlook.com,Ella,Hall,2025-04-04T10:07:12Z
310815,3,daniel.patel434@icloud.com,Daniel,Patel,2025-04-04T18:11:04Z
310816,4,maya.wood957@bigpond.com,Maya,Wood,2025-04-04T21:52:02Z
310817,4,,James,Edwards,2025-04-05T02:00:30Z
310818,1,siobhan.brown37@hotmail.co.uk,Siobhan,Brown,2025-04-05T06:10:37Z
310819,4,ava.cooper402@icloud.com,Ava,Cooper,2025-04-05T09:41:59Z
310820,1,daniel.walker372@hotmail.co.uk,Daniel,Walker,2025-04-05T11:32:42Z
310821,1,mason.hughes27@btinternet.com,Mason,Hughes,2025-04-05T12:15:48Z
310822,3,harry.wilson535@aol.com,Harry,Wilson,2025-04-06T00:23:31Z
310823,2,mason.wilson562@btinternet.com,Mason,Wilson,2025-04-06T08:56:21Z
310824,1,kai.hall974@btinternet.com,Kai,Hall,2025-04-06T09:45:14Z
310825,3,liam.walker387@gmail.com,Liam,Walker,2025-04-06T12:38:02Z
310826,3,ethan.cooper874@outlook.com,Ethan,Cooper,2025-04-06T14:23:18Z
310827,4,daniel.obrien157@icloud.com,Daniel,O'Brien,2025-04-07T00:33:49Z
310828,3,lucas.murphy684@yahoo.com,Lucas,Murphy,2025-04-07T04:58:50Z
310829,1,siobhan.green495@eircom.net,Siobhan,Green,2025-04-07T08:08:03Z
310830,1,,Henry,O'Brien,2025-04-07T13:06:57Z
310831,3,harry.lewis271@gmail.com,Harry,Lewis,2025-04-07T14:55:27Z
310832,2,olivia.patel224@gmail.com,Olivia,Patel,2025-04-07T15:30:39Z
310833,2,jack.walker236@gmail.com,Jack,Walker,2025-04-08T09:12:18Z
310834,1,ethan.white799@outlook.com,Ethan,White,2025-04-08T13:23:19Z
310835,4,mia.taylor525@outlook.com,Mia,Taylor,2025-04-08T13:49:00Z
310836,5,kai.nguyen990@outlook.com,Kai,Nguyen,2025-04-08T19:49:39Z
310837,4,amelia.harris625@gmail.com,Amelia,Harris,2025-04-08T21:09:33Z
310838,5,lily.thomas314@yahoo.com,Lily,Thomas,2025-04-09T01:19:58Z
310839,1,arjun.williams322@btinternet.com,Arjun,Williams,2025-04-09T06:26:19Z
310840,1,none@none.com,Elijah,Hill,2025-04-09T15:29:20Z
310841,1,Leo.johnson367@eircom.net,Leo,Johnson,2025-04-09T22:36:28Z
310842,4,,Oliver,Nguyen,2025-04-10T00:59:34Z
310843,1,elijah.jackson996@outlook.com,Elijah,Jackson,2025-04-10T06:54:33Z
310844,1,leo.brown129@gmail.com,Leo,Brown,2025-04-10T14:42:33Z
310845,1,daniel.martin280@hotmail.co.uk,Daniel,Martin,2025-04-10T17:04:09Z
310846,1,lily.nguyen18@eircom.net,Lily,Nguyen,2025-04-10T18:10:03Z
310847,1,chloe.cooper246@hotmail.co.uk,Chloe,Cooper,2025-04-10T19:12:05Z
310848,5,mateo.hughes805@icloud.com,Mateo,Hughes,2025-04-11T00:44:10Z
310849,4,grace.clarke825@bigpond.com,Grace,Clarke,2025-04-11T01:24:44Z
310850,4,Conor.thomas672@icloud.com,Conor,Thomas,2025-04-11T02:06:59Z
310851,3,zoe.murphy500@gmail.com,Zoe,Murphy,2025-04-11T12:52:20Z
310852,1,oliver.murphy230@eircom.net,Oliver,Murphy,2025-04-11T14:27:00Z
310853,1,jack.martinez997@hotmail.co.uk,Jack,Martinez,2025-04-11T14:47:27Z
310854,5,aoife.jackson645@yahoo.com,Aoife,Jackson,2025-04-11T15:56:31Z
310855,4,Lucas.harris833@gmail.com,Lucas,Harris,2025-04-12T00:26:43Z
310856,5,siobhan.thomas210@outlook.com,Siobhan,Thomas,2025-04-12T01:45:09Z
310857,3,liam.cooper281@outlook.com,Liam,Cooper,2025-04-12T01:47:10Z
310858,6,grace.hughes320@hotmail.co.uk,Grace,Hughes,2025-04-12T13:15:42Z
310859,1,kai.martin183@eircom.net,Kai,Martin,2025-04-12T17:01:07Z
310860,2,freya.clark763@gmail.com,Freya,Clark,2025-04-12T17:55:30Z
310861,1,conor.wood777@outlook.com,Conor,Wood,2025-04-12T20:44:09Z
310862,4,zoe.moore915@icloud.com,Zoe,Moore,2025-04-12T23:45:22Z
310863,2,freya.jones501@gmail.com,Freya,Jones,2025-04-13T07:24:49Z
310864,2,conor.evans39@eircom.net,Conor,Evans,2025-04-13T14:02:42Z
310865,5,aoife.wood608@outlook.com,Aoife,Wood,2025-04-14T00:10:13Z
310866,4,mateo.white177@gmail.com,Mateo,White,2025-04-14T05:24:51Z
310867,1,charlotte.king94@gmail.com,Charlotte,King,2025-04-14T10:10:18Z
310868,1,lucas.obrien405@outlook.com,Lucas,O'Brien,2025-04-14T13:03:29Z
310869,1,amelia.wright599@gmail.com,Amelia,Wright,2025-04-14T13:30:19Z
310870,3,emma.kelly25@icloud.com,Emma,Kelly,2025-04-14T18:26:57Z
310871,1,ethan.murphy930@btinternet.com,Ethan,Murphy,2025-04-14T20:02:21Z
310872,2,none@none.com,Elijah,Wood,2025-04-14T22:18:34Z
310873,3,isla.hill208@aol.com,Isla,Hill,2025-04-14T22:29:54Z
310874,4,olivia.thompson261@icloud.com,Olivia,Thompson,2025-04-15T00:45:44Z
310875,2,,Jack,Edwards,2025-04-15T06:26:01Z
310876,2,chloe.walker278@btinternet.com,Chloe,Walker,2025-04-15T13:46:24Z
310877,3,daniel.hill60@aol.com,Daniel,Hill,2025-04-15T18:05:27Z
310878,5,mateo.hughes107@icloud.com,Mateo,Hughes,2025-04-15T22:02:50Z
310879,5,james.lee617@gmail.com,James,Lee,2025-04-15T22:17:48Z
310880,1,emma.johnson717@gmail.com,Emma,Johnson,2025-04-16T09:19:13Z
310881,3,noah.martin323@aol.com,Noah,Martin,2025-04-16T15:42:34Z
310882,1,kai.kelly814@gmail.com,Kai,Kelly,2025-04-16T21:31:09Z
310883,3,oscar.taylor243@yahoo.com,Oscar,Taylor,2025-04-17T12:50:02Z
310884,1,oliver.wilson949@eircom.net,Oliver,Wilson,2025-04-17T13:11:12Z
310885,2,lucas.walsh113@hotmail.co.uk,Lucas,Walsh,2025-04-17T16:00:51Z
310886,4,charlotte.clark628@gmail.com,Charlotte,Clark,2025-04-17T23:32:51Z
310887,3,sophia.patel278@yahoo.com,Sophia,Patel,2025-04-18T04:23:42Z
310888,1,Olivia.thomas47@gmail.com,Olivia,Thomas,2025-04-18T08:26:01Z
310889,1,ethan.hughes29@hotmail.co.uk,Ethan,Hughes,2025-04-18T09:34:12Z
310890,1,elijah.taylor124@gmail.com,Elijah,Taylor,2025-04-18T12:12:19Z
310891,2,chloe.kelly409@gmail.com,Chloe,Kelly,2025-04-18T12:36:25Z
310892,2,mateo.jones238@hotmail.co.uk,Mateo,Jones,2025-04-18T20:50:17Z
310893,4,sam.turner70@bigpond.com,Sam,Turner,2025-04-19T04:24:30Z
310894,2,chloe.wilson161@btinternet.com,Chloe,Wilson,2025-04-19T12:04:13Z
310895,3,ruby.hill643@yahoo.com,Ruby,Hill,2025-04-19T12:09:30Z
310896,5,james.hughes996@icloud.com,James,Hughes,2025-04-19T21:49:34Z
310897,3,noah.hall328@gmail.com,Noah,Hall,2025-04-20T02:43:10Z
310898,5,daniel.johnson234@yahoo.com,Daniel,Johnson,2025-04-20T05:19:38Z
310899,2,harry.clarke858@hotmail.co.uk,Harry,Clarke,2025-04-20T07:00:22Z
310900,2,kai.walker762@outlook.com,Kai,Walker,2025-04-20T09:52:06Z
310901,3,maya.harris463@aol.com,Maya,Harris,2025-04-20T15:52:25Z
310902,2,isla.wilson402@hotmail.co.uk,Isla,Wilson,2025-04-20T16:22:48Z
310903,2,Harry.wilson320@hotmail.co.uk,Harry,Wilson,2025-04-20T22:11:15Z
310904,5,ava.martin832@icloud.com,Ava,Martin,2025-04-21T02:07:30Z
310905,3,lucas.patel568@aol.com,Lucas,Patel,2025-04-21T15:24:16Z
310906,3,charlotte.williams994@icloud.com,Charlotte,Williams,2025-04-22T02:26:37Z
310907,5,,Aoife,Davies,2025-04-22T05:49:24Z
310908,2,Zoe.green485@outlook.com,Zoe,Green,2025-04-22T06:02:26Z
310909,1,mia.king917@outlook.com,Mia,King,2025-04-22T12:38:01Z
310910,5,jack.harris5@gmail.com,Jack,Harris,2025-04-22T20:27:00Z
310911,1,zoe.hughes803@gmail.com,Zoe,Hughes,2025-04-22T21:31:27Z
310912,5,hannah.harris145@yahoo.com,Hannah,Harris,2025-04-23T02:10:13Z
310913,5,lily.thomas52@outlook.com,Lily,Thomas,2025-04-23T02:21:50Z
310914,3,Mason.nguyen254@gmail.com,Mason,Nguyen,2025-04-23T12:52:59Z
310915,5,mateo.clarke297@aol.com,Mateo,Clarke,2025-04-24T00:32:28Z
310916,6,ava.thomas607@gmail.com,Ava,Thomas,2025-04-24T12:17:05Z
310917,2,zoe.evans137@hotmail.co.uk,Zoe,Evans,2025-04-24T12:39:41Z
310918,3,chloe.clarke159@gmail.com,Chloe,Clarke,2025-04-24T13:38:09Z
310919,2,arjun.moore873@btinternet.com,Arjun,Moore,2025-04-24T19:29:09Z
310920,5,none@none.com,Kai,Jones,2025-04-24T21:28:04Z
310921,4,ava.green389@bigpond.com,Ava,Green,2025-04-24T22:56:30Z
310922,4,sophia.clark138@icloud.com,Sophia,Clark,2025-04-25T02:55:47Z
310923,2,liam.king291@eircom.net,Liam,King,2025-04-25T10:58:08Z
310924,3,sam.davies692@gmail.com,Sam,Davies,2025-04-25T13:42:27Z
310925,5,Emma.martin980@aol.com,Emma,Martin,2025-04-25T16:07:25Z
310926,2,henry.patel631@outlook.com,Henry,Patel,2025-04-25T22:34:27Z
310927,4,leo.patel698@bigpond.com,Leo,Patel,2025-04-26T01:13:36Z
310928,4,,James,Murphy,2025-04-26T10:06:55Z
310929,4,noah.clarke495@bigpond.com,Noah,Clarke,2025-04-26T10:56:53Z
310930,1,harry.harris602@outlook.com,Harry,Harris,2025-04-26T13:11:07Z
310931,1,james.wright869@hotmail.co.uk,James,Wright,2025-04-26T14:13:20Z
310932,1,,Kai,Cooper,2025-04-26T16:04:03Z
310933,2,arjun.edwards468@gmail.com,Arjun,Edwards,2025-04-26T20:08:20Z
310934,1,Lucas.green788@outlook.com,Lucas,Green,2025-04-26T21:31:45Z
310935,3,maya.green252@outlook.com,Maya,Green,2025-04-26T23:36:56Z
310936,4,grace.turner451@gmail.com,Grace,Turner,2025-04-27T01:49:39Z
310937,1,aoife.smith298@outlook.com,Aoife,Smith,2025-04-27T06:26:31Z
310938,1,arjun.harris182@hotmail.co.uk,Arjun,Harris,2025-04-27T09:15:35Z
310939,3,oscar.evans443@gmail.com,Oscar,Evans,2025-04-28T12:36:34Z
310940,1,henry.williams372@hotmail.co.uk,Henry,Williams,2025-04-28T14:35:13Z
310941,5,noah.thomas736@gmail.com,Noah,Thomas,2025-04-28T17:56:02Z
310942,5,Ethan.thomas51@aol.com,Ethan,Thomas,2025-04-29T04:42:07Z
310943,2,,Kai,Martin,2025-04-29T13:07:01Z
310944,2,mia.patel695@eircom.net,Mia,Patel,2025-04-29T14:27:26Z
310945,3,mateo.lewis412@gmail.com,Mateo,Lewis,2025-04-29T19:05:20Z
310946,5,Sophia.clarke182@gmail.com,Sophia,Clarke,2025-04-30T00:05:48Z
310947,4,ethan.moore504@gmail.com,Ethan,Moore,2025-04-30T06:12:15Z
310948,2,lucas.jones718@outlook.com,Lucas,Jones,2025-04-30T06:44:53Z
310949,1,grace.clark779@hotmail.co.uk,Grace,Clark,2025-04-30T07:40:18Z
310950,1,mason.patel469@btinternet.com,Mason,Patel,2025-04-30T09:20:44Z
310951,3,noah.walsh919@aol.com,Noah,Walsh,2025-04-30T13:20:52Z
310952,5,sofia.lee359@yahoo.com,Sofia,Lee,2025-04-30T20:01:35Z
310953,3,aoife.lee49@icloud.com,Aoife,Lee,2025-04-30T20:07:33Z
310954,1,conor.nguyen22@hotmail.co.uk,Conor,Nguyen,2025-05-01T06:38:38Z
310955,4,mason.clarke686@icloud.com,Mason,Clarke,2025-05-01T07:49:13Z
310956,1,priya.harris396@outlook.com,Priya,Harris,2025-05-01T12:44:56Z
310957,2,harry.clarke74@hotmail.co.uk,Harry,Clarke,2025-05-01T14:35:44Z
310958,3,ella.garcia815@icloud.com,Ella,Garcia,2025-05-01T15:12:40Z
310959,3,ruby.clarke208@gmail.com,Ruby,Clarke,2025-05-01T15:32:29Z
310960,3,,Mia,Williams,2025-05-01T17:01:30Z
310961,1,hannah.murphy138@eircom.net,Hannah,Murphy,2025-05-01T18:00:21Z
310962,3,conor.patel297@aol.com,Conor,Patel,2025-05-02T00:03:48Z
310963,3,oscar.moore686@aol.com,Oscar,Moore,2025-05-02T13:04:19Z
310964,2,sofia.edwards119@eircom.net,Sofia,Edwards,2025-05-02T15:15:54Z
310965,3,grace.jones934@yahoo.com,Grace,Jones,2025-05-02T21:02:11Z
310966,2,james.wilson890@outlook.com,James,Wilson,2025-05-02T22:25:18Z
310967,4,sophia.clark994@icloud.com,Sophia,Clark,2025-05-03T00:20:19Z
310968,3,daniel.johnson234@yahoo.com,Daniel,Johnson,2025-05-03T02:57:54Z
310969,6,arjun.smith890@btinternet.com,Arjun,Smith,2025-05-03T07:09:14Z
310970,2,Sam.turner132@eircom.net,Sam,Turner,2025-05-03T12:36:02Z
310971,2,priya.hall3@outlook.com,Priya,Hall,2025-05-03T13:52:18Z
310972,3,ava.robinson558@yahoo.com,Ava,Robinson,2025-05-03T14:42:12Z
310973,5,chloe.evans371@aol.com,Chloe,Evans,2025-05-03T14:59:21Z
310974,5,grace.green844@yahoo.com,Grace,Green,2025-05-03T15:01:38Z
310975,5,Lily.taylor291@aol.com,Lily,Taylor,2025-05-03T17:34:50Z
310976,1,Isla.jackson38@eircom.net,Isla,Jackson,2025-05-03T18:47:24Z
310977,4,mateo.nguyen368@outlook.com,Mateo,Nguyen,2025-05-03T21:53:29Z
310978,3,ava.wilson622@aol.com,Ava,Wilson,2025-05-04T00:00:16Z
310979,1,,Siobhan,Green,2025-05-04T06:36:24Z
310980,5,sam.wilson786@outlook.com,Sam,Wilson,2025-05-04T16:41:50Z
310981,4,kai.wilson147@icloud.com,Kai,Wilson,2025-05-04T21:48:05Z
310982,3,,Conor,Williams,2025-05-04T22:13:49Z
310983,3,james.davies925@icloud.com,James,Davies,2025-05-05T01:06:44Z
310984,6,freya.jones195@hotmail.co.uk,Freya,Jones,2025-05-05T07:15:39Z
310985,4,maya.wilson649@outlook.com,Maya,Wilson,2025-05-05T10:48:14Z
310986,1,siobhan.smith918@hotmail.co.uk,Siobhan,Smith,2025-05-05T11:18:51Z
310987,2,arjun.hughes543@hotmail.co.uk,Arjun,Hughes,2025-05-05T12:36:01Z
310988,3,daniel.hall396@gmail.com,Daniel,Hall,2025-05-05T13:22:30Z
310989,5,mia.wood213@aol.com,Mia,Wood,2025-05-05T13:33:34Z
310990,3,maya.kelly568@aol.com,Maya,Kelly,2025-05-05T14:23:43Z
310991,1,noah.williams300@eircom.net,Noah,Williams,2025-05-05T18:27:31Z
310992,5,oscar.hughes325@icloud.com,Oscar,Hughes,2025-05-06T01:16:39Z
310993,2,Lily.hall82@hotmail.co.uk,Lily,Hall,2025-05-06T07:45:51Z
310994,3,ella.clarke173@icloud.com,Ella,Clarke,2025-05-06T14:22:25Z
310995,2,henry.king755@outlook.com,Henry,King,2025-05-06T14:43:33Z
310996,3,arjun.hall932@yahoo.com,Arjun,Hall,2025-05-06T17:26:53Z
310997,2,noah.wood875@gmail.com,Noah,Wood,2025-05-06T20:17:36Z
310998,3,leo.taylor174@gmail.com,Leo,Taylor,2025-05-06T22:42:09Z
310999,4,Arjun.jones928@icloud.com,Arjun,Jones,2025-05-07T07:13:10Z
311000,2,mia.cooper323@eircom.net,Mia,Cooper,2025-05-07T07:17:38Z
311001,4,Kai.clark112@icloud.com,Kai,Clark,2025-05-07T10:21:25Z
311002,4,isla.thomas570@bigpond.com,Isla,Thomas,2025-05-07T21:08:08Z
311003,3,conor.kelly237@gmail.com,Conor,Kelly,2025-05-07T21:23:51Z
311004,4,grace.green402@gmail.com,Grace,Green,2025-05-07T21:52:43Z
311005,1,ruby.wilson95@gmail.com,Ruby,Wilson,2025-05-07T22:11:10Z
311006,1,amelia.lee83@gmail.com,Amelia,Lee,2025-05-08T06:55:26Z
311007,1,sophia.murphy334@eircom.net,Sophia,Murphy,2025-05-08T07:58:29Z
311008,2,siobhan.clark361@outlook.com,Siobhan,Clark,2025-05-08T10:10:21Z
311009,2,Jack.harris968@outlook.com,Jack,Harris,2025-05-08T10:30:20Z
311010,1,mason.hughes233@btinternet.com,Mason,Hughes,2025-05-08T12:31:06Z
311011,2,henry.turner98@btinternet.com,Henry,Turner,2025-05-08T16:45:29Z
311012,3,charlotte.nguyen538@aol.com,Charlotte,Nguyen,2025-05-08T18:00:00Z
311013,2,grace.hill271@hotmail.co.uk,Grace,Hill,2025-05-08T21:19:27Z
311014,4,aoife.williams97@bigpond.com,Aoife,Williams,2025-05-08T21:36:26Z
311015,3,harry.patel320@yahoo.com,Harry,Patel,2025-05-08T22:38:12Z
311016,1,oscar.nguyen402@eircom.net,Oscar,Nguyen,2025-05-08T22:38:35Z
311017,3,lucas.garcia673@outlook.com,Lucas,Garcia,2025-05-09T04:10:10Z
311018,2,Mia.evans538@eircom.net,Mia,Evans,2025-05-09T06:04:04Z
311019,1,isla.patel763@hotmail.co.uk,Isla,Patel,2025-05-09T07:06:08Z
311020,4,Arjun.cooper182@icloud.com,Arjun,Cooper,2025-05-09T07:19:05Z
311021,4,daniel.evans58@bigpond.com,Daniel,Evans,2025-05-09T07:26:59Z
311022,2,aoife.wright253@gmail.com,Aoife,Wright,2025-05-09T11:52:00Z
311023,3,arjun.thompson462@yahoo.com,Arjun,Thompson,2025-05-09T13:30:30Z
311024,1,sam.walker192@hotmail.co.uk,Sam,Walker,2025-05-09T13:44:13Z
311025,6,mason.thompson931@eircom.net,Mason,Thompson,2025-05-10T08:46:42Z
311026,3,ruby.martin285@aol.com,Ruby,Martin,2025-05-10T16:07:59Z
311027,5,,Oscar,Thompson,2025-05-10T17:49:44Z
311028,6,mia.moore259@outlook.com,Mia,Moore,2025-05-10T20:36:16Z
311029,3,mia.edwards155@aol.com,Mia,Edwards,2025-05-10T20:36:42Z
311030,1,oscar.walker107@gmail.com,Oscar,Walker,2025-05-11T10:24:19Z
311031,1,arjun.wright819@gmail.com,Arjun,Wright,2025-05-11T13:27:00Z
311032,3,James.hall873@aol.com,James,Hall,2025-05-11T13:29:45Z
311033,2,lily.patel791@outlook.com,Lily,Patel,2025-05-11T15:25:05Z
311034,2,henry.martin568@gmail.com,Henry,Martin,2025-05-11T22:01:51Z
311035,2,sophia.cooper290@hotmail.co.uk,Sophia,Cooper,2025-05-12T15:20:25Z
311036,3,aoife.smith611@outlook.com,Aoife,Smith,2025-05-12T19:49:44Z
311037,1,sofia.hall549@btinternet.com,Sofia,Hall,2025-05-12T21:15:12Z
311038,5,freya.patel596@yahoo.com,Freya,Patel,2025-05-13T00:48:15Z
311039,3,none@none.com,Noah,Walsh,2025-05-13T03:29:08Z
311040,3,olivia.lewis979@gmail.com,Olivia,Lewis,2025-05-13T04:33:35Z
311041,2,oliver.kelly689@hotmail.co.uk,Oliver,Kelly,2025-05-13T08:15:56Z
311042,4,lily.clarke434@bigpond.com,Lily,Clarke,2025-05-13T12:06:52Z
311043,5,noah.martin168@aol.com,Noah,Martin,2025-05-13T21:32:03Z
311044,5,isla.walsh294@gmail.com,Isla,Walsh,2025-05-14T03:06:09Z
311045,5,hannah.white806@outlook.com,Hannah,White,2025-05-14T05:06:02Z
311046,4,chloe.evans242@gmail.com,Chloe,Evans,2025-05-14T05:15:45Z
311047,2,emma.garcia561@hotmail.co.uk,Emma,Garcia,2025-05-14T07:35:43Z
311048,2,ava.martin147@btinternet.com,Ava,Martin,2025-05-14T14:20:26Z
311049,3,priya.thomas559@outlook.com,Priya,Thomas,2025-05-14T21:59:32Z
311050,4,liam.clarke939@outlook.com,Liam,Clarke,2025-05-15T13:53:43Z
311051,3,ava.clarke651@yahoo.com,Ava,Clarke,2025-05-15T14:28:53Z
311052,1,harry.wood874@gmail.com,Harry,Wood,2025-05-15T17:30:34Z
311053,4,emma.martinez69@bigpond.com,Emma,Martinez,2025-05-15T21:00:59Z
311054,5,ella.patel453@icloud.com,Ella,Patel,2025-05-16T01:05:15Z
311055,3,mia.smith706@icloud.com,Mia,Smith,2025-05-16T01:52:40Z
311056,5,zoe.martin741@outlook.com,Zoe,Martin,2025-05-16T13:07:15Z
311057,5,kai.obrien839@outlook.com,Kai,O'Brien,2025-05-16T16:28:11Z
311058,1,,Daniel,Johnson,2025-05-16T22:29:00Z
311059,4,mateo.martinez631@icloud.com,Mateo,Martinez,2025-05-16T23:13:47Z
311060,5,ella.smith903@yahoo.com,Ella,Smith,2025-05-17T00:07:42Z
311061,1,elijah.brown462@outlook.com,Elijah,Brown,2025-05-17T09:16:13Z
311062,1,freya.obrien855@eircom.net,Freya,O'Brien,2025-05-17T09:59:16Z
311063,2,priya.harris478@gmail.com,Priya,Harris,2025-05-17T11:57:59Z
311064,1,priya.hall3@outlook.com,Priya,Hall,2025-05-17T15:39:51Z
311065,3,kai.williams928@icloud.com,Kai,Williams,2025-05-17T16:17:38Z
311066,1,ethan.martinez613@eircom.net,Ethan,Martinez,2025-05-17T17:30:16Z
311067,1,Aoife.white752@outlook.com,Aoife,White,2025-05-17T22:41:53Z
311068,4,lily.murphy566@gmail.com,Lily,Murphy,2025-05-18T10:10:22Z
311069,3,Jack.jackson955@icloud.com,Jack,Jackson,2025-05-18T12:29:22Z
311070,3,emma.wood868@outlook.com,Emma,Wood,2025-05-18T12:51:11Z
311071,3,Harry.hughes276@gmail.com,Harry,Hughes,2025-05-18T12:54:33Z
311072,4,lily.walsh63@icloud.com,Lily,Walsh,2025-05-18T22:42:29Z
311073,1,charlotte.hall320@gmail.com,Charlotte,Hall,2025-05-19T17:42:50Z
311074,1,oscar.lee440@hotmail.co.uk,Oscar,Lee,2025-05-19T18:35:07Z
311075,6,Arjun.lee119@btinternet.com,Arjun,Lee,2025-05-19T19:12:11Z
311076,3,oliver.moore822@outlook.com,Oliver,Moore,2025-05-19T20:06:17Z
311077,4,leo.hughes933@gmail.com,Leo,Hughes,2025-05-19T22:38:18Z
311078,5,arjun.smith768@gmail.com,Arjun,Smith,2025-05-20T01:36:47Z
311079,3,sofia.wright302@aol.com,Sofia,Wright,2025-05-20T04:33:00Z
311080,4,,Siobhan,King,2025-05-20T04:36:52Z
311081,2,chloe.brown680@eircom.net,Chloe,Brown,2025-05-20T06:03:01Z
311082,1,aoife.martin978@eircom.net,Aoife,Martin,2025-05-20T07:45:46Z
311083,1,mateo.robinson93@btinternet.com,Mateo,Robinson,2025-05-20T12:02:00Z
311084,3,james.wood748@yahoo.com,James,Wood,2025-05-20T16:05:15Z
311085,1,charlotte.hall301@eircom.net,Charlotte,Hall,2025-05-20T17:46:44Z
311086,1,sam.hughes105@gmail.com,Sam,Hughes,2025-05-20T19:16:40Z
311087,4,mia.wilson686@outlook.com,Mia,Wilson,2025-05-20T22:57:26Z
311088,4,isla.jackson933@gmail.com,Isla,Jackson,2025-05-21T04:23:25Z
311089,3,ethan.taylor854@outlook.com,Ethan,Taylor,2025-05-21T15:48:56Z
311090,5,oliver.jackson923@gmail.com,Oliver,Jackson,2025-05-21T16:12:33Z
311091,1,ella.king650@btinternet.com,Ella,King,2025-05-21T19:31:18Z
311092,1,conor.wilson276@hotmail.co.uk,Conor,Wilson,2025-05-21T19:50:36Z
311093,3,zoe.hughes917@yahoo.com,Zoe,Hughes,2025-05-22T00:27:48Z
311094,3,kai.garcia786@gmail.com,Kai,Garcia,2025-05-22T03:52:47Z
311095,4,freya.kelly794@gmail.com,Freya,Kelly,2025-05-22T04:27:47Z
311096,2,oliver.white914@btinternet.com,Oliver,White,2025-05-22T08:11:01Z
311097,4,maya.hughes939@bigpond.com,Maya,Hughes,2025-05-22T13:05:49Z
311098,3,daniel.jackson135@icloud.com,Daniel,Jackson,2025-05-22T15:11:03Z
311099,2,henry.lee875@outlook.com,Henry,Lee,2025-05-22T20:18:13Z
311100,6,conor.robinson421@outlook.com,Conor,Robinson,2025-05-23T08:19:58Z
311101,3,lucas.harris788@yahoo.com,Lucas,Harris,2025-05-23T12:37:50Z
311102,2,conor.williams527@btinternet.com,Conor,Williams,2025-05-23T13:22:42Z
311103,3,oscar.robinson853@gmail.com,Oscar,Robinson,2025-05-23T14:30:23Z
311104,3,sophia.hughes289@aol.com,Sophia,Hughes,2025-05-23T17:22:13Z
311105,1,James.king611@outlook.com,James,King,2025-05-24T07:12:38Z
311106,1,liam.lewis293@hotmail.co.uk,Liam,Lewis,2025-05-24T14:04:37Z
311107,1,oscar.green427@btinternet.com,Oscar,Green,2025-05-24T16:53:08Z
311108,5,priya.patel130@icloud.com,Priya,Patel,2025-05-24T17:24:25Z
311109,6,,Amelia,Lewis,2025-05-24T18:16:04Z
311110,1,freya.nguyen780@outlook.com,Freya,Nguyen,2025-05-24T18:19:09Z
311111,5,lucas.clark229@icloud.com,Lucas,Clark,2025-05-24T21:19:02Z
311112,2,kai.davies451@eircom.net,Kai,Davies,2025-05-24T22:06:19Z
311113,4,lily.king291@outlook.com,Lily,King,2025-05-24T22:51:51Z
311114,1,siobhan.jones496@outlook.com,Siobhan,Jones,2025-05-25T06:27:11Z
311115,4,henry.wright821@outlook.com,Henry,Wright,2025-05-25T06:29:42Z
311116,4,daniel.murphy851@outlook.com,Daniel,Murphy,2025-05-25T08:34:02Z
311117,1,siobhan.jones911@gmail.com,Siobhan,Jones,2025-05-25T09:40:29Z
311118,1,ella.lewis876@hotmail.co.uk,Ella,Lewis,2025-05-25T14:11:51Z
311119,1,lucas.robinson477@gmail.com,Lucas,Robinson,2025-05-25T16:45:09Z
311120,3,isla.wood100@icloud.com,Isla,Wood,2025-05-25T16:47:56Z
311121,3,oliver.hill77@outlook.com,Oliver,Hill,2025-05-25T20:27:25Z
311122,1,,Charlotte,Lee,2025-05-26T09:49:43Z
311123,2,,Harry,Hughes,2025-05-26T12:01:30Z
311124,6,isla.martinez91@eircom.net,Isla,Martinez,2025-05-26T14:24:18Z
311125,3,Leo.wright877@icloud.com,Leo,Wright,2025-05-26T18:18:52Z
311126,2,amelia.turner77@eircom.net,Amelia,Turner,2025-05-26T19:42:29Z
311127,3,Grace.lewis384@outlook.com,Grace,Lewis,2025-05-26T20:28:59Z
311128,3,Lucas.martinez734@yahoo.com,Lucas,Martinez,2025-05-26T21:15:15Z
311129,3,mason.johnson208@outlook.com,Mason,Johnson,2025-05-26T21:47:43Z
311130,4,olivia.clarke665@gmail.com,Olivia,Clarke,2025-05-26T22:13:12Z
311131,2,liam.kelly783@btinternet.com,Liam,Kelly,2025-05-26T22:26:58Z
311132,5,james.wright512@yahoo.com,James,Wright,2025-05-27T01:13:40Z
311133,4,charlotte.thomas2@outlook.com,Charlotte,Thomas,2025-05-27T02:49:46Z
311134,1,grace.walsh183@btinternet.com,Grace,Walsh,2025-05-27T06:08:41Z
311135,1,mason.davies133@btinternet.com,Mason,Davies,2025-05-27T06:50:01Z
311136,2,arjun.nguyen786@hotmail.co.uk,Arjun,Nguyen,2025-05-27T12:58:24Z
311137,2,ethan.hughes796@btinternet.com,Ethan,Hughes,2025-05-27T14:52:50Z
311138,3,elijah.evans854@aol.com,Elijah,Evans,2025-05-27T15:02:24Z
311139,3,isla.lewis914@aol.com,Isla,Lewis,2025-05-27T15:40:01Z
311140,1,sophia.hall226@btinternet.com,Sophia,Hall,2025-05-27T18:28:33Z
311141,2,arjun.harris742@btinternet.com,Arjun,Harris,2025-05-27T22:18:19Z
311142,2,mason.kelly882@hotmail.co.uk,Mason,Kelly,2025-05-27T22:37:29Z
311143,5,priya.martin523@icloud.com,Priya,Martin,2025-05-27T23:26:50Z
311144,4,Priya.hall288@bigpond.com,Priya,Hall,2025-05-27T23:46:33Z
311145,3,mason.turner918@aol.com,Mason,Turner,2025-05-28T00:01:06Z
311146,3,,Sam,Thompson,2025-05-28T00:57:40Z
311147,1,chloe.wood18@hotmail.co.uk,Chloe,Wood,2025-05-28T06:12:59Z
311148,2,jack.lee608@hotmail.co.uk,Jack,Lee,2025-05-28T07:02:05Z
311149,4,oliver.wood40@outlook.com,Oliver,Wood,2025-05-28T08:08:00Z
311150,2,elijah.brown619@eircom.net,Elijah,Brown,2025-05-28T08:11:42Z
311151,3,siobhan.brown665@gmail.com,Siobhan,Brown,2025-05-28T12:41:45Z
311152,2,ella.hill561@hotmail.co.uk,Ella,Hill,2025-05-28T13:53:27Z
311153,2,,Henry,Green,2025-05-29T08:28:45Z
311154,1,Maya.brown207@gmail.com,Maya,Brown,2025-05-29T13:06:20Z
311155,5,chloe.jones978@aol.com,Chloe,Jones,2025-05-29T15:24:05Z
311156,2,Ruby.jackson539@gmail.com,Ruby,Jackson,2025-05-29T18:38:24Z
311157,5,ava.clark588@yahoo.com,Ava,Clark,2025-05-29T23:01:51Z
311158,3,zoe.nguyen235@gmail.com,Zoe,Nguyen,2025-05-30T03:48:14Z
311159,1,jack.thomas355@outlook.com,Jack,Thomas,2025-05-30T09:46:45Z
311160,2,harry.jackson838@btinternet.com,Harry,Jackson,2025-05-30T11:30:47Z
311161,2,priya.edwards254@gmail.com,Priya,Edwards,2025-05-30T14:36:02Z
311162,3,oscar.robinson156@yahoo.com,Oscar,Robinson,2025-05-30T15:25:14Z
311163,3,Aoife.davies49@yahoo.com,Aoife,Davies,2025-05-30T15:27:41Z
311164,5,lucas.thompson616@gmail.com,Lucas,Thompson,2025-05-30T18:56:50Z
311165,4,conor.turner914@gmail.com,Conor,Turner,2025-05-30T22:15:38Z
311166,5,oscar.walker482@icloud.com,Oscar,Walker,2025-05-31T00:26:21Z
311167,1,grace.garcia301@eircom.net,Grace,Garcia,2025-05-31T09:30:06Z
311168,2,,Olivia,Jones,2025-05-31T13:59:36Z
311169,3,hannah.white293@gmail.com,Hannah,White,2025-05-31T21:31:36Z
311170,4,jack.nguyen776@bigpond.com,Jack,Nguyen,2025-05-31T21:55:17Z
311171,4,oliver.robinson454@bigpond.com,Oliver,Robinson,2025-06-01T00:00:53Z
311172,3,,Elijah,Johnson,2025-06-01T01:13:03Z
311173,3,grace.johnson522@gmail.com,Grace,Johnson,2025-06-01T12:23:21Z
311174,3,mia.williams536@outlook.com,Mia,Williams,2025-06-01T12:28:22Z
311175,5,maya.jones915@gmail.com,Maya,Jones,2025-06-01T14:14:30Z
311176,5,sam.robinson89@aol.com,Sam,Robinson,2025-06-01T19:47:08Z
311177,1,sofia.garcia393@btinternet.com,Sofia,Garcia,2025-06-01T19:47:09Z
311178,4,jack.obrien914@bigpond.com,Jack,O'Brien,2025-06-02T03:15:44Z
311179,4,liam.obrien29@bigpond.com,Liam,O'Brien,2025-06-02T12:15:12Z
311180,3,sam.johnson494@gmail.com,Sam,Johnson,2025-06-02T13:29:34Z
311181,2,arjun.smith930@hotmail.co.uk,Arjun,Smith,2025-06-02T18:34:16Z
311182,5,chloe.martin614@gmail.com,Chloe,Martin,2025-06-03T04:11:44Z
311183,5,Siobhan.kelly60@outlook.com,Siobhan,Kelly,2025-06-03T05:13:49Z
311184,4,grace.walker27@gmail.com,Grace,Walker,2025-06-03T05:15:36Z
311185,5,Ethan.jones388@aol.com,Ethan,Jones,2025-06-03T05:17:45Z
311186,1,emma.walsh684@hotmail.co.uk,Emma,Walsh,2025-06-03T13:15:19Z
311187,3,,Ava,Clark,2025-06-03T14:03:30Z
311188,5,sam.jackson640@outlook.com,Sam,Jackson,2025-06-03T23:15:24Z
311189,3,hannah.davies274@icloud.com,Hannah,Davies,2025-06-04T04:03:53Z
311190,4,maya.wright222@bigpond.com,Maya,Wright,2025-06-04T04:14:47Z
311191,2,mason.lewis878@outlook.com,Mason,Lewis,2025-06-04T09:38:40Z
311192,4,arjun.king672@gmail.com,Arjun,King,2025-06-04T11:53:20Z
311193,3,priya.williams598@aol.com,Priya,Williams,2025-06-04T13:20:23Z
311194,3,chloe.lee66@aol.com,Chloe,Lee,2025-06-04T13:34:01Z
311195,5,lily.hill810@aol.com,Lily,Hill,2025-06-04T14:23:45Z
311196,1,amelia.davies208@hotmail.co.uk,Amelia,Davies,2025-06-04T17:51:19Z
311197,1,oliver.hughes463@btinternet.com,Oliver,Hughes,2025-06-04T18:11:02Z
311198,4,ava.walsh722@bigpond.com,Ava,Walsh,2025-06-05T07:14:59Z
311199,2,Priya.evans486@hotmail.co.uk,Priya,Evans,2025-06-05T08:36:27Z
311200,2,olivia.thomas432@hotmail.co.uk,Olivia,Thomas,2025-06-05T10:08:37Z
311201,1,,Freya,Wright,2025-06-05T11:31:01Z
311202,1,conor.obrien545@eircom.net,Conor,O'Brien,2025-06-05T12:51:37Z
311203,1,emma.wilson559@gmail.com,Emma,Wilson,2025-06-05T13:31:34Z
311204,1,ruby.walsh886@btinternet.com,Ruby,Walsh,2025-06-05T15:01:19Z
311205,3,,Emma,Martin,2025-06-05T15:55:13Z
311206,2,lucas.moore524@hotmail.co.uk,Lucas,Moore,2025-06-05T17:10:03Z
311207,3,ava.martinez279@aol.com,Ava,Martinez,2025-06-05T17:36:31Z
311208,3,chloe.green927@yahoo.com,Chloe,Green,2025-06-05T19:54:54Z
311209,3,aoife.martinez846@aol.com,Aoife,Martinez,2025-06-05T20:24:31Z
311210,1,mason.cooper320@outlook.com,Mason,Cooper,2025-06-05T20:38:23Z
311211,3,sam.harris145@outlook.com,Sam,Harris,2025-06-05T20:54:51Z
311212,2,lily.king781@btinternet.com,Lily,King,2025-06-05T21:18:12Z
311213,1,grace.clark51@gmail.com,Grace,Clark,2025-06-05T22:51:53Z
311214,3,ethan.edwards63@gmail.com,Ethan,Edwards,2025-06-05T22:55:03Z
311215,3,freya.white921@gmail.com,Freya,White,2025-06-06T00:28:29Z
311216,3,,Conor,Wright,2025-06-06T02:11:26Z
311217,6,,Kai,Turner,2025-06-06T06:03:21Z
311218,2,sam.harris977@gmail.com,Sam,Harris,2025-06-06T08:26:11Z
311219,4,olivia.turner672@icloud.com,Olivia,Turner,2025-06-06T08:50:48Z
311220,2,elijah.lee410@eircom.net,Elijah,Lee,2025-06-06T10:20:54Z
311221,6,noah.evans377@btinternet.com,Noah,Evans,2025-06-06T11:02:29Z
311222,3,mateo.king649@aol.com,Mateo,King,2025-06-06T12:22:11Z
311223,3,james.obrien482@aol.com,James,O'Brien,2025-06-06T12:57:49Z
311224,1,noah.thompson324@eircom.net,Noah,Thompson,2025-06-06T13:39:46Z
311225,5,elijah.martin792@outlook.com,Elijah,Martin,2025-06-06T15:25:00Z
311226,5,amelia.martinez174@aol.com,Amelia,Martinez,2025-06-06T18:21:14Z
311227,2,siobhan.jackson951@gmail.com,Siobhan,Jackson,2025-06-06T18:21:25Z
311228,3,,Jack,White,2025-06-06T19:20:13Z
311229,3,kai.brown546@icloud.com,Kai,Brown,2025-06-06T19:37:48Z
311230,4,siobhan.jackson380@bigpond.com,Siobhan,Jackson,2025-06-06T23:16:23Z
311231,3,conor.jones804@gmail.com,Conor,Jones,2025-06-07T04:55:10Z
311232,2,emma.king872@hotmail.co.uk,Emma,King,2025-06-07T10:58:00Z
311233,2,henry.clark923@outlook.com,Henry,Clark,2025-06-07T11:17:37Z
311234,2,ava.king190@btinternet.com,Ava,King,2025-06-07T15:12:07Z
311235,1,henry.williams713@gmail.com,Henry,Williams,2025-06-07T17:26:23Z
311236,3,sophia.clarke655@yahoo.com,Sophia,Clarke,2025-06-07T20:08:37Z
311237,4,conor.martinez728@bigpond.com,Conor,Martinez,2025-06-07T22:34:06Z
311238,4,,Mason,Clarke,2025-06-08T02:59:58Z
311239,4,zoe.patel323@outlook.com,Zoe,Patel,2025-06-08T03:11:49Z
311240,2,daniel.davies80@eircom.net,Daniel,Davies,2025-06-08T08:08:55Z
311241,6,siobhan.obrien406@outlook.com,Siobhan,O'Brien,2025-06-08T08:29:54Z
311242,5,isla.green666@yahoo.com,Isla,Green,2025-06-08T15:29:39Z
311243,1,amelia.hall629@outlook.com,Amelia,Hall,2025-06-08T18:24:45Z
311244,4,daniel.robinson591@bigpond.com,Daniel,Robinson,2025-06-08T21:31:28Z
311245,3,isla.hall35@outlook.com,Isla,Hall,2025-06-08T23:17:07Z
311246,3,lucas.lee253@aol.com,Lucas,Lee,2025-06-09T00:38:50Z
311247,1,liam.garcia817@gmail.com,Liam,Garcia,2025-06-09T08:07:31Z
311248,1,mateo.wright79@outlook.com,Mateo,Wright,2025-06-09T11:06:04Z
311249,2,Noah.johnson403@gmail.com,Noah,Johnson,2025-06-09T13:08:50Z
311250,2,kai.obrien742@btinternet.com,Kai,O'Brien,2025-06-09T14:18:31Z
311251,2,sofia.martin116@gmail.com,Sofia,Martin,2025-06-09T14:51:20Z
311252,2,freya.walsh872@eircom.net,Freya,Walsh,2025-06-09T21:43:17Z
311253,3,maya.clarke289@gmail.com,Maya,Clarke,2025-06-09T22:42:21Z
311254,5,kai.hall24@yahoo.com,Kai,Hall,2025-06-10T03:20:07Z
311255,1,isla.patel193@btinternet.com,Isla,Patel,2025-06-10T07:06:19Z
311256,1,,Noah,Smith,2025-06-10T08:22:37Z
311257,6,sam.garcia965@eircom.net,Sam,Garcia,2025-06-10T09:41:11Z
311258,1,lucas.white597@btinternet.com,Lucas,White,2025-06-10T14:02:15Z
311259,1,mateo.kelly402@outlook.com,Mateo,Kelly,2025-06-10T20:00:11Z
311260,5,harry.cooper952@aol.com,Harry,Cooper,2025-06-10T21:25:16Z
311261,1,,Sofia,Evans,2025-06-10T21:55:18Z
311262,4,liam.harris357@bigpond.com,Liam,Harris,2025-06-10T22:38:57Z
311263,3,lucas.walker289@icloud.com,Lucas,Walker,2025-06-10T22:47:24Z
311264,4,priya.clark615@gmail.com,Priya,Clark,2025-06-11T01:30:34Z
311265,5,jack.hall573@gmail.com,Jack,Hall,2025-06-11T03:45:42Z
311266,4,mia.evans441@outlook.com,Mia,Evans,2025-06-11T10:10:53Z
311267,1,liam.wood711@btinternet.com,Liam,Wood,2025-06-11T12:53:21Z
311268,5,hannah.davies572@outlook.com,Hannah,Davies,2025-06-11T13:38:48Z
311269,1,grace.hughes31@btinternet.com,Grace,Hughes,2025-06-11T15:16:41Z
311270,1,oscar.taylor479@hotmail.co.uk,Oscar,Taylor,2025-06-11T20:24:05Z
311271,5,mia.green578@aol.com,Mia,Green,2025-06-11T21:29:40Z
311272,4,oscar.thompson601@outlook.com,Oscar,Thompson,2025-06-11T21:35:44Z
311273,2,siobhan.robinson266@eircom.net,Siobhan,Robinson,2025-06-11T21:52:31Z
311274,4,lily.taylor798@outlook.com,Lily,Taylor,2025-06-11T23:10:05Z
311275,1,olivia.edwards81@btinternet.com,Olivia,Edwards,2025-06-12T10:55:00Z
311276,3,lucas.clarke203@aol.com,Lucas,Clarke,2025-06-12T12:53:03Z
311277,4,ethan.evans624@bigpond.com,Ethan,Evans,2025-06-12T13:01:11Z
311278,5,harry.hill894@icloud.com,Harry,Hill,2025-06-12T13:38:26Z
311279,1,noah.kelly820@gmail.com,Noah,Kelly,2025-06-12T15:18:45Z
311280,3,grace.obrien708@aol.com,Grace,O'Brien,2025-06-12T19:43:14Z
311281,2,ella.martin333@outlook.com,Ella,Martin,2025-06-12T20:12:43Z
311282,3,Mia.jackson668@yahoo.com,Mia,Jackson,2025-06-12T22:28:11Z
311283,5,zoe.murphy500@gmail.com,Zoe,Murphy,2025-06-13T00:09:47Z
311284,4,sofia.martinez867@bigpond.com,Sofia,Martinez,2025-06-13T02:48:39Z
311285,1,Ava.jackson382@eircom.net,Ava,Jackson,2025-06-13T06:24:24Z
311286,2,sam.edwards786@hotmail.co.uk,Sam,Edwards,2025-06-13T07:40:15Z
311287,2,aoife.hall559@gmail.com,Aoife,Hall,2025-06-13T10:07:20Z
311288,1,ava.turner101@hotmail.co.uk,Ava,Turner,2025-06-13T10:33:28Z
311289,1,noah.edwards242@gmail.com,Noah,Edwards,2025-06-13T12:30:05Z
311290,5,henry.kelly489@aol.com,Henry,Kelly,2025-06-13T13:28:05Z
311291,5,conor.clark401@aol.com,Conor,Clark,2025-06-13T23:44:58Z
311292,5,ethan.martinez335@gmail.com,Ethan,Martinez,2025-06-14T04:52:41Z
311293,2,ella.thompson858@gmail.com,Ella,Thompson,2025-06-14T06:38:04Z
311294,1,daniel.patel610@btinternet.com,Daniel,Patel,2025-06-14T06:49:41Z
311295,1,lucas.garcia7@hotmail.co.uk,Lucas,Garcia,2025-06-14T07:15:26Z
311296,1,ava.king422@outlook.com,Ava,King,2025-06-14T12:24:18Z
311297,6,ethan.kelly552@btinternet.com,Ethan,Kelly,2025-06-14T14:17:43Z
311298,5,mia.wright353@yahoo.com,Mia,Wright,2025-06-14T16:04:57Z
311299,4,conor.patel923@icloud.com,Conor,Patel,2025-06-14T22:08:22Z
311300,2,sam.clarke731@eircom.net,Sam,Clarke,2025-06-15T09:20:27Z
311301,6,arjun.davies984@btinternet.com,Arjun,Davies,2025-06-15T15:15:42Z
311302,5,sophia.kelly80@aol.com,Sophia,Kelly,2025-06-15T15:54:20Z
311303,3,,Siobhan,Garcia,2025-06-15T16:01:37Z
311304,4,james.walsh439@bigpond.com,James,Walsh,2025-06-16T01:54:46Z
311305,1,kai.kelly308@hotmail.co.uk,Kai,Kelly,2025-06-16T11:48:40Z
311306,3,Lucas.evans752@icloud.com,Lucas,Evans,2025-06-16T21:54:04Z
311307,3,lily.white795@gmail.com,Lily,White,2025-06-16T22:23:27Z
311308,1,Chloe.turner259@gmail.com,Chloe,Turner,2025-06-17T09:01:36Z
311309,2,isla.evans213@gmail.com,Isla,Evans,2025-06-17T13:21:52Z
311310,2,ruby.hughes579@eircom.net,Ruby,Hughes,2025-06-17T14:41:34Z
311311,3,leo.smith362@yahoo.com,Leo,Smith,2025-06-17T15:16:01Z
311312,4,mateo.thomas869@bigpond.com,Mateo,Thomas,2025-06-18T01:11:52Z
311313,1,freya.edwards531@hotmail.co.uk,Freya,Edwards,2025-06-18T10:20:57Z
311314,1,emma.edwards867@outlook.com,Emma,Edwards,2025-06-18T12:54:18Z
311315,3,grace.davies983@outlook.com,Grace,Davies,2025-06-18T16:10:30Z
311316,1,noah.williams98@gmail.com,Noah,Williams,2025-06-18T16:51:20Z
311317,3,amelia.king61@gmail.com,Amelia,King,2025-06-18T19:14:31Z
311318,1,oliver.hill585@eircom.net,Oliver,Hill,2025-06-18T20:13:49Z
311319,1,oliver.hughes485@eircom.net,Oliver,Hughes,2025-06-18T22:28:37Z
311320,3,lily.king346@aol.com,Lily,King,2025-06-19T00:44:08Z
311321,5,ethan.clarke454@yahoo.com,Ethan,Clarke,2025-06-19T00:51:32Z
311322,4,Daniel.robinson9@bigpond.com,Daniel,Robinson,2025-06-19T01:54:09Z
311323,3,Noah.hill284@icloud.com,Noah,Hill,2025-06-19T04:07:36Z
311324,3,hannah.kelly962@icloud.com,Hannah,Kelly,2025-06-19T04:37:39Z
311325,2,priya.hall507@eircom.net,Priya,Hall,2025-06-19T09:43:11Z
311326,1,charlotte.moore88@btinternet.com,Charlotte,Moore,2025-06-19T10:10:27Z
311327,1,freya.johnson72@hotmail.co.uk,Freya,Johnson,2025-06-19T10:28:33Z
311328,1,leo.williams921@btinternet.com,Leo,Williams,2025-06-19T12:23:22Z
311329,2,sofia.lewis278@hotmail.co.uk,Sofia,Lewis,2025-06-19T13:55:26Z
311330,3,hannah.hall751@outlook.com,Hannah,Hall,2025-06-20T03:09:19Z
311331,4,hannah.jackson888@gmail.com,Hannah,Jackson,2025-06-20T07:20:04Z
311332,2,liam.moore449@hotmail.co.uk,Liam,Moore,2025-06-20T08:44:44Z
311333,2,aoife.williams969@btinternet.com,Aoife,Williams,2025-06-20T11:48:34Z
311334,2,ruby.cooper290@btinternet.com,Ruby,Cooper,2025-06-20T13:56:07Z
311335,1,oscar.king708@eircom.net,Oscar,King,2025-06-20T19:58:29Z
311336,5,,Arjun,Wood,2025-06-21T00:27:21Z
311337,6,ethan.hall607@gmail.com,Ethan,Hall,2025-06-21T06:09:26Z
311338,2,zoe.johnson427@outlook.com,Zoe,Johnson,2025-06-21T10:27:35Z
311339,6,mia.jones800@gmail.com,Mia,Jones,2025-06-21T12:05:34Z
311340,1,mia.hughes125@eircom.net,Mia,Hughes,2025-06-21T13:45:25Z
311341,1,Noah.murphy888@btinternet.com,Noah,Murphy,2025-06-21T15:50:13Z
311342,2,grace.wright97@gmail.com,Grace,Wright,2025-06-21T18:21:46Z
311343,1,grace.davies279@eircom.net,Grace,Davies,2025-06-22T12:59:32Z
311344,3,chloe.martin387@yahoo.com,Chloe,Martin,2025-06-22T13:35:04Z
311345,5,elijah.green661@gmail.com,Elijah,Green,2025-06-22T13:43:07Z
311346,3,liam.lee948@outlook.com,Liam,Lee,2025-06-22T19:22:20Z
311347,3,mateo.turner810@outlook.com,Mateo,Turner,2025-06-22T20:08:02Z
311348,1,james.evans405@hotmail.co.uk,James,Evans,2025-06-22T20:16:15Z
311349,2,freya.garcia654@eircom.net,Freya,Garcia,2025-06-22T20:17:50Z
311350,5,Sophia.clark629@yahoo.com,Sophia,Clark,2025-06-22T21:23:07Z
311351,4,,Henry,Thompson,2025-06-23T00:25:53Z
311352,4,jack.white428@bigpond.com,Jack,White,2025-06-23T02:01:20Z
311353,5,jack.martin384@aol.com,Jack,Martin,2025-06-23T02:30:24Z
311354,1,mateo.hughes299@gmail.com,Mateo,Hughes,2025-06-23T10:24:27Z
311355,4,ava.martin973@bigpond.com,Ava,Martin,2025-06-23T13:32:10Z
311356,1,liam.hill66@hotmail.co.uk,Liam,Hill,2025-06-23T16:59:39Z
311357,5,oscar.hall217@gmail.com,Oscar,Hall,2025-06-23T17:07:20Z
311358,6,aoife.wright253@gmail.com,Aoife,Wright,2025-06-23T18:45:18Z
311359,5,Ava.green614@outlook.com,Ava,Green,2025-06-23T20:05:58Z
311360,3,chloe.wood156@outlook.com,Chloe,Wood,2025-06-23T20:58:32Z
311361,5,sofia.walker772@yahoo.com,Sofia,Walker,2025-06-24T00:10:10Z
311362,4,Priya.hughes605@gmail.com,Priya,Hughes,2025-06-24T00:17:00Z
311363,1,,Freya,Martin,2025-06-24T09:15:13Z
311364,2,noah.king318@gmail.com,Noah,King,2025-06-24T11:24:44Z
311365,1,noah.walker504@eircom.net,Noah,Walker,2025-06-24T12:34:56Z
311366,3,jack.edwards57@outlook.com,Jack,Edwards,2025-06-24T14:38:54Z
311367,3,emma.brown263@yahoo.com,Emma,Brown,2025-06-24T16:57:24Z
311368,3,,Zoe,Moore,2025-06-24T20:55:21Z
311369,4,arjun.wood82@outlook.com,Arjun,Wood,2025-06-25T02:00:55Z
311370,4,siobhan.clarke657@outlook.com,Siobhan,Clarke,2025-06-25T03:05:24Z
311371,2,Freya.green25@gmail.com,Freya,Green,2025-06-25T06:32:26Z
311372,1,olivia.hughes144@btinternet.com,Olivia,Hughes,2025-06-25T07:28:07Z
311373,2,freya.martin13@outlook.com,Freya,Martin,2025-06-25T15:35:40Z
311374,2,Oscar.turner933@hotmail.co.uk,Oscar,Turner,2025-06-25T15:53:49Z
311375,1,oscar.taylor711@eircom.net,Oscar,Taylor,2025-06-25T19:14:24Z
311376,5,sofia.moore40@aol.com,Sofia,Moore,2025-06-25T19:45:21Z
311377,4,elijah.wright820@gmail.com,Elijah,Wright,2025-06-26T01:22:44Z
311378,3,Chloe.taylor263@icloud.com,Chloe,Taylor,2025-06-26T02:01:43Z
311379,2,kai.cooper385@outlook.com,Kai,Cooper,2025-06-26T11:37:18Z
311380,3,freya.hill703@outlook.com,Freya,Hill,2025-06-26T14:59:39Z
311381,5,james.johnson470@aol.com,James,Johnson,2025-06-27T00:02:23Z
311382,3,sam.hill438@icloud.com,Sam,Hill,2025-06-27T00:55:04Z
311383,3,Maya.garcia894@yahoo.com,Maya,Garcia,2025-06-27T01:00:47Z
311384,3,lucas.obrien701@icloud.com,Lucas,O'Brien,2025-06-27T01:05:36Z
311385,4,Ethan.jones979@bigpond.com,Ethan,Jones,2025-06-27T05:20:15Z
311386,2,siobhan.murphy339@btinternet.com,Siobhan,Murphy,2025-06-27T12:49:39Z
311387,3,ethan.white394@icloud.com,Ethan,White,2025-06-27T12:59:42Z
311388,3,sofia.murphy648@gmail.com,Sofia,Murphy,2025-06-27T13:26:04Z
311389,2,sofia.hughes869@eircom.net,Sofia,Hughes,2025-06-27T14:12:45Z
311390,1,emma.martin339@gmail.com,Emma,Martin,2025-06-27T14:28:40Z
311391,3,hannah.johnson175@outlook.com,Hannah,Johnson,2025-06-27T15:39:46Z
311392,2,amelia.evans885@btinternet.com,Amelia,Evans,2025-06-27T17:57:49Z
311393,1,henry.clarke141@eircom.net,Henry,Clarke,2025-06-27T20:00:56Z
311394,1,freya.turner307@gmail.com,Freya,Turner,2025-06-27T21:35:55Z
311395,3,mateo.martin831@outlook.com,Mateo,Martin,2025-06-27T22:02:52Z
311396,5,james.harris176@icloud.com,James,Harris,2025-06-28T03:59:09Z
311397,4,jack.patel716@bigpond.com,Jack,Patel,2025-06-28T04:56:53Z
311398,2,lucas.taylor902@outlook.com,Lucas,Taylor,2025-06-28T06:15:01Z
311399,1,none@none.com,Zoe,Patel,2025-06-28T09:04:58Z
311400,4,sam.evans481@gmail.com,Sam,Evans,2025-06-28T10:50:42Z
311401,1,freya.johnson796@btinternet.com,Freya,Johnson,2025-06-28T11:52:47Z
311402,3,mia.davies653@outlook.com,Mia,Davies,2025-06-28T12:53:30Z
311403,5,mason.williams192@gmail.com,Mason,Williams,2025-06-28T14:04:29Z
311404,5,kai.jackson885@yahoo.com,Kai,Jackson,2025-06-28T18:13:04Z
311405,1,lily.harris446@hotmail.co.uk,Lily,Harris,2025-06-28T19:44:05Z
311406,5,siobhan.martin184@outlook.com,Siobhan,Martin,2025-06-28T22:16:45Z
311407,4,amelia.wood703@bigpond.com,Amelia,Wood,2025-06-29T03:09:47Z
311408,5,isla.taylor300@outlook.com,Isla,Taylor,2025-06-29T03:38:30Z
311409,3,charlotte.obrien246@aol.com,Charlotte,O'Brien,2025-06-29T13:38:55Z
311410,2,ruby.davies121@eircom.net,Ruby,Davies,2025-06-29T14:55:27Z
311411,3,oliver.lewis916@icloud.com,Oliver,Lewis,2025-06-29T20:17:12Z
311412,2,isla.hill722@hotmail.co.uk,Isla,Hill,2025-06-29T22:26:24Z
311413,5,harry.kelly321@outlook.com,Harry,Kelly,2025-06-30T04:38:21Z
311414,2,mateo.garcia635@gmail.com,Mateo,Garcia,2025-06-30T06:03:28Z
311415,2,arjun.smith890@btinternet.com,Arjun,Smith,2025-06-30T06:16:49Z
311416,6,daniel.thomas208@gmail.com,Daniel,Thomas,2025-06-30T07:33:16Z
311417,1,Maya.taylor255@btinternet.com,Maya,Taylor,2025-06-30T08:01:36Z
311418,5,,Lily,Lee,2025-06-30T14:24:53Z
311419,2,Leo.cooper833@outlook.com,Leo,Cooper,2025-06-30T18:26:23Z
311420,3,sofia.green424@aol.com,Sofia,Green,2025-06-30T22:31:00Z
311421,1,kai.smith968@eircom.net,Kai,Smith,2025-07-01T13:15:56Z
311422,1,Daniel.edwards751@btinternet.com,Daniel,Edwards,2025-07-01T13:53:26Z
311423,5,maya.martinez191@aol.com,Maya,Martinez,2025-07-01T14:59:27Z
311424,2,chloe.jones412@hotmail.co.uk,Chloe,Jones,2025-07-01T15:52:47Z
311425,6,isla.hughes902@gmail.com,Isla,Hughes,2025-07-01T18:15:52Z
311426,3,maya.martinez456@yahoo.com,Maya,Martinez,2025-07-01T19:58:41Z
311427,2,ruby.nguyen809@hotmail.co.uk,Ruby,Nguyen,2025-07-01T21:15:39Z
311428,3,none@none.com,Lucas,Wood,2025-07-01T22:44:36Z
311429,3,ava.king224@outlook.com,Ava,King,2025-07-02T02:30:58Z
311430,1,emma.jones506@eircom.net,Emma,Jones,2025-07-02T12:08:58Z
311431,2,zoe.brown950@eircom.net,Zoe,Brown,2025-07-02T14:03:38Z
311432,5,Mason.white316@aol.com,Mason,White,2025-07-02T16:26:06Z
311433,4,Leo.jackson707@bigpond.com,Leo,Jackson,2025-07-03T00:10:32Z
311434,5,sophia.harris26@outlook.com,Sophia,Harris,2025-07-03T00:14:51Z
311435,3,emma.garcia266@aol.com,Emma,Garcia,2025-07-03T02:14:51Z
311436,5,noah.thompson78@yahoo.com,Noah,Thompson,2025-07-03T13:16:19Z
311437,1,lucas.wilson464@btinternet.com,Lucas,Wilson,2025-07-03T14:38:17Z
311438,3,daniel.walker828@yahoo.com,Daniel,Walker,2025-07-03T14:43:09Z
311439,3,daniel.walker635@aol.com,Daniel,Walker,2025-07-03T18:14:06Z
311440,2,conor.jones659@hotmail.co.uk,Conor,Jones,2025-07-04T10:01:03Z
311441,1,chloe.green353@eircom.net,Chloe,Green,2025-07-04T10:11:15Z
311442,3,emma.kelly237@icloud.com,Emma,Kelly,2025-07-04T15:55:56Z
311443,3,henry.kelly462@icloud.com,Henry,Kelly,2025-07-04T18:22:15Z
311444,5,hannah.lewis821@outlook.com,Hannah,Lewis,2025-07-04T20:37:56Z
311445,5,mateo.green104@outlook.com,Mateo,Green,2025-07-04T22:11:38Z
311446,3,oliver.moore664@icloud.com,Oliver,Moore,2025-07-05T01:56:13Z
311447,2,conor.hill74@hotmail.co.uk,Conor,Hill,2025-07-05T09:01:54Z
311448,2,zoe.davies713@hotmail.co.uk,Zoe,Davies,2025-07-05T14:47:33Z
311449,1,Noah.robinson688@btinternet.com,Noah,Robinson,2025-07-05T18:06:15Z
311450,5,Daniel.turner452@outlook.com,Daniel,Turner,2025-07-05T19:13:07Z
311451,2,hannah.garcia459@btinternet.com,Hannah,Garcia,2025-07-05T21:23:27Z
311452,3,ethan.wilson950@aol.com,Ethan,Wilson,2025-07-05T22:49:19Z
311453,4,sophia.jackson191@bigpond.com,Sophia,Jackson,2025-07-06T01:39:45Z
311454,2,maya.hill820@btinternet.com,Maya,Hill,2025-07-06T06:22:26Z
311455,1,kai.turner297@btinternet.com,Kai,Turner,2025-07-06T09:55:45Z
311456,1,conor.brown735@gmail.com,Conor,Brown,2025-07-06T12:37:23Z
311457,2,mia.smith695@eircom.net,Mia,Smith,2025-07-06T14:14:31Z
311458,3,Mia.hughes870@outlook.com,Mia,Hughes,2025-07-06T14:28:41Z
311459,2,,Ruby,Johnson,2025-07-06T22:17:48Z
311460,5,,Mason,Harris,2025-07-06T23:40:19Z
311461,4,liam.clark68@gmail.com,Liam,Clark,2025-07-07T00:22:45Z
311462,3,isla.obrien926@gmail.com,Isla,O'Brien,2025-07-07T04:51:11Z
311463,4,,Elijah,Robinson,2025-07-07T05:56:16Z
311464,1,ava.wilson141@outlook.com,Ava,Wilson,2025-07-07T07:03:02Z
311465,2,jack.hughes762@hotmail.co.uk,Jack,Hughes,2025-07-07T09:35:34Z
311466,1,elijah.murphy575@eircom.net,Elijah,Murphy,2025-07-07T11:02:42Z
311467,1,kai.walsh947@gmail.com,Kai,Walsh,2025-07-07T12:09:11Z
311468,3,henry.williams574@icloud.com,Henry,Williams,2025-07-07T14:18:28Z
311469,5,sam.wood243@yahoo.com,Sam,Wood,2025-07-07T15:42:20Z
311470,6,amelia.lewis36@btinternet.com,Amelia,Lewis,2025-07-07T17:01:05Z
311471,5,elijah.obrien436@yahoo.com,Elijah,O'Brien,2025-07-07T18:34:54Z
311472,2,emma.robinson959@outlook.com,Emma,Robinson,2025-07-08T13:26:46Z
311473,5,priya.cooper946@icloud.com,Priya,Cooper,2025-07-08T14:47:49Z
311474,3,lucas.robinson934@outlook.com,Lucas,Robinson,2025-07-08T15:50:18Z
311475,1,zoe.clarke886@gmail.com,Zoe,Clarke,2025-07-08T16:41:01Z
311476,5,Mia.hughes429@outlook.com,Mia,Hughes,2025-07-08T18:53:58Z
311477,1,liam.edwards114@hotmail.co.uk,Liam,Edwards,2025-07-08T19:04:56Z
311478,4,jack.hughes952@bigpond.com,Jack,Hughes,2025-07-08T21:08:22Z
311479,3,hannah.kelly731@gmail.com,Hannah,Kelly,2025-07-09T01:11:52Z
311480,4,none@none.com,Mason,Hughes,2025-07-09T03:58:56Z
311481,3,Lucas.smith439@outlook.com,Lucas,Smith,2025-07-09T14:15:24Z
311482,5,sofia.patel480@aol.com,Sofia,Patel,2025-07-09T18:08:10Z
311483,3,kai.martinez8@outlook.com,Kai,Martinez,2025-07-09T19:06:29Z
311484,3,priya.king114@gmail.com,Priya,King,2025-07-09T20:06:23Z
311485,5,ava.garcia407@gmail.com,Ava,Garcia,2025-07-09T20:28:29Z
311486,2,zoe.garcia363@hotmail.co.uk,Zoe,Garcia,2025-07-09T21:59:27Z
311487,5,chloe.martinez725@aol.com,Chloe,Martinez,2025-07-10T00:32:30Z
311488,5,harry.taylor313@aol.com,Harry,Taylor,2025-07-10T04:48:50Z
311489,4,Sophia.martinez683@bigpond.com,Sophia,Martinez,2025-07-10T07:33:24Z
311490,3,Mateo.king187@gmail.com,Mateo,King,2025-07-10T12:20:02Z
311491,1,ruby.williams31@hotmail.co.uk,Ruby,Williams,2025-07-10T12:33:19Z
311492,2,hannah.edwards68@gmail.com,Hannah,Edwards,2025-07-10T14:44:47Z
311493,6,harry.patel648@hotmail.co.uk,Harry,Patel,2025-07-10T17:42:11Z
311494,2,noah.martinez742@btinternet.com,Noah,Martinez,2025-07-10T18:33:28Z
311495,1,noah.nguyen779@btinternet.com,Noah,Nguyen,2025-07-10T20:07:57Z
311496,6,maya.clark486@gmail.com,Maya,Clark,2025-07-10T20:23:27Z
311497,3,zoe.thomas470@yahoo.com,Zoe,Thomas,2025-07-11T04:19:21Z
311498,3,ava.king23@aol.com,Ava,King,2025-07-11T04:19:33Z
311499,1,amelia.lewis36@btinternet.com,Amelia,Lewis,2025-07-11T09:23:57Z
311500,4,sofia.turner607@icloud.com,Sofia,Turner,2025-07-11T11:37:58Z
311501,1,oliver.white585@btinternet.com,Oliver,White,2025-07-11T17:55:53Z
311502,5,arjun.turner824@gmail.com,Arjun,Turner,2025-07-11T18:02:46Z
311503,2,mateo.davies41@gmail.com,Mateo,Davies,2025-07-11T20:11:43Z
311504,2,mateo.hughes761@hotmail.co.uk,Mateo,Hughes,2025-07-11T21:17:55Z
311505,3,,Harry,Patel,2025-07-11T23:50:20Z
311506,4,ella.davies30@bigpond.com,Ella,Davies,2025-07-12T00:22:12Z
311507,1,liam.davies115@hotmail.co.uk,Liam,Davies,2025-07-12T09:05:28Z
311508,5,olivia.williams867@icloud.com,Olivia,Williams,2025-07-12T13:50:07Z
311509,2,siobhan.obrien935@outlook.com,Siobhan,O'Brien,2025-07-12T15:12:10Z
311510,3,noah.white401@icloud.com,Noah,White,2025-07-12T16:13:06Z
311511,3,mia.moore763@yahoo.com,Mia,Moore,2025-07-12T16:59:06Z
311512,3,,Lucas,Wilson,2025-07-12T20:05:06Z
311513,5,Aoife.lewis84@icloud.com,Aoife,Lewis,2025-07-12T22:35:40Z
311514,4,chloe.williams222@gmail.com,Chloe,Williams,2025-07-12T22:50:44Z
311515,4,henry.walsh645@bigpond.com,Henry,Walsh,2025-07-12T23:35:43Z
311516,4,,Amelia,Evans,2025-07-13T05:05:07Z
311517,4,Siobhan.hughes879@icloud.com,Siobhan,Hughes,2025-07-13T06:52:21Z
311518,6,priya.evans988@gmail.com,Priya,Evans,2025-07-13T07:50:32Z
311519,4,harry.turner770@bigpond.com,Harry,Turner,2025-07-13T08:22:29Z
311520,1,lily.evans432@eircom.net,Lily,Evans,2025-07-13T13:59:25Z
311521,1,emma.davies35@outlook.com,Emma,Davies,2025-07-13T15:44:04Z
311522,1,ruby.white462@btinternet.com,Ruby,White,2025-07-13T16:54:27Z
311523,1,james.jackson349@gmail.com,James,Jackson,2025-07-13T17:36:06Z
311524,2,sam.garcia54@gmail.com,Sam,Garcia,2025-07-14T10:13:10Z
311525,1,hannah.smith386@outlook.com,Hannah,Smith,2025-07-14T14:16:39Z
311526,3,aoife.green52@outlook.com,Aoife,Green,2025-07-14T16:22:55Z
311527,5,ava.wright568@gmail.com,Ava,Wright,2025-07-15T05:30:49Z
311528,4,mason.turner348@outlook.com,Mason,Turner,2025-07-15T06:04:39Z
311529,1,siobhan.nguyen341@eircom.net,Siobhan,Nguyen,2025-07-15T07:41:49Z
311530,4,none@none.com,Henry,Davies,2025-07-15T08:55:47Z
311531,2,emma.wood328@outlook.com,Emma,Wood,2025-07-15T10:51:07Z
311532,2,oliver.lewis806@eircom.net,Oliver,Lewis,2025-07-15T17:00:04Z
311533,3,charlotte.martin804@gmail.com,Charlotte,Martin,2025-07-15T17:31:18Z
311534,1,kai.wilson756@gmail.com,Kai,Wilson,2025-07-15T17:53:13Z
311535,3,henry.thomas487@gmail.com,Henry,Thomas,2025-07-15T20:14:00Z
311536,4,Amelia.moore73@icloud.com,Amelia,Moore,2025-07-15T22:29:40Z
311537,3,sofia.jackson78@outlook.com,Sofia,Jackson,2025-07-15T23:20:45Z
311538,5,conor.thompson335@yahoo.com,Conor,Thompson,2025-07-16T03:14:52Z
311539,4,noah.white858@icloud.com,Noah,White,2025-07-16T03:21:50Z
311540,1,leo.johnson577@gmail.com,Leo,Johnson,2025-07-16T07:28:26Z
311541,5,amelia.jackson573@gmail.com,Amelia,Jackson,2025-07-16T17:23:20Z
311542,4,isla.davies656@icloud.com,Isla,Davies,2025-07-16T21:06:32Z
311543,1,sofia.johnson707@outlook.com,Sofia,Johnson,2025-07-17T10:37:41Z
311544,1,leo.davies737@btinternet.com,Leo,Davies,2025-07-17T11:00:55Z
311545,5,ava.clark169@yahoo.com,Ava,Clark,2025-07-17T13:30:38Z
311546,5,lily.johnson96@gmail.com,Lily,Johnson,2025-07-17T13:53:43Z
311547,2,Freya.walsh470@hotmail.co.uk,Freya,Walsh,2025-07-17T14:45:06Z
311548,1,ethan.hughes215@hotmail.co.uk,Ethan,Hughes,2025-07-17T15:48:03Z
311549,1,elijah.jackson672@hotmail.co.uk,Elijah,Jackson,2025-07-17T17:48:24Z
311550,5,noah.walsh919@aol.com,Noah,Walsh,2025-07-17T19:16:00Z
311551,6,,Aoife,Turner,2025-07-17T20:11:20Z
311552,1,charlotte.evans363@hotmail.co.uk,Charlotte,Evans,2025-07-18T06:24:46Z
311553,4,ella.white616@outlook.com,Ella,White,2025-07-18T08:38:43Z
311554,4,grace.hughes728@outlook.com,Grace,Hughes,2025-07-18T12:40:49Z
311555,4,priya.lee81@gmail.com,Priya,Lee,2025-07-18T22:55:38Z
311556,5,zoe.obrien865@icloud.com,Zoe,O'Brien,2025-07-19T01:18:49Z
311557,3,kai.wood367@yahoo.com,Kai,Wood,2025-07-19T03:48:19Z
311558,3,hannah.thomas462@icloud.com,Hannah,Thomas,2025-07-19T14:13:15Z
311559,2,lily.thompson853@outlook.com,Lily,Thompson,2025-07-19T14:27:26Z
311560,3,priya.lewis368@icloud.com,Priya,Lewis,2025-07-19T19:33:13Z
311561,2,sam.hill956@eircom.net,Sam,Hill,2025-07-19T22:30:35Z
311562,3,Siobhan.johnson391@aol.com,Siobhan,Johnson,2025-07-20T00:26:03Z
311563,5,jack.lewis228@outlook.com,Jack,Lewis,2025-07-20T02:37:38Z
311564,5,Hannah.white293@gmail.com,Hannah,White,2025-07-20T04:12:56Z
311565,5,amelia.smith853@aol.com,Amelia,Smith,2025-07-20T05:12:10Z
311566,6,hannah.patel963@btinternet.com,Hannah,Patel,2025-07-20T06:25:52Z
311567,1,kai.cooper609@hotmail.co.uk,Kai,Cooper,2025-07-20T07:38:11Z
311568,1,liam.thompson159@hotmail.co.uk,Liam,Thompson,2025-07-20T08:38:37Z
311569,3,aoife.johnson742@yahoo.com,Aoife,Johnson,2025-07-20T13:18:55Z
311570,3,hannah.martinez211@icloud.com,Hannah,Martinez,2025-07-20T17:26:53Z
311571,1,isla.hughes679@outlook.com,Isla,Hughes,2025-07-20T17:28:33Z
311572,2,liam.green196@outlook.com,Liam,Green,2025-07-20T18:06:50Z
311573,2,henry.martinez799@outlook.com,Henry,Martinez,2025-07-20T18:10:48Z
311574,3,lucas.clarke139@aol.com,Lucas,Clarke,2025-07-20T20:08:21Z
311575,5,arjun.turner48@gmail.com,Arjun,Turner,2025-07-20T21:08:33Z
311576,3,Mia.lee61@yahoo.com,Mia,Lee,2025-07-20T22:50:50Z
311577,4,ava.obrien954@gmail.com,Ava,O'Brien,2025-07-20T23:26:20Z
311578,4,liam.white82@bigpond.com,Liam,White,2025-07-21T09:39:46Z
311579,1,noah.moore15@gmail.com,Noah,Moore,2025-07-21T13:36:36Z
311580,3,ruby.hill297@gmail.com,Ruby,Hill,2025-07-21T15:37:10Z
311581,5,emma.wood476@yahoo.com,Emma,Wood,2025-07-21T17:26:08Z
311582,5,liam.walker690@gmail.com,Liam,Walker,2025-07-21T19:21:01Z
311583,1,sophia.garcia439@eircom.net,Sophia,Garcia,2025-07-21T20:10:29Z
311584,3,daniel.johnson826@icloud.com,Daniel,Johnson,2025-07-22T00:24:29Z
311585,3,ava.jones962@outlook.com,Ava,Jones,2025-07-22T04:57:08Z
311586,1,aoife.johnson150@outlook.com,Aoife,Johnson,2025-07-22T10:33:14Z
311587,6,noah.hall732@hotmail.co.uk,Noah,Hall,2025-07-22T12:22:21Z
311588,1,mason.thompson931@eircom.net,Mason,Thompson,2025-07-22T19:03:47Z
311589,1,sofia.clark703@gmail.com,Sofia,Clark,2025-07-22T20:03:16Z
311590,6,siobhan.clark361@outlook.com,Siobhan,Clark,2025-07-22T20:22:41Z
311591,4,elijah.hall701@gmail.com,Elijah,Hall,2025-07-22T23:02:42Z
311592,3,Jack.martin963@aol.com,Jack,Martin,2025-07-23T03:25:01Z
311593,3,zoe.kelly382@outlook.com,Zoe,Kelly,2025-07-23T04:05:25Z
311594,4,sam.robinson302@bigpond.com,Sam,Robinson,2025-07-23T06:20:25Z
311595,2,elijah.smith64@eircom.net,Elijah,Smith,2025-07-23T09:05:16Z
311596,4,maya.wilson989@outlook.com,Maya,Wilson,2025-07-23T09:17:37Z
311597,3,ruby.wilson677@gmail.com,Ruby,Wilson,2025-07-23T12:55:38Z
311598,5,Liam.martinez642@icloud.com,Liam,Martinez,2025-07-23T15:14:44Z
311599,1,ethan.hill737@outlook.com,Ethan,Hill,2025-07-23T18:50:57Z
311600,5,maya.harris463@aol.com,Maya,Harris,2025-07-23T21:51:54Z
311601,3,leo.evans547@icloud.com,Leo,Evans,2025-07-23T22:41:04Z
311602,5,noah.thompson593@aol.com,Noah,Thompson,2025-07-24T01:45:20Z
311603,5,freya.nguyen529@aol.com,Freya,Nguyen,2025-07-24T02:35:59Z
311604,1,,Conor,Martin,2025-07-24T08:53:18Z
311605,4,isla.lee437@icloud.com,Isla,Lee,2025-07-24T10:22:59Z
311606,3,noah.robinson21@aol.com,Noah,Robinson,2025-07-24T14:07:07Z
311607,3,oscar.turner965@outlook.com,Oscar,Turner,2025-07-24T14:42:33Z
311608,3,grace.nguyen506@yahoo.com,Grace,Nguyen,2025-07-24T16:26:55Z
311609,5,lucas.obrien944@outlook.com,Lucas,O'Brien,2025-07-24T19:31:54Z
311610,5,ava.turner473@aol.com,Ava,Turner,2025-07-25T01:02:50Z
311611,4,Olivia.martin650@icloud.com,Olivia,Martin,2025-07-25T04:19:00Z
311612,2,elijah.obrien576@hotmail.co.uk,Elijah,O'Brien,2025-07-25T06:02:59Z
311613,2,charlotte.hill532@hotmail.co.uk,Charlotte,Hill,2025-07-25T10:38:17Z
311614,1,kai.martin769@btinternet.com,Kai,Martin,2025-07-25T18:35:19Z
311615,3,james.walsh678@gmail.com,James,Walsh,2025-07-25T23:10:39Z
311616,3,jack.wilson218@outlook.com,Jack,Wilson,2025-07-25T23:15:10Z
311617,1,harry.harris895@btinternet.com,Harry,Harris,2025-07-26T07:10:07Z
311618,2,jack.white708@btinternet.com,Jack,White,2025-07-26T10:04:33Z
311619,3,arjun.nguyen42@aol.com,Arjun,Nguyen,2025-07-26T12:17:19Z
311620,1,olivia.davies189@gmail.com,Olivia,Davies,2025-07-26T12:20:47Z
311621,3,priya.taylor122@yahoo.com,Priya,Taylor,2025-07-26T13:02:14Z
311622,3,,Noah,Walker,2025-07-26T14:04:17Z
311623,2,amelia.jones416@eircom.net,Amelia,Jones,2025-07-26T16:52:58Z
311624,1,oscar.patel38@gmail.com,Oscar,Patel,2025-07-26T19:22:13Z
311625,1,sofia.lewis989@outlook.com,Sofia,Lewis,2025-07-26T19:46:36Z
311626,3,kai.evans981@outlook.com,Kai,Evans,2025-07-27T00:08:14Z
311627,3,Oliver.murphy307@gmail.com,Oliver,Murphy,2025-07-27T03:53:27Z
311628,1,aoife.williams266@outlook.com,Aoife,Williams,2025-07-27T06:25:05Z
311629,1,Zoe.lewis720@eircom.net,Zoe,Lewis,2025-07-27T07:35:18Z
311630,2,zoe.green966@gmail.com,Zoe,Green,2025-07-27T13:07:00Z
311631,3,priya.martinez921@yahoo.com,Priya,Martinez,2025-07-27T14:41:41Z
311632,4,emma.davies854@outlook.com,Emma,Davies,2025-07-28T07:11:32Z
311633,1,priya.harris105@btinternet.com,Priya,Harris,2025-07-28T08:28:14Z
311634,4,ella.thompson556@icloud.com,Ella,Thompson,2025-07-28T09:23:00Z
311635,3,olivia.smith630@yahoo.com,Olivia,Smith,2025-07-28T13:56:24Z
311636,1,freya.martin389@eircom.net,Freya,Martin,2025-07-28T14:28:07Z
311637,2,leo.evans835@gmail.com,Leo,Evans,2025-07-28T16:37:39Z
311638,5,aoife.brown916@outlook.com,Aoife,Brown,2025-07-28T18:46:00Z
311639,4,freya.davies743@outlook.com,Freya,Davies,2025-07-29T04:22:59Z
311640,1,Ella.clarke53@outlook.com,Ella,Clarke,2025-07-29T08:27:13Z
311641,3,henry.wood502@yahoo.com,Henry,Wood,2025-07-29T13:02:09Z
311642,1,harry.evans868@eircom.net,Harry,Evans,2025-07-29T13:47:12Z
311643,2,ella.williams972@outlook.com,Ella,Williams,2025-07-29T14:06:49Z
311644,2,mateo.jackson383@eircom.net,Mateo,Jackson,2025-07-29T22:10:41Z
311645,5,chloe.clark608@aol.com,Chloe,Clark,2025-07-29T23:15:49Z
311646,4,Lucas.moore134@outlook.com,Lucas,Moore,2025-07-30T01:18:36Z
311647,4,Sofia.jackson471@icloud.com,Sofia,Jackson,2025-07-30T09:42:31Z
311648,1,mia.davies941@outlook.com,Mia,Davies,2025-07-30T10:29:23Z
311649,5,Priya.taylor885@yahoo.com,Priya,Taylor,2025-07-30T15:07:07Z
311650,6,sophia.evans803@outlook.com,Sophia,Evans,2025-07-30T18:41:23Z
311651,3,lucas.evans895@outlook.com,Lucas,Evans,2025-07-30T18:47:49Z
311652,2,,Lucas,Robinson,2025-07-30T21:33:09Z
311653,1,elijah.cooper645@btinternet.com,Elijah,Cooper,2025-07-30T22:14:56Z
311654,4,emma.turner539@icloud.com,Emma,Turner,2025-07-31T03:08:50Z
311655,4,noah.white576@gmail.com,Noah,White,2025-07-31T08:56:56Z
311656,3,oscar.lewis146@yahoo.com,Oscar,Lewis,2025-07-31T13:25:13Z
311657,1,mia.jones623@hotmail.co.uk,Mia,Jones,2025-07-31T15:19:38Z
311658,5,leo.king436@yahoo.com,Leo,King,2025-07-31T15:34:38Z
311659,1,sofia.evans703@hotmail.co.uk,Sofia,Evans,2025-07-31T15:57:59Z
311660,2,conor.martinez745@hotmail.co.uk,Conor,Martinez,2025-07-31T16:04:08Z
311661,3,isla.hill34@gmail.com,Isla,Hill,2025-07-31T16:15:10Z
311662,1,amelia.hughes620@eircom.net,Amelia,Hughes,2025-07-31T16:24:07Z
311663,5,Mia.walker153@outlook.com,Mia,Walker,2025-07-31T16:40:06Z
311664,1,siobhan.jackson205@btinternet.com,Siobhan,Jackson,2025-07-31T17:26:17Z
311665,5,lily.moore35@gmail.com,Lily,Moore,2025-07-31T17:37:50Z
311666,1,conor.clark682@eircom.net,Conor,Clark,2025-07-31T19:50:01Z
311667,5,leo.walsh961@gmail.com,Leo,Walsh,2025-07-31T21:16:16Z
311668,3,Hannah.wilson947@yahoo.com,Hannah,Wilson,2025-07-31T23:08:49Z
311669,4,oliver.edwards287@gmail.com,Oliver,Edwards,2025-07-31T23:40:37Z
311670,5,Mateo.williams389@gmail.com,Mateo,Williams,2025-07-31T23:44:04Z
311671,5,zoe.hughes130@aol.com,Zoe,Hughes,2025-08-01T04:55:26Z
311672,3,arjun.wright143@outlook.com,Arjun,Wright,2025-08-01T04:58:23Z
311673,2,siobhan.brown227@outlook.com,Siobhan,Brown,2025-08-01T09:23:42Z
311674,1,charlotte.nguyen23@outlook.com,Charlotte,Nguyen,2025-08-01T12:07:10Z
311675,5,aoife.lewis729@aol.com,Aoife,Lewis,2025-08-01T13:50:31Z
311676,1,ethan.jones698@hotmail.co.uk,Ethan,Jones,2025-08-01T16:06:10Z
311677,2,mason.king334@outlook.com,Mason,King,2025-08-01T17:14:10Z
311678,3,Siobhan.clark418@gmail.com,Siobhan,Clark,2025-08-01T17:42:15Z
311679,3,lily.lewis391@gmail.com,Lily,Lewis,2025-08-01T18:14:51Z
311680,5,harry.moore738@outlook.com,Harry,Moore,2025-08-01T22:16:06Z
311681,4,ava.nguyen448@bigpond.com,Ava,Nguyen,2025-08-01T23:49:43Z
311682,4,liam.walker60@bigpond.com,Liam,Walker,2025-08-02T01:09:55Z
311683,3,james.white739@gmail.com,James,White,2025-08-02T01:54:29Z
311684,1,lucas.martin963@eircom.net,Lucas,Martin,2025-08-02T06:15:05Z
311685,1,priya.kelly885@gmail.com,Priya,Kelly,2025-08-02T08:16:15Z
311686,2,ella.murphy95@hotmail.co.uk,Ella,Murphy,2025-08-02T16:48:02Z
311687,4,sam.green632@bigpond.com,Sam,Green,2025-08-02T22:35:58Z
311688,3,kai.evans499@outlook.com,Kai,Evans,2025-08-03T03:01:20Z
311689,2,amelia.davies208@hotmail.co.uk,Amelia,Davies,2025-08-03T06:23:28Z
311690,1,siobhan.kelly398@gmail.com,Siobhan,Kelly,2025-08-03T09:36:23Z
311691,2,sophia.smith5@gmail.com,Sophia,Smith,2025-08-03T11:36:49Z
311692,2,kai.williams460@eircom.net,Kai,Williams,2025-08-03T11:47:10Z
311693,2,chloe.hill193@gmail.com,Chloe,Hill,2025-08-03T11:55:03Z
311694,4,elijah.jackson949@outlook.com,Elijah,Jackson,2025-08-03T12:32:04Z
311695,4,ella.lewis196@icloud.com,Ella,Lewis,2025-08-03T13:38:44Z
311696,2,Elijah.wilson260@outlook.com,Elijah,Wilson,2025-08-03T15:13:45Z
311697,4,charlotte.edwards469@icloud.com,Charlotte,Edwards,2025-08-04T00:32:55Z
311698,1,arjun.thomas142@btinternet.com,Arjun,Thomas,2025-08-04T06:05:28Z
311699,1,hannah.garcia459@btinternet.com,Hannah,Garcia,2025-08-04T06:51:20Z
311700,2,Emma.nguyen174@hotmail.co.uk,Emma,Nguyen,2025-08-04T10:34:31Z
311701,3,lily.johnson928@yahoo.com,Lily,Johnson,2025-08-04T12:00:05Z
311702,3,james.green746@gmail.com,James,Green,2025-08-04T14:53:47Z
311703,1,arjun.thomas419@outlook.com,Arjun,Thomas,2025-08-04T20:25:19Z
311704,4,ethan.hall481@icloud.com,Ethan,Hall,2025-08-05T01:00:11Z
311705,4,ella.moore107@outlook.com,Ella,Moore,2025-08-05T03:12:57Z
311706,1,sophia.jackson809@hotmail.co.uk,Sophia,Jackson,2025-08-05T06:29:07Z
311707,2,sofia.garcia814@hotmail.co.uk,Sofia,Garcia,2025-08-05T09:08:41Z
311708,2,daniel.davies199@eircom.net,Daniel,Davies,2025-08-05T17:26:11Z
311709,1,siobhan.clark119@btinternet.com,Siobhan,Clark,2025-08-05T18:10:28Z
311710,1,ruby.king864@eircom.net,Ruby,King,2025-08-05T20:03:58Z
311711,3,noah.kelly130@aol.com,Noah,Kelly,2025-08-06T00:07:25Z
311712,1,arjun.wood985@btinternet.com,Arjun,Wood,2025-08-06T13:55:41Z
311713,2,kai.robinson620@hotmail.co.uk,Kai,Robinson,2025-08-06T15:21:01Z
311714,5,ava.garcia672@aol.com,Ava,Garcia,2025-08-06T16:11:01Z
311715,4,,Sam,Lee,2025-08-06T23:23:33Z
311716,5,aoife.jones968@outlook.com,Aoife,Jones,2025-08-07T01:36:57Z
311717,4,emma.patel861@gmail.com,Emma,Patel,2025-08-07T02:18:53Z
311718,5,ruby.martin285@aol.com,Ruby,Martin,2025-08-07T04:11:50Z
311719,5,daniel.edwards834@gmail.com,Daniel,Edwards,2025-08-07T04:36:07Z
311720,5,ruby.smith927@outlook.com,Ruby,Smith,2025-08-07T05:23:37Z
311721,2,jack.davies970@hotmail.co.uk,Jack,Davies,2025-08-07T07:52:27Z
311722,4,sophia.lewis631@icloud.com,Sophia,Lewis,2025-08-07T08:20:18Z
311723,4,noah.hall236@icloud.com,Noah,Hall,2025-08-07T08:37:09Z
311724,1,freya.white390@outlook.com,Freya,White,2025-08-07T09:21:32Z
311725,2,ella.hall828@eircom.net,Ella,Hall,2025-08-07T20:33:45Z
311726,2,chloe.green353@eircom.net,Chloe,Green,2025-08-07T20:41:00Z
311727,2,leo.walker536@hotmail.co.uk,Leo,Walker,2025-08-07T21:14:56Z
311728,3,oscar.clark697@outlook.com,Oscar,Clark,2025-08-07T23:13:33Z
311729,4,aoife.wright561@bigpond.com,Aoife,Wright,2025-08-08T03:37:46Z
311730,2,noah.brown934@gmail.com,Noah,Brown,2025-08-08T09:26:51Z
311731,1,aoife.lee375@gmail.com,Aoife,Lee,2025-08-08T16:06:59Z
311732,6,daniel.green419@eircom.net,Daniel,Green,2025-08-08T16:23:41Z
311733,1,arjun.smith930@hotmail.co.uk,Arjun,Smith,2025-08-08T18:34:25Z
311734,1,arjun.martinez719@btinternet.com,Arjun,Martinez,2025-08-08T19:07:59Z
311735,2,arjun.taylor754@eircom.net,Arjun,Taylor,2025-08-08T20:41:46Z
311736,4,mateo.murphy487@outlook.com,Mateo,Murphy,2025-08-08T21:32:19Z
311737,3,emma.murphy658@icloud.com,Emma,Murphy,2025-08-08T21:46:52Z
311738,4,sofia.thomas212@bigpond.com,Sofia,Thomas,2025-08-08T21:48:09Z
311739,4,priya.patel648@icloud.com,Priya,Patel,2025-08-09T00:19:17Z
311740,3,emma.jackson128@gmail.com,Emma,Jackson,2025-08-09T02:34:56Z
311741,5,leo.kelly825@gmail.com,Leo,Kelly,2025-08-09T02:48:54Z
311742,2,freya.thomas779@hotmail.co.uk,Freya,Thomas,2025-08-09T06:16:40Z
311743,1,ethan.thomas478@btinternet.com,Ethan,Thomas,2025-08-09T12:08:10Z
311744,5,siobhan.nguyen800@gmail.com,Siobhan,Nguyen,2025-08-09T18:34:24Z
311745,3,zoe.edwards739@icloud.com,Zoe,Edwards,2025-08-09T19:08:06Z
311746,2,lucas.turner622@outlook.com,Lucas,Turner,2025-08-09T21:45:45Z
311747,1,lucas.taylor908@hotmail.co.uk,Lucas,Taylor,2025-08-09T21:58:34Z
311748,4,kai.hall658@outlook.com,Kai,Hall,2025-08-10T02:30:17Z
311749,1,grace.wright97@gmail.com,Grace,Wright,2025-08-10T12:07:00Z
311750,3,liam.murphy157@yahoo.com,Liam,Murphy,2025-08-10T15:02:19Z
311751,2,charlotte.king94@gmail.com,Charlotte,King,2025-08-10T17:52:28Z
311752,2,zoe.garcia370@outlook.com,Zoe,Garcia,2025-08-10T19:22:51Z
311753,1,siobhan.martin406@btinternet.com,Siobhan,Martin,2025-08-10T21:59:25Z
311754,4,ava.wright49@bigpond.com,Ava,Wright,2025-08-10T22:55:50Z
311755,4,ella.white696@outlook.com,Ella,White,2025-08-11T06:15:30Z
311756,4,james.robinson431@icloud.com,James,Robinson,2025-08-11T08:48:47Z
311757,2,ava.wilson141@outlook.com,Ava,Wilson,2025-08-11T09:44:22Z
311758,4,ella.white916@icloud.com,Ella,White,2025-08-11T11:15:30Z
311759,4,mason.walker958@gmail.com,Mason,Walker,2025-08-11T12:24:51Z
311760,5,chloe.hill728@yahoo.com,Chloe,Hill,2025-08-11T14:58:13Z
311761,1,Conor.jones659@hotmail.co.uk,Conor,Jones,2025-08-11T17:19:39Z
311762,3,oliver.moore361@yahoo.com,Oliver,Moore,2025-08-11T19:32:26Z
311763,4,mason.obrien46@gmail.com,Mason,O'Brien,2025-08-12T05:31:21Z
311764,2,ruby.clarke534@btinternet.com,Ruby,Clarke,2025-08-12T07:27:43Z
311765,2,mia.patel32@outlook.com,Mia,Patel,2025-08-12T10:41:25Z
311766,1,liam.jackson468@gmail.com,Liam,Jackson,2025-08-12T12:31:20Z
311767,5,olivia.lewis398@aol.com,Olivia,Lewis,2025-08-12T13:44:01Z
311768,1,ella.hill561@hotmail.co.uk,Ella,Hill,2025-08-12T13:57:00Z
311769,3,aoife.wright465@gmail.com,Aoife,Wright,2025-08-12T19:19:20Z
311770,1,grace.lee104@hotmail.co.uk,Grace,Lee,2025-08-12T21:55:24Z
311771,2,leo.king102@gmail.com,Leo,King,2025-08-12T22:30:15Z
311772,2,sam.green926@eircom.net,Sam,Green,2025-08-12T22:45:38Z
311773,3,james.taylor377@gmail.com,James,Taylor,2025-08-13T01:32:16Z
311774,5,harry.walker266@aol.com,Harry,Walker,2025-08-13T02:43:40Z
311775,2,liam.wood711@btinternet.com,Liam,Wood,2025-08-13T08:40:21Z
311776,4,amelia.moore147@gmail.com,Amelia,Moore,2025-08-13T09:06:44Z
311777,2,elijah.evans332@gmail.com,Elijah,Evans,2025-08-13T11:34:40Z
311778,2,lily.obrien613@btinternet.com,Lily,O'Brien,2025-08-13T18:37:25Z
311779,2,liam.harris240@outlook.com,Liam,Harris,2025-08-13T21:14:08Z
311780,4,jack.martin502@icloud.com,Jack,Martin,2025-08-13T23:28:31Z
311781,4,lucas.jones434@outlook.com,Lucas,Jones,2025-08-14T05:38:42Z
311782,2,Emma.smith849@gmail.com,Emma,Smith,2025-08-14T08:14:36Z
311783,2,amelia.wilson710@eircom.net,Amelia,Wilson,2025-08-14T08:34:29Z
311784,1,noah.king754@outlook.com,Noah,King,2025-08-14T09:39:13Z
311785,1,ethan.walsh515@hotmail.co.uk,Ethan,Walsh,2025-08-14T14:16:34Z
311786,1,freya.king129@hotmail.co.uk,Freya,King,2025-08-14T15:11:39Z
311787,2,lucas.clarke192@hotmail.co.uk,Lucas,Clarke,2025-08-14T16:03:41Z
311788,5,james.lewis505@outlook.com,James,Lewis,2025-08-14T23:01:55Z
311789,5,arjun.hill558@gmail.com,Arjun,Hill,2025-08-15T02:11:06Z
311790,5,amelia.taylor269@aol.com,Amelia,Taylor,2025-08-15T05:27:19Z
311791,1,liam.thomas839@hotmail.co.uk,Liam,Thomas,2025-08-15T11:55:39Z
311792,3,ella.turner675@yahoo.com,Ella,Turner,2025-08-15T12:57:18Z
311793,5,chloe.davies696@aol.com,Chloe,Davies,2025-08-15T14:55:32Z
311794,2,,Ava,Patel,2025-08-15T14:58:53Z
311795,2,Harry.cooper970@btinternet.com,Harry,Cooper,2025-08-15T15:19:05Z
311796,5,elijah.martin737@gmail.com,Elijah,Martin,2025-08-15T17:20:08Z
311797,5,sofia.robinson643@outlook.com,Sofia,Robinson,2025-08-15T18:27:53Z
311798,5,sam.nguyen174@outlook.com,Sam,Nguyen,2025-08-15T21:47:20Z
311799,4,priya.brown408@gmail.com,Priya,Brown,2025-08-16T12:06:30Z
311800,5,Hannah.walsh951@yahoo.com,Hannah,Walsh,2025-08-16T14:10:40Z
311801,3,grace.johnson256@yahoo.com,Grace,Johnson,2025-08-17T00:49:21Z
311802,5,isla.jackson859@yahoo.com,Isla,Jackson,2025-08-17T01:54:02Z
311803,5,jack.patel953@outlook.com,Jack,Patel,2025-08-17T04:13:00Z
311804,4,emma.evans603@gmail.com,Emma,Evans,2025-08-17T11:28:10Z
311805,4,daniel.turner177@icloud.com,Daniel,Turner,2025-08-17T11:58:45Z
311806,3,,Ella,Jackson,2025-08-17T14:58:05Z
311807,2,ava.evans364@gmail.com,Ava,Evans,2025-08-17T15:28:26Z
311808,5,oscar.jackson651@gmail.com,Oscar,Jackson,2025-08-17T21:39:11Z
311809,5,noah.garcia916@aol.com,Noah,Garcia,2025-08-17T22:03:27Z
311810,4,sam.white832@icloud.com,Sam,White,2025-08-18T04:14:55Z
311811,3,ava.clarke648@gmail.com,Ava,Clarke,2025-08-18T18:26:23Z
311812,3,Ava.martinez413@icloud.com,Ava,Martinez,2025-08-18T19:44:05Z
311813,3,priya.king168@yahoo.com,Priya,King,2025-08-19T00:51:27Z
311814,4,grace.lewis581@bigpond.com,Grace,Lewis,2025-08-19T01:35:46Z
311815,3,Chloe.lee505@icloud.com,Chloe,Lee,2025-08-19T02:20:52Z
311816,3,conor.martinez870@yahoo.com,Conor,Martinez,2025-08-19T03:37:58Z
311817,4,ava.lee636@outlook.com,Ava,Lee,2025-08-19T09:59:37Z
311818,2,zoe.clark149@hotmail.co.uk,Zoe,Clark,2025-08-19T16:27:12Z
311819,1,,Ethan,Kelly,2025-08-19T20:28:55Z
311820,2,Siobhan.hill102@eircom.net,Siobhan,Hill,2025-08-20T10:45:03Z
311821,5,Zoe.clarke637@aol.com,Zoe,Clarke,2025-08-20T14:22:02Z
311822,5,chloe.nguyen424@icloud.com,Chloe,Nguyen,2025-08-20T15:13:52Z
311823,2,lucas.wood145@btinternet.com,Lucas,Wood,2025-08-20T15:36:53Z
311824,1,aoife.green403@hotmail.co.uk,Aoife,Green,2025-08-20T18:25:38Z
311825,3,chloe.walsh546@aol.com,Chloe,Walsh,2025-08-20T21:19:46Z
311826,2,chloe.white784@gmail.com,Chloe,White,2025-08-21T07:38:14Z
311827,1,,Amelia,Wood,2025-08-21T12:10:40Z
311828,5,lucas.obrien701@icloud.com,Lucas,O'Brien,2025-08-21T16:15:39Z
311829,5,Ruby.thompson376@aol.com,Ruby,Thompson,2025-08-21T16:25:54Z
311830,5,kai.king120@outlook.com,Kai,King,2025-08-21T17:10:55Z
311831,3,henry.white20@yahoo.com,Henry,White,2025-08-21T18:26:17Z
311832,5,ethan.cooper481@icloud.com,Ethan,Cooper,2025-08-21T21:07:28Z
311833,4,henry.wright335@outlook.com,Henry,Wright,2025-08-21T23:49:43Z
311834,5,mia.smith891@yahoo.com,Mia,Smith,2025-08-22T00:25:39Z
311835,3,,Elijah,Wright,2025-08-22T01:37:01Z
311836,4,hannah.walsh360@bigpond.com,Hannah,Walsh,2025-08-22T02:14:22Z
311837,4,harry.jackson20@outlook.com,Harry,Jackson,2025-08-22T03:12:49Z
311838,4,oscar.white884@icloud.com,Oscar,White,2025-08-22T03:56:05Z
311839,3,sam.thompson318@aol.com,Sam,Thompson,2025-08-22T04:48:33Z
311840,3,ruby.jackson637@aol.com,Ruby,Jackson,2025-08-22T13:25:03Z
311841,3,elijah.walsh898@icloud.com,Elijah,Walsh,2025-08-22T15:02:10Z
311842,2,freya.cooper731@hotmail.co.uk,Freya,Cooper,2025-08-22T17:19:03Z
311843,5,,Siobhan,Jackson,2025-08-22T20:08:07Z
311844,3,arjun.turner48@gmail.com,Arjun,Turner,2025-08-23T03:27:03Z
311845,4,daniel.wilson624@bigpond.com,Daniel,Wilson,2025-08-23T08:53:35Z
311846,1,lily.brown353@gmail.com,Lily,Brown,2025-08-23T13:19:08Z
311847,2,daniel.clarke523@eircom.net,Daniel,Clarke,2025-08-23T13:26:31Z
311848,3,ella.kelly257@icloud.com,Ella,Kelly,2025-08-23T17:08:39Z
311849,3,henry.hughes72@outlook.com,Henry,Hughes,2025-08-23T17:57:25Z
311850,5,mia.robinson76@aol.com,Mia,Robinson,2025-08-23T23:53:39Z
311851,3,sofia.martinez77@icloud.com,Sofia,Martinez,2025-08-24T00:00:22Z
311852,3,sophia.turner708@outlook.com,Sophia,Turner,2025-08-24T00:01:22Z
311853,4,liam.taylor482@bigpond.com,Liam,Taylor,2025-08-24T00:44:14Z
311854,4,mateo.wright421@bigpond.com,Mateo,Wright,2025-08-24T01:41:17Z
311855,4,olivia.jones303@gmail.com,Olivia,Jones,2025-08-24T04:36:52Z
311856,1,sophia.lewis508@btinternet.com,Sophia,Lewis,2025-08-24T06:52:37Z
311857,1,elijah.lee646@outlook.com,Elijah,Lee,2025-08-24T09:55:27Z
311858,3,Lucas.patel644@outlook.com,Lucas,Patel,2025-08-24T19:08:13Z
311859,1,charlotte.jackson949@btinternet.com,Charlotte,Jackson,2025-08-25T06:01:27Z
311860,4,chloe.hill659@icloud.com,Chloe,Hill,2025-08-25T08:04:11Z
311861,4,grace.turner537@gmail.com,Grace,Turner,2025-08-25T13:44:51Z
311862,2,mason.murphy485@outlook.com,Mason,Murphy,2025-08-25T16:32:49Z
311863,5,aoife.jackson361@outlook.com,Aoife,Jackson,2025-08-25T23:44:44Z
311864,3,leo.thompson64@icloud.com,Leo,Thompson,2025-08-26T04:06:47Z
311865,2,zoe.green666@hotmail.co.uk,Zoe,Green,2025-08-26T06:14:11Z
311866,1,freya.kelly881@eircom.net,Freya,Kelly,2025-08-26T06:32:11Z
311867,1,sophia.edwards523@btinternet.com,Sophia,Edwards,2025-08-26T15:59:39Z
311868,1,ava.smith458@eircom.net,Ava,Smith,2025-08-26T22:45:36Z
311869,3,priya.clark454@gmail.com,Priya,Clark,2025-08-26T23:07:45Z
311870,2,lily.taylor558@gmail.com,Lily,Taylor,2025-08-27T06:38:16Z
311871,1,elijah.obrien236@eircom.net,Elijah,O'Brien,2025-08-27T09:52:56Z
311872,2,olivia.harris983@outlook.com,Olivia,Harris,2025-08-27T10:42:52Z
311873,3,emma.clark33@gmail.com,Emma,Clark,2025-08-27T17:36:16Z
311874,2,maya.clarke353@outlook.com,Maya,Clarke,2025-08-27T17:43:43Z
311875,4,mateo.clarke531@bigpond.com,Mateo,Clarke,2025-08-27T22:20:05Z
311876,5,aoife.patel7@icloud.com,Aoife,Patel,2025-08-27T22:59:22Z
311877,3,lily.johnson96@gmail.com,Lily,Johnson,2025-08-28T04:59:12Z
311878,1,aoife.hall818@hotmail.co.uk,Aoife,Hall,2025-08-28T08:47:49Z
311879,6,chloe.martin733@eircom.net,Chloe,Martin,2025-08-28T09:55:36Z
311880,2,Noah.hall732@hotmail.co.uk,Noah,Hall,2025-08-28T13:38:59Z
311881,3,elijah.walker170@icloud.com,Elijah,Walker,2025-08-28T21:12:23Z
311882,3,henry.clark914@outlook.com,Henry,Clark,2025-08-29T02:53:09Z
311883,4,aoife.evans496@outlook.com,Aoife,Evans,2025-08-29T04:23:57Z
311884,2,,Oliver,Murphy,2025-08-29T06:27:00Z
311885,4,daniel.clarke188@outlook.com,Daniel,Clarke,2025-08-29T10:15:35Z
311886,4,maya.robinson83@bigpond.com,Maya,Robinson,2025-08-29T12:44:11Z
311887,3,Amelia.davies101@icloud.com,Amelia,Davies,2025-08-29T13:24:28Z
311888,3,conor.king149@gmail.com,Conor,King,2025-08-29T13:41:05Z
311889,3,kai.obrien839@outlook.com,Kai,O'Brien,2025-08-29T13:50:44Z
311890,2,daniel.walker372@hotmail.co.uk,Daniel,Walker,2025-08-29T22:15:31Z
311891,3,amelia.walker67@yahoo.com,Amelia,Walker,2025-08-30T04:31:04Z
311892,4,amelia.martinez580@outlook.com,Amelia,Martinez,2025-08-30T06:09:32Z
311893,1,liam.walsh512@eircom.net,Liam,Walsh,2025-08-30T07:27:50Z
311894,2,zoe.jones43@outlook.com,Zoe,Jones,2025-08-30T09:44:53Z
311895,3,emma.evans688@icloud.com,Emma,Evans,2025-08-30T12:39:53Z
311896,1,hannah.jones836@gmail.com,Hannah,Jones,2025-08-30T12:58:09Z
311897,5,leo.martin67@icloud.com,Leo,Martin,2025-08-30T16:50:57Z
311898,1,sophia.hill436@outlook.com,Sophia,Hill,2025-08-30T20:09:30Z
311899,4,kai.wood323@gmail.com,Kai,Wood,2025-08-31T04:18:59Z
311900,1,Emma.hughes81@eircom.net,Emma,Hughes,2025-08-31T07:47:07Z
311901,5,mia.hill907@yahoo.com,Mia,Hill,2025-08-31T13:18:03Z
311902,1,mia.brown161@hotmail.co.uk,Mia,Brown,2025-08-31T22:17:42Z
311903,5,isla.hall111@yahoo.com,Isla,Hall,2025-08-31T23:09:50Z
311904,4,ava.thompson934@gmail.com,Ava,Thompson,2025-09-01T08:49:47Z
311905,2,Siobhan.nguyen341@eircom.net,Siobhan,Nguyen,2025-09-01T10:36:02Z
311906,1,daniel.moore943@hotmail.co.uk,Daniel,Moore,2025-09-01T13:48:16Z
311907,6,sam.cooper678@hotmail.co.uk,Sam,Cooper,2025-09-01T16:37:41Z
311908,5,Sophia.walker424@icloud.com,Sophia,Walker,2025-09-01T20:10:30Z
311909,5,charlotte.jones44@icloud.com,Charlotte,Jones,2025-09-02T02:26:32Z
311910,4,lily.obrien322@icloud.com,Lily,O'Brien,2025-09-02T04:22:45Z
311911,4,chloe.king111@bigpond.com,Chloe,King,2025-09-02T12:56:15Z
311912,3,oliver.clarke327@outlook.com,Oliver,Clarke,2025-09-02T17:21:29Z
311913,3,ethan.kelly979@gmail.com,Ethan,Kelly,2025-09-02T18:28:56Z
311914,5,ethan.white394@icloud.com,Ethan,White,2025-09-03T00:18:34Z
311915,4,james.turner837@bigpond.com,James,Turner,2025-09-03T01:50:44Z
311916,2,,Freya,Hughes,2025-09-03T06:44:15Z
311917,2,olivia.obrien237@hotmail.co.uk,Olivia,O'Brien,2025-09-03T10:08:14Z
311918,2,ella.turner399@hotmail.co.uk,Ella,Turner,2025-09-03T11:01:03Z
311919,2,mia.obrien906@gmail.com,Mia,O'Brien,2025-09-03T11:05:04Z
311920,1,Grace.smith254@eircom.net,Grace,Smith,2025-09-03T12:45:37Z
311921,5,elijah.robinson99@yahoo.com,Elijah,Robinson,2025-09-03T13:02:33Z
311922,6,lily.brown862@gmail.com,Lily,Brown,2025-09-03T13:28:02Z
311923,3,sophia.patel644@icloud.com,Sophia,Patel,2025-09-03T14:32:11Z
311924,3,Harry.garcia132@yahoo.com,Harry,Garcia,2025-09-03T14:34:18Z
311925,1,hannah.lewis677@outlook.com,Hannah,Lewis,2025-09-03T21:17:32Z
311926,3,ruby.wright26@icloud.com,Ruby,Wright,2025-09-04T18:05:49Z
311927,1,Chloe.turner694@btinternet.com,Chloe,Turner,2025-09-05T06:44:07Z
311928,1,olivia.smith508@eircom.net,Olivia,Smith,2025-09-05T09:28:42Z
311929,6,olivia.hill578@hotmail.co.uk,Olivia,Hill,2025-09-05T09:39:07Z
311930,6,grace.cooper523@outlook.com,Grace,Cooper,2025-09-05T11:29:08Z
311931,3,elijah.smith39@aol.com,Elijah,Smith,2025-09-05T13:29:55Z
311932,3,aoife.evans12@aol.com,Aoife,Evans,2025-09-05T17:22:11Z
311933,5,oscar.thomas568@yahoo.com,Oscar,Thomas,2025-09-05T18:24:29Z
311934,2,liam.wright1@outlook.com,Liam,Wright,2025-09-06T09:58:52Z
311935,1,freya.garcia654@eircom.net,Freya,Garcia,2025-09-06T12:07:04Z
311936,2,mateo.walker775@btinternet.com,Mateo,Walker,2025-09-06T18:46:56Z
311937,6,sophia.kelly347@btinternet.com,Sophia,Kelly,2025-09-06T19:09:13Z
311938,2,mason.johnson34@outlook.com,Mason,Johnson,2025-09-06T20:56:41Z
311939,1,amelia.jones416@eircom.net,Amelia,Jones,2025-09-06T21:11:30Z
311940,2,mia.cooper164@gmail.com,Mia,Cooper,2025-09-06T21:49:16Z
311941,3,ruby.turner809@icloud.com,Ruby,Turner,2025-09-07T03:37:14Z
311942,2,siobhan.wilson170@hotmail.co.uk,Siobhan,Wilson,2025-09-07T11:02:39Z
311943,5,henry.martinez17@outlook.com,Henry,Martinez,2025-09-07T14:24:07Z
311944,2,none@none.com,Olivia,Jones,2025-09-07T18:30:18Z
311945,1,Sam.garcia100@btinternet.com,Sam,Garcia,2025-09-07T20:50:19Z
311946,3,isla.davies732@aol.com,Isla,Davies,2025-09-08T02:15:53Z
311947,4,leo.hill842@bigpond.com,Leo,Hill,2025-09-08T02:20:56Z
311948,5,amelia.kelly386@yahoo.com,Amelia,Kelly,2025-09-08T02:35:47Z
311949,5,ethan.kelly512@aol.com,Ethan,Kelly,2025-09-08T04:00:20Z
311950,2,isla.edwards317@hotmail.co.uk,Isla,Edwards,2025-09-08T20:38:19Z
311951,3,isla.robinson563@yahoo.com,Isla,Robinson,2025-09-08T22:58:30Z
311952,3,arjun.johnson959@outlook.com,Arjun,Johnson,2025-09-09T13:09:35Z
311953,3,conor.turner338@gmail.com,Conor,Turner,2025-09-09T13:54:47Z
311954,5,sam.jones936@icloud.com,Sam,Jones,2025-09-09T15:17:29Z
311955,5,james.jones922@yahoo.com,James,Jones,2025-09-09T15:49:45Z
311956,3,,Aoife,Lee,2025-09-09T19:09:44Z
311957,3,siobhan.hall393@gmail.com,Siobhan,Hall,2025-09-09T19:42:17Z
311958,1,oscar.williams668@btinternet.com,Oscar,Williams,2025-09-10T07:28:08Z
311959,4,noah.hill380@gmail.com,Noah,Hill,2025-09-10T10:51:41Z
311960,1,leo.green988@btinternet.com,Leo,Green,2025-09-10T11:54:26Z
311961,1,,Grace,Williams,2025-09-10T18:21:12Z
311962,4,mason.cooper315@gmail.com,Mason,Cooper,2025-09-11T02:01:31Z
311963,4,ella.walker218@bigpond.com,Ella,Walker,2025-09-11T02:27:45Z
311964,1,sophia.smith440@hotmail.co.uk,Sophia,Smith,2025-09-11T10:42:22Z
311965,2,hannah.clarke436@outlook.com,Hannah,Clarke,2025-09-11T10:56:37Z
311966,5,emma.wright926@icloud.com,Emma,Wright,2025-09-11T19:03:56Z
311967,6,mateo.kelly337@gmail.com,Mateo,Kelly,2025-09-11T20:47:28Z
311968,3,amelia.clarke248@aol.com,Amelia,Clarke,2025-09-11T20:59:22Z
311969,5,ruby.evans566@gmail.com,Ruby,Evans,2025-09-12T05:08:52Z
311970,4,henry.walker465@outlook.com,Henry,Walker,2025-09-12T07:29:10Z
311971,1,daniel.davies80@eircom.net,Daniel,Davies,2025-09-12T11:14:04Z
311972,3,mia.thompson674@yahoo.com,Mia,Thompson,2025-09-12T14:37:18Z
311973,1,mateo.hill890@hotmail.co.uk,Mateo,Hill,2025-09-12T17:30:13Z
311974,4,arjun.garcia634@outlook.com,Arjun,Garcia,2025-09-13T04:40:46Z
311975,4,henry.turner723@bigpond.com,Henry,Turner,2025-09-13T11:52:42Z
311976,1,priya.edwards527@gmail.com,Priya,Edwards,2025-09-13T14:55:34Z
311977,2,leo.clark421@eircom.net,Leo,Clark,2025-09-13T19:08:02Z
311978,4,james.smith755@icloud.com,James,Smith,2025-09-14T03:51:46Z
311979,5,ethan.clarke100@outlook.com,Ethan,Clarke,2025-09-14T04:35:35Z
311980,5,olivia.walsh886@gmail.com,Olivia,Walsh,2025-09-14T04:59:02Z
311981,4,daniel.king208@outlook.com,Daniel,King,2025-09-14T09:22:10Z
311982,3,harry.taylor360@outlook.com,Harry,Taylor,2025-09-14T12:34:17Z
311983,1,elijah.wood790@gmail.com,Elijah,Wood,2025-09-14T22:40:06Z
311984,5,noah.hall219@aol.com,Noah,Hall,2025-09-14T22:48:15Z
311985,5,emma.obrien909@outlook.com,Emma,O'Brien,2025-09-15T03:32:40Z
311986,4,leo.hughes736@bigpond.com,Leo,Hughes,2025-09-15T11:07:16Z
311987,2,sam.edwards446@eircom.net,Sam,Edwards,2025-09-15T14:51:55Z
311988,2,jack.wright63@btinternet.com,Jack,Wright,2025-09-15T18:07:22Z
311989,3,Mia.clarke109@gmail.com,Mia,Clarke,2025-09-15T21:57:18Z
311990,1,priya.wilson502@eircom.net,Priya,Wilson,2025-09-16T06:33:26Z
311991,4,oliver.lewis271@icloud.com,Oliver,Lewis,2025-09-16T07:03:46Z
311992,5,ella.martinez688@outlook.com,Ella,Martinez,2025-09-16T14:14:21Z
311993,2,sofia.taylor812@hotmail.co.uk,Sofia,Taylor,2025-09-16T20:42:44Z
311994,5,lucas.garcia220@gmail.com,Lucas,Garcia,2025-09-17T00:01:44Z
311995,3,sam.turner102@outlook.com,Sam,Turner,2025-09-17T00:53:51Z
311996,3,sophia.walsh867@yahoo.com,Sophia,Walsh,2025-09-17T02:50:00Z
311997,2,emma.hall155@hotmail.co.uk,Emma,Hall,2025-09-18T08:53:59Z
311998,1,ruby.jackson777@hotmail.co.uk,Ruby,Jackson,2025-09-18T11:08:32Z
311999,2,lucas.brown57@hotmail.co.uk,Lucas,Brown,2025-09-18T12:20:56Z
312000,3,grace.edwards954@gmail.com,Grace,Edwards,2025-09-18T20:54:41Z
312001,3,leo.hall305@gmail.com,Leo,Hall,2025-09-19T04:03:01Z
312002,3,sam.clark389@outlook.com,Sam,Clark,2025-09-19T04:27:33Z
312003,2,elijah.brown836@btinternet.com,Elijah,Brown,2025-09-19T08:32:49Z
312004,2,maya.hughes945@gmail.com,Maya,Hughes,2025-09-19T17:22:30Z
312005,3,leo.kelly825@gmail.com,Leo,Kelly,2025-09-19T18:24:09Z
312006,1,freya.martin475@outlook.com,Freya,Martin,2025-09-19T21:57:50Z
312007,5,daniel.taylor490@aol.com,Daniel,Taylor,2025-09-20T02:18:14Z
312008,3,arjun.walsh371@icloud.com,Arjun,Walsh,2025-09-20T12:50:28Z
312009,5,grace.jones848@aol.com,Grace,Jones,2025-09-21T00:37:31Z
312010,6,ella.martin393@hotmail.co.uk,Ella,Martin,2025-09-21T07:33:31Z
312011,2,arjun.smith204@hotmail.co.uk,Arjun,Smith,2025-09-21T08:54:51Z
312012,1,jack.taylor939@gmail.com,Jack,Taylor,2025-09-22T07:58:07Z
312013,5,james.jackson150@icloud.com,James,Jackson,2025-09-22T13:53:09Z
312014,4,ella.cooper756@gmail.com,Ella,Cooper,2025-09-22T23:50:14Z
312015,4,siobhan.cooper190@outlook.com,Siobhan,Cooper,2025-09-23T05:16:54Z
312016,4,freya.edwards179@icloud.com,Freya,Edwards,2025-09-23T05:23:17Z
312017,2,jack.smith558@eircom.net,Jack,Smith,2025-09-23T06:21:19Z
312018,4,lucas.taylor506@bigpond.com,Lucas,Taylor,2025-09-23T08:40:33Z
312019,4,siobhan.thomas212@bigpond.com,Siobhan,Thomas,2025-09-23T12:39:18Z
312020,2,Lily.clark14@hotmail.co.uk,Lily,Clark,2025-09-23T13:28:53Z
312021,3,olivia.jackson343@yahoo.com,Olivia,Jackson,2025-09-23T17:14:09Z
312022,1,liam.hall757@hotmail.co.uk,Liam,Hall,2025-09-23T17:35:27Z
312023,5,leo.jones295@gmail.com,Leo,Jones,2025-09-24T00:14:22Z
312024,3,elijah.smith568@yahoo.com,Elijah,Smith,2025-09-24T01:33:17Z
312025,4,Sofia.smith105@outlook.com,Sofia,Smith,2025-09-24T02:09:44Z
312026,2,Sofia.harris271@hotmail.co.uk,Sofia,Harris,2025-09-24T06:57:03Z
312027,4,lucas.murphy697@icloud.com,Lucas,Murphy,2025-09-24T11:04:01Z
312028,6,noah.martin857@btinternet.com,Noah,Martin,2025-09-24T13:42:51Z
312029,3,henry.clark146@outlook.com,Henry,Clark,2025-09-24T17:56:19Z
312030,3,priya.jackson692@aol.com,Priya,Jackson,2025-09-24T20:08:59Z
312031,3,ethan.walsh646@yahoo.com,Ethan,Walsh,2025-09-25T02:23:39Z
312032,4,,Aoife,Hughes,2025-09-25T09:38:21Z
312033,1,leo.walker536@hotmail.co.uk,Leo,Walker,2025-09-25T10:02:26Z
312034,5,zoe.murphy743@icloud.com,Zoe,Murphy,2025-09-25T13:53:44Z
312035,3,james.martin694@gmail.com,James,Martin,2025-09-25T16:42:32Z
312036,2,ethan.evans886@outlook.com,Ethan,Evans,2025-09-25T17:15:39Z
312037,1,zoe.davies818@btinternet.com,Zoe,Davies,2025-09-25T18:10:47Z
312038,2,hannah.walker226@hotmail.co.uk,Hannah,Walker,2025-09-25T19:14:37Z
312039,2,ella.cooper407@btinternet.com,Ella,Cooper,2025-09-26T06:09:54Z
312040,2,oscar.hill620@outlook.com,Oscar,Hill,2025-09-26T06:48:30Z
312041,2,mateo.hughes299@gmail.com,Mateo,Hughes,2025-09-26T08:35:55Z
312042,1,isla.thompson106@outlook.com,Isla,Thompson,2025-09-26T10:41:22Z
312043,2,ava.green329@eircom.net,Ava,Green,2025-09-26T18:06:50Z
312044,5,jack.obrien536@gmail.com,Jack,O'Brien,2025-09-26T21:23:07Z
312045,3,Sam.nguyen174@outlook.com,Sam,Nguyen,2025-09-26T21:30:03Z
312046,4,maya.martin470@icloud.com,Maya,Martin,2025-09-26T22:44:34Z
312047,2,sam.thompson690@outlook.com,Sam,Thompson,2025-09-27T12:17:53Z
312048,3,arjun.hill903@outlook.com,Arjun,Hill,2025-09-27T14:48:20Z
312049,3,leo.kelly442@aol.com,Leo,Kelly,2025-09-27T15:23:09Z
312050,1,freya.patel833@eircom.net,Freya,Patel,2025-09-27T15:32:20Z
312051,4,grace.cooper564@outlook.com,Grace,Cooper,2025-09-27T21:49:00Z
312052,2,lily.brown854@btinternet.com,Lily,Brown,2025-09-28T09:53:57Z
312053,1,grace.hall266@eircom.net,Grace,Hall,2025-09-28T12:59:29Z
312054,4,Amelia.martin905@outlook.com,Amelia,Martin,2025-09-28T13:18:21Z
312055,3,conor.nguyen239@yahoo.com,Conor,Nguyen,2025-09-28T13:19:28Z
312056,2,isla.patel763@hotmail.co.uk,Isla,Patel,2025-09-28T14:00:53Z
312057,2,oscar.lewis670@outlook.com,Oscar,Lewis,2025-09-28T15:36:36Z
312058,3,Zoe.martinez589@outlook.com,Zoe,Martinez,2025-09-28T22:36:07Z
312059,2,daniel.jackson484@btinternet.com,Daniel,Jackson,2025-09-28T22:42:49Z
312060,4,Ruby.murphy985@gmail.com,Ruby,Murphy,2025-09-28T23:41:05Z
312061,4,arjun.evans820@outlook.com,Arjun,Evans,2025-09-29T03:01:00Z
312062,4,ethan.johnson34@bigpond.com,Ethan,Johnson,2025-09-29T05:33:28Z
312063,1,priya.nguyen967@outlook.com,Priya,Nguyen,2025-09-29T07:01:38Z
312064,2,leo.green350@gmail.com,Leo,Green,2025-09-29T08:53:32Z
312065,1,chloe.jackson391@outlook.com,Chloe,Jackson,2025-09-29T10:53:21Z
312066,5,sophia.hall919@aol.com,Sophia,Hall,2025-09-29T15:05:00Z
312067,2,chloe.jackson391@outlook.com,Chloe,Jackson,2025-09-29T18:04:30Z
312068,4,mia.clarke100@gmail.com,Mia,Clarke,2025-09-29T21:51:27Z
312069,2,ella.cooper38@outlook.com,Ella,Cooper,2025-09-30T12:45:36Z
312070,3,,Sophia,O'Brien,2025-09-30T12:52:20Z
312071,1,james.green381@gmail.com,James,Green,2025-09-30T13:16:28Z
312072,3,conor.wright810@aol.com,Conor,Wright,2025-09-30T17:22:26Z
312073,5,leo.thompson212@yahoo.com,Leo,Thompson,2025-09-30T20:26:03Z
312074,3,conor.walsh297@icloud.com,Conor,Walsh,2025-09-30T21:25:58Z
312075,3,leo.clarke932@icloud.com,Leo,Clarke,2025-09-30T23:53:17Z
312076,3,,Mateo,Brown,2025-10-01T01:44:40Z
312077,4,liam.martinez796@icloud.com,Liam,Martinez,2025-10-01T09:03:22Z
312078,1,,Hannah,Davies,2025-10-01T12:21:40Z
312079,3,ella.taylor228@aol.com,Ella,Taylor,2025-10-01T16:27:52Z
312080,3,emma.jackson712@yahoo.com,Emma,Jackson,2025-10-01T20:10:18Z
312081,2,daniel.walsh311@outlook.com,Daniel,Walsh,2025-10-01T21:50:48Z
312082,3,sophia.thomas321@outlook.com,Sophia,Thomas,2025-10-01T22:22:50Z
312083,3,conor.kelly641@aol.com,Conor,Kelly,2025-10-02T03:56:58Z
312084,3,chloe.king494@yahoo.com,Chloe,King,2025-10-02T04:21:40Z
312085,1,freya.white238@outlook.com,Freya,White,2025-10-02T11:28:06Z
312086,2,isla.murphy47@hotmail.co.uk,Isla,Murphy,2025-10-02T13:19:57Z
312087,2,ella.obrien275@eircom.net,Ella,O'Brien,2025-10-02T14:35:07Z
312088,5,henry.king358@outlook.com,Henry,King,2025-10-02T16:37:45Z
312089,4,Oliver.williams636@bigpond.com,Oliver,Williams,2025-10-02T21:14:23Z
312090,4,mia.walsh74@gmail.com,Mia,Walsh,2025-10-03T03:11:23Z
312091,5,Leo.williams723@icloud.com,Leo,Williams,2025-10-03T05:21:55Z
312092,3,freya.davies431@gmail.com,Freya,Davies,2025-10-03T12:48:44Z
312093,2,grace.moore951@outlook.com,Grace,Moore,2025-10-03T14:01:42Z
312094,5,aoife.taylor268@yahoo.com,Aoife,Taylor,2025-10-03T15:43:46Z
312095,1,daniel.jackson785@btinternet.com,Daniel,Jackson,2025-10-03T17:48:56Z
312096,5,liam.harris706@gmail.com,Liam,Harris,2025-10-03T19:05:40Z
312097,5,freya.hill912@outlook.com,Freya,Hill,2025-10-03T20:23:46Z
312098,4,lucas.smith690@gmail.com,Lucas,Smith,2025-10-03T22:05:46Z
312099,4,Conor.brown573@bigpond.com,Conor,Brown,2025-10-03T23:55:24Z
312100,5,Olivia.smith456@gmail.com,Olivia,Smith,2025-10-04T02:45:28Z
312101,4,daniel.wright34@icloud.com,Daniel,Wright,2025-10-04T07:04:49Z
312102,2,liam.jones261@eircom.net,Liam,Jones,2025-10-04T11:33:29Z
312103,5,grace.patel942@aol.com,Grace,Patel,2025-10-04T14:05:09Z
312104,5,,Sofia,Wright,2025-10-04T18:20:00Z
312105,5,sofia.martin724@outlook.com,Sofia,Martin,2025-10-04T19:50:50Z
312106,3,charlotte.nguyen877@gmail.com,Charlotte,Nguyen,2025-10-05T01:17:40Z
312107,3,zoe.wright222@yahoo.com,Zoe,Wright,2025-10-05T01:44:13Z
312108,3,,Lucas,Nguyen,2025-10-05T04:03:11Z
312109,4,isla.green249@icloud.com,Isla,Green,2025-10-05T04:57:16Z
312110,4,leo.wood840@bigpond.com,Leo,Wood,2025-10-05T20:53:43Z
312111,6,oscar.clarke168@outlook.com,Oscar,Clarke,2025-10-05T22:22:31Z
312112,5,Kai.kelly947@gmail.com,Kai,Kelly,2025-10-05T22:43:08Z
312113,4,freya.thompson337@bigpond.com,Freya,Thompson,2025-10-06T11:32:21Z
312114,1,leo.king565@gmail.com,Leo,King,2025-10-06T18:37:41Z
312115,4,priya.lewis229@icloud.com,Priya,Lewis,2025-10-07T01:46:31Z
312116,5,harry.thompson12@aol.com,Harry,Thompson,2025-10-07T02:57:10Z
312117,3,priya.patel153@outlook.com,Priya,Patel,2025-10-07T04:46:55Z
312118,6,oscar.king794@eircom.net,Oscar,King,2025-10-07T09:37:54Z
312119,1,conor.hughes587@btinternet.com,Conor,Hughes,2025-10-07T14:22:48Z
312120,5,aoife.martin927@gmail.com,Aoife,Martin,2025-10-07T14:55:42Z
312121,1,maya.wilson855@eircom.net,Maya,Wilson,2025-10-07T15:00:32Z
312122,5,olivia.smith960@icloud.com,Olivia,Smith,2025-10-07T16:53:15Z
312123,3,lucas.cooper393@icloud.com,Lucas,Cooper,2025-10-07T19:43:20Z
312124,4,daniel.obrien759@bigpond.com,Daniel,O'Brien,2025-10-07T22:55:46Z
312125,4,ava.moore990@gmail.com,Ava,Moore,2025-10-08T02:53:04Z
312126,2,mateo.cooper137@hotmail.co.uk,Mateo,Cooper,2025-10-08T06:22:20Z
312127,2,noah.murphy888@btinternet.com,Noah,Murphy,2025-10-08T07:23:29Z
312128,2,arjun.jackson997@gmail.com,Arjun,Jackson,2025-10-08T08:23:58Z
312129,1,Lucas.smith715@eircom.net,Lucas,Smith,2025-10-08T11:49:06Z
312130,3,hannah.white333@icloud.com,Hannah,White,2025-10-08T12:34:52Z
312131,2,amelia.taylor550@outlook.com,Amelia,Taylor,2025-10-08T13:25:05Z
312132,2,emma.wilson896@btinternet.com,Emma,Wilson,2025-10-08T17:18:04Z
312133,4,siobhan.evans504@icloud.com,Siobhan,Evans,2025-10-08T20:28:39Z
312134,2,Chloe.taylor723@btinternet.com,Chloe,Taylor,2025-10-08T21:30:40Z
312135,1,elijah.evans436@eircom.net,Elijah,Evans,2025-10-08T22:07:06Z
312136,3,ethan.clark786@aol.com,Ethan,Clark,2025-10-09T01:56:50Z
312137,3,sam.wood243@yahoo.com,Sam,Wood,2025-10-09T02:47:19Z
312138,1,ava.walsh212@gmail.com,Ava,Walsh,2025-10-09T06:18:31Z
312139,4,ethan.cooper426@bigpond.com,Ethan,Cooper,2025-10-09T10:00:46Z
312140,2,sofia.cooper962@hotmail.co.uk,Sofia,Cooper,2025-10-09T12:15:43Z
312141,2,sam.walker842@outlook.com,Sam,Walker,2025-10-09T16:44:52Z
312142,4,isla.williams217@gmail.com,Isla,Williams,2025-10-10T06:55:29Z
312143,2,zoe.walker844@eircom.net,Zoe,Walker,2025-10-10T08:47:14Z
312144,4,Ethan.robinson357@icloud.com,Ethan,Robinson,2025-10-10T11:47:00Z
312145,4,Freya.brown716@bigpond.com,Freya,Brown,2025-10-10T12:58:31Z
312146,5,harry.king821@icloud.com,Harry,King,2025-10-10T17:03:53Z
312147,5,kai.white371@gmail.com,Kai,White,2025-10-10T17:03:58Z
312148,1,lucas.green619@gmail.com,Lucas,Green,2025-10-10T19:15:55Z
312149,2,siobhan.walker777@btinternet.com,Siobhan,Walker,2025-10-10T20:06:09Z
312150,2,amelia.wright917@hotmail.co.uk,Amelia,Wright,2025-10-10T20:08:28Z
312151,1,kai.wilson877@eircom.net,Kai,Wilson,2025-10-10T20:51:10Z
312152,1,zoe.brown950@eircom.net,Zoe,Brown,2025-10-10T21:39:08Z
312153,3,Daniel.walker357@icloud.com,Daniel,Walker,2025-10-11T02:12:33Z
312154,4,zoe.wood650@outlook.com,Zoe,Wood,2025-10-11T03:03:18Z
312155,1,ava.brown564@hotmail.co.uk,Ava,Brown,2025-10-11T07:02:26Z
312156,2,,Zoe,Lee,2025-10-11T07:33:48Z
312157,1,jack.jones806@hotmail.co.uk,Jack,Jones,2025-10-11T09:27:05Z
312158,5,elijah.king802@yahoo.com,Elijah,King,2025-10-11T15:47:39Z
312159,1,Mia.clarke913@outlook.com,Mia,Clarke,2025-10-11T18:23:59Z
312160,5,ava.hughes428@yahoo.com,Ava,Hughes,2025-10-11T20:19:39Z
312161,1,James.lewis271@eircom.net,James,Lewis,2025-10-12T08:57:42Z
312162,1,hannah.clarke102@eircom.net,Hannah,Clarke,2025-10-12T20:51:34Z
312163,3,conor.king792@aol.com,Conor,King,2025-10-13T00:36:26Z
312164,1,charlotte.davies168@eircom.net,Charlotte,Davies,2025-10-13T07:47:51Z
312165,1,hannah.cooper742@gmail.com,Hannah,Cooper,2025-10-13T09:33:39Z
312166,1,liam.walker274@eircom.net,Liam,Walker,2025-10-13T17:02:58Z
312167,3,ava.johnson127@yahoo.com,Ava,Johnson,2025-10-13T20:43:44Z
312168,1,lucas.clarke760@outlook.com,Lucas,Clarke,2025-10-13T21:50:05Z
312169,4,siobhan.williams353@outlook.com,Siobhan,Williams,2025-10-14T01:24:17Z
312170,5,oliver.lewis655@yahoo.com,Oliver,Lewis,2025-10-14T03:13:49Z
312171,4,ava.white60@icloud.com,Ava,White,2025-10-14T07:56:15Z
312172,3,Freya.smith320@gmail.com,Freya,Smith,2025-10-14T12:00:27Z
312173,3,hannah.jones215@outlook.com,Hannah,Jones,2025-10-14T19:29:51Z
312174,2,leo.clark71@outlook.com,Leo,Clark,2025-10-14T22:46:55Z
312175,3,sam.thompson382@outlook.com,Sam,Thompson,2025-10-15T01:01:11Z
312176,5,Maya.clark520@outlook.com,Maya,Clark,2025-10-15T03:24:03Z
312177,5,ruby.nguyen466@yahoo.com,Ruby,Nguyen,2025-10-15T05:49:53Z
312178,2,chloe.king842@eircom.net,Chloe,King,2025-10-15T11:00:13Z
312179,2,harry.davies300@outlook.com,Harry,Davies,2025-10-15T11:13:40Z
312180,5,aoife.johnson780@outlook.com,Aoife,Johnson,2025-10-15T15:15:46Z
312181,1,Lily.king452@outlook.com,Lily,King,2025-10-15T18:43:51Z
312182,5,lucas.nguyen504@outlook.com,Lucas,Nguyen,2025-10-15T19:17:28Z
312183,2,Ava.kelly942@btinternet.com,Ava,Kelly,2025-10-15T21:43:27Z
312184,2,mason.lewis144@hotmail.co.uk,Mason,Lewis,2025-10-16T10:34:49Z
312185,1,Conor.martinez745@hotmail.co.uk,Conor,Martinez,2025-10-16T14:29:30Z
312186,3,,Jack,Lee,2025-10-16T20:31:37Z
312187,2,noah.johnson193@gmail.com,Noah,Johnson,2025-10-16T21:05:43Z
312188,3,sam.garcia457@aol.com,Sam,Garcia,2025-10-16T21:45:46Z
312189,5,,Priya,Thompson,2025-10-17T02:16:56Z
312190,2,daniel.hill440@outlook.com,Daniel,Hill,2025-10-17T09:36:32Z
312191,2,ethan.jackson284@eircom.net,Ethan,Jackson,2025-10-17T14:08:40Z
312192,5,siobhan.brown442@outlook.com,Siobhan,Brown,2025-10-17T18:05:27Z
312193,4,lily.obrien698@icloud.com,Lily,O'Brien,2025-10-17T20:04:19Z
312194,5,freya.hill703@outlook.com,Freya,Hill,2025-10-17T21:57:12Z
312195,1,lily.hall82@hotmail.co.uk,Lily,Hall,2025-10-18T12:05:37Z
312196,4,conor.walker322@outlook.com,Conor,Walker,2025-10-19T00:54:25Z
312197,1,lucas.harris591@btinternet.com,Lucas,Harris,2025-10-19T06:43:14Z
312198,2,sofia.taylor192@hotmail.co.uk,Sofia,Taylor,2025-10-19T13:39:20Z
312199,1,zoe.walsh6@eircom.net,Zoe,Walsh,2025-10-19T16:01:33Z
312200,3,,Leo,Martinez,2025-10-19T16:35:32Z
312201,1,kai.white354@gmail.com,Kai,White,2025-10-19T19:05:03Z
312202,3,freya.hughes586@gmail.com,Freya,Hughes,2025-10-20T00:31:38Z
312203,3,charlotte.cooper559@outlook.com,Charlotte,Cooper,2025-10-20T00:58:10Z
312204,2,amelia.robinson298@hotmail.co.uk,Amelia,Robinson,2025-10-20T15:35:54Z
312205,3,james.walker76@aol.com,James,Walker,2025-10-21T01:16:06Z
312206,5,mia.wilson737@yahoo.com,Mia,Wilson,2025-10-21T04:41:27Z
312207,1,,Ella,Hall,2025-10-21T14:46:16Z
312208,2,arjun.nguyen300@hotmail.co.uk,Arjun,Nguyen,2025-10-21T16:45:11Z
312209,2,oliver.davies624@eircom.net,Oliver,Davies,2025-10-21T17:34:47Z
312210,3,jack.nguyen181@gmail.com,Jack,Nguyen,2025-10-21T21:00:53Z
312211,4,james.murphy471@outlook.com,James,Murphy,2025-10-22T01:37:40Z
312212,4,ava.martinez473@outlook.com,Ava,Martinez,2025-10-22T01:57:41Z
312213,1,elijah.wilson418@btinternet.com,Elijah,Wilson,2025-10-22T09:35:41Z
312214,1,ethan.taylor874@outlook.com,Ethan,Taylor,2025-10-22T10:57:00Z
312215,5,Ethan.taylor854@outlook.com,Ethan,Taylor,2025-10-22T15:06:45Z
312216,5,ethan.martinez382@yahoo.com,Ethan,Martinez,2025-10-22T15:12:30Z
312217,2,arjun.wilson951@outlook.com,Arjun,Wilson,2025-10-22T20:19:05Z
312218,4,aoife.moore629@gmail.com,Aoife,Moore,2025-10-23T04:41:07Z
312219,4,mateo.robinson934@outlook.com,Mateo,Robinson,2025-10-23T04:41:21Z
312220,1,hannah.clark331@hotmail.co.uk,Hannah,Clark,2025-10-23T08:25:32Z
312221,4,Mia.cooper532@bigpond.com,Mia,Cooper,2025-10-23T08:28:52Z
312222,5,ella.johnson153@yahoo.com,Ella,Johnson,2025-10-23T14:31:44Z
312223,5,lily.thompson801@aol.com,Lily,Thompson,2025-10-23T18:35:06Z
312224,3,lucas.robinson363@icloud.com,Lucas,Robinson,2025-10-23T22:53:54Z
312225,3,priya.edwards892@outlook.com,Priya,Edwards,2025-10-24T00:21:00Z
312226,4,James.clarke476@outlook.com,James,Clarke,2025-10-24T20:38:46Z
312227,3,Daniel.smith877@icloud.com,Daniel,Smith,2025-10-25T00:24:02Z
312228,3,sam.thompson365@gmail.com,Sam,Thompson,2025-10-25T04:45:46Z
312229,2,ethan.clarke979@gmail.com,Ethan,Clarke,2025-10-25T06:10:21Z
312230,1,emma.wright462@btinternet.com,Emma,Wright,2025-10-25T06:31:21Z
312231,1,,Olivia,Taylor,2025-10-25T14:09:54Z
312232,1,oliver.turner151@eircom.net,Oliver,Turner,2025-10-25T21:14:49Z
312233,4,harry.martinez952@gmail.com,Harry,Martinez,2025-10-26T00:04:49Z
312234,1,oscar.turner933@hotmail.co.uk,Oscar,Turner,2025-10-26T10:51:35Z
312235,1,jack.hall177@eircom.net,Jack,Hall,2025-10-26T12:00:51Z
312236,6,ruby.garcia782@outlook.com,Ruby,Garcia,2025-10-26T18:45:45Z
312237,3,Sofia.nguyen498@outlook.com,Sofia,Nguyen,2025-10-26T20:28:21Z
312238,4,,Mia,Jackson,2025-10-27T01:24:24Z
312239,2,Ava.harris282@gmail.com,Ava,Harris,2025-10-27T14:05:43Z
312240,2,liam.brown650@gmail.com,Liam,Brown,2025-10-27T14:16:24Z
312241,5,Oscar.clarke130@outlook.com,Oscar,Clarke,2025-10-27T16:36:29Z
312242,4,emma.taylor949@icloud.com,Emma,Taylor,2025-10-27T23:43:17Z
312243,1,amelia.turner823@btinternet.com,Amelia,Turner,2025-10-28T15:25:05Z
312244,5,hannah.turner74@yahoo.com,Hannah,Turner,2025-10-28T15:42:39Z
312245,1,harry.hall882@outlook.com,Harry,Hall,2025-10-28T17:01:00Z
312246,2,leo.hall982@gmail.com,Leo,Hall,2025-10-28T18:16:19Z
312247,1,jack.jones694@btinternet.com,Jack,Jones,2025-10-28T20:45:42Z
312248,2,priya.wilson408@hotmail.co.uk,Priya,Wilson,2025-10-28T22:54:32Z
312249,4,emma.walker265@outlook.com,Emma,Walker,2025-10-29T05:02:57Z
312250,2,sam.williams845@gmail.com,Sam,Williams,2025-10-29T07:07:31Z
312251,2,elijah.wilson418@btinternet.com,Elijah,Wilson,2025-10-29T11:00:31Z
312252,2,chloe.hughes647@btinternet.com,Chloe,Hughes,2025-10-29T11:20:48Z
312253,2,daniel.harris629@outlook.com,Daniel,Harris,2025-10-29T16:18:10Z
312254,1,olivia.wright561@gmail.com,Olivia,Wright,2025-10-29T17:33:25Z
312255,1,kai.martinez838@outlook.com,Kai,Martinez,2025-10-29T19:56:18Z
312256,3,lily.wood230@icloud.com,Lily,Wood,2025-10-29T21:25:55Z
312257,2,freya.edwards890@hotmail.co.uk,Freya,Edwards,2025-10-29T22:23:15Z
312258,1,freya.white200@outlook.com,Freya,White,2025-10-30T12:50:25Z
312259,5,sam.thompson456@icloud.com,Sam,Thompson,2025-10-30T13:30:57Z
312260,1,ella.walsh269@btinternet.com,Ella,Walsh,2025-10-30T18:03:15Z
312261,5,oliver.nguyen145@aol.com,Oliver,Nguyen,2025-10-31T17:06:21Z
312262,4,isla.king827@bigpond.com,Isla,King,2025-10-31T20:06:05Z
312263,4,sophia.brown386@bigpond.com,Sophia,Brown,2025-10-31T21:04:46Z
312264,1,olivia.clarke600@btinternet.com,Olivia,Clarke,2025-11-01T10:10:15Z
312265,1,mia.wilson9@outlook.com,Mia,Wilson,2025-11-01T12:51:40Z
312266,5,henry.kelly462@icloud.com,Henry,Kelly,2025-11-01T15:15:23Z
312267,1,kai.obrien56@btinternet.com,Kai,O'Brien,2025-11-01T18:30:36Z
312268,2,ruby.lee740@eircom.net,Ruby,Lee,2025-11-01T20:08:36Z
312269,5,siobhan.turner817@yahoo.com,Siobhan,Turner,2025-11-01T23:45:29Z
312270,4,harry.king609@gmail.com,Harry,King,2025-11-02T00:29:02Z
312271,4,,Zoe,Hall,2025-11-02T02:34:08Z
312272,3,grace.wood280@outlook.com,Grace,Wood,2025-11-02T04:46:58Z
312273,4,lucas.patel580@icloud.com,Lucas,Patel,2025-11-02T04:50:24Z
312274,1,,Daniel,O'Brien,2025-11-02T16:52:19Z
312275,2,ava.clarke852@hotmail.co.uk,Ava,Clarke,2025-11-02T17:16:32Z
312276,3,mateo.wright195@aol.com,Mateo,Wright,2025-11-02T23:49:39Z
312277,1,henry.wilson776@gmail.com,Henry,Wilson,2025-11-03T10:34:04Z
312278,4,harry.harris560@bigpond.com,Harry,Harris,2025-11-03T11:34:12Z
312279,1,emma.obrien531@gmail.com,Emma,O'Brien,2025-11-03T21:23:24Z
312280,1,ethan.wilson52@btinternet.com,Ethan,Wilson,2025-11-04T11:02:47Z
312281,1,sofia.garcia817@gmail.com,Sofia,Garcia,2025-11-04T13:27:44Z
312282,1,kai.evans879@gmail.com,Kai,Evans,2025-11-04T18:25:47Z
312283,4,Amelia.lewis893@outlook.com,Amelia,Lewis,2025-11-04T20:00:10Z
312284,4,Lucas.lewis945@bigpond.com,Lucas,Lewis,2025-11-04T20:51:16Z
312285,4,sophia.cooper446@icloud.com,Sophia,Cooper,2025-11-04T21:23:21Z
312286,4,priya.thompson818@outlook.com,Priya,Thompson,2025-11-05T06:14:08Z
312287,2,ethan.thomas5@btinternet.com,Ethan,Thomas,2025-11-05T14:33:05Z
312288,6,harry.jones818@btinternet.com,Harry,Jones,2025-11-05T17:32:28Z
312289,1,aoife.turner116@eircom.net,Aoife,Turner,2025-11-05T21:20:31Z
312290,4,grace.hill575@bigpond.com,Grace,Hill,2025-11-05T23:02:48Z
312291,4,priya.thompson941@outlook.com,Priya,Thompson,2025-11-06T08:33:38Z
312292,1,aoife.walsh104@gmail.com,Aoife,Walsh,2025-11-06T12:10:02Z
312293,1,mason.hughes145@hotmail.co.uk,Mason,Hughes,2025-11-06T19:20:31Z
312294,4,arjun.harris443@icloud.com,Arjun,Harris,2025-11-06T21:18:34Z
312295,3,ethan.lewis364@aol.com,Ethan,Lewis,2025-11-07T01:03:08Z
312296,2,Siobhan.turner359@gmail.com,Siobhan,Turner,2025-11-07T12:02:21Z
312297,3,conor.jackson720@yahoo.com,Conor,Jackson,2025-11-07T13:25:50Z
312298,2,chloe.kelly348@hotmail.co.uk,Chloe,Kelly,2025-11-07T20:05:32Z
312299,1,noah.williams543@eircom.net,Noah,Williams,2025-11-07T22:07:12Z
312300,6,conor.nguyen564@btinternet.com,Conor,Nguyen,2025-11-07T22:21:52Z
312301,2,oscar.turner973@outlook.com,Oscar,Turner,2025-11-07T23:32:49Z
312302,4,Ruby.robinson586@gmail.com,Ruby,Robinson,2025-11-08T10:20:27Z
312303,2,,Siobhan,Wilson,2025-11-08T13:18:14Z
312304,5,lily.kelly513@icloud.com,Lily,Kelly,2025-11-08T21:23:00Z
312305,4,kai.garcia23@bigpond.com,Kai,Garcia,2025-11-09T01:53:52Z
312306,4,noah.taylor72@icloud.com,Noah,Taylor,2025-11-09T04:37:54Z
312307,4,elijah.lee260@outlook.com,Elijah,Lee,2025-11-09T08:51:28Z
312308,3,sofia.evans829@icloud.com,Sofia,Evans,2025-11-09T15:38:00Z
312309,4,olivia.martinez548@outlook.com,Olivia,Martinez,2025-11-09T22:23:49Z
312310,4,isla.taylor895@icloud.com,Isla,Taylor,2025-11-10T02:37:46Z
312311,2,,Mia,Thompson,2025-11-10T08:39:31Z
312312,4,hannah.murphy986@icloud.com,Hannah,Murphy,2025-11-10T11:15:25Z
312313,1,henry.johnson695@outlook.com,Henry,Johnson,2025-11-10T21:35:50Z
312314,6,Ethan.clarke639@btinternet.com,Ethan,Clarke,2025-11-11T07:12:34Z
312315,1,Jack.robinson980@gmail.com,Jack,Robinson,2025-11-11T09:07:35Z
312316,5,James.martin734@aol.com,James,Martin,2025-11-11T19:32:06Z
312317,4,Oliver.murphy498@bigpond.com,Oliver,Murphy,2025-11-11T21:33:04Z
312318,5,mason.lee208@aol.com,Mason,Lee,2025-11-11T22:16:36Z
312319,3,priya.garcia797@outlook.com,Priya,Garcia,2025-11-11T22:40:45Z
312320,1,siobhan.robinson266@eircom.net,Siobhan,Robinson,2025-11-11T23:51:22Z
312321,4,sofia.hughes612@bigpond.com,Sofia,Hughes,2025-11-12T02:39:55Z
312322,1,liam.smith604@gmail.com,Liam,Smith,2025-11-12T09:18:01Z
312323,5,emma.jones992@outlook.com,Emma,Jones,2025-11-12T14:00:39Z
312324,1,grace.lewis728@btinternet.com,Grace,Lewis,2025-11-13T12:24:45Z
312325,1,ella.turner779@hotmail.co.uk,Ella,Turner,2025-11-13T15:21:55Z
312326,5,amelia.walsh541@outlook.com,Amelia,Walsh,2025-11-13T17:28:15Z
312327,5,oliver.smith692@gmail.com,Oliver,Smith,2025-11-14T01:07:50Z
312328,4,amelia.kelly56@gmail.com,Amelia,Kelly,2025-11-14T08:18:33Z
312329,5,oscar.wright467@yahoo.com,Oscar,Wright,2025-11-14T18:28:39Z
312330,3,ella.murphy368@outlook.com,Ella,Murphy,2025-11-15T05:47:34Z
312331,4,grace.lee950@gmail.com,Grace,Lee,2025-11-15T06:12:49Z
312332,2,hannah.patel496@btinternet.com,Hannah,Patel,2025-11-15T08:55:42Z
312333,1,ruby.nguyen809@hotmail.co.uk,Ruby,Nguyen,2025-11-15T09:31:08Z
312334,2,isla.wilson30@eircom.net,Isla,Wilson,2025-11-15T13:22:42Z
312335,1,sophia.hill945@btinternet.com,Sophia,Hill,2025-11-15T13:30:57Z
312336,3,emma.nguyen387@gmail.com,Emma,Nguyen,2025-11-15T14:52:29Z
312337,5,harry.hill300@gmail.com,Harry,Hill,2025-11-15T15:05:43Z
312338,2,charlotte.lee56@outlook.com,Charlotte,Lee,2025-11-15T16:50:53Z
312339,1,,Sam,Williams,2025-11-15T20:14:36Z
312340,1,ruby.moore782@outlook.com,Ruby,Moore,2025-11-15T22:03:58Z
312341,3,arjun.patel603@outlook.com,Arjun,Patel,2025-11-16T02:05:45Z
312342,6,sofia.thompson694@outlook.com,Sofia,Thompson,2025-11-16T07:23:23Z
312343,6,noah.clark481@hotmail.co.uk,Noah,Clark,2025-11-16T09:37:45Z
312344,1,conor.lewis434@eircom.net,Conor,Lewis,2025-11-16T13:30:19Z
312345,3,ruby.thomas995@yahoo.com,Ruby,Thomas,2025-11-16T13:38:33Z
312346,4,elijah.jones259@icloud.com,Elijah,Jones,2025-11-17T02:23:01Z
312347,4,emma.clarke932@gmail.com,Emma,Clarke,2025-11-17T11:31:06Z
312348,1,liam.wood597@eircom.net,Liam,Wood,2025-11-17T17:42:29Z
312349,6,freya.robinson163@hotmail.co.uk,Freya,Robinson,2025-11-17T20:13:31Z
312350,3,liam.patel122@outlook.com,Liam,Patel,2025-11-18T02:16:46Z
312351,1,harry.patel405@btinternet.com,Harry,Patel,2025-11-18T10:37:51Z
312352,2,elijah.hughes334@btinternet.com,Elijah,Hughes,2025-11-18T14:37:50Z
312353,5,oscar.harris756@aol.com,Oscar,Harris,2025-11-18T16:10:10Z
312354,3,elijah.garcia588@icloud.com,Elijah,Garcia,2025-11-18T20:34:50Z
312355,2,grace.cooper523@outlook.com,Grace,Cooper,2025-11-18T22:09:13Z
312356,5,conor.evans961@aol.com,Conor,Evans,2025-11-18T23:32:28Z
312357,5,mia.patel190@aol.com,Mia,Patel,2025-11-19T17:30:26Z
312358,2,liam.martinez799@btinternet.com,Liam,Martinez,2025-11-19T20:17:07Z
312359,2,ruby.obrien448@btinternet.com,Ruby,O'Brien,2025-11-19T21:46:10Z
312360,1,maya.brown137@btinternet.com,Maya,Brown,2025-11-19T22:00:19Z
312361,4,jack.kelly644@outlook.com,Jack,Kelly,2025-11-19T22:22:37Z
312362,3,James.harris449@aol.com,James,Harris,2025-11-19T23:28:10Z
312363,4,freya.nguyen654@outlook.com,Freya,Nguyen,2025-11-20T04:08:29Z
312364,2,,Charlotte,Clark,2025-11-20T08:45:14Z
312365,1,hannah.clark636@outlook.com,Hannah,Clark,2025-11-20T10:59:33Z
312366,1,liam.martinez28@outlook.com,Liam,Martinez,2025-11-20T15:14:30Z
312367,1,chloe.king356@btinternet.com,Chloe,King,2025-11-20T20:29:55Z
312368,1,Charlotte.green65@gmail.com,Charlotte,Green,2025-11-20T20:38:08Z
312369,2,lily.king889@outlook.com,Lily,King,2025-11-21T07:20:10Z
312370,2,arjun.martinez912@btinternet.com,Arjun,Martinez,2025-11-21T09:55:38Z
312371,4,zoe.hall892@outlook.com,Zoe,Hall,2025-11-21T20:35:20Z
312372,5,chloe.turner708@gmail.com,Chloe,Turner,2025-11-21T21:18:27Z
312373,2,ella.kelly754@gmail.com,Ella,Kelly,2025-11-22T13:15:41Z
312374,2,lily.wilson321@gmail.com,Lily,Wilson,2025-11-22T14:03:14Z
312375,3,Ava.martin58@gmail.com,Ava,Martin,2025-11-22T16:05:10Z
312376,3,emma.robinson672@outlook.com,Emma,Robinson,2025-11-22T19:57:54Z
312377,4,Freya.lee718@gmail.com,Freya,Lee,2025-11-22T20:12:59Z
312378,2,freya.wilson923@gmail.com,Freya,Wilson,2025-11-22T20:25:58Z
312379,2,elijah.evans436@eircom.net,Elijah,Evans,2025-11-23T08:30:32Z
312380,1,ella.smith791@hotmail.co.uk,Ella,Smith,2025-11-23T15:02:11Z
312381,2,Ethan.hughes874@btinternet.com,Ethan,Hughes,2025-11-23T17:28:23Z
312382,5,freya.obrien951@yahoo.com,Freya,O'Brien,2025-11-23T18:56:04Z
312383,4,mateo.jones700@outlook.com,Mateo,Jones,2025-11-24T00:31:23Z
312384,5,sam.nguyen79@aol.com,Sam,Nguyen,2025-11-24T02:14:35Z
312385,3,priya.hughes436@outlook.com,Priya,Hughes,2025-11-24T18:02:15Z
312386,2,mia.lewis645@outlook.com,Mia,Lewis,2025-11-24T20:04:23Z
312387,1,aoife.jackson895@btinternet.com,Aoife,Jackson,2025-11-24T20:10:37Z
312388,1,lucas.wood363@gmail.com,Lucas,Wood,2025-11-24T22:31:23Z
312389,1,Aoife.murphy875@hotmail.co.uk,Aoife,Murphy,2025-11-24T22:33:06Z
312390,4,chloe.moore436@outlook.com,Chloe,Moore,2025-11-24T22:36:00Z
312391,4,priya.wood978@outlook.com,Priya,Wood,2025-11-25T08:21:47Z
312392,4,,Sofia,Smith,2025-11-25T09:06:18Z
312393,5,zoe.wright988@icloud.com,Zoe,Wright,2025-11-25T15:26:23Z
312394,2,sofia.hughes581@hotmail.co.uk,Sofia,Hughes,2025-11-25T16:35:31Z
312395,4,mia.walsh967@gmail.com,Mia,Walsh,2025-11-25T21:52:54Z
312396,4,hannah.murphy436@icloud.com,Hannah,Murphy,2025-11-26T01:42:16Z
312397,4,lily.king18@bigpond.com,Lily,King,2025-11-26T09:43:59Z
312398,4,lucas.davies558@icloud.com,Lucas,Davies,2025-11-26T12:52:29Z
312399,1,lily.martin302@eircom.net,Lily,Martin,2025-11-26T15:41:45Z
312400,1,mia.thomas138@outlook.com,Mia,Thomas,2025-11-26T15:57:31Z
312401,6,olivia.jones582@eircom.net,Olivia,Jones,2025-11-26T20:15:51Z
312402,1,ethan.hall607@gmail.com,Ethan,Hall,2025-11-26T20:38:43Z
312403,2,liam.clarke647@btinternet.com,Liam,Clarke,2025-11-27T08:15:25Z
312404,3,sophia.harris26@outlook.com,Sophia,Harris,2025-11-27T16:05:45Z
312405,6,,Ava,Kelly,2025-11-27T17:10:44Z
312406,4,zoe.clark527@gmail.com,Zoe,Clark,2025-11-27T21:49:44Z
312407,4,elijah.robinson868@bigpond.com,Elijah,Robinson,2025-11-28T05:17:00Z
312408,5,emma.murphy658@icloud.com,Emma,Murphy,2025-11-28T18:19:05Z
312409,2,lucas.clarke760@outlook.com,Lucas,Clarke,2025-11-29T14:36:12Z
312410,2,sam.wright169@outlook.com,Sam,Wright,2025-11-29T15:28:06Z
312411,1,sam.robinson159@btinternet.com,Sam,Robinson,2025-11-29T17:49:14Z
312412,4,hannah.lewis300@gmail.com,Hannah,Lewis,2025-11-29T20:45:48Z
312413,4,sophia.nguyen561@icloud.com,Sophia,Nguyen,2025-11-29T23:40:14Z
312414,4,amelia.murphy375@icloud.com,Amelia,Murphy,2025-11-30T02:55:53Z
312415,2,freya.wood167@gmail.com,Freya,Wood,2025-11-30T07:35:24Z
312416,5,conor.taylor391@aol.com,Conor,Taylor,2025-11-30T14:09:25Z
312417,5,oscar.jones636@yahoo.com,Oscar,Jones,2025-11-30T18:55:45Z
312418,1,elijah.davies93@btinternet.com,Elijah,Davies,2025-11-30T21:39:12Z
312419,3,zoe.green766@yahoo.com,Zoe,Green,2025-12-01T00:00:02Z
312420,2,jack.martinez515@btinternet.com,Jack,Martinez,2025-12-01T09:54:29Z
312421,4,Leo.murphy169@bigpond.com,Leo,Murphy,2025-12-01T12:32:08Z
312422,2,liam.edwards559@btinternet.com,Liam,Edwards,2025-12-01T13:29:01Z
312423,6,oscar.wood838@eircom.net,Oscar,Wood,2025-12-01T17:58:35Z
312424,5,mason.walsh203@gmail.com,Mason,Walsh,2025-12-02T04:47:38Z
312425,4,jack.green332@outlook.com,Jack,Green,2025-12-02T09:19:06Z
312426,5,emma.hughes917@aol.com,Emma,Hughes,2025-12-02T14:14:11Z
312427,2,Henry.clark520@outlook.com,Henry,Clark,2025-12-02T15:36:15Z
312428,2,zoe.moore119@gmail.com,Zoe,Moore,2025-12-02T16:52:14Z
312429,4,Ella.davies780@bigpond.com,Ella,Davies,2025-12-02T21:55:56Z
312430,4,ruby.murphy621@bigpond.com,Ruby,Murphy,2025-12-03T06:37:29Z
312431,4,priya.edwards977@icloud.com,Priya,Edwards,2025-12-03T07:48:49Z
312432,1,kai.robinson824@btinternet.com,Kai,Robinson,2025-12-03T10:55:20Z
312433,2,Priya.taylor731@gmail.com,Priya,Taylor,2025-12-03T11:22:59Z
312434,1,ella.walsh499@hotmail.co.uk,Ella,Walsh,2025-12-03T14:26:05Z
312435,2,zoe.green756@gmail.com,Zoe,Green,2025-12-03T14:54:52Z
312436,2,mateo.turner636@btinternet.com,Mateo,Turner,2025-12-03T22:46:43Z
312437,2,arjun.thompson69@btinternet.com,Arjun,Thompson,2025-12-04T07:22:59Z
312438,4,chloe.jones654@gmail.com,Chloe,Jones,2025-12-05T03:38:36Z
312439,4,mason.evans688@bigpond.com,Mason,Evans,2025-12-05T04:18:37Z
312440,6,elijah.clarke710@gmail.com,Elijah,Clarke,2025-12-05T08:06:49Z
312441,4,conor.wood261@gmail.com,Conor,Wood,2025-12-05T08:36:34Z
312442,2,mason.thomas106@eircom.net,Mason,Thomas,2025-12-05T13:08:58Z
312443,1,conor.jones147@outlook.com,Conor,Jones,2025-12-05T16:32:04Z
312444,2,siobhan.clark204@eircom.net,Siobhan,Clark,2025-12-05T16:43:49Z
312445,1,aoife.king139@outlook.com,Aoife,King,2025-12-05T17:23:57Z
312446,3,kai.evans595@icloud.com,Kai,Evans,2025-12-05T17:56:09Z
312447,1,mason.wilson562@btinternet.com,Mason,Wilson,2025-12-05T22:46:38Z
312448,5,elijah.obrien296@aol.com,Elijah,O'Brien,2025-12-06T05:25:04Z
312449,1,priya.robinson767@gmail.com,Priya,Robinson,2025-12-06T07:57:54Z
312450,1,kai.walsh85@btinternet.com,Kai,Walsh,2025-12-06T08:27:33Z
312451,1,siobhan.obrien935@outlook.com,Siobhan,O'Brien,2025-12-06T12:02:44Z
312452,2,elijah.hill150@outlook.com,Elijah,Hill,2025-12-06T14:46:15Z
312453,3,henry.jones379@icloud.com,Henry,Jones,2025-12-06T17:04:22Z
312454,4,ethan.moore523@icloud.com,Ethan,Moore,2025-12-06T20:50:04Z
312455,1,harry.walker910@btinternet.com,Harry,Walker,2025-12-06T23:10:43Z
312456,4,lily.kelly10@outlook.com,Lily,Kelly,2025-12-07T00:27:31Z
312457,4,,Oliver,Robinson,2025-12-07T04:52:34Z
312458,1,olivia.brown379@eircom.net,Olivia,Brown,2025-12-07T07:51:11Z
312459,1,Zoe.walker775@hotmail.co.uk,Zoe,Walker,2025-12-07T10:56:13Z
312460,4,oliver.hill843@outlook.com,Oliver,Hill,2025-12-07T12:31:23Z
312461,2,olivia.walsh393@btinternet.com,Olivia,Walsh,2025-12-07T15:06:53Z
312462,1,amelia.wood476@outlook.com,Amelia,Wood,2025-12-07T16:23:28Z
312463,4,Noah.smith598@icloud.com,Noah,Smith,2025-12-07T21:06:43Z
312464,1,Mateo.walker278@hotmail.co.uk,Mateo,Walker,2025-12-07T22:55:38Z
312465,5,elijah.nguyen211@gmail.com,Elijah,Nguyen,2025-12-08T06:59:23Z
312466,1,mia.martinez156@outlook.com,Mia,Martinez,2025-12-08T07:42:31Z
312467,1,ella.williams972@outlook.com,Ella,Williams,2025-12-08T09:07:53Z
312468,1,henry.clark923@outlook.com,Henry,Clark,2025-12-08T14:08:20Z
312469,3,ava.wilson960@icloud.com,Ava,Wilson,2025-12-09T00:09:18Z
312470,4,chloe.lee311@icloud.com,Chloe,Lee,2025-12-09T03:36:55Z
312471,4,lily.clarke470@bigpond.com,Lily,Clarke,2025-12-09T04:10:12Z
312472,6,Aoife.brown750@btinternet.com,Aoife,Brown,2025-12-09T11:21:18Z
312473,5,ava.martinez413@icloud.com,Ava,Martinez,2025-12-09T16:35:18Z
312474,4,hannah.nguyen234@outlook.com,Hannah,Nguyen,2025-12-10T03:49:40Z
312475,2,freya.martin501@gmail.com,Freya,Martin,2025-12-10T13:35:09Z
312476,2,ethan.walsh515@hotmail.co.uk,Ethan,Walsh,2025-12-10T16:50:33Z
312477,3,none@none.com,Elijah,Hughes,2025-12-10T17:35:23Z
312478,4,leo.robinson544@outlook.com,Leo,Robinson,2025-12-10T21:07:35Z
312479,3,emma.jackson613@gmail.com,Emma,Jackson,2025-12-10T23:28:54Z
312480,2,emma.turner947@btinternet.com,Emma,Turner,2025-12-11T09:21:14Z
312481,4,lily.thomas156@outlook.com,Lily,Thomas,2025-12-12T03:15:13Z
312482,4,Oliver.wright742@outlook.com,Oliver,Wright,2025-12-12T09:53:04Z
312483,3,conor.cooper795@gmail.com,Conor,Cooper,2025-12-12T14:14:39Z
312484,6,olivia.walsh887@eircom.net,Olivia,Walsh,2025-12-13T14:53:12Z
312485,1,oscar.walsh176@outlook.com,Oscar,Walsh,2025-12-13T22:12:19Z
312486,1,emma.moore579@eircom.net,Emma,Moore,2025-12-13T22:18:36Z
312487,5,grace.johnson522@gmail.com,Grace,Johnson,2025-12-14T17:31:14Z
312488,1,Noah.martin857@btinternet.com,Noah,Martin,2025-12-14T18:17:30Z
312489,2,leo.martinez523@gmail.com,Leo,Martinez,2025-12-14T19:07:43Z
312490,2,leo.johnson41@gmail.com,Leo,Johnson,2025-12-14T20:18:23Z
312491,4,henry.evans404@icloud.com,Henry,Evans,2025-12-15T00:32:21Z
312492,1,siobhan.walker592@hotmail.co.uk,Siobhan,Walker,2025-12-15T07:26:44Z
312493,6,Sofia.wright20@eircom.net,Sofia,Wright,2025-12-15T09:06:05Z
312494,4,conor.edwards262@icloud.com,Conor,Edwards,2025-12-15T10:51:07Z
312495,1,lily.jones161@btinternet.com,Lily,Jones,2025-12-15T18:32:28Z
312496,1,arjun.patel324@gmail.com,Arjun,Patel,2025-12-16T11:25:16Z
312497,2,harry.walker736@hotmail.co.uk,Harry,Walker,2025-12-16T16:59:20Z
312498,1,sam.clark257@hotmail.co.uk,Sam,Clark,2025-12-16T21:25:09Z
312499,4,oscar.wood122@gmail.com,Oscar,Wood,2025-12-16T21:54:49Z
312500,5,,Sophia,Jones,2025-12-17T03:36:00Z
312501,5,priya.nguyen992@yahoo.com,Priya,Nguyen,2025-12-17T22:00:59Z
312502,4,emma.patel612@outlook.com,Emma,Patel,2025-12-18T04:32:27Z
312503,2,arjun.evans699@btinternet.com,Arjun,Evans,2025-12-18T15:03:41Z
312504,1,,Amelia,Robinson,2025-12-18T16:18:55Z
312505,2,oscar.thompson375@eircom.net,Oscar,Thompson,2025-12-18T19:48:20Z
312506,3,daniel.green352@aol.com,Daniel,Green,2025-12-19T00:25:41Z
312507,2,freya.turner307@gmail.com,Freya,Turner,2025-12-19T07:42:53Z
312508,2,liam.edwards84@eircom.net,Liam,Edwards,2025-12-19T16:32:09Z
312509,6,leo.harris413@outlook.com,Leo,Harris,2025-12-19T16:39:36Z
312510,2,oscar.hill753@gmail.com,Oscar,Hill,2025-12-19T17:17:56Z
312511,2,chloe.walker208@gmail.com,Chloe,Walker,2025-12-19T22:28:35Z
312512,4,mason.robinson844@outlook.com,Mason,Robinson,2025-12-19T22:33:46Z
312513,3,leo.wilson434@icloud.com,Leo,Wilson,2025-12-19T23:14:57Z
312514,4,jack.turner608@icloud.com,Jack,Turner,2025-12-20T01:43:40Z
312515,3,maya.smith612@outlook.com,Maya,Smith,2025-12-20T02:09:45Z
312516,4,kai.brown37@outlook.com,Kai,Brown,2025-12-20T02:55:02Z
312517,5,priya.green432@outlook.com,Priya,Green,2025-12-20T05:01:34Z
312518,1,mia.johnson554@btinternet.com,Mia,Johnson,2025-12-20T15:59:36Z
312519,5,charlotte.lee177@gmail.com,Charlotte,Lee,2025-12-20T19:14:07Z
312520,5,aoife.evans763@icloud.com,Aoife,Evans,2025-12-20T21:15:55Z
312521,1,aoife.murphy343@eircom.net,Aoife,Murphy,2025-12-21T08:20:46Z
312522,2,,Harry,Evans,2025-12-21T13:58:36Z
312523,1,ethan.johnson108@hotmail.co.uk,Ethan,Johnson,2025-12-21T14:51:51Z
312524,5,sam.walsh101@outlook.com,Sam,Walsh,2025-12-21T23:01:27Z
312525,4,jack.johnson374@outlook.com,Jack,Johnson,2025-12-22T00:22:05Z
312526,4,lucas.wood221@outlook.com,Lucas,Wood,2025-12-22T04:05:47Z
312527,4,oscar.smith464@icloud.com,Oscar,Smith,2025-12-22T06:08:47Z
312528,2,noah.clark481@hotmail.co.uk,Noah,Clark,2025-12-22T09:14:18Z
312529,2,,Daniel,Walker,2025-12-22T16:39:53Z
312530,1,henry.wilson885@hotmail.co.uk,Henry,Wilson,2025-12-22T18:53:24Z
312531,4,daniel.walker617@icloud.com,Daniel,Walker,2025-12-23T02:19:53Z
312532,4,james.king245@bigpond.com,James,King,2025-12-23T22:27:13Z
312533,6,henry.evans819@outlook.com,Henry,Evans,2025-12-24T08:04:32Z
312534,1,none@none.com,Mason,Johnson,2025-12-24T09:50:04Z
312535,4,,Oscar,King,2025-12-24T11:09:31Z
312536,5,freya.walker29@gmail.com,Freya,Walker,2025-12-24T20:15:38Z
312537,4,mateo.king662@icloud.com,Mateo,King,2025-12-24T21:30:34Z
312538,4,jack.martinez775@icloud.com,Jack,Martinez,2025-12-24T22:13:51Z
312539,2,siobhan.green142@eircom.net,Siobhan,Green,2025-12-24T23:18:46Z
312540,2,leo.evans179@outlook.com,Leo,Evans,2025-12-25T07:07:21Z
312541,1,ava.wilson222@eircom.net,Ava,Wilson,2025-12-25T12:45:39Z
312542,2,harry.williams922@eircom.net,Harry,Williams,2025-12-25T14:24:22Z
312543,3,lily.green397@outlook.com,Lily,Green,2025-12-25T15:44:35Z
312544,2,,Priya,Thompson,2025-12-25T19:23:03Z
312545,4,lucas.clark745@outlook.com,Lucas,Clark,2025-12-25T22:17:21Z
312546,2,jack.clark109@gmail.com,Jack,Clark,2025-12-25T22:41:24Z
312547,5,daniel.patel598@yahoo.com,Daniel,Patel,2025-12-26T15:31:06Z
312548,4,lucas.clarke56@gmail.com,Lucas,Clarke,2025-12-26T22:17:30Z
312549,4,siobhan.hill63@bigpond.com,Siobhan,Hill,2025-12-27T11:31:22Z
312550,6,noah.walsh890@gmail.com,Noah,Walsh,2025-12-27T13:55:32Z
312551,3,elijah.king638@outlook.com,Elijah,King,2025-12-27T19:48:40Z
312552,2,Lily.taylor278@outlook.com,Lily,Taylor,2025-12-27T23:28:04Z
312553,2,leo.davies838@btinternet.com,Leo,Davies,2025-12-27T23:59:02Z
312554,5,mason.king789@gmail.com,Mason,King,2025-12-28T00:25:02Z
312555,4,Lucas.robinson489@outlook.com,Lucas,Robinson,2025-12-28T04:17:56Z
312556,5,oscar.nguyen761@gmail.com,Oscar,Nguyen,2025-12-28T16:00:42Z
312557,5,lily.wilson76@gmail.com,Lily,Wilson,2025-12-28T16:51:42Z
312558,5,,Henry,Thomas,2025-12-28T16:53:05Z
312559,1,maya.davies345@btinternet.com,Maya,Davies,2025-12-28T17:11:51Z
312560,1,Kai.cooper947@btinternet.com,Kai,Cooper,2025-12-29T07:56:47Z
312561,1,charlotte.taylor73@outlook.com,Charlotte,Taylor,2025-12-30T09:10:22Z
312562,1,Sofia.walsh350@eircom.net,Sofia,Walsh,2025-12-30T10:10:38Z
312563,4,priya.cooper587@icloud.com,Priya,Cooper,2025-12-31T00:33:54Z
312564,4,henry.lee623@bigpond.com,Henry,Lee,2025-12-31T00:46:47Z
312565,2,ethan.nguyen653@btinternet.com,Ethan,Nguyen,2025-12-31T13:00:00Z
312566,1,freya.jones501@gmail.com,Freya,Jones,2025-12-31T15:27:44Z
312567,2,priya.walsh426@outlook.com,Priya,Walsh,2025-12-31T20:58:40Z
312568,4,,Mateo,Murphy,2026-01-01T07:46:32Z
312569,1,leo.wilson118@outlook.com,Leo,Wilson,2026-01-01T13:20:53Z
312570,5,amelia.martinez827@aol.com,Amelia,Martinez,2026-01-01T14:35:18Z
312571,2,,Hannah,Clark,2026-01-01T16:04:34Z
312572,2,mateo.jackson792@outlook.com,Mateo,Jackson,2026-01-01T21:54:09Z
312573,5,conor.martinez929@gmail.com,Conor,Martinez,2026-01-02T06:50:19Z
312574,3,arjun.hill439@gmail.com,Arjun,Hill,2026-01-02T19:00:31Z
312575,3,maya.jones993@icloud.com,Maya,Jones,2026-01-02T22:36:17Z
312576,4,mason.robinson517@gmail.com,Mason,Robinson,2026-01-03T07:10:22Z
312577,2,charlotte.walsh693@btinternet.com,Charlotte,Walsh,2026-01-03T08:51:21Z
312578,2,Ethan.king428@outlook.com,Ethan,King,2026-01-03T10:30:30Z
312579,2,henry.turner966@eircom.net,Henry,Turner,2026-01-03T13:14:41Z
312580,1,sofia.green210@outlook.com,Sofia,Green,2026-01-04T16:28:19Z
312581,1,oliver.kelly475@eircom.net,Oliver,Kelly,2026-01-04T18:27:27Z
312582,1,ethan.smith349@hotmail.co.uk,Ethan,Smith,2026-01-05T09:38:22Z
312583,2,sofia.king364@eircom.net,Sofia,King,2026-01-05T18:58:48Z
312584,1,hannah.evans323@btinternet.com,Hannah,Evans,2026-01-07T09:02:58Z
312585,6,kai.johnson834@btinternet.com,Kai,Johnson,2026-01-07T12:25:05Z
312586,1,liam.obrien137@eircom.net,Liam,O'Brien,2026-01-08T11:18:58Z
312587,5,ethan.hill346@icloud.com,Ethan,Hill,2026-01-08T14:22:42Z
312588,1,sofia.jackson855@eircom.net,Sofia,Jackson,2026-01-08T20:03:26Z
312589,4,james.smith803@icloud.com,James,Smith,2026-01-08T22:32:15Z
312590,5,harry.cooper252@icloud.com,Harry,Cooper,2026-01-09T01:10:58Z
312591,2,grace.johnson867@hotmail.co.uk,Grace,Johnson,2026-01-09T07:41:41Z
312592,2,ella.turner779@hotmail.co.uk,Ella,Turner,2026-01-10T11:18:58Z
312593,2,Maya.jackson760@hotmail.co.uk,Maya,Jackson,2026-01-10T21:02:11Z
312594,4,james.evans434@gmail.com,James,Evans,2026-01-12T00:02:56Z
312595,2,henry.smith269@outlook.com,Henry,Smith,2026-01-14T14:32:35Z
312596,1,siobhan.walker180@gmail.com,Siobhan,Walker,2026-01-15T10:06:49Z
