reservation_key,version_seq,operator_key,patron_key,offering,session_start_ts,booked_ts,valid_from_ts,lifecycle,party_size,price_net,price_tax,iso_currency
8800001,1,2,310001,Axe Throwing 60 min,2024-12-16T20:45:00Z,2024-09-22T20:34:57Z,2024-09-22T20:34:57Z,LIVE,3,87.00,20.01,EUR
8800002,1,2,310002,Axe Throwing 90 min,2024-12-28T19:30:00Z,2024-10-03T16:19:04Z,2024-10-03T16:19:04Z,LIVE,4,156.00,35.88,EUR
8800003,1,4,310003,Intro to Bouldering,2024-12-18T08:00:00Z,2024-10-04T05:39:55Z,2024-10-04T05:39:55Z,LIVE,1,49.00,4.90,AUD
8800004,1,3,310004,Kayak Rental 2 hr,2025-01-04T15:15:00Z,2024-10-14T02:57:51Z,2024-10-14T02:57:51Z,LIVE,4,140.00,11.55,USD
8800005,1,2,310005,Axe Throwing 90 min,2025-01-13T17:30:00Z,2024-10-15T08:40:46Z,2024-10-15T08:40:46Z,LIVE,6,234.00,53.82,EUR
8800006,1,1,310006,The Vault (60 min),2024-12-25T12:45:00Z,2024-10-15T20:36:37Z,2024-10-15T20:36:37Z,LIVE,4,100.00,20.00,GBP
8800007,1,1,310007,The Vault (60 min),2025-01-06T18:30:00Z,2024-10-19T10:45:22Z,2024-10-19T10:45:22Z,LIVE,4,100.00,20.00,GBP
8800008,1,1,310007,Mini Mystery (30 min),2024-12-22T18:30:00Z,2024-10-22T09:55:13Z,2024-10-22T09:55:13Z,LIVE,2,30.00,6.00,GBP
8800009,1,3,310008,Half-Day River Tour,2024-12-29T19:00:00Z,2024-10-23T19:59:18Z,2024-10-23T19:59:18Z,LIVE,5,395.00,32.59,USD
8800010,1,3,310009,Kayak Rental 2 hr,2025-01-23T21:00:00Z,2024-10-25T19:24:57Z,2024-10-25T19:24:57Z,LIVE,5,175.00,14.44,USD
8800011,1,4,310010,Intro to Bouldering,2025-01-12T00:45:00Z,2024-10-27T09:14:06Z,2024-10-27T09:14:06Z,LIVE,4,196.00,19.60,AUD
8800012,1,4,310011,Kids Climb Session,2025-01-21T04:00:00Z,2024-10-29T02:33:06Z,2024-10-29T02:33:06Z,LIVE,1,24.00,2.40,AUD
8800013,1,4,310012,Intro to Bouldering,2024-12-19T23:30:00Z,2024-10-29T02:57:16Z,2024-10-29T02:57:16Z,LIVE,3,147.00,14.70,AUD
8800014,1,3,310013,Half-Day River Tour,2025-01-07T16:00:00Z,2024-10-29T20:42:10Z,2024-10-29T20:42:10Z,LIVE,5,395.00,32.59,USD
8800015,1,4,310014,Intro to Bouldering,2025-01-25T06:45:00Z,2024-10-30T03:33:11Z,2024-10-30T03:33:11Z,LIVE,4,196.00,19.60,AUD
8800006,2,1,310006,The Vault (60 min),2024-12-25T12:45:00Z,2024-10-15T20:36:37Z,2024-10-30T13:50:35Z,LIVE,5,125.00,25.00,GBP
8800016,1,5,310015,Open Play,2024-12-16T20:30:00Z,2024-10-30T16:56:42Z,2024-10-30T16:56:42Z,LIVE,11,429.00,12.44,USD
8800017,1,4,310016,Kids Climb Session,2025-01-15T08:00:00Z,2024-11-01T00:36:03Z,2024-11-01T00:36:03Z,LIVE,1,24.00,2.40,AUD
8800018,1,5,310017,Open Play,2025-01-05T20:15:00Z,2024-11-03T01:22:00Z,2024-11-03T01:22:00Z,LIVE,11,429.00,12.44,USD
8800019,1,4,310018,Casual Climb,2024-12-25T00:00:00Z,2024-11-03T09:47:11Z,2024-11-03T09:47:11Z,LIVE,1,29.00,2.90,AUD
8800020,1,2,310002,Axe Throwing 60 min,2025-01-19T21:00:00Z,2024-11-05T08:57:00Z,2024-11-05T08:57:00Z,LIVE,4,116.00,26.68,EUR
8800021,1,2,310019,Axe Throwing 90 min,2025-02-02T19:00:00Z,2024-11-05T10:17:42Z,2024-11-05T10:17:42Z,LIVE,7,273.00,62.79,EUR
8800022,1,5,310020,Private Group Game,2024-12-15T21:00:00Z,2024-11-06T02:33:26Z,2024-11-06T02:33:26Z,LIVE,8,440.00,12.76,USD
8800023,1,4,310021,Casual Climb,2025-01-28T04:30:00Z,2024-11-07T12:37:46Z,2024-11-07T12:37:46Z,LIVE,2,58.00,5.80,AUD
8800024,1,3,310022,Kayak Rental 2 hr,2025-01-25T12:45:00Z,2024-11-08T01:45:36Z,2024-11-08T01:45:36Z,LIVE,1,35.00,2.89,USD
8800025,1,1,310023,Asylum (60 min),2025-01-04T17:00:00Z,2024-11-08T12:28:28Z,2024-11-08T12:28:28Z,LIVE,6,168.00,33.60,GBP
8800026,1,2,310001,Axe Throwing 90 min,2024-12-24T19:00:00Z,2024-11-09T11:28:24Z,2024-11-09T11:28:24Z,LIVE,6,234.00,53.82,EUR
8800027,1,2,310024,Axe Throwing 90 min,2025-01-09T18:45:00Z,2024-11-09T19:14:12Z,2024-11-09T19:14:12Z,LIVE,6,234.00,53.82,EUR
8800028,1,1,310025,Mini Mystery (30 min),2025-01-15T18:00:00Z,2024-11-09T23:38:05Z,2024-11-09T23:38:05Z,LIVE,6,90.00,18.00,GBP
8800029,1,5,310026,Private Group Game,2025-01-28T20:15:00Z,2024-11-11T16:12:59Z,2024-11-11T16:12:59Z,LIVE,5,275.00,7.98,USD
8800030,1,4,310003,Kids Climb Session,2025-01-02T07:45:00Z,2024-11-12T00:05:15Z,2024-11-12T00:05:15Z,LIVE,1,24.00,2.40,AUD
8800031,1,1,310027,Asylum (60 min),2025-01-10T21:30:00Z,2024-11-12T12:31:51Z,2024-11-12T12:31:51Z,LIVE,4,112.00,22.40,GBP
8800032,1,6,310028,Test Experience,2024-12-21T14:45:00Z,2024-11-13T19:13:17Z,2024-11-13T19:13:17Z,LIVE,3,3.00,0.60,GBP
8800033,1,2,310029,Axe Throwing 60 min,2025-01-17T20:15:00Z,2024-11-14T21:50:39Z,2024-11-14T21:50:39Z,LIVE,6,174.00,40.02,EUR
8800034,1,1,310030,The Vault (60 min),2025-02-03T14:30:00Z,2024-11-15T11:49:45Z,2024-11-15T11:49:45Z,LIVE,3,75.00,15.00,GBP
8800035,1,1,310031,The Vault (60 min),2025-02-01T14:45:00Z,2024-11-15T13:25:48Z,2024-11-15T13:25:48Z,LIVE,2,50.00,10.00,GBP
8800036,1,1,310032,The Vault (60 min),2024-12-27T18:00:00Z,2024-11-15T23:14:19Z,2024-11-15T23:14:19Z,LIVE,3,75.00,15.00,GBP
8800037,1,4,310011,Kids Climb Session,2025-01-20T00:30:00Z,2024-11-16T07:05:31Z,2024-11-16T07:05:31Z,LIVE,3,72.00,7.20,AUD
8800038,1,5,310020,Open Play,2024-12-17T21:30:00Z,2024-11-17T19:42:52Z,2024-11-17T19:42:52Z,LIVE,12,468.00,13.57,USD
8800039,1,4,310011,Intro to Bouldering,2024-12-27T23:15:00Z,2024-11-17T23:24:12Z,2024-11-17T23:24:12Z,LIVE,4,196.00,19.60,AUD
8800040,1,4,310003,Casual Climb,2024-12-24T07:00:00Z,2024-11-18T00:16:24Z,2024-11-18T00:16:24Z,LIVE,1,29.00,2.90,AUD
8800041,1,1,310032,The Vault (60 min),2025-01-11T19:45:00Z,2024-11-18T08:55:08Z,2024-11-18T08:55:08Z,LIVE,3,75.00,15.00,GBP
8800042,1,2,310033,Axe Throwing 90 min,2025-01-11T19:45:00Z,2024-11-18T12:17:32Z,2024-11-18T12:17:32Z,LIVE,6,234.00,53.82,EUR
8800007,2,1,310007,The Vault (60 min),2025-01-06T18:30:00Z,2024-10-19T10:45:22Z,2024-11-18T18:01:36Z,LIVE,6,150.00,30.00,GBP
8800043,1,2,310001,Axe Throwing 60 min,2024-12-21T18:00:00Z,2024-11-19T14:18:18Z,2024-11-19T14:18:18Z,LIVE,2,58.00,13.34,EUR
8800038,2,5,310020,Open Play,2024-12-17T21:30:00Z,2024-11-17T19:42:52Z,2024-11-20T05:48:56Z,LIVE,13,507.00,14.70,USD
8800044,1,4,310034,Intro to Bouldering,2024-12-21T07:30:00Z,2024-11-22T09:18:06Z,2024-11-22T09:18:06Z,LIVE,4,196.00,19.60,AUD
8800045,1,5,310035,Open Play,2025-01-19T22:00:00Z,2024-11-23T04:37:42Z,2024-11-23T04:37:42Z,LIVE,12,468.00,13.57,USD
8800046,1,3,310036,Sunrise Paddle,2024-12-20T13:00:00Z,2024-11-23T05:50:11Z,2024-11-23T05:50:11Z,LIVE,3,135.00,11.14,USD
8800047,1,1,310037,The Vault (60 min),2025-01-09T20:00:00Z,2024-11-23T07:36:31Z,2024-11-23T07:36:31Z,LIVE,4,100.00,20.00,GBP
8800048,1,2,310038,Axe Throwing 90 min,2025-02-17T21:45:00Z,2024-11-23T16:47:56Z,2024-11-23T16:47:56Z,LIVE,6,234.00,53.82,EUR
8800049,1,3,310039,Half-Day River Tour,2025-01-26T15:30:00Z,2024-11-23T22:05:50Z,2024-11-23T22:05:50Z,LIVE,5,395.00,32.59,USD
8800050,1,4,310040,Kids Climb Session,2025-02-01T23:30:00Z,2024-11-24T09:43:49Z,2024-11-24T09:43:49Z,LIVE,3,72.00,7.20,AUD
8800051,1,2,310033,Axe Throwing 60 min,2024-12-21T20:00:00Z,2024-11-24T13:49:53Z,2024-11-24T13:49:53Z,LIVE,2,58.00,13.34,EUR
8800052,1,4,310041,Kids Climb Session,2025-01-10T05:30:00Z,2024-11-25T03:43:51Z,2024-11-25T03:43:51Z,LIVE,2,48.00,4.80,AUD
8800053,1,4,310042,Kids Climb Session,2025-02-08T04:45:00Z,2024-11-26T02:05:27Z,2024-11-26T02:05:27Z,LIVE,1,24.00,2.40,AUD
8800054,1,3,310043,Kayak Rental 2 hr,2024-12-15T14:00:00Z,2024-11-26T05:25:23Z,2024-11-26T05:25:23Z,LIVE,3,105.00,8.66,USD
8800055,1,5,310044,Private Group Game,2025-01-04T19:15:00Z,2024-11-26T15:54:42Z,2024-11-26T15:54:42Z,LIVE,11,605.00,17.55,USD
8800056,1,4,310045,Casual Climb,2024-12-22T23:00:00Z,2024-11-26T23:18:42Z,2024-11-26T23:18:42Z,LIVE,3,87.00,8.70,AUD
8800057,1,4,310046,Intro to Bouldering,2024-12-22T06:45:00Z,2024-11-27T06:22:57Z,2024-11-27T06:22:57Z,LIVE,3,147.00,14.70,AUD
8800033,2,2,310029,Axe Throwing 60 min,2025-01-17T20:15:00Z,2024-11-14T21:50:39Z,2024-11-27T18:52:29Z,LIVE,8,232.00,53.36,EUR
8800058,1,1,310047,The Vault (60 min),2024-12-25T20:00:00Z,2024-11-27T19:52:45Z,2024-11-27T19:52:45Z,LIVE,2,50.00,10.00,GBP
8800059,1,2,310048,Axe Throwing 90 min,2024-12-25T20:00:00Z,2024-11-27T20:37:23Z,2024-11-27T20:37:23Z,LIVE,5,195.00,44.85,EUR
8800060,1,2,310049,Axe Throwing 60 min,2024-12-21T21:30:00Z,2024-11-28T14:21:02Z,2024-11-28T14:21:02Z,LIVE,4,116.00,26.68,EUR
8800061,1,1,310050,The Vault (60 min),2025-02-15T17:00:00Z,2024-11-29T10:36:55Z,2024-11-29T10:36:55Z,LIVE,4,100.00,20.00,GBP
8800062,1,4,310051,Intro to Bouldering,2025-01-09T07:00:00Z,2024-11-30T11:01:17Z,2024-11-30T11:01:17Z,LIVE,2,98.00,9.80,AUD
8800063,1,1,310032,Asylum (60 min),2024-12-28T20:45:00Z,2024-11-30T16:18:06Z,2024-11-30T16:18:06Z,LIVE,5,140.00,28.00,GBP
8800064,1,4,310040,Kids Climb Session,2025-01-29T04:45:00Z,2024-11-30T20:14:51Z,2024-11-30T20:14:51Z,LIVE,3,72.00,7.20,AUD
8800065,1,4,310052,Kids Climb Session,2024-12-15T05:00:00Z,2024-11-30T22:21:39Z,2024-11-30T22:21:39Z,LIVE,4,96.00,9.60,AUD
8800066,1,1,310032,The Vault (60 min),2024-12-26T19:45:00Z,2024-11-30T23:36:13Z,2024-11-30T23:36:13Z,LIVE,3,75.00,15.00,GBP
8800067,1,1,310031,The Vault (60 min),2024-12-23T20:30:00Z,2024-12-01T14:27:54Z,2024-12-01T14:27:54Z,LIVE,2,50.00,10.00,GBP
8800068,1,2,310001,Axe Throwing 90 min,2025-02-12T15:45:00Z,2024-12-01T15:56:56Z,2024-12-01T15:56:56Z,LIVE,5,195.00,44.85,EUR
8800069,1,2,310001,Axe Throwing 90 min,2024-12-27T20:30:00Z,2024-12-02T12:24:44Z,2024-12-02T12:24:44Z,LIVE,3,117.00,26.91,EUR
8800070,1,1,310031,Asylum (60 min),2024-12-29T20:00:00Z,2024-12-02T13:46:38Z,2024-12-02T13:46:38Z,LIVE,3,84.00,16.80,GBP
8800071,1,4,310053,Casual Climb,2025-01-11T23:00:00Z,2024-12-02T21:29:58Z,2024-12-02T21:29:58Z,LIVE,1,29.00,2.90,AUD
8800072,1,5,310020,Open Play,2024-12-17T18:30:00Z,2024-12-03T01:52:17Z,2024-12-03T01:52:17Z,LIVE,4,156.00,4.52,USD
8800072,1,5,310020,Open Play,2024-12-17T18:30:00Z,2024-12-03T01:52:17Z,2024-12-03T01:52:17Z,LIVE,4,156.00,4.52,USD
8800073,1,4,310054,Casual Climb,2025-01-24T08:00:00Z,2024-12-03T02:35:45Z,2024-12-03T02:35:45Z,LIVE,3,87.00,8.70,AUD
8800074,1,4,310055,Intro to Bouldering,2024-12-20T07:00:00Z,2024-12-03T12:28:59Z,2024-12-03T12:28:59Z,LIVE,2,98.00,9.80,AUD
8800075,1,5,310056,Open Play,2024-12-28T17:30:00Z,2024-12-04T00:53:42Z,2024-12-04T00:53:42Z,LIVE,8,312.00,9.05,USD
8800076,1,3,310057,Half-Day River Tour,2024-12-16T16:00:00Z,2024-12-04T03:52:36Z,2024-12-04T03:52:36Z,LIVE,4,316.00,26.07,USD
8800077,1,2,310058,Axe Throwing 60 min,2025-02-20T19:45:00Z,2024-12-04T07:55:23Z,2024-12-04T07:55:23Z,LIVE,3,87.00,20.01,EUR
8800078,1,2,310059,Axe Throwing 60 min,2025-02-26T20:30:00Z,2024-12-04T15:24:49Z,2024-12-04T15:24:49Z,LIVE,7,203.00,46.69,EUR
8800079,1,4,310060,Kids Climb Session,2025-01-24T05:30:00Z,2024-12-05T01:55:00Z,2024-12-05T01:55:00Z,LIVE,1,24.00,2.40,AUD
8800080,1,1,310061,Asylum (60 min),2024-12-21T19:15:00Z,2024-12-05T12:15:43Z,2024-12-05T12:15:43Z,LIVE,2,56.00,11.20,GBP
8800036,2,1,310032,The Vault (60 min),2024-12-27T18:00:00Z,2024-11-15T23:14:19Z,2024-12-05T13:26:44Z,LIVE,4,100.00,20.00,GBP
8800081,1,3,310004,Half-Day River Tour,2025-03-01T15:00:00Z,2024-12-06T02:13:46Z,2024-12-06T02:13:46Z,LIVE,3,237.00,19.55,USD
8800082,1,4,310021,Intro to Bouldering,2025-02-15T06:30:00Z,2024-12-06T06:49:32Z,2024-12-06T06:49:32Z,LIVE,1,49.00,4.90,AUD
8800083,1,4,310062,Intro to Bouldering,2025-01-02T06:30:00Z,2024-12-06T08:14:51Z,2024-12-06T08:14:51Z,LIVE,2,98.00,9.80,AUD
8800084,1,4,310063,Casual Climb,2025-01-26T07:30:00Z,2024-12-06T10:24:38Z,2024-12-06T10:24:38Z,LIVE,1,29.00,2.90,AUD
8800016,2,5,310015,Open Play,2024-12-16T20:30:00Z,2024-10-30T16:56:42Z,2024-12-06T22:32:47Z,CANCELLED,11,429.00,12.44,USD
8800042,2,2,310033,Axe Throwing 90 min,2025-01-11T19:45:00Z,2024-11-18T12:17:32Z,2024-12-07T04:32:39Z,LIVE,8,312.00,71.76,EUR
8800085,1,1,310064,Asylum (60 min),2024-12-25T15:45:00Z,2024-12-07T22:09:47Z,2024-12-07T22:09:47Z,LIVE,2,56.00,11.20,GBP
8800086,1,5,310020,Private Group Game,2025-01-01T23:00:00Z,2024-12-08T01:42:25Z,2024-12-08T01:42:25Z,LIVE,4,220.00,6.38,USD
8800050,2,4,310040,Kids Climb Session,2025-02-01T23:30:00Z,2024-11-24T09:43:49Z,2024-12-08T02:07:40Z,LIVE,5,120.00,12.00,AUD
8800087,1,1,310065,The Vault (60 min),2025-01-08T18:30:00Z,2024-12-08T11:37:59Z,2024-12-08T11:37:59Z,LIVE,5,125.00,25.00,GBP
8800088,1,5,310015,Open Play,2025-01-03T20:30:00Z,2024-12-08T16:45:12Z,2024-12-08T16:45:12Z,LIVE,9,351.00,10.18,USD
8800089,1,1,310066,The Vault (60 min),2024-12-21T16:00:00Z,2024-12-08T19:10:04Z,2024-12-08T19:10:04Z,LIVE,5,125.00,25.00,GBP
8800076,2,3,310057,Half-Day River Tour,2024-12-16T16:00:00Z,2024-12-04T03:52:36Z,2024-12-09T15:44:53Z,LIVE,6,474.00,39.11,USD
8800090,1,3,310067,Sunrise Paddle,2024-12-21T13:00:00Z,2024-12-09T19:47:25Z,2024-12-09T19:47:25Z,LIVE,3,135.00,11.14,USD
8800091,1,2,310068,Axe Throwing 90 min,2024-12-15T21:15:00Z,2024-12-09T22:58:29Z,2024-12-09T22:58:29Z,LIVE,7,273.00,62.79,EUR
8800092,1,4,310069,Kids Climb Session,2025-02-16T06:15:00Z,2024-12-09T23:16:38Z,2024-12-09T23:16:38Z,LIVE,4,96.00,9.60,AUD
8800093,1,4,310070,Kids Climb Session,2024-12-28T05:30:00Z,2024-12-10T04:50:46Z,2024-12-10T04:50:46Z,LIVE,3,72.00,7.20,AUD
8800094,1,5,310071,Private Group Game,2024-12-15T22:30:00Z,2024-12-10T06:52:16Z,2024-12-10T06:52:16Z,LIVE,9,495.00,14.36,USD
8800095,1,2,310072,Axe Throwing 60 min,2024-12-16T17:15:00Z,2024-12-10T17:04:08Z,2024-12-10T17:04:08Z,LIVE,4,116.00,26.68,EUR
8800096,1,6,310028,Test Experience,2025-01-06T10:00:00Z,2024-12-10T18:29:58Z,2024-12-10T18:29:58Z,LIVE,2,2.00,0.40,GBP
8800097,1,2,310068,Axe Throwing 60 min,2025-01-03T20:00:00Z,2024-12-10T19:24:29Z,2024-12-10T19:24:29Z,LIVE,4,116.00,26.68,EUR
8800098,1,3,310073,Half-Day River Tour,2025-01-25T14:45:00Z,2024-12-10T22:08:54Z,2024-12-10T22:08:54Z,LIVE,2,158.00,13.04,USD
8800099,1,3,310074,Kayak Rental 2 hr,2025-01-06T15:30:00Z,2024-12-11T03:11:54Z,2024-12-11T03:11:54Z,LIVE,1,35.00,2.89,USD
8800100,1,4,310075,Intro to Bouldering,2025-01-10T03:45:00Z,2024-12-11T05:05:06Z,2024-12-11T05:05:06Z,LIVE,3,147.00,14.70,AUD
8800101,1,6,310076,Test Experience,2025-01-15T14:15:00Z,2024-12-11T07:24:02Z,2024-12-11T07:24:02Z,LIVE,3,3.00,0.60,GBP
8800102,1,2,310001,Axe Throwing 60 min,2024-12-20T19:00:00Z,2024-12-11T14:18:24Z,2024-12-11T14:18:24Z,LIVE,8,232.00,53.36,EUR
8800103,1,5,310044,Open Play,2024-12-21T23:45:00Z,2024-12-11T16:28:30Z,2024-12-11T16:28:30Z,LIVE,11,429.00,12.44,USD
8800104,1,1,310077,Mini Mystery (30 min),2024-12-16T20:00:00Z,2024-12-11T21:29:30Z,2024-12-11T21:29:30Z,LIVE,6,90.00,18.00,GBP
8800105,1,5,310078,Private Group Game,2024-12-23T19:00:00Z,2024-12-12T05:00:24Z,2024-12-12T05:00:24Z,LIVE,12,660.00,19.14,USD
8800106,1,2,310079,Axe Throwing 90 min,2024-12-18T20:45:00Z,2024-12-12T10:57:14Z,2024-12-12T10:57:14Z,LIVE,2,78.00,17.94,EUR
8800107,1,1,310007,Asylum (60 min),2025-01-04T20:30:00Z,2024-12-12T11:20:39Z,2024-12-12T11:20:39Z,LIVE,2,56.00,11.20,GBP
8800108,1,4,310080,Kids Climb Session,2025-01-04T05:00:00Z,2024-12-12T20:03:23Z,2024-12-12T20:03:23Z,LIVE,3,72.00,7.20,AUD
8800017,2,4,310016,Kids Climb Session,2025-01-15T08:00:00Z,2024-11-01T00:36:03Z,2024-12-12T23:20:08Z,CANCELLED,1,24.00,2.40,AUD
8800109,1,4,310052,Kids Climb Session,2025-01-09T03:00:00Z,2024-12-13T00:17:36Z,2024-12-13T00:17:36Z,LIVE,3,72.00,7.20,AUD
8800110,1,4,310081,Intro to Bouldering,2024-12-28T01:45:00Z,2024-12-13T06:11:53Z,2024-12-13T06:11:53Z,LIVE,4,196.00,19.60,AUD
8800111,1,5,310082,Open Play,2024-12-17T20:00:00Z,2024-12-13T14:33:10Z,2024-12-13T14:33:10Z,LIVE,11,429.00,12.44,USD
8800112,1,4,310046,Kids Climb Session,2025-01-04T08:45:00Z,2024-12-13T20:07:38Z,2024-12-13T20:07:38Z,LIVE,2,48.00,4.80,AUD
8800113,1,5,310083,Private Group Game,2025-01-04T19:00:00Z,2024-12-13T20:08:03Z,2024-12-13T20:08:03Z,LIVE,11,605.00,17.55,USD
8800114,1,1,310084,The Vault (60 min),2024-12-28T19:00:00Z,2024-12-13T22:56:43Z,2024-12-13T22:56:43Z,LIVE,2,50.00,10.00,GBP
8800115,1,4,310010,Intro to Bouldering,2024-12-27T23:45:00Z,2024-12-14T03:36:01Z,2024-12-14T03:36:01Z,LIVE,2,98.00,9.80,AUD
8800116,1,4,310085,Intro to Bouldering,2024-12-19T07:30:00Z,2024-12-14T12:49:16Z,2024-12-14T12:49:16Z,LIVE,4,196.00,19.60,AUD
8800117,1,1,310086,Mini Mystery (30 min),2024-12-19T19:30:00Z,2024-12-14T17:18:57Z,2024-12-14T17:18:57Z,LIVE,3,45.00,9.00,GBP
8800118,1,1,310087,The Vault (60 min),2025-02-14T20:30:00Z,2024-12-14T18:33:32Z,2024-12-14T18:33:32Z,LIVE,6,150.00,30.00,GBP
8800119,1,3,310039,Sunrise Paddle,2025-01-11T14:30:00Z,2024-12-14T19:04:20Z,2024-12-14T19:04:20Z,LIVE,3,135.00,11.14,USD
8800102,2,2,310001,Axe Throwing 60 min,2024-12-20T19:00:00Z,2024-12-11T14:18:24Z,2024-12-14T19:47:15Z,LIVE,9,261.00,60.03,EUR
8800120,1,3,310074,Kayak Rental 2 hr,2024-12-15T12:30:00Z,2024-12-14T21:15:28Z,2024-12-14T21:15:28Z,LIVE,2,70.00,5.78,USD
8800121,1,4,310080,Intro to Bouldering,2024-12-15T01:30:00Z,2024-12-14T23:38:15Z,2024-12-14T23:38:15Z,LIVE,4,196.00,19.60,AUD
8800122,1,5,310088,Private Group Game,2024-12-19T20:00:00Z,2024-12-14T23:45:14Z,2024-12-14T23:45:14Z,LIVE,4,220.00,6.38,USD
8800123,1,4,310089,Kids Climb Session,2025-01-11T05:30:00Z,2024-12-15T08:48:03Z,2024-12-15T08:48:03Z,LIVE,1,24.00,2.40,AUD
8800124,1,4,310090,Kids Climb Session,2025-02-02T08:30:00Z,2024-12-15T10:27:33Z,2024-12-15T10:27:33Z,LIVE,1,24.00,2.40,AUD
8800125,1,1,310066,The Vault (60 min),2024-12-15T19:30:00Z,2024-12-15T11:17:02Z,2024-12-15T11:17:02Z,LIVE,3,75.00,15.00,GBP
8800126,1,2,310058,Axe Throwing 90 min,2024-12-15T21:30:00Z,2024-12-15T12:57:33Z,2024-12-15T12:57:33Z,LIVE,3,117.00,26.91,EUR
8800127,1,1,310091,Mini Mystery (30 min),2024-12-15T18:15:00Z,2024-12-15T13:10:50Z,2024-12-15T13:10:50Z,LIVE,5,75.00,15.00,GBP
8800128,1,1,310092,Mini Mystery (30 min),2024-12-15T19:45:00Z,2024-12-15T13:34:29Z,2024-12-15T13:34:29Z,LIVE,2,30.00,6.00,GBP
8800129,1,5,310093,Private Group Game,2024-12-19T22:00:00Z,2024-12-15T14:42:20Z,2024-12-15T14:42:20Z,LIVE,7,385.00,11.17,USD
8800130,1,5,310083,Open Play,2024-12-17T16:00:00Z,2024-12-15T15:09:13Z,2024-12-15T15:09:13Z,LIVE,10,390.00,11.31,USD
8800064,2,4,310040,Kids Climb Session,2025-01-29T04:45:00Z,2024-11-30T20:14:51Z,2024-12-15T19:14:25Z,LIVE,5,120.00,12.00,AUD
8800131,1,5,310094,Open Play,2025-01-04T19:30:00Z,2024-12-15T21:03:53Z,2024-12-15T21:03:53Z,LIVE,10,390.00,11.31,USD
8800132,1,4,310095,Casual Climb,2024-12-28T04:45:00Z,2024-12-15T21:51:37Z,2024-12-15T21:51:37Z,LIVE,1,29.00,2.90,AUD
8800133,1,4,310085,Casual Climb,2024-12-19T06:45:00Z,2024-12-15T23:59:00Z,2024-12-15T23:59:00Z,LIVE,2,58.00,5.80,AUD
8800134,1,3,310013,Kayak Rental 2 hr,2024-12-21T15:00:00Z,2024-12-16T02:44:39Z,2024-12-16T02:44:39Z,LIVE,2,70.00,5.78,USD
8800135,1,3,310096,Sunrise Paddle,2025-01-04T15:00:00Z,2024-12-16T03:44:10Z,2024-12-16T03:44:10Z,LIVE,5,225.00,18.56,USD
8800136,1,2,310097,Axe Throwing 90 min,2024-12-16T21:15:00Z,2024-12-16T11:08:06Z,2024-12-16T11:08:06Z,LIVE,2,78.00,17.94,EUR
8800137,1,1,310098,Asylum (60 min),2025-01-08T18:30:00Z,2024-12-16T12:32:10Z,2024-12-16T12:32:10Z,LIVE,5,140.00,28.00,GBP
8800138,1,2,310099,Axe Throwing 90 min,2024-12-27T19:30:00Z,2024-12-16T14:26:33Z,2024-12-16T14:26:33Z,LIVE,7,273.00,62.79,EUR
8800139,1,3,310022,Sunrise Paddle,2024-12-29T13:30:00Z,2024-12-16T15:07:47Z,2024-12-16T15:07:47Z,LIVE,1,45.00,3.71,USD
8800140,1,2,310001,Axe Throwing 60 min,2024-12-20T18:30:00Z,2024-12-16T16:16:28Z,2024-12-16T16:16:28Z,LIVE,8,232.00,53.36,EUR
8800141,1,1,310100,Asylum (60 min),2025-02-26T20:30:00Z,2024-12-16T17:53:21Z,2024-12-16T17:53:21Z,LIVE,5,140.00,28.00,GBP
8800142,1,3,310101,Sunrise Paddle,2025-01-10T17:15:00Z,2024-12-16T18:01:05Z,2024-12-16T18:01:05Z,LIVE,1,45.00,3.71,USD
8800143,1,2,310102,Axe Throwing 90 min,2024-12-22T18:45:00Z,2024-12-16T18:50:15Z,2024-12-16T18:50:15Z,LIVE,6,234.00,53.82,EUR
8800144,1,5,310103,Private Group Game,2024-12-16T21:45:00Z,2024-12-16T20:46:20Z,2024-12-16T20:46:20Z,LIVE,7,385.00,11.17,USD
8800145,1,6,310028,Test Experience,2024-12-22T15:00:00Z,2024-12-16T22:41:08Z,2024-12-16T22:41:08Z,LIVE,1,1.00,0.20,GBP
8800146,1,5,310104,Private Group Game,2024-12-20T19:45:00Z,2024-12-17T03:02:47Z,2024-12-17T03:02:47Z,LIVE,10,550.00,15.95,USD
8800147,1,4,310105,Kids Climb Session,2025-01-01T05:45:00Z,2024-12-17T03:43:57Z,2024-12-17T03:43:57Z,LIVE,4,96.00,9.60,AUD
8800148,1,4,310070,Intro to Bouldering,2024-12-18T06:00:00Z,2024-12-17T06:02:12Z,2024-12-17T06:02:12Z,LIVE,4,196.00,19.60,AUD
8800149,1,1,310106,Asylum (60 min),2024-12-21T19:00:00Z,2024-12-17T09:06:07Z,2024-12-17T09:06:07Z,LIVE,6,168.00,33.60,GBP
8800148,2,4,310070,Intro to Bouldering,2024-12-18T06:00:00Z,2024-12-17T06:02:12Z,2024-12-17T15:33:54Z,LIVE,6,294.00,29.40,AUD
8800150,1,6,310107,Test Experience,2025-01-10T11:00:00Z,2024-12-17T17:14:40Z,2024-12-17T17:14:40Z,LIVE,3,3.00,0.60,GBP
8800151,1,1,310108,Asylum (60 min),2024-12-17T21:30:00Z,2024-12-17T20:06:17Z,2024-12-17T20:06:17Z,LIVE,4,112.00,22.40,GBP
8800152,1,4,310040,Casual Climb,2024-12-18T07:30:00Z,2024-12-17T23:29:03Z,2024-12-17T23:29:03Z,LIVE,2,58.00,5.80,AUD
8800153,1,2,310109,Axe Throwing 90 min,2025-01-10T19:30:00Z,2024-12-17T23:30:34Z,2024-12-17T23:30:34Z,LIVE,2,78.00,17.94,EUR
8800154,1,4,310003,Intro to Bouldering,2024-12-21T00:00:00Z,2024-12-18T00:04:05Z,2024-12-18T00:04:05Z,LIVE,3,147.00,14.70,AUD
8800155,1,4,310110,Intro to Bouldering,2024-12-29T04:30:00Z,2024-12-18T03:37:15Z,2024-12-18T03:37:15Z,LIVE,3,147.00,14.70,AUD
8800156,1,1,310111,Mini Mystery (30 min),2024-12-24T16:15:00Z,2024-12-18T07:29:35Z,2024-12-18T07:29:35Z,LIVE,4,60.00,12.00,GBP
8800157,1,4,310112,Intro to Bouldering,2025-01-01T04:00:00Z,2024-12-18T07:42:17Z,2024-12-18T07:42:17Z,LIVE,3,147.00,14.70,AUD
8800107,2,1,310007,Asylum (60 min),2025-01-04T20:30:00Z,2024-12-12T11:20:39Z,2024-12-18T08:16:40Z,LIVE,4,112.00,22.40,GBP
8800097,2,2,310068,Axe Throwing 60 min,2025-01-03T20:00:00Z,2024-12-10T19:24:29Z,2024-12-18T08:22:30Z,LIVE,5,145.00,33.35,EUR
8800158,1,1,310113,The Vault (60 min),2024-12-23T20:30:00Z,2024-12-18T08:40:52Z,2024-12-18T08:40:52Z,LIVE,5,125.00,25.00,GBP
8800159,1,2,310114,Axe Throwing 60 min,2024-12-18T19:00:00Z,2024-12-18T10:17:42Z,2024-12-18T10:17:42Z,LIVE,5,145.00,33.35,EUR
8800160,1,2,310058,Axe Throwing 60 min,2025-01-10T20:30:00Z,2024-12-18T13:17:02Z,2024-12-18T13:17:02Z,LIVE,6,174.00,40.02,EUR
8800161,1,5,310103,Private Group Game,2024-12-22T18:30:00Z,2024-12-18T14:19:58Z,2024-12-18T14:19:58Z,LIVE,12,660.00,19.14,USD
8800162,1,2,310115,Axe Throwing 90 min,2024-12-23T18:45:00Z,2024-12-18T17:14:21Z,2024-12-18T17:14:21Z,LIVE,4,156.00,35.88,EUR
8800163,1,4,310116,Casual Climb,2024-12-19T08:00:00Z,2024-12-18T20:14:33Z,2024-12-18T20:14:33Z,LIVE,4,116.00,11.60,AUD
8800164,1,4,310117,Intro to Bouldering,2024-12-24T23:00:00Z,2024-12-18T22:29:01Z,2024-12-18T22:29:01Z,LIVE,1,49.00,4.90,AUD
8800165,1,6,310118,Test Experience,2025-01-17T15:30:00Z,2024-12-18T23:42:18Z,2024-12-18T23:42:18Z,LIVE,3,3.00,0.60,GBP
8800166,1,1,310084,Asylum (60 min),2024-12-29T17:30:00Z,2024-12-19T07:33:38Z,2024-12-19T07:33:38Z,LIVE,2,56.00,11.20,GBP
8800139,2,3,310022,Sunrise Paddle,2024-12-29T13:30:00Z,2024-12-16T15:07:47Z,2024-12-19T09:19:55Z,LIVE,3,135.00,11.14,USD
8800158,2,1,310113,The Vault (60 min),2024-12-23T20:30:00Z,2024-12-18T08:40:52Z,2024-12-19T11:33:31Z,LIVE,6,150.00,30.00,GBP
8800167,1,1,310119,Mini Mystery (30 min),2024-12-21T16:30:00Z,2024-12-19T13:22:59Z,2024-12-19T13:22:59Z,LIVE,4,60.00,12.00,GBP
8800168,1,2,310097,Axe Throwing 90 min,2024-12-21T20:30:00Z,2024-12-19T14:16:37Z,2024-12-19T14:16:37Z,LIVE,5,195.00,44.85,EUR
8800169,1,5,310120,Private Group Game,2024-12-25T19:00:00Z,2024-12-19T18:16:26Z,2024-12-19T18:16:26Z,LIVE,8,440.00,12.76,USD
8800055,2,5,310044,Private Group Game,2025-01-04T19:15:00Z,2024-11-26T15:54:42Z,2024-12-19T18:36:25Z,CANCELLED,11,605.00,17.55,USD
8800170,1,2,310121,Axe Throwing 90 min,2024-12-20T17:15:00Z,2024-12-19T19:41:47Z,2024-12-19T19:41:47Z,LIVE,4,156.00,35.88,EUR
8800171,1,4,310003,Intro to Bouldering,2025-01-05T00:45:00Z,2024-12-20T02:18:49Z,2024-12-20T02:18:49Z,LIVE,2,98.00,9.80,AUD
8800172,1,3,310122,Half-Day River Tour,2024-12-21T19:30:00Z,2024-12-20T04:29:40Z,2024-12-20T04:29:40Z,LIVE,2,158.00,13.04,USD
8800173,1,4,310123,Casual Climb,2024-12-27T07:30:00Z,2024-12-20T04:36:07Z,2024-12-20T04:36:07Z,LIVE,1,29.00,2.90,AUD
8800174,1,4,310124,Casual Climb,2025-03-18T22:30:00Z,2024-12-20T05:02:50Z,2024-12-20T05:02:50Z,LIVE,2,58.00,5.80,AUD
8800175,1,1,310125,The Vault (60 min),2025-01-11T19:00:00Z,2024-12-20T09:54:20Z,2024-12-20T09:54:20Z,LIVE,2,50.00,10.00,GBP
8800176,1,2,310002,Axe Throwing 90 min,2024-12-20T13:30:00Z,2024-12-20T11:03:04Z,2024-12-20T11:03:04Z,LIVE,6,234.00,53.82,EUR
8800177,1,2,310126,Axe Throwing 90 min,2025-01-11T20:00:00Z,2024-12-20T11:40:04Z,2024-12-20T11:40:04Z,LIVE,6,234.00,53.82,EUR
8800178,1,2,310127,Axe Throwing 90 min,2025-01-04T20:15:00Z,2024-12-20T14:12:05Z,2024-12-20T14:12:05Z,LIVE,3,117.00,26.91,EUR
8800179,1,5,310071,Open Play,2024-12-21T18:15:00Z,2024-12-20T19:27:56Z,2024-12-20T19:27:56Z,LIVE,8,312.00,9.05,USD
8800180,1,4,310128,Kids Climb Session,2024-12-21T00:45:00Z,2024-12-20T21:28:11Z,2024-12-20T21:28:11Z,LIVE,1,24.00,2.40,AUD
8800181,1,3,310039,Half-Day River Tour,2025-03-20T16:15:00Z,2024-12-21T01:24:04Z,2024-12-21T01:24:04Z,LIVE,2,158.00,13.04,USD
8800182,1,2,310129,Axe Throwing 60 min,2024-12-21T13:15:00Z,2024-12-21T08:20:56Z,2024-12-21T08:20:56Z,LIVE,8,232.00,53.36,EUR
8800183,1,2,310130,Axe Throwing 60 min,2024-12-21T18:00:00Z,2024-12-21T10:38:44Z,2024-12-21T10:38:44Z,LIVE,5,145.00,33.35,EUR
8800184,1,2,310131,Axe Throwing 60 min,2025-02-22T17:45:00Z,2024-12-21T13:03:21Z,2024-12-21T13:03:21Z,LIVE,4,116.00,26.68,EUR
8800185,1,1,310050,The Vault (60 min),2024-12-21T18:45:00Z,2024-12-21T13:20:40Z,2024-12-21T13:20:40Z,LIVE,6,150.00,30.00,GBP
8800186,1,5,310093,Private Group Game,2024-12-21T18:30:00Z,2024-12-21T14:28:21Z,2024-12-21T14:28:21Z,LIVE,4,220.00,6.38,USD
8800187,1,5,310078,Private Group Game,2024-12-21T18:00:00Z,2024-12-21T14:48:40Z,2024-12-21T14:48:40Z,LIVE,7,385.00,11.17,USD
8800188,1,3,310132,Sunrise Paddle,2024-12-21T17:15:00Z,2024-12-21T15:28:42Z,2024-12-21T15:28:42Z,LIVE,4,180.00,14.85,USD
8800189,1,2,310133,Axe Throwing 90 min,2024-12-29T20:45:00Z,2024-12-21T18:39:12Z,2024-12-21T18:39:12Z,LIVE,7,273.00,62.79,EUR
8800190,1,2,310127,Axe Throwing 90 min,2025-01-05T19:30:00Z,2024-12-21T20:37:21Z,2024-12-21T20:37:21Z,LIVE,8,312.00,71.76,EUR
8800191,1,4,310134,Kids Climb Session,2024-12-22T04:30:00Z,2024-12-21T21:27:14Z,2024-12-21T21:27:14Z,LIVE,2,48.00,4.80,AUD
8800192,1,2,310097,Axe Throwing 60 min,2025-03-16T19:45:00Z,2024-12-21T22:24:12Z,2024-12-21T22:24:12Z,LIVE,6,174.00,40.02,EUR
8800169,2,5,310120,Private Group Game,2024-12-25T19:00:00Z,2024-12-19T18:16:26Z,2024-12-21T23:46:20Z,LIVE,9,495.00,14.36,USD
8800193,1,4,310135,Kids Climb Session,2025-02-21T05:00:00Z,2024-12-22T00:24:31Z,2024-12-22T00:24:31Z,LIVE,2,48.00,4.80,AUD
8800194,1,5,310015,Open Play,2024-12-22T18:15:00Z,2024-12-22T00:55:15Z,2024-12-22T00:55:15Z,LIVE,10,390.00,11.31,USD
8800195,1,4,310136,Kids Climb Session,2024-12-22T06:15:00Z,2024-12-22T05:49:21Z,2024-12-22T05:49:21Z,LIVE,1,24.00,2.40,AUD
8800196,1,4,310051,Intro to Bouldering,2025-01-05T08:30:00Z,2024-12-22T06:09:21Z,2024-12-22T06:09:21Z,LIVE,4,196.00,19.60,AUD
8800197,1,2,310137,Axe Throwing 60 min,2024-12-22T20:30:00Z,2024-12-22T07:10:31Z,2024-12-22T07:10:31Z,LIVE,4,116.00,26.68,EUR
8800070,2,1,310031,Asylum (60 min),2024-12-29T20:00:00Z,2024-12-02T13:46:38Z,2024-12-22T09:04:41Z,CANCELLED,3,84.00,16.80,GBP
8800197,2,2,310137,Axe Throwing 60 min,2024-12-22T20:30:00Z,2024-12-22T07:10:31Z,2024-12-22T11:23:35Z,LIVE,5,145.00,33.35,EUR
8800198,1,5,310015,Open Play,2024-12-22T22:15:00Z,2024-12-22T14:03:18Z,2024-12-22T14:03:18Z,LIVE,10,390.00,11.31,USD
8800199,1,1,310138,Asylum (60 min),2025-01-04T18:30:00Z,2024-12-22T19:38:26Z,2024-12-22T19:38:26Z,LIVE,6,168.00,33.60,GBP
8800200,1,1,310111,Mini Mystery (30 min),2025-01-17T19:30:00Z,2024-12-23T10:19:15Z,2024-12-23T10:19:15Z,LIVE,2,30.00,6.00,GBP
8800201,1,3,310139,Sunrise Paddle,2025-02-09T12:30:00Z,2024-12-23T13:30:44Z,2024-12-23T13:30:44Z,LIVE,3,135.00,11.14,USD
8800202,1,1,310066,The Vault (60 min),2024-12-27T14:00:00Z,2024-12-23T18:26:30Z,2024-12-23T18:26:30Z,LIVE,3,75.00,15.00,GBP
8800203,1,3,310140,Kayak Rental 2 hr,2025-02-28T17:00:00Z,2024-12-23T19:25:56Z,2024-12-23T19:25:56Z,LIVE,5,175.00,14.44,USD
8800204,1,3,310039,Half-Day River Tour,2025-01-18T17:45:00Z,2024-12-23T20:44:16Z,2024-12-23T20:44:16Z,LIVE,5,395.00,32.59,USD
8800205,1,1,310084,Mini Mystery (30 min),2025-02-12T17:30:00Z,2024-12-23T23:54:28Z,2024-12-23T23:54:28Z,LIVE,6,90.00,18.00,GBP
8800132,2,4,310095,Casual Climb,2024-12-28T04:45:00Z,2024-12-15T21:51:37Z,2024-12-24T05:34:57Z,CANCELLED,1,29.00,2.90,AUD
8800206,1,2,310114,Axe Throwing 90 min,2024-12-29T21:30:00Z,2024-12-24T07:49:32Z,2024-12-24T07:49:32Z,LIVE,3,117.00,26.91,EUR
8800207,1,2,310141,Axe Throwing 90 min,2024-12-26T17:30:00Z,2024-12-24T09:12:15Z,2024-12-24T09:12:15Z,LIVE,2,78.00,17.94,EUR
8800208,1,1,310066,The Vault (60 min),2025-01-04T20:45:00Z,2024-12-24T10:06:10Z,2024-12-24T10:06:10Z,LIVE,4,100.00,20.00,GBP
8800209,1,4,310105,Casual Climb,2024-12-27T05:00:00Z,2024-12-24T10:27:59Z,2024-12-24T10:27:59Z,LIVE,1,29.00,2.90,AUD
8800210,1,2,310142,Axe Throwing 60 min,2024-12-30T21:30:00Z,2024-12-24T11:05:26Z,2024-12-24T11:05:26Z,LIVE,4,116.00,26.68,EUR
8800211,1,2,310143,Axe Throwing 90 min,2024-12-24T21:00:00Z,2024-12-24T14:56:20Z,2024-12-24T14:56:20Z,LIVE,4,156.00,35.88,EUR
8800212,1,5,310020,Open Play,2024-12-26T20:00:00Z,2024-12-24T16:01:05Z,2024-12-24T16:01:05Z,LIVE,6,234.00,6.79,USD
8800211,2,2,310143,Axe Throwing 90 min,2024-12-24T21:00:00Z,2024-12-24T14:56:20Z,2024-12-24T17:43:54Z,LIVE,6,234.00,53.82,EUR
8800213,1,1,310144,The Vault (60 min),2024-12-27T19:15:00Z,2024-12-24T19:50:21Z,2024-12-24T19:50:21Z,LIVE,6,150.00,30.00,GBP
8800135,2,3,310096,Sunrise Paddle,2025-01-04T15:00:00Z,2024-12-16T03:44:10Z,2024-12-24T22:37:03Z,LIVE,6,270.00,22.28,USD
8800214,1,3,310009,Kayak Rental 2 hr,2024-12-29T17:45:00Z,2024-12-24T23:09:26Z,2024-12-24T23:09:26Z,LIVE,1,35.00,2.89,USD
8800215,1,4,310145,Kids Climb Session,2025-01-12T06:45:00Z,2024-12-24T23:11:02Z,2024-12-24T23:11:02Z,LIVE,3,72.00,7.20,AUD
8800216,1,3,310146,Kayak Rental 2 hr,2024-12-29T13:00:00Z,2024-12-25T01:51:38Z,2024-12-25T01:51:38Z,LIVE,2,70.00,5.78,USD
8800110,2,4,310081,Intro to Bouldering,2024-12-28T01:45:00Z,2024-12-13T06:11:53Z,2024-12-25T02:39:38Z,CANCELLED,4,196.00,19.60,AUD
8800217,1,5,310147,Private Group Game,2025-01-19T17:00:00Z,2024-12-25T03:04:05Z,2024-12-25T03:04:05Z,LIVE,4,220.00,6.38,USD
8800071,2,4,310053,Casual Climb,2025-01-11T23:00:00Z,2024-12-02T21:29:58Z,2024-12-25T03:24:57Z,CANCELLED,1,29.00,2.90,AUD
8800218,1,4,310052,Intro to Bouldering,2024-12-26T06:00:00Z,2024-12-25T04:32:04Z,2024-12-25T04:32:04Z,LIVE,2,98.00,9.80,AUD
8800131,2,5,310094,Open Play,2025-01-04T19:30:00Z,2024-12-15T21:03:53Z,2024-12-25T04:44:31Z,LIVE,11,429.00,12.44,USD
8800219,1,4,310148,Intro to Bouldering,2024-12-26T07:30:00Z,2024-12-25T07:01:37Z,2024-12-25T07:01:37Z,LIVE,2,98.00,9.80,AUD
8800220,1,4,310149,Intro to Bouldering,2025-01-17T05:00:00Z,2024-12-25T09:26:34Z,2024-12-25T09:26:34Z,LIVE,2,98.00,9.80,AUD
8800221,1,4,310150,Intro to Bouldering,2025-01-04T08:45:00Z,2024-12-25T12:44:46Z,2024-12-25T12:44:46Z,LIVE,4,196.00,19.60,AUD
8800222,1,1,310066,The Vault (60 min),2024-12-29T16:15:00Z,2024-12-25T12:53:09Z,2024-12-25T12:53:09Z,LIVE,6,150.00,30.00,GBP
8800219,2,4,310148,Intro to Bouldering,2024-12-26T07:30:00Z,2024-12-25T07:01:37Z,2024-12-25T15:23:26Z,LIVE,3,147.00,14.70,AUD
8800223,1,5,310151,Open Play,2025-02-18T22:00:00Z,2024-12-25T19:06:17Z,2024-12-25T19:06:17Z,LIVE,8,312.00,9.05,USD
8800224,1,1,310152,Asylum (60 min),2024-12-30T18:30:00Z,2024-12-25T19:57:09Z,2024-12-25T19:57:09Z,LIVE,3,84.00,16.80,GBP
8800225,1,4,310052,Casual Climb,2024-12-28T08:00:00Z,2024-12-25T20:52:28Z,2024-12-25T20:52:28Z,LIVE,2,58.00,5.80,AUD
8800226,1,4,310051,Casual Climb,2025-01-10T05:15:00Z,2024-12-25T23:25:52Z,2024-12-25T23:25:52Z,LIVE,4,116.00,11.60,AUD
8800227,1,4,310123,Casual Climb,2025-03-23T05:00:00Z,2024-12-26T02:08:39Z,2024-12-26T02:08:39Z,LIVE,2,58.00,5.80,AUD
8800139,3,3,310022,Sunrise Paddle,2024-12-29T13:30:00Z,2024-12-16T15:07:47Z,2024-12-26T03:17:47Z,CANCELLED,3,135.00,11.14,USD
8800138,2,2,310099,Axe Throwing 90 min,2024-12-27T19:30:00Z,2024-12-16T14:26:33Z,2024-12-26T05:41:25Z,CANCELLED,7,273.00,62.79,EUR
8800228,1,2,310153,Axe Throwing 60 min,2025-03-21T18:00:00Z,2024-12-26T07:58:39Z,2024-12-26T07:58:39Z,LIVE,7,203.00,46.69,EUR
8800229,1,6,310154,Test Experience,2024-12-26T10:30:00Z,2024-12-26T08:28:17Z,2024-12-26T08:28:17Z,LIVE,1,1.00,0.20,GBP
8800230,1,1,310155,The Vault (60 min),2025-02-12T20:00:00Z,2024-12-26T11:08:12Z,2024-12-26T11:08:12Z,LIVE,5,125.00,25.00,GBP
8800231,1,3,310009,Kayak Rental 2 hr,2024-12-26T15:15:00Z,2024-12-26T13:21:36Z,2024-12-26T13:21:36Z,LIVE,4,140.00,11.55,USD
8800232,1,1,310156,The Vault (60 min),2024-12-26T17:15:00Z,2024-12-26T13:24:01Z,2024-12-26T13:24:01Z,LIVE,6,150.00,30.00,GBP
8800233,1,1,310157,Asylum (60 min),2025-01-22T19:45:00Z,2024-12-26T14:00:39Z,2024-12-26T14:00:39Z,LIVE,3,84.00,16.80,GBP
8800234,1,5,310158,Private Group Game,2025-01-01T21:15:00Z,2024-12-26T15:19:11Z,2024-12-26T15:19:11Z,LIVE,7,385.00,11.17,USD
8800235,1,5,310159,Open Play,2025-01-04T18:30:00Z,2024-12-26T17:06:03Z,2024-12-26T17:06:03Z,LIVE,7,273.00,7.92,USD
8800236,1,1,310160,The Vault (60 min),2024-12-27T17:30:00Z,2024-12-26T19:35:37Z,2024-12-26T19:35:37Z,LIVE,4,100.00,20.00,GBP
8800237,1,5,310093,Private Group Game,2025-01-06T20:45:00Z,2024-12-26T20:31:56Z,2024-12-26T20:31:56Z,LIVE,10,550.00,15.95,USD
8800238,1,4,310161,Intro to Bouldering,2025-01-23T06:00:00Z,2024-12-26T21:01:22Z,2024-12-26T21:01:22Z,LIVE,3,147.00,14.70,AUD
8800239,1,1,310162,The Vault (60 min),2025-01-24T17:30:00Z,2024-12-26T21:01:57Z,2024-12-26T21:01:57Z,LIVE,4,100.00,20.00,GBP
8800240,1,1,310163,The Vault (60 min),2024-12-27T16:15:00Z,2024-12-26T22:43:36Z,2024-12-26T22:43:36Z,LIVE,2,50.00,10.00,GBP
8800241,1,4,310164,Kids Climb Session,2024-12-28T01:45:00Z,2024-12-27T02:18:17Z,2024-12-27T02:18:17Z,LIVE,2,48.00,4.80,AUD
8800242,1,5,310165,Private Group Game,2025-01-18T20:30:00Z,2024-12-27T05:13:07Z,2024-12-27T05:13:07Z,LIVE,5,275.00,7.98,USD
8800243,1,4,310166,Casual Climb,2024-12-31T23:30:00Z,2024-12-27T05:28:33Z,2024-12-27T05:28:33Z,LIVE,1,29.00,2.90,AUD
8800240,2,1,310163,The Vault (60 min),2024-12-27T16:15:00Z,2024-12-26T22:43:36Z,2024-12-27T06:33:02Z,LIVE,4,100.00,20.00,GBP
8800171,2,4,310003,Intro to Bouldering,2025-01-05T00:45:00Z,2024-12-20T02:18:49Z,2024-12-27T06:35:43Z,LIVE,3,147.00,14.70,AUD
8800166,2,1,310084,Asylum (60 min),2024-12-29T17:30:00Z,2024-12-19T07:33:38Z,2024-12-27T08:09:06Z,CANCELLED,2,56.00,11.20,GBP
8800244,1,4,310167,Intro to Bouldering,2024-12-29T04:00:00Z,2024-12-27T08:56:19Z,2024-12-27T08:56:19Z,LIVE,1,49.00,4.90,AUD
8800245,1,3,310168,Sunrise Paddle,2024-12-27T15:15:00Z,2024-12-27T13:05:12Z,2024-12-27T13:05:12Z,LIVE,5,225.00,18.56,USD
8800246,1,5,310169,Private Group Game,2024-12-27T16:45:00Z,2024-12-27T14:42:32Z,2024-12-27T14:42:32Z,LIVE,10,550.00,15.95,USD
8800247,1,5,310158,Open Play,2025-02-07T22:45:00Z,2024-12-27T16:41:36Z,2024-12-27T16:41:36Z,LIVE,8,312.00,9.05,USD
8800248,1,5,310093,Open Play,2025-01-05T21:00:00Z,2024-12-28T02:09:24Z,2024-12-28T02:09:24Z,LIVE,8,312.00,9.05,USD
8800249,1,3,310013,Half-Day River Tour,2025-01-15T17:30:00Z,2024-12-28T05:03:52Z,2024-12-28T05:03:52Z,LIVE,1,79.00,6.52,USD
8800250,1,4,310170,Intro to Bouldering,2024-12-29T01:30:00Z,2024-12-28T05:44:51Z,2024-12-28T05:44:51Z,LIVE,4,196.00,19.60,AUD
8800251,1,4,310171,Kids Climb Session,2025-01-03T00:00:00Z,2024-12-28T06:57:40Z,2024-12-28T06:57:40Z,LIVE,2,48.00,4.80,AUD
8800252,1,1,310006,The Vault (60 min),2024-12-28T20:30:00Z,2024-12-28T07:11:59Z,2024-12-28T07:11:59Z,LIVE,5,125.00,25.00,GBP
8800157,2,4,310112,Intro to Bouldering,2025-01-01T04:00:00Z,2024-12-18T07:42:17Z,2024-12-28T08:29:06Z,CANCELLED,3,147.00,14.70,AUD
8800253,1,2,310029,Axe Throwing 60 min,2024-12-28T13:00:00Z,2024-12-28T09:45:29Z,2024-12-28T09:45:29Z,LIVE,4,116.00,26.68,EUR
8800254,1,1,310172,Mini Mystery (30 min),2024-12-28T20:45:00Z,2024-12-28T12:31:19Z,2024-12-28T12:31:19Z,LIVE,2,30.00,6.00,GBP
8800255,1,1,310077,The Vault (60 min),2024-12-28T20:00:00Z,2024-12-28T13:46:30Z,2024-12-28T13:46:30Z,LIVE,5,125.00,25.00,GBP
8800256,1,2,310173,Axe Throwing 60 min,2024-12-28T15:15:00Z,2024-12-28T14:35:35Z,2024-12-28T14:35:35Z,LIVE,6,174.00,40.02,EUR
8800257,1,3,310174,Sunrise Paddle,2024-12-30T13:45:00Z,2024-12-28T14:55:33Z,2024-12-28T14:55:33Z,LIVE,3,135.00,11.14,USD
8800258,1,2,310097,Axe Throwing 60 min,2024-12-28T20:00:00Z,2024-12-28T15:06:13Z,2024-12-28T15:06:13Z,LIVE,2,58.00,13.34,EUR
8800259,1,5,310175,Open Play,2024-12-28T19:30:00Z,2024-12-28T18:11:55Z,2024-12-28T18:11:55Z,LIVE,8,312.00,9.05,USD
8800260,1,5,310020,Private Group Game,2025-01-25T20:30:00Z,2024-12-28T18:24:54Z,2024-12-28T18:24:54Z,LIVE,10,550.00,15.95,USD
8800261,1,1,310176,The Vault (60 min),2025-01-02T19:15:00Z,2024-12-28T21:01:25Z,2024-12-28T21:01:25Z,LIVE,3,75.00,15.00,GBP
8800221,2,4,310150,Intro to Bouldering,2025-01-04T08:45:00Z,2024-12-25T12:44:46Z,2024-12-28T21:35:18Z,LIVE,5,245.00,24.50,AUD
8800262,1,4,310177,Casual Climb,2024-12-29T00:30:00Z,2024-12-28T22:15:41Z,2024-12-28T22:15:41Z,LIVE,3,87.00,8.70,AUD
8800263,1,1,310178,The Vault (60 min),2025-03-19T19:30:00Z,2024-12-28T22:39:02Z,2024-12-28T22:39:02Z,LIVE,3,75.00,15.00,GBP
8800264,1,4,310179,Kids Climb Session,2025-01-05T04:15:00Z,2024-12-29T02:56:43Z,2024-12-29T02:56:43Z,LIVE,3,72.00,7.20,AUD
8800214,2,3,310009,Kayak Rental 2 hr,2024-12-29T17:45:00Z,2024-12-24T23:09:26Z,2024-12-29T02:58:20Z,CANCELLED,1,35.00,2.89,USD
8800243,2,4,310166,Casual Climb,2024-12-31T23:30:00Z,2024-12-27T05:28:33Z,2024-12-29T03:39:15Z,LIVE,3,87.00,8.70,AUD
8800265,1,4,310180,Kids Climb Session,2025-01-02T04:30:00Z,2024-12-29T08:53:47Z,2024-12-29T08:53:47Z,LIVE,4,96.00,9.60,AUD
8800266,1,2,310181,Axe Throwing 60 min,2025-01-01T19:15:00Z,2024-12-29T09:53:28Z,2024-12-29T09:53:28Z,LIVE,6,174.00,40.02,EUR
8800267,1,1,310182,Asylum (60 min),2025-01-05T21:30:00Z,2024-12-29T12:51:54Z,2024-12-29T12:51:54Z,LIVE,3,84.00,16.80,GBP
8800268,1,1,310183,The Vault (60 min),2025-01-25T18:45:00Z,2024-12-29T13:22:50Z,2024-12-29T13:22:50Z,LIVE,3,75.00,15.00,GBP
8800206,2,2,310114,Axe Throwing 90 min,2024-12-29T21:30:00Z,2024-12-24T07:49:32Z,2024-12-29T13:50:32Z,CANCELLED,3,117.00,26.91,EUR
8800269,1,1,310184,Asylum (60 min),2025-01-25T19:30:00Z,2024-12-29T14:47:07Z,2024-12-29T14:47:07Z,LIVE,3,84.00,16.80,GBP
8800270,1,5,310185,Open Play,2025-01-13T19:00:00Z,2024-12-29T16:17:45Z,2024-12-29T16:17:45Z,LIVE,6,234.00,6.79,USD
8800271,1,5,310186,Open Play,2025-01-17T23:30:00Z,2024-12-29T16:34:04Z,2024-12-29T16:34:04Z,LIVE,6,234.00,6.79,USD
8800272,1,2,310187,Axe Throwing 90 min,2024-12-30T20:00:00Z,2024-12-29T16:56:46Z,2024-12-29T16:56:46Z,LIVE,4,156.00,35.88,EUR
8800273,1,4,310041,Kids Climb Session,2025-01-26T01:00:00Z,2024-12-29T20:45:47Z,2024-12-29T20:45:47Z,LIVE,1,24.00,2.40,AUD
8800274,1,4,310124,Intro to Bouldering,2024-12-29T23:15:00Z,2024-12-29T22:59:53Z,2024-12-29T22:59:53Z,LIVE,4,196.00,19.60,AUD
8800274,2,4,310124,Intro to Bouldering,2024-12-29T23:15:00Z,2024-12-29T22:59:53Z,2024-12-29T23:05:34Z,LIVE,6,294.00,29.40,AUD
8800275,1,5,310188,Open Play,2024-12-30T18:30:00Z,2024-12-30T01:04:05Z,2024-12-30T01:04:05Z,LIVE,4,156.00,4.52,USD
8800276,1,4,310189,Intro to Bouldering,2025-02-02T05:45:00Z,2024-12-30T02:06:32Z,2024-12-30T02:06:32Z,LIVE,1,49.00,4.90,AUD
8800277,1,4,310063,Intro to Bouldering,2025-01-10T22:00:00Z,2024-12-30T05:32:25Z,2024-12-30T05:32:25Z,LIVE,4,196.00,19.60,AUD
8800278,1,1,310190,Asylum (60 min),2025-01-05T12:45:00Z,2024-12-30T16:30:20Z,2024-12-30T16:30:20Z,LIVE,4,112.00,22.40,GBP
8800278,1,1,310190,Asylum (60 min),2025-01-05T12:45:00Z,2024-12-30T16:30:20Z,2024-12-30T16:30:20Z,LIVE,4,112.00,22.40,GBP
8800279,1,5,310191,Open Play,2024-12-31T16:00:00Z,2024-12-30T17:24:01Z,2024-12-30T17:24:01Z,LIVE,7,273.00,7.92,USD
8800280,1,2,310192,Axe Throwing 60 min,2025-01-03T21:30:00Z,2024-12-30T17:42:37Z,2024-12-30T17:42:37Z,LIVE,6,174.00,40.02,EUR
8800281,1,6,310193,Test Experience,2025-01-27T15:45:00Z,2024-12-30T19:45:00Z,2024-12-30T19:45:00Z,LIVE,4,4.00,0.80,GBP
8800282,1,1,310194,The Vault (60 min),2025-01-03T17:30:00Z,2024-12-30T21:48:19Z,2024-12-30T21:48:19Z,LIVE,2,50.00,10.00,GBP
8800283,1,4,310062,Intro to Bouldering,2025-01-03T06:15:00Z,2024-12-30T22:10:04Z,2024-12-30T22:10:04Z,LIVE,1,49.00,4.90,AUD
8800284,1,4,310003,Kids Climb Session,2025-01-13T05:00:00Z,2024-12-31T01:24:24Z,2024-12-31T01:24:24Z,LIVE,4,96.00,9.60,AUD
8800285,1,1,310195,Mini Mystery (30 min),2025-01-04T17:45:00Z,2024-12-31T08:10:15Z,2024-12-31T08:10:15Z,LIVE,5,75.00,15.00,GBP
8800286,1,2,310196,Axe Throwing 60 min,2024-12-31T19:15:00Z,2024-12-31T09:59:38Z,2024-12-31T09:59:38Z,LIVE,7,203.00,46.69,EUR
8800287,1,1,310197,The Vault (60 min),2025-01-01T17:00:00Z,2024-12-31T11:24:38Z,2024-12-31T11:24:38Z,LIVE,5,125.00,25.00,GBP
8800288,1,1,310198,The Vault (60 min),2025-01-04T17:15:00Z,2024-12-31T14:55:16Z,2024-12-31T14:55:16Z,LIVE,6,150.00,30.00,GBP
8800289,1,2,310199,Axe Throwing 90 min,2025-02-23T15:15:00Z,2024-12-31T15:18:50Z,2024-12-31T15:18:50Z,LIVE,5,195.00,44.85,EUR
8800290,1,2,310200,Axe Throwing 60 min,2025-01-15T21:45:00Z,2024-12-31T19:00:56Z,2024-12-31T19:00:56Z,LIVE,4,116.00,26.68,EUR
8800291,1,2,310201,Axe Throwing 90 min,2025-01-04T19:00:00Z,2024-12-31T22:38:29Z,2024-12-31T22:38:29Z,LIVE,5,195.00,44.85,EUR
8800292,1,6,310202,Test Experience,2025-01-04T11:30:00Z,2024-12-31T23:26:41Z,2024-12-31T23:26:41Z,LIVE,3,3.00,0.60,GBP
8800268,2,1,310183,The Vault (60 min),2025-01-25T18:45:00Z,2024-12-29T13:22:50Z,2025-01-01T00:50:11Z,LIVE,5,125.00,25.00,GBP
8800293,1,4,310203,Intro to Bouldering,2025-01-07T23:30:00Z,2025-01-01T00:51:05Z,2025-01-01T00:51:05Z,LIVE,3,147.00,14.70,AUD
8800294,1,4,310204,Kids Climb Session,2025-01-01T08:45:00Z,2025-01-01T01:20:10Z,2025-01-01T01:20:10Z,LIVE,2,48.00,4.80,AUD
8800295,1,4,310205,Casual Climb,2025-01-06T06:00:00Z,2025-01-01T02:08:37Z,2025-01-01T02:08:37Z,LIVE,4,116.00,11.60,AUD
8800296,1,4,310128,Kids Climb Session,2025-03-16T04:30:00Z,2025-01-01T02:23:47Z,2025-01-01T02:23:47Z,LIVE,3,72.00,7.20,AUD
8800297,1,4,310180,Intro to Bouldering,2025-01-04T03:00:00Z,2025-01-01T03:54:24Z,2025-01-01T03:54:24Z,LIVE,4,196.00,19.60,AUD
8800298,1,1,310206,The Vault (60 min),2025-01-03T20:00:00Z,2025-01-01T09:33:12Z,2025-01-01T09:33:12Z,LIVE,4,100.00,20.00,GBP
8800299,1,2,310207,Axe Throwing 90 min,2025-01-06T20:30:00Z,2025-01-01T18:35:59Z,2025-01-01T18:35:59Z,LIVE,8,312.00,71.76,EUR
8800098,2,3,310073,Half-Day River Tour,2025-01-25T14:45:00Z,2024-12-10T22:08:54Z,2025-01-01T18:58:02Z,LIVE,3,237.00,19.55,USD
8800300,1,4,310128,Intro to Bouldering,2025-01-30T06:30:00Z,2025-01-01T20:53:41Z,2025-01-01T20:53:41Z,LIVE,3,147.00,14.70,AUD
8800301,1,5,310208,Private Group Game,2025-01-19T22:30:00Z,2025-01-01T21:29:28Z,2025-01-01T21:29:28Z,LIVE,10,550.00,15.95,USD
8800237,2,5,310093,Private Group Game,2025-01-06T20:45:00Z,2024-12-26T20:31:56Z,2025-01-01T23:17:55Z,CANCELLED,10,550.00,15.95,USD
8800215,2,4,310145,Kids Climb Session,2025-01-12T06:45:00Z,2024-12-24T23:11:02Z,2025-01-02T02:42:41Z,LIVE,5,120.00,12.00,AUD
8800302,1,4,310116,Kids Climb Session,2025-01-08T03:00:00Z,2025-01-02T07:47:22Z,2025-01-02T07:47:22Z,LIVE,4,96.00,9.60,AUD
8800303,1,4,310209,Casual Climb,2025-01-12T03:45:00Z,2025-01-02T08:45:05Z,2025-01-02T08:45:05Z,LIVE,3,87.00,8.70,AUD
8800304,1,1,310210,The Vault (60 min),2025-01-09T20:30:00Z,2025-01-02T15:06:01Z,2025-01-02T15:06:01Z,LIVE,2,50.00,10.00,GBP
8800305,1,1,310066,Asylum (60 min),2025-01-08T20:30:00Z,2025-01-02T16:08:38Z,2025-01-02T16:08:38Z,LIVE,4,112.00,22.40,GBP
8800306,1,4,310211,Intro to Bouldering,2025-01-04T05:15:00Z,2025-01-03T01:03:13Z,2025-01-03T01:03:13Z,LIVE,1,49.00,4.90,AUD
8800307,1,4,310212,Intro to Bouldering,2025-01-03T07:00:00Z,2025-01-03T02:30:41Z,2025-01-03T02:30:41Z,LIVE,3,147.00,14.70,AUD
8800308,1,3,310043,Kayak Rental 2 hr,2025-01-18T16:00:00Z,2025-01-03T04:17:07Z,2025-01-03T04:17:07Z,LIVE,2,70.00,5.78,USD
8800309,1,2,310213,Axe Throwing 90 min,2025-01-03T18:00:00Z,2025-01-03T07:50:42Z,2025-01-03T07:50:42Z,LIVE,3,117.00,26.91,EUR
8800310,1,1,310214,Mini Mystery (30 min),2025-01-18T19:30:00Z,2025-01-03T09:16:59Z,2025-01-03T09:16:59Z,LIVE,4,60.00,12.00,GBP
8800311,1,2,310215,Axe Throwing 60 min,2025-03-28T19:45:00Z,2025-01-03T10:36:05Z,2025-01-03T10:36:05Z,LIVE,5,145.00,33.35,EUR
8800049,2,3,310039,Half-Day River Tour,2025-01-26T15:30:00Z,2024-11-23T22:05:50Z,2025-01-03T11:03:40Z,CANCELLED,5,395.00,32.59,USD
8800312,1,5,310216,Private Group Game,2025-01-03T17:15:00Z,2025-01-03T15:54:09Z,2025-01-03T15:54:09Z,LIVE,4,220.00,6.38,USD
8800226,2,4,310051,Casual Climb,2025-01-10T05:15:00Z,2024-12-25T23:25:52Z,2025-01-03T17:56:09Z,CANCELLED,4,116.00,11.60,AUD
8800313,1,1,310217,The Vault (60 min),2025-01-30T14:15:00Z,2025-01-03T18:27:05Z,2025-01-03T18:27:05Z,LIVE,3,75.00,15.00,GBP
8800314,1,2,310218,Axe Throwing 90 min,2025-01-14T17:30:00Z,2025-01-03T22:10:08Z,2025-01-03T22:10:08Z,LIVE,3,117.00,26.91,EUR
8800315,1,3,310219,Half-Day River Tour,2025-01-14T17:15:00Z,2025-01-03T23:53:41Z,2025-01-03T23:53:41Z,LIVE,1,79.00,6.52,USD
8800316,1,4,310220,Kids Climb Session,2025-01-17T06:00:00Z,2025-01-04T02:26:23Z,2025-01-04T02:26:23Z,LIVE,2,48.00,4.80,AUD
8800317,1,2,310221,Axe Throwing 90 min,2025-03-05T21:00:00Z,2025-01-04T09:27:30Z,2025-01-04T09:27:30Z,LIVE,5,195.00,44.85,EUR
8800318,1,2,310222,Axe Throwing 60 min,2025-01-04T19:45:00Z,2025-01-04T11:58:41Z,2025-01-04T11:58:41Z,LIVE,3,87.00,20.01,EUR
8800319,1,2,310072,Axe Throwing 90 min,2025-01-10T20:15:00Z,2025-01-04T12:25:11Z,2025-01-04T12:25:11Z,LIVE,6,234.00,53.82,EUR
8800320,1,1,310155,Asylum (60 min),2025-01-04T17:30:00Z,2025-01-04T13:55:34Z,2025-01-04T13:55:34Z,LIVE,5,140.00,28.00,GBP
8800321,1,5,310223,Private Group Game,2025-01-17T22:45:00Z,2025-01-04T14:20:46Z,2025-01-04T14:20:46Z,LIVE,7,385.00,11.17,USD
8800322,1,2,310224,Axe Throwing 60 min,2025-03-23T19:30:00Z,2025-01-04T14:48:19Z,2025-01-04T14:48:19Z,LIVE,5,145.00,33.35,EUR
8800323,1,2,310225,Axe Throwing 60 min,2025-01-04T21:15:00Z,2025-01-04T15:53:11Z,2025-01-04T15:53:11Z,LIVE,8,232.00,53.36,EUR
8800242,2,5,310165,Private Group Game,2025-01-18T20:30:00Z,2024-12-27T05:13:07Z,2025-01-04T17:08:50Z,LIVE,7,385.00,11.17,USD
8800324,1,4,310226,Intro to Bouldering,2025-01-12T07:00:00Z,2025-01-04T23:16:37Z,2025-01-04T23:16:37Z,LIVE,4,196.00,19.60,AUD
8800325,1,3,310039,Kayak Rental 2 hr,2025-01-18T14:15:00Z,2025-01-04T23:43:47Z,2025-01-04T23:43:47Z,LIVE,5,175.00,14.44,USD
8800326,1,5,310227,Open Play,2025-01-17T20:00:00Z,2025-01-05T01:50:36Z,2025-01-05T01:50:36Z,LIVE,10,390.00,11.31,USD
8800327,1,5,310158,Private Group Game,2025-01-28T20:45:00Z,2025-01-05T02:59:23Z,2025-01-05T02:59:23Z,LIVE,12,660.00,19.14,USD
8800328,1,1,310228,Asylum (60 min),2025-01-05T18:15:00Z,2025-01-05T07:37:31Z,2025-01-05T07:37:31Z,LIVE,4,112.00,22.40,GBP
8800329,1,1,310229,Mini Mystery (30 min),2025-01-15T21:00:00Z,2025-01-05T09:20:27Z,2025-01-05T09:20:27Z,LIVE,6,90.00,18.00,GBP
8800330,1,1,310230,Mini Mystery (30 min),2025-03-16T19:30:00Z,2025-01-05T09:39:01Z,2025-01-05T09:39:01Z,LIVE,6,90.00,18.00,GBP
8800331,1,2,310231,Axe Throwing 90 min,2025-01-21T20:45:00Z,2025-01-05T11:21:06Z,2025-01-05T11:21:06Z,LIVE,5,195.00,44.85,EUR
8800332,1,4,310232,Kids Climb Session,2025-01-27T06:00:00Z,2025-01-05T12:43:22Z,2025-01-05T12:43:22Z,LIVE,4,96.00,9.60,AUD
8800333,1,2,310215,Axe Throwing 90 min,2025-01-16T20:45:00Z,2025-01-05T14:30:45Z,2025-01-05T14:30:45Z,LIVE,6,234.00,53.82,EUR
8800334,1,5,310233,Open Play,2025-01-05T16:30:00Z,2025-01-05T15:11:49Z,2025-01-05T15:11:49Z,LIVE,7,273.00,7.92,USD
8800324,2,4,310226,Intro to Bouldering,2025-01-12T07:00:00Z,2025-01-04T23:16:37Z,2025-01-05T17:26:02Z,LIVE,6,294.00,29.40,AUD
8800335,1,6,310234,Test Experience,2025-01-11T15:30:00Z,2025-01-05T18:23:53Z,2025-01-05T18:23:53Z,LIVE,4,4.00,0.80,GBP
8800336,1,5,310235,Private Group Game,2025-01-09T18:00:00Z,2025-01-06T00:44:15Z,2025-01-06T00:44:15Z,LIVE,4,220.00,6.38,USD
8800326,2,5,310227,Open Play,2025-01-17T20:00:00Z,2025-01-05T01:50:36Z,2025-01-06T02:30:22Z,LIVE,12,468.00,13.57,USD
8800337,1,5,310236,Open Play,2025-01-31T20:45:00Z,2025-01-06T05:09:08Z,2025-01-06T05:09:08Z,LIVE,4,156.00,4.52,USD
8800137,2,1,310098,Asylum (60 min),2025-01-08T18:30:00Z,2024-12-16T12:32:10Z,2025-01-06T08:02:41Z,CANCELLED,5,140.00,28.00,GBP
8800338,1,2,310115,Axe Throwing 90 min,2025-01-13T17:45:00Z,2025-01-06T10:41:06Z,2025-01-06T10:41:06Z,LIVE,4,156.00,35.88,EUR
8800339,1,1,310237,The Vault (60 min),2025-01-07T19:45:00Z,2025-01-06T12:10:24Z,2025-01-06T12:10:24Z,LIVE,6,150.00,30.00,GBP
8800340,1,1,310238,Asylum (60 min),2025-01-12T18:30:00Z,2025-01-06T13:24:45Z,2025-01-06T13:24:45Z,LIVE,2,56.00,11.20,GBP
8800341,1,4,310211,Intro to Bouldering,2025-01-06T22:15:00Z,2025-01-06T20:18:24Z,2025-01-06T20:18:24Z,LIVE,3,147.00,14.70,AUD
8800342,1,2,310126,Axe Throwing 90 min,2025-01-22T15:00:00Z,2025-01-06T21:19:45Z,2025-01-06T21:19:45Z,LIVE,2,78.00,17.94,EUR
8800343,1,3,310239,Sunrise Paddle,2025-01-07T14:00:00Z,2025-01-06T22:53:22Z,2025-01-06T22:53:22Z,LIVE,2,90.00,7.43,USD
8800344,1,5,310159,Private Group Game,2025-01-10T20:45:00Z,2025-01-06T23:41:54Z,2025-01-06T23:41:54Z,LIVE,7,385.00,11.17,USD
8800345,1,2,310240,Axe Throwing 90 min,2025-01-10T20:45:00Z,2025-01-06T23:42:48Z,2025-01-06T23:42:48Z,LIVE,7,273.00,62.79,EUR
8800339,2,1,310237,The Vault (60 min),2025-01-07T19:45:00Z,2025-01-06T12:10:24Z,2025-01-07T01:30:23Z,LIVE,8,200.00,40.00,GBP
8800346,1,3,310241,Half-Day River Tour,2025-01-07T15:00:00Z,2025-01-07T14:49:16Z,2025-01-07T14:49:16Z,LIVE,4,316.00,26.07,USD
8800347,1,1,310242,Asylum (60 min),2025-01-27T21:30:00Z,2025-01-07T16:45:46Z,2025-01-07T16:45:46Z,LIVE,4,112.00,22.40,GBP
8800348,1,3,310243,Sunrise Paddle,2025-01-11T21:00:00Z,2025-01-07T21:34:42Z,2025-01-07T21:34:42Z,LIVE,2,90.00,7.43,USD
8800331,2,2,310231,Axe Throwing 90 min,2025-01-21T20:45:00Z,2025-01-05T11:21:06Z,2025-01-08T06:52:53Z,LIVE,6,234.00,53.82,EUR
8800349,1,2,310244,Axe Throwing 60 min,2025-01-11T20:30:00Z,2025-01-08T09:24:38Z,2025-01-08T09:24:38Z,LIVE,5,145.00,33.35,EUR
8800350,1,2,310245,Axe Throwing 60 min,2025-01-15T20:00:00Z,2025-01-08T13:11:45Z,2025-01-08T13:11:45Z,LIVE,5,145.00,33.35,EUR
8800351,1,5,310165,Open Play,2025-03-14T16:30:00Z,2025-01-08T14:24:30Z,2025-01-08T14:24:30Z,LIVE,7,273.00,7.92,USD
8800352,1,1,310032,The Vault (60 min),2025-01-18T18:45:00Z,2025-01-08T18:25:18Z,2025-01-08T18:25:18Z,LIVE,2,50.00,10.00,GBP
8800353,1,5,310246,Open Play,2025-01-11T21:00:00Z,2025-01-09T00:32:55Z,2025-01-09T00:32:55Z,LIVE,5,195.00,5.66,USD
8800354,1,5,310247,Private Group Game,2025-01-11T19:00:00Z,2025-01-09T00:41:20Z,2025-01-09T00:41:20Z,LIVE,7,385.00,11.17,USD
8800290,2,2,310200,Axe Throwing 60 min,2025-01-15T21:45:00Z,2024-12-31T19:00:56Z,2025-01-09T09:40:40Z,CANCELLED,4,116.00,26.68,EUR
8800355,1,4,310116,Kids Climb Session,2025-01-10T03:45:00Z,2025-01-09T20:49:42Z,2025-01-09T20:49:42Z,LIVE,4,96.00,9.60,AUD
8800356,1,1,310248,Asylum (60 min),2025-02-05T19:45:00Z,2025-01-09T21:32:49Z,2025-01-09T21:32:49Z,LIVE,6,168.00,33.60,GBP
8800357,1,4,310085,Kids Climb Session,2025-02-05T06:30:00Z,2025-01-09T22:30:05Z,2025-01-09T22:30:05Z,LIVE,4,96.00,9.60,AUD
8800358,1,5,310249,Private Group Game,2025-01-11T19:15:00Z,2025-01-10T01:00:50Z,2025-01-10T01:00:50Z,LIVE,6,330.00,9.57,USD
8800329,2,1,310229,Mini Mystery (30 min),2025-01-15T21:00:00Z,2025-01-05T09:20:27Z,2025-01-10T06:43:20Z,LIVE,8,120.00,24.00,GBP
8800359,1,2,310250,Axe Throwing 60 min,2025-01-10T18:30:00Z,2025-01-10T09:14:19Z,2025-01-10T09:14:19Z,LIVE,5,145.00,33.35,EUR
8800360,1,6,310028,Test Experience,2025-01-10T11:00:00Z,2025-01-10T10:20:43Z,2025-01-10T10:20:43Z,LIVE,1,1.00,0.20,GBP
8800358,2,5,310249,Private Group Game,2025-01-11T19:15:00Z,2025-01-10T01:00:50Z,2025-01-10T10:46:07Z,LIVE,7,385.00,11.17,USD
8800361,1,4,310251,Kids Climb Session,2025-02-08T06:15:00Z,2025-01-10T12:01:07Z,2025-01-10T12:01:07Z,LIVE,4,96.00,9.60,AUD
8800362,1,1,310252,The Vault (60 min),2025-02-05T18:45:00Z,2025-01-10T12:28:07Z,2025-01-10T12:28:07Z,LIVE,6,150.00,30.00,GBP
8800363,1,4,310253,Casual Climb,2025-02-13T06:30:00Z,2025-01-10T12:38:28Z,2025-01-10T12:38:28Z,LIVE,4,116.00,11.60,AUD
8800364,1,6,310028,Test Experience,2025-03-21T15:00:00Z,2025-01-10T14:17:32Z,2025-01-10T14:17:32Z,LIVE,4,4.00,0.80,GBP
8800365,1,2,310254,Axe Throwing 60 min,2025-01-10T20:00:00Z,2025-01-10T14:38:19Z,2025-01-10T14:38:19Z,LIVE,6,174.00,40.02,EUR
8800366,1,2,310255,Axe Throwing 60 min,2025-02-22T18:30:00Z,2025-01-10T17:12:00Z,2025-01-10T17:12:00Z,LIVE,3,87.00,20.01,EUR
8800367,1,1,310248,Mini Mystery (30 min),2025-01-18T16:45:00Z,2025-01-10T17:24:20Z,2025-01-10T17:24:20Z,LIVE,5,75.00,15.00,GBP
8800368,1,1,310160,Asylum (60 min),2025-04-05T19:30:00Z,2025-01-10T19:56:30Z,2025-01-10T19:56:30Z,LIVE,4,112.00,22.40,GBP
8800369,1,5,310256,Open Play,2025-01-13T21:00:00Z,2025-01-10T21:14:30Z,2025-01-10T21:14:30Z,LIVE,10,390.00,11.31,USD
8800370,1,1,310257,Mini Mystery (30 min),2025-01-26T17:15:00Z,2025-01-10T22:06:21Z,2025-01-10T22:06:21Z,LIVE,4,60.00,12.00,GBP
8800371,1,2,310224,Axe Throwing 90 min,2025-02-03T21:45:00Z,2025-01-10T23:15:59Z,2025-01-10T23:15:59Z,LIVE,7,273.00,62.79,EUR
8800372,1,3,310067,Sunrise Paddle,2025-01-14T15:45:00Z,2025-01-11T00:25:10Z,2025-01-11T00:25:10Z,LIVE,2,90.00,7.43,USD
8800354,2,5,310247,Private Group Game,2025-01-11T19:00:00Z,2025-01-09T00:41:20Z,2025-01-11T01:39:41Z,CANCELLED,7,385.00,11.17,USD
8800373,1,4,310003,Casual Climb,2025-01-17T06:00:00Z,2025-01-11T01:39:46Z,2025-01-11T01:39:46Z,LIVE,1,29.00,2.90,AUD
8800374,1,3,310258,Kayak Rental 2 hr,2025-02-01T14:00:00Z,2025-01-11T03:41:46Z,2025-01-11T03:41:46Z,LIVE,5,175.00,14.44,USD
8800335,2,6,310234,Test Experience,2025-01-11T15:30:00Z,2025-01-05T18:23:53Z,2025-01-11T06:49:30Z,CANCELLED,4,4.00,0.80,GBP
8800375,1,6,310259,Test Experience,2025-01-23T11:00:00Z,2025-01-11T07:48:32Z,2025-01-11T07:48:32Z,LIVE,2,2.00,0.40,GBP
8800376,1,1,310108,The Vault (60 min),2025-01-11T16:00:00Z,2025-01-11T08:57:48Z,2025-01-11T08:57:48Z,LIVE,2,50.00,10.00,GBP
8800377,1,2,310222,Axe Throwing 60 min,2025-01-11T18:15:00Z,2025-01-11T10:24:59Z,2025-01-11T10:24:59Z,LIVE,6,174.00,40.02,EUR
8800378,1,5,310015,Private Group Game,2025-01-11T20:00:00Z,2025-01-11T18:08:09Z,2025-01-11T18:08:09Z,LIVE,9,495.00,14.36,USD
8800379,1,2,310260,Axe Throwing 60 min,2025-01-12T18:00:00Z,2025-01-11T20:40:27Z,2025-01-11T20:40:27Z,LIVE,4,116.00,26.68,EUR
8800380,1,2,310221,Axe Throwing 90 min,2025-01-30T19:45:00Z,2025-01-11T22:38:10Z,2025-01-11T22:38:10Z,LIVE,8,312.00,71.76,EUR
8800381,1,3,310132,Sunrise Paddle,2025-01-19T15:30:00Z,2025-01-12T03:59:58Z,2025-01-12T03:59:58Z,LIVE,5,225.00,18.56,USD
8800382,1,5,310093,Open Play,2025-01-24T20:45:00Z,2025-01-12T06:52:53Z,2025-01-12T06:52:53Z,LIVE,4,156.00,4.52,USD
8800383,1,1,310025,The Vault (60 min),2025-02-06T20:00:00Z,2025-01-12T11:40:44Z,2025-01-12T11:40:44Z,LIVE,5,125.00,25.00,GBP
8800384,1,1,310031,Asylum (60 min),2025-01-19T20:00:00Z,2025-01-12T16:34:23Z,2025-01-12T16:34:23Z,LIVE,4,112.00,22.40,GBP
8800385,1,2,310261,Axe Throwing 60 min,2025-01-19T20:15:00Z,2025-01-12T17:07:04Z,2025-01-12T17:07:04Z,LIVE,6,174.00,40.02,EUR
8800386,1,1,310262,The Vault (60 min),2025-01-18T20:00:00Z,2025-01-12T19:22:31Z,2025-01-12T19:22:31Z,LIVE,2,50.00,10.00,GBP
8800387,1,1,310263,Asylum (60 min),2025-01-19T19:30:00Z,2025-01-12T20:06:40Z,2025-01-12T20:06:40Z,LIVE,2,56.00,11.20,GBP
8800388,1,2,310264,Axe Throwing 60 min,2025-01-19T19:30:00Z,2025-01-12T20:22:26Z,2025-01-12T20:22:26Z,LIVE,7,203.00,46.69,EUR
8800389,1,3,310265,Half-Day River Tour,2025-01-22T14:00:00Z,2025-01-12T20:27:08Z,2025-01-12T20:27:08Z,LIVE,5,395.00,32.59,USD
8800347,2,1,310242,Asylum (60 min),2025-01-27T21:30:00Z,2025-01-07T16:45:46Z,2025-01-12T20:42:06Z,LIVE,5,140.00,28.00,GBP
8800390,1,2,310266,Axe Throwing 90 min,2025-01-18T20:15:00Z,2025-01-12T22:52:01Z,2025-01-12T22:52:01Z,LIVE,5,195.00,44.85,EUR
8800391,1,4,310267,Kids Climb Session,2025-02-02T06:45:00Z,2025-01-13T09:08:53Z,2025-01-13T09:08:53Z,LIVE,1,24.00,2.40,AUD
8800392,1,2,310268,Axe Throwing 60 min,2025-01-17T20:30:00Z,2025-01-13T10:30:42Z,2025-01-13T10:30:42Z,LIVE,7,203.00,46.69,EUR
8800393,1,4,310269,Casual Climb,2025-03-22T06:00:00Z,2025-01-13T11:41:56Z,2025-01-13T11:41:56Z,LIVE,3,87.00,8.70,AUD
8800394,1,5,310191,Open Play,2025-02-22T17:45:00Z,2025-01-13T16:45:52Z,2025-01-13T16:45:52Z,LIVE,5,195.00,5.66,USD
8800395,1,5,310270,Open Play,2025-01-13T22:45:00Z,2025-01-13T19:00:47Z,2025-01-13T19:00:47Z,LIVE,12,468.00,13.57,USD
8800396,1,6,310154,Test Experience,2025-01-31T11:15:00Z,2025-01-13T21:53:23Z,2025-01-13T21:53:23Z,LIVE,1,1.00,0.20,GBP
8800397,1,3,310271,Sunrise Paddle,2025-01-14T12:00:00Z,2025-01-14T04:38:29Z,2025-01-14T04:38:29Z,LIVE,4,180.00,14.85,USD
8800397,2,3,310271,Sunrise Paddle,2025-01-14T12:00:00Z,2025-01-14T04:38:29Z,2025-01-14T07:16:42Z,LIVE,5,225.00,18.56,USD
8800398,1,4,310272,Intro to Bouldering,2025-01-19T07:00:00Z,2025-01-14T09:24:50Z,2025-01-14T09:24:50Z,LIVE,2,98.00,9.80,AUD
8800399,1,4,310273,Casual Climb,2025-01-15T05:00:00Z,2025-01-14T11:23:16Z,2025-01-14T11:23:16Z,LIVE,1,29.00,2.90,AUD
8800333,2,2,310215,Axe Throwing 90 min,2025-01-16T20:45:00Z,2025-01-05T14:30:45Z,2025-01-14T15:59:08Z,CANCELLED,6,234.00,53.82,EUR
8800400,1,1,310274,Asylum (60 min),2025-01-31T20:00:00Z,2025-01-14T18:23:05Z,2025-01-14T18:23:05Z,LIVE,4,112.00,22.40,GBP
8800401,1,5,310078,Open Play,2025-01-20T21:00:00Z,2025-01-14T18:32:31Z,2025-01-14T18:32:31Z,LIVE,6,234.00,6.79,USD
8800402,1,4,310275,Casual Climb,2025-01-15T03:30:00Z,2025-01-14T22:12:49Z,2025-01-14T22:12:49Z,LIVE,1,29.00,2.90,AUD
8800403,1,2,310276,Axe Throwing 90 min,2025-01-19T20:45:00Z,2025-01-14T22:22:51Z,2025-01-14T22:22:51Z,LIVE,7,273.00,62.79,EUR
8800374,2,3,310258,Kayak Rental 2 hr,2025-02-01T14:00:00Z,2025-01-11T03:41:46Z,2025-01-15T02:57:17Z,LIVE,7,245.00,20.21,USD
8800404,1,3,310277,Kayak Rental 2 hr,2025-03-02T19:30:00Z,2025-01-15T03:19:44Z,2025-01-15T03:19:44Z,LIVE,2,70.00,5.78,USD
8800405,1,4,310278,Casual Climb,2025-01-17T04:45:00Z,2025-01-15T04:32:01Z,2025-01-15T04:32:01Z,LIVE,2,58.00,5.80,AUD
8800406,1,2,310153,Axe Throwing 60 min,2025-03-15T20:00:00Z,2025-01-15T07:49:32Z,2025-01-15T07:49:32Z,LIVE,2,58.00,13.34,EUR
8800407,1,2,310133,Axe Throwing 90 min,2025-02-08T18:45:00Z,2025-01-15T08:41:54Z,2025-01-15T08:41:54Z,LIVE,8,312.00,71.76,EUR
8800408,1,1,310160,Asylum (60 min),2025-01-26T17:45:00Z,2025-01-15T09:40:57Z,2025-01-15T09:40:57Z,LIVE,6,168.00,33.60,GBP
8800370,2,1,310257,Mini Mystery (30 min),2025-01-26T17:15:00Z,2025-01-10T22:06:21Z,2025-01-15T15:07:56Z,LIVE,5,75.00,15.00,GBP
8800409,1,1,310279,Asylum (60 min),2025-01-18T19:30:00Z,2025-01-15T15:31:33Z,2025-01-15T15:31:33Z,LIVE,2,56.00,11.20,GBP
8800410,1,4,310280,Kids Climb Session,2025-01-15T22:00:00Z,2025-01-15T20:04:54Z,2025-01-15T20:04:54Z,LIVE,4,96.00,9.60,AUD
8800411,1,5,310083,Open Play,2025-02-03T22:45:00Z,2025-01-15T22:37:45Z,2025-01-15T22:37:45Z,LIVE,4,156.00,4.52,USD
8800247,2,5,310158,Open Play,2025-02-07T22:45:00Z,2024-12-27T16:41:36Z,2025-01-15T22:44:35Z,LIVE,10,390.00,11.31,USD
8800412,1,2,310281,Axe Throwing 60 min,2025-03-30T18:45:00Z,2025-01-15T23:39:32Z,2025-01-15T23:39:32Z,LIVE,8,232.00,53.36,EUR
8800413,1,3,310282,Sunrise Paddle,2025-01-19T19:45:00Z,2025-01-16T02:25:53Z,2025-01-16T02:25:53Z,LIVE,4,180.00,14.85,USD
8800414,1,4,310283,Kids Climb Session,2025-02-01T04:15:00Z,2025-01-16T06:21:35Z,2025-01-16T06:21:35Z,LIVE,3,72.00,7.20,AUD
8800415,1,4,310284,Casual Climb,2025-02-01T05:30:00Z,2025-01-16T10:21:05Z,2025-01-16T10:21:05Z,LIVE,4,116.00,11.60,AUD
8800416,1,4,310285,Casual Climb,2025-01-17T07:30:00Z,2025-01-16T10:38:58Z,2025-01-16T10:38:58Z,LIVE,4,116.00,11.60,AUD
8800417,1,1,310286,The Vault (60 min),2025-01-20T16:00:00Z,2025-01-16T11:36:38Z,2025-01-16T11:36:38Z,LIVE,6,150.00,30.00,GBP
8800418,1,2,310121,Axe Throwing 90 min,2025-01-28T19:00:00Z,2025-01-16T15:05:59Z,2025-01-16T15:05:59Z,LIVE,5,195.00,44.85,EUR
8800419,1,2,310001,Axe Throwing 60 min,2025-01-19T21:00:00Z,2025-01-16T16:26:39Z,2025-01-16T16:26:39Z,LIVE,4,116.00,26.68,EUR
8800420,1,3,310074,Half-Day River Tour,2025-03-18T12:00:00Z,2025-01-17T03:58:30Z,2025-01-17T03:58:30Z,LIVE,4,316.00,26.07,USD
8800381,2,3,310132,Sunrise Paddle,2025-01-19T15:30:00Z,2025-01-12T03:59:58Z,2025-01-17T04:32:45Z,CANCELLED,5,225.00,18.56,USD
8800010,2,3,310009,Kayak Rental 2 hr,2025-01-23T21:00:00Z,2024-10-25T19:24:57Z,2025-01-17T05:09:11Z,CANCELLED,5,175.00,14.44,USD
8800404,2,3,310277,Kayak Rental 2 hr,2025-03-02T19:30:00Z,2025-01-15T03:19:44Z,2025-01-17T07:43:43Z,LIVE,3,105.00,8.66,USD
8800421,1,4,310287,Kids Climb Session,2025-01-25T08:00:00Z,2025-01-17T08:03:17Z,2025-01-17T08:03:17Z,LIVE,4,96.00,9.60,AUD
8800422,1,2,310218,Axe Throwing 90 min,2025-02-11T18:45:00Z,2025-01-17T08:22:36Z,2025-01-17T08:22:36Z,LIVE,7,273.00,62.79,EUR
8800423,1,4,310288,Intro to Bouldering,2025-02-06T03:30:00Z,2025-01-17T12:33:04Z,2025-01-17T12:33:04Z,LIVE,2,98.00,9.80,AUD
8800424,1,1,310289,Mini Mystery (30 min),2025-01-20T18:00:00Z,2025-01-17T12:47:59Z,2025-01-17T12:47:59Z,LIVE,5,75.00,15.00,GBP
8800425,1,5,310290,Open Play,2025-01-17T17:00:00Z,2025-01-17T15:20:15Z,2025-01-17T15:20:15Z,LIVE,12,468.00,13.57,USD
8800425,2,5,310290,Open Play,2025-01-17T17:00:00Z,2025-01-17T15:20:15Z,2025-01-17T16:08:05Z,LIVE,14,546.00,15.83,USD
8800426,1,5,310291,Open Play,2025-01-17T17:30:00Z,2025-01-17T16:45:20Z,2025-01-17T16:45:20Z,LIVE,11,429.00,12.44,USD
8800427,1,1,310229,The Vault (60 min),2025-01-23T20:45:00Z,2025-01-17T19:05:39Z,2025-01-17T19:05:39Z,LIVE,2,50.00,10.00,GBP
8800419,2,2,310001,Axe Throwing 60 min,2025-01-19T21:00:00Z,2025-01-16T16:26:39Z,2025-01-17T20:42:39Z,LIVE,6,174.00,40.02,EUR
8800413,2,3,310282,Sunrise Paddle,2025-01-19T19:45:00Z,2025-01-16T02:25:53Z,2025-01-18T00:23:22Z,CANCELLED,4,180.00,14.85,USD
8800428,1,4,310292,Intro to Bouldering,2025-01-25T05:00:00Z,2025-01-18T00:51:08Z,2025-01-18T00:51:08Z,LIVE,4,196.00,19.60,AUD
8800429,1,4,310042,Kids Climb Session,2025-02-01T22:00:00Z,2025-01-18T06:34:14Z,2025-01-18T06:34:14Z,LIVE,2,48.00,4.80,AUD
8800430,1,4,310293,Kids Climb Session,2025-01-24T05:00:00Z,2025-01-18T07:44:36Z,2025-01-18T07:44:36Z,LIVE,2,48.00,4.80,AUD
8800431,1,2,310213,Axe Throwing 90 min,2025-01-18T20:45:00Z,2025-01-18T07:58:47Z,2025-01-18T07:58:47Z,LIVE,8,312.00,71.76,EUR
8800432,1,4,310232,Casual Climb,2025-01-19T05:15:00Z,2025-01-18T09:51:47Z,2025-01-18T09:51:47Z,LIVE,1,29.00,2.90,AUD
8800433,1,1,310294,Mini Mystery (30 min),2025-01-24T17:30:00Z,2025-01-18T11:36:14Z,2025-01-18T11:36:14Z,LIVE,6,90.00,18.00,GBP
8800434,1,4,310295,Intro to Bouldering,2025-02-08T08:30:00Z,2025-01-18T12:08:39Z,2025-01-18T12:08:39Z,LIVE,4,196.00,19.60,AUD
8800431,2,2,310213,Axe Throwing 90 min,2025-01-18T20:45:00Z,2025-01-18T07:58:47Z,2025-01-18T12:48:27Z,LIVE,9,351.00,80.73,EUR
8800435,1,1,310296,Mini Mystery (30 min),2025-03-15T19:15:00Z,2025-01-18T13:21:52Z,2025-01-18T13:21:52Z,LIVE,5,75.00,15.00,GBP
8800436,1,3,310297,Sunrise Paddle,2025-01-18T16:00:00Z,2025-01-18T13:46:24Z,2025-01-18T13:46:24Z,LIVE,3,135.00,11.14,USD
8800437,1,1,310066,Mini Mystery (30 min),2025-01-18T19:00:00Z,2025-01-18T16:20:36Z,2025-01-18T16:20:36Z,LIVE,3,45.00,9.00,GBP
8800438,1,5,310298,Private Group Game,2025-01-18T19:45:00Z,2025-01-18T17:18:19Z,2025-01-18T17:18:19Z,LIVE,12,660.00,19.14,USD
8800439,1,5,310299,Private Group Game,2025-01-23T20:00:00Z,2025-01-18T17:54:09Z,2025-01-18T17:54:09Z,LIVE,9,495.00,14.36,USD
8800092,2,4,310069,Kids Climb Session,2025-02-16T06:15:00Z,2024-12-09T23:16:38Z,2025-01-18T18:24:09Z,CANCELLED,4,96.00,9.60,AUD
8800440,1,1,310300,The Vault (60 min),2025-01-19T18:45:00Z,2025-01-18T18:57:52Z,2025-01-18T18:57:52Z,LIVE,2,50.00,10.00,GBP
8800441,1,1,310301,Mini Mystery (30 min),2025-01-20T19:00:00Z,2025-01-18T20:33:55Z,2025-01-18T20:33:55Z,LIVE,5,75.00,15.00,GBP
8800442,1,4,310302,Intro to Bouldering,2025-01-22T08:00:00Z,2025-01-19T01:06:51Z,2025-01-19T01:06:51Z,LIVE,3,147.00,14.70,AUD
8800443,1,4,310303,Kids Climb Session,2025-01-20T06:30:00Z,2025-01-19T01:18:33Z,2025-01-19T01:18:33Z,LIVE,4,96.00,9.60,AUD
8800444,1,4,310304,Casual Climb,2025-01-19T04:30:00Z,2025-01-19T02:52:36Z,2025-01-19T02:52:36Z,LIVE,2,58.00,5.80,AUD
8800445,1,4,310305,Casual Climb,2025-03-07T22:30:00Z,2025-01-19T05:21:42Z,2025-01-19T05:21:42Z,LIVE,2,58.00,5.80,AUD
8800403,2,2,310276,Axe Throwing 90 min,2025-01-19T20:45:00Z,2025-01-14T22:22:51Z,2025-01-19T09:00:52Z,CANCELLED,7,273.00,62.79,EUR
8800446,1,4,310306,Kids Climb Session,2025-01-24T06:00:00Z,2025-01-19T12:59:14Z,2025-01-19T12:59:14Z,LIVE,2,48.00,4.80,AUD
8800447,1,1,310307,Asylum (60 min),2025-01-19T20:00:00Z,2025-01-19T14:38:35Z,2025-01-19T14:38:35Z,LIVE,3,84.00,16.80,GBP
8800448,1,6,310308,Test Experience,2025-01-22T14:30:00Z,2025-01-19T20:10:12Z,2025-01-19T20:10:12Z,LIVE,4,4.00,0.80,GBP
8800449,1,4,310309,Intro to Bouldering,2025-02-15T06:15:00Z,2025-01-19T21:29:24Z,2025-01-19T21:29:24Z,LIVE,4,196.00,19.60,AUD
8800450,1,1,310162,The Vault (60 min),2025-02-09T18:30:00Z,2025-01-19T22:07:34Z,2025-01-19T22:07:34Z,LIVE,3,75.00,15.00,GBP
8800451,1,1,310084,Asylum (60 min),2025-01-25T15:30:00Z,2025-01-19T23:10:17Z,2025-01-19T23:10:17Z,LIVE,6,168.00,33.60,GBP
8800452,1,4,310232,Kids Climb Session,2025-02-09T05:15:00Z,2025-01-20T00:22:05Z,2025-01-20T00:22:05Z,LIVE,3,72.00,7.20,AUD
8800453,1,4,310310,Kids Climb Session,2025-01-23T06:15:00Z,2025-01-20T04:00:13Z,2025-01-20T04:00:13Z,LIVE,1,24.00,2.40,AUD
8800454,1,5,310311,Private Group Game,2025-01-26T21:00:00Z,2025-01-20T06:49:01Z,2025-01-20T06:49:01Z,LIVE,9,495.00,14.36,USD
8800455,1,4,310312,Kids Climb Session,2025-01-25T08:00:00Z,2025-01-20T07:16:40Z,2025-01-20T07:16:40Z,LIVE,3,72.00,7.20,AUD
8800456,1,1,310006,The Vault (60 min),2025-01-24T19:00:00Z,2025-01-20T07:43:09Z,2025-01-20T07:43:09Z,LIVE,4,100.00,20.00,GBP
8800457,1,2,310313,Axe Throwing 60 min,2025-01-20T21:00:00Z,2025-01-20T08:57:01Z,2025-01-20T08:57:01Z,LIVE,5,145.00,33.35,EUR
8800442,2,4,310302,Intro to Bouldering,2025-01-22T08:00:00Z,2025-01-19T01:06:51Z,2025-01-20T13:20:19Z,LIVE,4,196.00,19.60,AUD
8800458,1,5,310015,Private Group Game,2025-01-21T20:00:00Z,2025-01-20T16:46:19Z,2025-01-20T16:46:19Z,LIVE,7,385.00,11.17,USD
8800459,1,2,310314,Axe Throwing 60 min,2025-01-26T15:30:00Z,2025-01-20T16:51:59Z,2025-01-20T16:51:59Z,LIVE,2,58.00,13.34,EUR
8800460,1,5,310315,Open Play,2025-01-20T19:15:00Z,2025-01-20T16:53:19Z,2025-01-20T16:53:19Z,LIVE,8,312.00,9.05,USD
8800461,1,5,310316,Open Play,2025-01-24T17:00:00Z,2025-01-20T17:05:13Z,2025-01-20T17:05:13Z,LIVE,11,429.00,12.44,USD
8800430,2,4,310293,Kids Climb Session,2025-01-24T05:00:00Z,2025-01-18T07:44:36Z,2025-01-20T18:07:23Z,LIVE,4,96.00,9.60,AUD
8800462,1,5,310317,Private Group Game,2025-02-14T17:30:00Z,2025-01-20T22:40:56Z,2025-01-20T22:40:56Z,LIVE,11,605.00,17.55,USD
8800463,1,4,310318,Casual Climb,2025-01-21T03:00:00Z,2025-01-20T23:09:08Z,2025-01-20T23:09:08Z,LIVE,1,29.00,2.90,AUD
8800464,1,2,310133,Axe Throwing 90 min,2025-02-05T18:45:00Z,2025-01-20T23:48:26Z,2025-01-20T23:48:26Z,LIVE,5,195.00,44.85,EUR
8800465,1,4,310319,Intro to Bouldering,2025-01-23T06:30:00Z,2025-01-21T00:07:35Z,2025-01-21T00:07:35Z,LIVE,2,98.00,9.80,AUD
8800458,2,5,310015,Private Group Game,2025-01-21T20:00:00Z,2025-01-20T16:46:19Z,2025-01-21T00:28:30Z,LIVE,9,495.00,14.36,USD
8800466,1,4,310011,Intro to Bouldering,2025-01-26T06:30:00Z,2025-01-21T01:49:51Z,2025-01-21T01:49:51Z,LIVE,3,147.00,14.70,AUD
8800467,1,4,310232,Kids Climb Session,2025-01-28T06:45:00Z,2025-01-21T06:40:08Z,2025-01-21T06:40:08Z,LIVE,2,48.00,4.80,AUD
8800468,1,2,310320,Axe Throwing 60 min,2025-02-08T20:30:00Z,2025-01-21T11:23:13Z,2025-01-21T11:23:13Z,LIVE,2,58.00,13.34,EUR
8800469,1,1,310321,Mini Mystery (30 min),2025-01-21T16:45:00Z,2025-01-21T11:54:11Z,2025-01-21T11:54:11Z,LIVE,4,60.00,12.00,GBP
8800470,1,2,310322,Axe Throwing 60 min,2025-02-23T19:15:00Z,2025-01-21T14:57:15Z,2025-01-21T14:57:15Z,LIVE,6,174.00,40.02,EUR
8800433,2,1,310294,Mini Mystery (30 min),2025-01-24T17:30:00Z,2025-01-18T11:36:14Z,2025-01-21T15:39:18Z,CANCELLED,6,90.00,18.00,GBP
8800471,1,1,310323,Asylum (60 min),2025-02-22T14:30:00Z,2025-01-21T18:25:15Z,2025-01-21T18:25:15Z,LIVE,6,168.00,33.60,GBP
8800472,1,1,310324,The Vault (60 min),2025-01-25T20:30:00Z,2025-01-21T19:09:41Z,2025-01-21T19:09:41Z,LIVE,3,75.00,15.00,GBP
8800473,1,5,310299,Open Play,2025-02-23T22:00:00Z,2025-01-21T19:38:22Z,2025-01-21T19:38:22Z,LIVE,6,234.00,6.79,USD
8800474,1,3,310325,Half-Day River Tour,2025-01-30T16:00:00Z,2025-01-22T00:37:49Z,2025-01-22T00:37:49Z,LIVE,4,316.00,26.07,USD
8800475,1,4,310326,Intro to Bouldering,2025-01-24T22:45:00Z,2025-01-22T01:34:02Z,2025-01-22T01:34:02Z,LIVE,1,49.00,4.90,AUD
8800446,2,4,310306,Kids Climb Session,2025-01-24T06:00:00Z,2025-01-19T12:59:14Z,2025-01-22T07:45:53Z,CANCELLED,2,48.00,4.80,AUD
8800371,2,2,310224,Axe Throwing 90 min,2025-02-03T21:45:00Z,2025-01-10T23:15:59Z,2025-01-22T13:30:22Z,LIVE,8,312.00,71.76,EUR
8800476,1,3,310327,Sunrise Paddle,2025-01-22T16:30:00Z,2025-01-22T14:57:43Z,2025-01-22T14:57:43Z,LIVE,4,180.00,14.85,USD
8800477,1,3,310132,Sunrise Paddle,2025-01-26T15:30:00Z,2025-01-22T16:00:00Z,2025-01-22T16:00:00Z,LIVE,5,225.00,18.56,USD
8800478,1,3,310328,Kayak Rental 2 hr,2025-01-31T17:15:00Z,2025-01-22T16:23:08Z,2025-01-22T16:23:08Z,LIVE,3,105.00,8.66,USD
8800479,1,5,310093,Private Group Game,2025-02-16T20:00:00Z,2025-01-22T20:04:17Z,2025-01-22T20:04:17Z,LIVE,8,440.00,12.76,USD
8800480,1,5,310329,Open Play,2025-01-22T21:00:00Z,2025-01-22T20:38:38Z,2025-01-22T20:38:38Z,LIVE,7,273.00,7.92,USD
8800462,2,5,310317,Private Group Game,2025-02-14T17:30:00Z,2025-01-20T22:40:56Z,2025-01-23T00:18:28Z,LIVE,12,660.00,19.14,USD
8800481,1,4,310287,Intro to Bouldering,2025-02-02T06:15:00Z,2025-01-23T04:58:41Z,2025-01-23T04:58:41Z,LIVE,4,196.00,19.60,AUD
8800482,1,4,310330,Casual Climb,2025-02-22T00:30:00Z,2025-01-23T06:55:35Z,2025-01-23T06:55:35Z,LIVE,4,116.00,11.60,AUD
8800483,1,4,310136,Intro to Bouldering,2025-01-26T08:00:00Z,2025-01-23T12:59:45Z,2025-01-23T12:59:45Z,LIVE,2,98.00,9.80,AUD
8800484,1,1,310047,Mini Mystery (30 min),2025-01-23T15:30:00Z,2025-01-23T13:50:54Z,2025-01-23T13:50:54Z,LIVE,3,45.00,9.00,GBP
8800485,1,6,310118,Test Experience,2025-01-31T10:00:00Z,2025-01-23T14:14:38Z,2025-01-23T14:14:38Z,LIVE,2,2.00,0.40,GBP
8800486,1,1,310331,Mini Mystery (30 min),2025-01-26T19:45:00Z,2025-01-23T15:10:46Z,2025-01-23T15:10:46Z,LIVE,6,90.00,18.00,GBP
8800487,1,1,310332,Mini Mystery (30 min),2025-02-02T18:45:00Z,2025-01-23T17:14:19Z,2025-01-23T17:14:19Z,LIVE,3,45.00,9.00,GBP
8800488,1,1,310333,Asylum (60 min),2025-02-10T19:15:00Z,2025-01-23T19:44:13Z,2025-01-23T19:44:13Z,LIVE,2,56.00,11.20,GBP
8800489,1,2,310153,Axe Throwing 60 min,2025-01-27T18:00:00Z,2025-01-23T20:43:07Z,2025-01-23T20:43:07Z,LIVE,2,58.00,13.34,EUR
8800490,1,4,310288,Casual Climb,2025-02-20T06:15:00Z,2025-01-24T01:09:51Z,2025-01-24T01:09:51Z,LIVE,1,29.00,2.90,AUD
8800491,1,5,310334,Private Group Game,2025-01-27T22:30:00Z,2025-01-24T02:19:10Z,2025-01-24T02:19:10Z,LIVE,8,440.00,12.76,USD
8800492,1,2,310250,Axe Throwing 90 min,2025-01-24T17:30:00Z,2025-01-24T08:14:32Z,2025-01-24T08:14:32Z,LIVE,3,117.00,26.91,EUR
8800247,3,5,310158,Open Play,2025-02-07T22:45:00Z,2024-12-27T16:41:36Z,2025-01-24T10:04:34Z,CANCELLED,10,390.00,11.31,USD
8800493,1,4,310335,Kids Climb Session,2025-01-31T06:30:00Z,2025-01-24T12:33:22Z,2025-01-24T12:33:22Z,LIVE,4,96.00,9.60,AUD
8800494,1,2,310199,Axe Throwing 90 min,2025-02-22T21:30:00Z,2025-01-24T13:12:22Z,2025-01-24T13:12:22Z,LIVE,5,195.00,44.85,EUR
8800495,1,1,310336,Asylum (60 min),2025-01-25T12:30:00Z,2025-01-24T17:29:38Z,2025-01-24T17:29:38Z,LIVE,5,140.00,28.00,GBP
8800496,1,3,310337,Half-Day River Tour,2025-01-28T15:45:00Z,2025-01-24T18:35:46Z,2025-01-24T18:35:46Z,LIVE,4,316.00,26.07,USD
8800497,1,1,310338,Asylum (60 min),2025-01-31T18:30:00Z,2025-01-24T18:50:50Z,2025-01-24T18:50:50Z,LIVE,5,140.00,28.00,GBP
8800498,1,4,310062,Intro to Bouldering,2025-01-31T05:00:00Z,2025-01-24T20:54:14Z,2025-01-24T20:54:14Z,LIVE,4,196.00,19.60,AUD
8800499,1,4,310339,Casual Climb,2025-01-25T06:45:00Z,2025-01-24T22:58:53Z,2025-01-24T22:58:53Z,LIVE,3,87.00,8.70,AUD
8800500,1,4,310112,Intro to Bouldering,2025-02-01T04:00:00Z,2025-01-24T23:31:30Z,2025-01-24T23:31:30Z,LIVE,1,49.00,4.90,AUD
8800501,1,5,310340,Open Play,2025-02-20T18:00:00Z,2025-01-24T23:39:39Z,2025-01-24T23:39:39Z,LIVE,12,468.00,13.57,USD
8800371,3,2,310224,Axe Throwing 90 min,2025-02-03T21:45:00Z,2025-01-10T23:15:59Z,2025-01-25T04:10:49Z,CANCELLED,8,312.00,71.76,EUR
8800502,1,6,310341,Test Experience,2025-01-25T15:15:00Z,2025-01-25T07:14:55Z,2025-01-25T07:14:55Z,LIVE,2,2.00,0.40,GBP
8800503,1,6,310342,Test Experience,2025-01-27T11:15:00Z,2025-01-25T07:36:34Z,2025-01-25T07:36:34Z,LIVE,2,2.00,0.40,GBP
8800454,2,5,310311,Private Group Game,2025-01-26T21:00:00Z,2025-01-20T06:49:01Z,2025-01-25T08:13:51Z,CANCELLED,9,495.00,14.36,USD
8800504,1,1,310006,The Vault (60 min),2025-01-26T15:30:00Z,2025-01-25T12:23:48Z,2025-01-25T12:23:48Z,LIVE,2,50.00,10.00,GBP
8800505,1,1,310343,Asylum (60 min),2025-02-27T19:00:00Z,2025-01-25T13:36:32Z,2025-01-25T13:36:32Z,LIVE,5,140.00,28.00,GBP
8800506,1,1,310344,Mini Mystery (30 min),2025-01-25T19:30:00Z,2025-01-25T13:59:00Z,2025-01-25T13:59:00Z,LIVE,5,75.00,15.00,GBP
8800507,1,5,310345,Open Play,2025-01-25T21:00:00Z,2025-01-25T14:41:06Z,2025-01-25T14:41:06Z,LIVE,11,429.00,12.44,USD
8800408,2,1,310160,Asylum (60 min),2025-01-26T17:45:00Z,2025-01-15T09:40:57Z,2025-01-25T15:08:14Z,CANCELLED,6,168.00,33.60,GBP
8800508,1,5,310346,Private Group Game,2025-01-26T22:15:00Z,2025-01-25T16:31:28Z,2025-01-25T16:31:28Z,LIVE,12,660.00,19.14,USD
8800509,1,5,310347,Private Group Game,2025-01-26T20:00:00Z,2025-01-25T17:06:43Z,2025-01-25T17:06:43Z,LIVE,7,385.00,11.17,USD
8800510,1,2,310348,Axe Throwing 90 min,2025-01-31T20:15:00Z,2025-01-25T17:38:32Z,2025-01-25T17:38:32Z,LIVE,2,78.00,17.94,EUR
8800511,1,2,310320,Axe Throwing 90 min,2025-02-01T15:30:00Z,2025-01-25T18:50:48Z,2025-01-25T18:50:48Z,LIVE,8,312.00,71.76,EUR
8800512,1,2,310349,Axe Throwing 90 min,2025-01-30T21:15:00Z,2025-01-25T21:04:35Z,2025-01-25T21:04:35Z,LIVE,4,156.00,35.88,EUR
8800513,1,3,310350,Kayak Rental 2 hr,2025-01-26T17:45:00Z,2025-01-26T00:21:30Z,2025-01-26T00:21:30Z,LIVE,2,70.00,5.78,USD
8800514,1,3,310351,Kayak Rental 2 hr,2025-02-13T15:45:00Z,2025-01-26T04:30:50Z,2025-01-26T04:30:50Z,LIVE,2,70.00,5.78,USD
8800515,1,4,310352,Kids Climb Session,2025-01-26T05:00:00Z,2025-01-26T04:49:24Z,2025-01-26T04:49:24Z,LIVE,1,24.00,2.40,AUD
8800516,1,4,310353,Intro to Bouldering,2025-01-28T04:00:00Z,2025-01-26T06:18:48Z,2025-01-26T06:18:48Z,LIVE,3,147.00,14.70,AUD
8800517,1,1,310354,Asylum (60 min),2025-01-26T18:30:00Z,2025-01-26T11:51:47Z,2025-01-26T11:51:47Z,LIVE,6,168.00,33.60,GBP
8800518,1,1,310355,The Vault (60 min),2025-01-26T18:30:00Z,2025-01-26T13:06:25Z,2025-01-26T13:06:25Z,LIVE,3,75.00,15.00,GBP
8800519,1,2,310356,Axe Throwing 90 min,2025-02-09T20:45:00Z,2025-01-26T19:05:37Z,2025-01-26T19:05:37Z,LIVE,5,195.00,44.85,EUR
8800474,2,3,310325,Half-Day River Tour,2025-01-30T16:00:00Z,2025-01-22T00:37:49Z,2025-01-26T19:06:43Z,CANCELLED,4,316.00,26.07,USD
8800520,1,1,310357,Mini Mystery (30 min),2025-01-27T19:45:00Z,2025-01-26T19:28:27Z,2025-01-26T19:28:27Z,LIVE,5,75.00,15.00,GBP
8800521,1,1,310031,Mini Mystery (30 min),2025-02-01T20:30:00Z,2025-01-26T20:23:20Z,2025-01-26T20:23:20Z,LIVE,4,60.00,12.00,GBP
8800522,1,3,310022,Kayak Rental 2 hr,2025-03-07T12:30:00Z,2025-01-26T22:22:05Z,2025-01-26T22:22:05Z,LIVE,5,175.00,14.44,USD
8800523,1,4,310358,Intro to Bouldering,2025-01-27T07:15:00Z,2025-01-26T22:51:18Z,2025-01-26T22:51:18Z,LIVE,2,98.00,9.80,AUD
8800021,2,2,310019,Axe Throwing 90 min,2025-02-02T19:00:00Z,2024-11-05T10:17:42Z,2025-01-27T01:10:14Z,CANCELLED,7,273.00,62.79,EUR
8800524,1,3,310359,Kayak Rental 2 hr,2025-02-16T13:15:00Z,2025-01-27T04:07:12Z,2025-01-27T04:07:12Z,LIVE,2,70.00,5.78,USD
8800525,1,5,310345,Open Play,2025-02-08T18:00:00Z,2025-01-27T05:03:24Z,2025-01-27T05:03:24Z,LIVE,7,273.00,7.92,USD
8800526,1,1,310229,Asylum (60 min),2025-01-29T12:00:00Z,2025-01-27T09:47:14Z,2025-01-27T09:47:14Z,LIVE,3,84.00,16.80,GBP
8800527,1,5,310151,Private Group Game,2025-03-06T19:15:00Z,2025-01-27T15:58:44Z,2025-01-27T15:58:44Z,LIVE,10,550.00,15.95,USD
8800528,1,1,310360,Asylum (60 min),2025-01-28T14:00:00Z,2025-01-27T16:28:44Z,2025-01-27T16:28:44Z,LIVE,3,84.00,16.80,GBP
8800529,1,5,310361,Private Group Game,2025-01-27T20:00:00Z,2025-01-27T19:14:14Z,2025-01-27T19:14:14Z,LIVE,7,385.00,11.17,USD
8800530,1,4,310273,Intro to Bouldering,2025-01-28T05:30:00Z,2025-01-27T20:11:17Z,2025-01-27T20:11:17Z,LIVE,2,98.00,9.80,AUD
8800531,1,5,310362,Open Play,2025-04-24T20:00:00Z,2025-01-27T21:57:21Z,2025-01-27T21:57:21Z,LIVE,8,312.00,9.05,USD
8800532,1,2,310221,Axe Throwing 90 min,2025-01-30T20:15:00Z,2025-01-27T22:35:21Z,2025-01-27T22:35:21Z,LIVE,5,195.00,44.85,EUR
8800525,2,5,310345,Open Play,2025-02-08T18:00:00Z,2025-01-27T05:03:24Z,2025-01-28T03:52:15Z,LIVE,8,312.00,9.05,USD
8800362,2,1,310252,The Vault (60 min),2025-02-05T18:45:00Z,2025-01-10T12:28:07Z,2025-01-28T11:26:57Z,CANCELLED,6,150.00,30.00,GBP
8800533,1,1,310363,Mini Mystery (30 min),2025-02-03T20:45:00Z,2025-01-28T14:12:39Z,2025-01-28T14:12:39Z,LIVE,5,75.00,15.00,GBP
8800203,2,3,310140,Kayak Rental 2 hr,2025-02-28T17:00:00Z,2024-12-23T19:25:56Z,2025-01-28T16:49:49Z,CANCELLED,5,175.00,14.44,USD
8800534,1,5,310364,Open Play,2025-01-31T16:00:00Z,2025-01-29T02:04:46Z,2025-01-29T02:04:46Z,LIVE,5,195.00,5.66,USD
8800535,1,4,310365,Intro to Bouldering,2025-02-02T07:00:00Z,2025-01-29T05:58:56Z,2025-01-29T05:58:56Z,LIVE,1,49.00,4.90,AUD
8800536,1,1,310007,Asylum (60 min),2025-02-02T19:45:00Z,2025-01-29T09:39:29Z,2025-01-29T09:39:29Z,LIVE,4,112.00,22.40,GBP
8800534,2,5,310364,Open Play,2025-01-31T16:00:00Z,2025-01-29T02:04:46Z,2025-01-29T11:22:54Z,LIVE,6,234.00,6.79,USD
8800537,1,2,310222,Axe Throwing 60 min,2025-02-11T20:00:00Z,2025-01-29T11:28:21Z,2025-01-29T11:28:21Z,LIVE,5,145.00,33.35,EUR
8800538,1,1,310182,Mini Mystery (30 min),2025-02-24T19:30:00Z,2025-01-29T17:14:47Z,2025-01-29T17:14:47Z,LIVE,3,45.00,9.00,GBP
8800539,1,5,310366,Private Group Game,2025-02-03T19:30:00Z,2025-01-29T18:19:46Z,2025-01-29T18:19:46Z,LIVE,6,330.00,9.57,USD
8800540,1,1,310367,Asylum (60 min),2025-02-21T21:45:00Z,2025-01-29T19:56:36Z,2025-01-29T19:56:36Z,LIVE,4,112.00,22.40,GBP
8800541,1,4,310368,Intro to Bouldering,2025-02-03T00:00:00Z,2025-01-29T22:39:43Z,2025-01-29T22:39:43Z,LIVE,2,98.00,9.80,AUD
8800542,1,5,310369,Open Play,2025-02-28T20:45:00Z,2025-01-30T00:02:16Z,2025-01-30T00:02:16Z,LIVE,9,351.00,10.18,USD
8800521,2,1,310031,Mini Mystery (30 min),2025-02-01T20:30:00Z,2025-01-26T20:23:20Z,2025-01-30T01:34:55Z,CANCELLED,4,60.00,12.00,GBP
8800510,2,2,310348,Axe Throwing 90 min,2025-01-31T20:15:00Z,2025-01-25T17:38:32Z,2025-01-30T05:48:06Z,CANCELLED,2,78.00,17.94,EUR
8800543,1,1,310370,Mini Mystery (30 min),2025-02-15T21:00:00Z,2025-01-30T08:11:44Z,2025-01-30T08:11:44Z,LIVE,5,75.00,15.00,GBP
8800544,1,3,310039,Kayak Rental 2 hr,2025-01-30T15:00:00Z,2025-01-30T13:48:50Z,2025-01-30T13:48:50Z,LIVE,2,70.00,5.78,USD
8800545,1,6,310371,Test Experience,2025-01-30T15:15:00Z,2025-01-30T14:04:05Z,2025-01-30T14:04:05Z,LIVE,1,1.00,0.20,GBP
8800534,3,5,310364,Open Play,2025-01-31T16:00:00Z,2025-01-29T02:04:46Z,2025-01-30T14:34:42Z,CANCELLED,6,234.00,6.79,USD
8800546,1,3,310372,Kayak Rental 2 hr,2025-02-08T15:15:00Z,2025-01-30T16:12:10Z,2025-01-30T16:12:10Z,LIVE,5,175.00,14.44,USD
8800547,1,1,310373,The Vault (60 min),2025-04-26T17:00:00Z,2025-01-30T16:21:36Z,2025-01-30T16:21:36Z,LIVE,4,100.00,20.00,GBP
8800548,1,2,310374,Axe Throwing 90 min,2025-02-07T15:15:00Z,2025-01-30T17:07:31Z,2025-01-30T17:07:31Z,LIVE,2,78.00,17.94,EUR
8800549,1,1,310252,The Vault (60 min),2025-02-08T19:45:00Z,2025-01-30T17:29:58Z,2025-01-30T17:29:58Z,LIVE,2,50.00,10.00,GBP
8800550,1,2,310218,Axe Throwing 90 min,2025-02-02T20:30:00Z,2025-01-30T20:34:45Z,2025-01-30T20:34:45Z,LIVE,3,117.00,26.91,EUR
8800551,1,5,310020,Private Group Game,2025-02-04T18:45:00Z,2025-01-30T21:18:31Z,2025-01-30T21:18:31Z,LIVE,12,660.00,19.14,USD
8800552,1,3,310039,Half-Day River Tour,2025-01-31T12:30:00Z,2025-01-30T23:14:21Z,2025-01-30T23:14:21Z,LIVE,4,316.00,26.07,USD
8800553,1,1,310375,Asylum (60 min),2025-02-15T17:00:00Z,2025-01-30T23:58:55Z,2025-01-30T23:58:55Z,LIVE,4,112.00,22.40,GBP
8800535,2,4,310365,Intro to Bouldering,2025-02-02T07:00:00Z,2025-01-29T05:58:56Z,2025-01-31T01:52:03Z,LIVE,2,98.00,9.80,AUD
8800552,2,3,310039,Half-Day River Tour,2025-01-31T12:30:00Z,2025-01-30T23:14:21Z,2025-01-31T04:54:51Z,LIVE,5,395.00,32.59,USD
8800554,1,2,310218,Axe Throwing 90 min,2025-02-28T17:15:00Z,2025-01-31T07:31:35Z,2025-01-31T07:31:35Z,LIVE,5,195.00,44.85,EUR
8800555,1,6,310376,Test Experience,2025-01-31T11:30:00Z,2025-01-31T10:31:12Z,2025-01-31T10:31:12Z,LIVE,3,3.00,0.60,GBP
8800555,2,6,310376,Test Experience,2025-01-31T11:30:00Z,2025-01-31T10:31:12Z,2025-01-31T10:44:22Z,LIVE,5,5.00,1.00,GBP
8800556,1,1,310377,The Vault (60 min),2025-02-02T14:30:00Z,2025-01-31T13:05:23Z,2025-01-31T13:05:23Z,LIVE,5,125.00,25.00,GBP
8800557,1,1,310378,Asylum (60 min),2025-02-23T19:00:00Z,2025-01-31T15:01:32Z,2025-01-31T15:01:32Z,LIVE,5,140.00,28.00,GBP
8800558,1,5,310071,Open Play,2025-02-09T21:30:00Z,2025-01-31T17:03:52Z,2025-01-31T17:03:52Z,LIVE,10,390.00,11.31,USD
8800559,1,1,310379,Asylum (60 min),2025-01-31T20:30:00Z,2025-01-31T17:13:53Z,2025-01-31T17:13:53Z,LIVE,3,84.00,16.80,GBP
8800560,1,2,310380,Axe Throwing 60 min,2025-02-02T20:00:00Z,2025-01-31T17:26:23Z,2025-01-31T17:26:23Z,LIVE,4,116.00,26.68,EUR
8800533,2,1,310363,Mini Mystery (30 min),2025-02-03T20:45:00Z,2025-01-28T14:12:39Z,2025-01-31T19:07:21Z,CANCELLED,5,75.00,15.00,GBP
8800561,1,4,310381,Kids Climb Session,2025-02-08T07:30:00Z,2025-01-31T20:54:05Z,2025-01-31T20:54:05Z,LIVE,1,24.00,2.40,AUD
8800562,1,4,310382,Casual Climb,2025-01-31T22:30:00Z,2025-01-31T21:17:21Z,2025-01-31T21:17:21Z,LIVE,3,87.00,8.70,AUD
8800539,2,5,310366,Private Group Game,2025-02-03T19:30:00Z,2025-01-29T18:19:46Z,2025-02-01T00:06:27Z,LIVE,7,385.00,11.17,USD
8800563,1,5,310383,Private Group Game,2025-03-01T20:15:00Z,2025-02-01T01:35:20Z,2025-02-01T01:35:20Z,LIVE,9,495.00,14.36,USD
8800564,1,4,310384,Casual Climb,2025-02-25T08:30:00Z,2025-02-01T12:43:24Z,2025-02-01T12:43:24Z,LIVE,4,116.00,11.60,AUD
8800565,1,1,310385,The Vault (60 min),2025-04-02T13:45:00Z,2025-02-01T14:34:50Z,2025-02-01T14:34:50Z,LIVE,4,100.00,20.00,GBP
8800566,1,2,310386,Axe Throwing 60 min,2025-02-01T17:15:00Z,2025-02-01T15:55:19Z,2025-02-01T15:55:19Z,LIVE,2,58.00,13.34,EUR
8800519,2,2,310356,Axe Throwing 90 min,2025-02-09T20:45:00Z,2025-01-26T19:05:37Z,2025-02-01T21:19:53Z,LIVE,6,234.00,53.82,EUR
8800567,1,4,310387,Kids Climb Session,2025-02-08T07:30:00Z,2025-02-01T21:32:09Z,2025-02-01T21:32:09Z,LIVE,4,96.00,9.60,AUD
8800568,1,3,310388,Sunrise Paddle,2025-02-02T13:30:00Z,2025-02-01T23:46:00Z,2025-02-01T23:46:00Z,LIVE,4,180.00,14.85,USD
8800560,2,2,310380,Axe Throwing 60 min,2025-02-02T20:00:00Z,2025-01-31T17:26:23Z,2025-02-02T01:09:56Z,CANCELLED,4,116.00,26.68,EUR
8800569,1,5,310071,Open Play,2025-03-08T18:15:00Z,2025-02-02T02:51:41Z,2025-02-02T02:51:41Z,LIVE,6,234.00,6.79,USD
8800569,1,5,310071,Open Play,2025-03-08T18:15:00Z,2025-02-02T02:51:41Z,2025-02-02T02:51:41Z,LIVE,6,234.00,6.79,USD
8800570,1,4,310149,Casual Climb,2025-02-04T03:45:00Z,2025-02-02T06:06:28Z,2025-02-02T06:06:28Z,LIVE,1,29.00,2.90,AUD
8800434,2,4,310295,Intro to Bouldering,2025-02-08T08:30:00Z,2025-01-18T12:08:39Z,2025-02-02T06:40:28Z,CANCELLED,4,196.00,19.60,AUD
8800571,1,4,310389,Kids Climb Session,2025-02-26T03:45:00Z,2025-02-02T07:51:44Z,2025-02-02T07:51:44Z,LIVE,3,72.00,7.20,AUD
8800572,1,2,310390,Axe Throwing 60 min,2025-02-09T20:15:00Z,2025-02-02T09:36:37Z,2025-02-02T09:36:37Z,LIVE,4,116.00,26.68,EUR
8800573,1,4,310391,Intro to Bouldering,2025-03-15T07:30:00Z,2025-02-02T10:24:27Z,2025-02-02T10:24:27Z,LIVE,3,147.00,14.70,AUD
8800574,1,1,310392,Mini Mystery (30 min),2025-03-02T19:30:00Z,2025-02-02T10:27:13Z,2025-02-02T10:27:13Z,LIVE,6,90.00,18.00,GBP
8800568,2,3,310388,Sunrise Paddle,2025-02-02T13:30:00Z,2025-02-01T23:46:00Z,2025-02-02T10:39:26Z,CANCELLED,4,180.00,14.85,USD
8800575,1,1,310106,Mini Mystery (30 min),2025-02-08T19:00:00Z,2025-02-02T12:51:56Z,2025-02-02T12:51:56Z,LIVE,3,45.00,9.00,GBP
8800576,1,5,310249,Open Play,2025-03-01T21:30:00Z,2025-02-02T15:46:52Z,2025-02-02T15:46:52Z,LIVE,4,156.00,4.52,USD
8800174,2,4,310124,Casual Climb,2025-03-18T22:30:00Z,2024-12-20T05:02:50Z,2025-02-02T18:16:23Z,CANCELLED,2,58.00,5.80,AUD
8800577,1,2,310393,Axe Throwing 60 min,2025-02-16T19:30:00Z,2025-02-02T19:51:50Z,2025-02-02T19:51:50Z,LIVE,2,58.00,13.34,EUR
8800578,1,3,310327,Sunrise Paddle,2025-03-02T12:30:00Z,2025-02-03T05:01:10Z,2025-02-03T05:01:10Z,LIVE,1,45.00,3.71,USD
8800579,1,4,310394,Intro to Bouldering,2025-02-04T22:00:00Z,2025-02-03T05:02:24Z,2025-02-03T05:02:24Z,LIVE,3,147.00,14.70,AUD
8800580,1,4,310395,Kids Climb Session,2025-02-06T22:30:00Z,2025-02-03T05:42:03Z,2025-02-03T05:42:03Z,LIVE,3,72.00,7.20,AUD
8800581,1,4,310396,Kids Climb Session,2025-02-17T04:00:00Z,2025-02-03T09:30:31Z,2025-02-03T09:30:31Z,LIVE,2,48.00,4.80,AUD
8800582,1,1,310047,Asylum (60 min),2025-02-06T14:00:00Z,2025-02-03T12:13:14Z,2025-02-03T12:13:14Z,LIVE,2,56.00,11.20,GBP
8800570,2,4,310149,Casual Climb,2025-02-04T03:45:00Z,2025-02-02T06:06:28Z,2025-02-03T12:31:50Z,CANCELLED,1,29.00,2.90,AUD
8800583,1,4,310397,Casual Climb,2025-02-22T03:15:00Z,2025-02-03T12:38:10Z,2025-02-03T12:38:10Z,LIVE,4,116.00,11.60,AUD
8800584,1,3,310398,Half-Day River Tour,2025-02-04T19:00:00Z,2025-02-03T14:41:58Z,2025-02-03T14:41:58Z,LIVE,1,79.00,6.52,USD
8800585,1,3,310132,Sunrise Paddle,2025-02-16T14:30:00Z,2025-02-03T15:15:28Z,2025-02-03T15:15:28Z,LIVE,5,225.00,18.56,USD
8800586,1,1,310399,The Vault (60 min),2025-02-03T20:45:00Z,2025-02-03T18:15:07Z,2025-02-03T18:15:07Z,LIVE,3,75.00,15.00,GBP
8800587,1,4,310400,Kids Climb Session,2025-02-03T23:30:00Z,2025-02-03T20:01:18Z,2025-02-03T20:01:18Z,LIVE,3,72.00,7.20,AUD
8800053,2,4,310042,Kids Climb Session,2025-02-08T04:45:00Z,2024-11-26T02:05:27Z,2025-02-04T02:08:16Z,CANCELLED,1,24.00,2.40,AUD
8800588,1,4,310401,Intro to Bouldering,2025-02-28T07:30:00Z,2025-02-04T02:14:05Z,2025-02-04T02:14:05Z,LIVE,4,196.00,19.60,AUD
8800589,1,5,310315,Open Play,2025-02-09T19:15:00Z,2025-02-04T03:05:09Z,2025-02-04T03:05:09Z,LIVE,12,468.00,13.57,USD
8800590,1,5,310402,Open Play,2025-02-22T20:15:00Z,2025-02-04T04:10:57Z,2025-02-04T04:10:57Z,LIVE,4,156.00,4.52,USD
8800591,1,5,310103,Open Play,2025-02-15T23:45:00Z,2025-02-04T06:40:30Z,2025-02-04T06:40:30Z,LIVE,10,390.00,11.31,USD
8800592,1,4,310110,Intro to Bouldering,2025-02-15T01:30:00Z,2025-02-04T07:42:12Z,2025-02-04T07:42:12Z,LIVE,2,98.00,9.80,AUD
8800061,2,1,310050,The Vault (60 min),2025-02-15T17:00:00Z,2024-11-29T10:36:55Z,2025-02-04T09:49:20Z,CANCELLED,4,100.00,20.00,GBP
8800593,1,1,310403,The Vault (60 min),2025-02-08T20:30:00Z,2025-02-04T10:41:50Z,2025-02-04T10:41:50Z,LIVE,2,50.00,10.00,GBP
8800594,1,1,310404,Mini Mystery (30 min),2025-02-08T19:00:00Z,2025-02-04T10:53:13Z,2025-02-04T10:53:13Z,LIVE,3,45.00,9.00,GBP
8800595,1,4,310405,Kids Climb Session,2025-02-22T05:00:00Z,2025-02-04T11:40:14Z,2025-02-04T11:40:14Z,LIVE,1,24.00,2.40,AUD
8800596,1,5,310406,Private Group Game,2025-02-04T18:45:00Z,2025-02-04T14:20:48Z,2025-02-04T14:20:48Z,LIVE,4,220.00,6.38,USD
8800597,1,2,310407,Axe Throwing 90 min,2025-03-06T21:30:00Z,2025-02-04T16:24:19Z,2025-02-04T16:24:19Z,LIVE,4,156.00,35.88,EUR
8800595,2,4,310405,Kids Climb Session,2025-02-22T05:00:00Z,2025-02-04T11:40:14Z,2025-02-04T21:01:34Z,LIVE,2,48.00,4.80,AUD
8800462,3,5,310317,Private Group Game,2025-02-14T17:30:00Z,2025-01-20T22:40:56Z,2025-02-05T02:33:11Z,CANCELLED,12,660.00,19.14,USD
8800598,1,5,310408,Open Play,2025-02-14T19:30:00Z,2025-02-05T05:41:45Z,2025-02-05T05:41:45Z,LIVE,6,234.00,6.79,USD
8800599,1,5,310409,Private Group Game,2025-03-29T16:15:00Z,2025-02-05T05:55:52Z,2025-02-05T05:55:52Z,LIVE,9,495.00,14.36,USD
8800600,1,1,310248,Mini Mystery (30 min),2025-02-22T17:00:00Z,2025-02-05T09:02:48Z,2025-02-05T09:02:48Z,LIVE,3,45.00,9.00,GBP
8800601,1,3,310008,Sunrise Paddle,2025-02-15T14:30:00Z,2025-02-05T13:08:58Z,2025-02-05T13:08:58Z,LIVE,2,90.00,7.43,USD
8800602,1,5,310410,Open Play,2025-02-05T16:00:00Z,2025-02-05T14:47:57Z,2025-02-05T14:47:57Z,LIVE,7,273.00,7.92,USD
8800603,1,2,310411,Axe Throwing 90 min,2025-02-05T20:00:00Z,2025-02-05T15:29:29Z,2025-02-05T15:29:29Z,LIVE,8,312.00,71.76,EUR
8800604,1,1,310412,Mini Mystery (30 min),2025-03-01T16:30:00Z,2025-02-05T16:39:18Z,2025-02-05T16:39:18Z,LIVE,2,30.00,6.00,GBP
8800605,1,3,310413,Sunrise Paddle,2025-03-16T11:30:00Z,2025-02-05T16:39:43Z,2025-02-05T16:39:43Z,LIVE,1,45.00,3.71,USD
8800606,1,5,310414,Open Play,2025-02-11T16:00:00Z,2025-02-05T16:52:10Z,2025-02-05T16:52:10Z,LIVE,4,156.00,4.52,USD
8800607,1,4,310085,Casual Climb,2025-02-16T05:00:00Z,2025-02-05T21:01:14Z,2025-02-05T21:01:14Z,LIVE,4,116.00,11.60,AUD
8800608,1,4,310318,Intro to Bouldering,2025-02-06T07:15:00Z,2025-02-05T21:33:44Z,2025-02-05T21:33:44Z,LIVE,4,196.00,19.60,AUD
8800609,1,3,310415,Sunrise Paddle,2025-02-06T14:30:00Z,2025-02-05T21:36:25Z,2025-02-05T21:36:25Z,LIVE,1,45.00,3.71,USD
8800610,1,5,310416,Open Play,2025-02-08T21:30:00Z,2025-02-06T00:41:39Z,2025-02-06T00:41:39Z,LIVE,4,156.00,4.52,USD
8800611,1,4,310417,Kids Climb Session,2025-02-08T04:45:00Z,2025-02-06T02:11:39Z,2025-02-06T02:11:39Z,LIVE,1,24.00,2.40,AUD
8800612,1,3,310418,Half-Day River Tour,2025-03-07T15:45:00Z,2025-02-06T04:35:11Z,2025-02-06T04:35:11Z,LIVE,2,158.00,13.04,USD
8800230,2,1,310155,The Vault (60 min),2025-02-12T20:00:00Z,2024-12-26T11:08:12Z,2025-02-06T06:03:49Z,CANCELLED,5,125.00,25.00,GBP
8800609,2,3,310415,Sunrise Paddle,2025-02-06T14:30:00Z,2025-02-05T21:36:25Z,2025-02-06T06:38:29Z,CANCELLED,1,45.00,3.71,USD
8800597,2,2,310407,Axe Throwing 90 min,2025-03-06T21:30:00Z,2025-02-04T16:24:19Z,2025-02-06T06:41:58Z,LIVE,5,195.00,44.85,EUR
8800613,1,1,310279,Mini Mystery (30 min),2025-02-06T15:30:00Z,2025-02-06T08:49:43Z,2025-02-06T08:49:43Z,LIVE,4,60.00,12.00,GBP
8800614,1,1,310419,Asylum (60 min),2025-02-06T20:30:00Z,2025-02-06T09:34:45Z,2025-02-06T09:34:45Z,LIVE,6,168.00,33.60,GBP
8800577,2,2,310393,Axe Throwing 60 min,2025-02-16T19:30:00Z,2025-02-02T19:51:50Z,2025-02-06T10:09:26Z,LIVE,4,116.00,26.68,EUR
8800615,1,4,310420,Intro to Bouldering,2025-02-07T04:15:00Z,2025-02-06T12:51:32Z,2025-02-06T12:51:32Z,LIVE,3,147.00,14.70,AUD
8800616,1,3,310421,Sunrise Paddle,2025-02-06T15:30:00Z,2025-02-06T13:58:47Z,2025-02-06T13:58:47Z,LIVE,2,90.00,7.43,USD
8800617,1,3,310422,Sunrise Paddle,2025-02-09T17:00:00Z,2025-02-06T17:25:10Z,2025-02-06T17:25:10Z,LIVE,1,45.00,3.71,USD
8800618,1,2,310423,Axe Throwing 90 min,2025-02-23T17:45:00Z,2025-02-06T18:17:54Z,2025-02-06T18:17:54Z,LIVE,6,234.00,53.82,EUR
8800619,1,1,310424,The Vault (60 min),2025-02-27T14:30:00Z,2025-02-06T19:00:57Z,2025-02-06T19:00:57Z,LIVE,4,100.00,20.00,GBP
8800620,1,4,310425,Kids Climb Session,2025-02-07T00:00:00Z,2025-02-06T21:26:40Z,2025-02-06T21:26:40Z,LIVE,1,24.00,2.40,AUD
8800621,1,4,310273,Casual Climb,2025-02-06T23:45:00Z,2025-02-06T21:47:42Z,2025-02-06T21:47:42Z,LIVE,2,58.00,5.80,AUD
8800622,1,4,310353,Intro to Bouldering,2025-02-08T04:15:00Z,2025-02-06T22:10:00Z,2025-02-06T22:10:00Z,LIVE,1,49.00,4.90,AUD
8800623,1,3,310009,Half-Day River Tour,2025-02-07T21:00:00Z,2025-02-06T22:58:27Z,2025-02-06T22:58:27Z,LIVE,1,79.00,6.52,USD
8800623,2,3,310009,Half-Day River Tour,2025-02-07T21:00:00Z,2025-02-06T22:58:27Z,2025-02-06T23:24:25Z,LIVE,2,158.00,13.04,USD
8800624,1,5,310426,Open Play,2025-03-02T21:15:00Z,2025-02-07T01:35:13Z,2025-02-07T01:35:13Z,LIVE,9,351.00,10.18,USD
8800625,1,4,310427,Intro to Bouldering,2025-02-09T06:00:00Z,2025-02-07T06:45:13Z,2025-02-07T06:45:13Z,LIVE,3,147.00,14.70,AUD
8800626,1,1,310428,Asylum (60 min),2025-02-07T20:00:00Z,2025-02-07T09:26:42Z,2025-02-07T09:26:42Z,LIVE,5,140.00,28.00,GBP
8800627,1,1,310429,Asylum (60 min),2025-02-14T20:45:00Z,2025-02-07T10:10:53Z,2025-02-07T10:10:53Z,LIVE,3,84.00,16.80,GBP
8800628,1,1,310430,The Vault (60 min),2025-02-07T18:00:00Z,2025-02-07T10:33:43Z,2025-02-07T10:33:43Z,LIVE,6,150.00,30.00,GBP
8800629,1,1,310301,The Vault (60 min),2025-02-07T19:45:00Z,2025-02-07T11:48:23Z,2025-02-07T11:48:23Z,LIVE,6,150.00,30.00,GBP
8800630,1,1,310385,Asylum (60 min),2025-02-13T16:00:00Z,2025-02-07T12:59:34Z,2025-02-07T12:59:34Z,LIVE,4,112.00,22.40,GBP
8800631,1,3,310431,Kayak Rental 2 hr,2025-02-07T16:30:00Z,2025-02-07T14:33:04Z,2025-02-07T14:33:04Z,LIVE,4,140.00,11.55,USD
8800629,2,1,310301,The Vault (60 min),2025-02-07T19:45:00Z,2025-02-07T11:48:23Z,2025-02-07T14:41:19Z,LIVE,7,175.00,35.00,GBP
8800632,1,5,310315,Open Play,2025-02-26T20:45:00Z,2025-02-07T18:41:07Z,2025-02-07T18:41:07Z,LIVE,12,468.00,13.57,USD
8800633,1,4,310432,Intro to Bouldering,2025-02-15T06:15:00Z,2025-02-07T22:09:03Z,2025-02-07T22:09:03Z,LIVE,3,147.00,14.70,AUD
8800634,1,4,310433,Intro to Bouldering,2025-02-14T06:00:00Z,2025-02-07T22:30:38Z,2025-02-07T22:30:38Z,LIVE,1,49.00,4.90,AUD
8800635,1,4,310434,Kids Climb Session,2025-02-08T06:45:00Z,2025-02-08T00:29:32Z,2025-02-08T00:29:32Z,LIVE,2,48.00,4.80,AUD
8800636,1,5,310435,Private Group Game,2025-02-22T21:45:00Z,2025-02-08T01:45:52Z,2025-02-08T01:45:52Z,LIVE,10,550.00,15.95,USD
8800637,1,4,310309,Intro to Bouldering,2025-02-08T06:30:00Z,2025-02-08T03:39:24Z,2025-02-08T03:39:24Z,LIVE,3,147.00,14.70,AUD
8800638,1,5,310436,Private Group Game,2025-03-01T21:00:00Z,2025-02-08T04:02:11Z,2025-02-08T04:02:11Z,LIVE,7,385.00,11.17,USD
8800637,2,4,310309,Intro to Bouldering,2025-02-08T06:30:00Z,2025-02-08T03:39:24Z,2025-02-08T04:55:10Z,LIVE,5,245.00,24.50,AUD
8800639,1,5,310437,Open Play,2025-02-08T19:00:00Z,2025-02-08T05:23:23Z,2025-02-08T05:23:23Z,LIVE,6,234.00,6.79,USD
8800640,1,1,310438,Mini Mystery (30 min),2025-03-01T19:00:00Z,2025-02-08T07:40:20Z,2025-02-08T07:40:20Z,LIVE,2,30.00,6.00,GBP
8800641,1,2,310439,Axe Throwing 60 min,2025-03-28T17:30:00Z,2025-02-08T10:31:17Z,2025-02-08T10:31:17Z,LIVE,2,58.00,13.34,EUR
8800642,1,2,310440,Axe Throwing 90 min,2025-02-08T20:15:00Z,2025-02-08T13:01:32Z,2025-02-08T13:01:32Z,LIVE,8,312.00,71.76,EUR
8800488,2,1,310333,Asylum (60 min),2025-02-10T19:15:00Z,2025-01-23T19:44:13Z,2025-02-08T16:44:40Z,CANCELLED,2,56.00,11.20,GBP
8800643,1,3,310022,Kayak Rental 2 hr,2025-02-12T14:45:00Z,2025-02-08T17:47:45Z,2025-02-08T17:47:45Z,LIVE,3,105.00,8.66,USD
8800606,2,5,310414,Open Play,2025-02-11T16:00:00Z,2025-02-05T16:52:10Z,2025-02-08T18:00:48Z,CANCELLED,4,156.00,4.52,USD
8800644,1,2,310441,Axe Throwing 90 min,2025-04-30T18:30:00Z,2025-02-08T18:58:52Z,2025-02-08T18:58:52Z,LIVE,2,78.00,17.94,EUR
8800645,1,4,310442,Casual Climb,2025-02-08T22:30:00Z,2025-02-08T21:53:14Z,2025-02-08T21:53:14Z,LIVE,4,116.00,11.60,AUD
8800646,1,4,310011,Intro to Bouldering,2025-04-05T01:00:00Z,2025-02-08T22:24:01Z,2025-02-08T22:24:01Z,LIVE,3,147.00,14.70,AUD
8800647,1,5,310443,Private Group Game,2025-03-29T18:30:00Z,2025-02-09T03:24:02Z,2025-02-09T03:24:02Z,LIVE,4,220.00,6.38,USD
8800648,1,4,310444,Kids Climb Session,2025-02-12T06:30:00Z,2025-02-09T06:41:43Z,2025-02-09T06:41:43Z,LIVE,3,72.00,7.20,AUD
8800649,1,4,310445,Casual Climb,2025-04-03T23:15:00Z,2025-02-09T06:54:49Z,2025-02-09T06:54:49Z,LIVE,3,87.00,8.70,AUD
8800650,1,1,310155,Asylum (60 min),2025-02-12T19:15:00Z,2025-02-09T07:10:06Z,2025-02-09T07:10:06Z,LIVE,2,56.00,11.20,GBP
8800651,1,2,310446,Axe Throwing 90 min,2025-02-09T20:30:00Z,2025-02-09T07:27:18Z,2025-02-09T07:27:18Z,LIVE,3,117.00,26.91,EUR
8800652,1,6,310202,Test Experience,2025-02-16T14:30:00Z,2025-02-09T08:31:50Z,2025-02-09T08:31:50Z,LIVE,1,1.00,0.20,GBP
8800653,1,6,310447,Test Experience,2025-05-02T10:00:00Z,2025-02-09T10:21:11Z,2025-02-09T10:21:11Z,LIVE,4,4.00,0.80,GBP
8800654,1,2,310114,Axe Throwing 90 min,2025-03-05T15:30:00Z,2025-02-09T11:47:48Z,2025-02-09T11:47:48Z,LIVE,3,117.00,26.91,EUR
8800655,1,1,310448,Asylum (60 min),2025-02-09T21:15:00Z,2025-02-09T11:59:54Z,2025-02-09T11:59:54Z,LIVE,2,56.00,11.20,GBP
8800656,1,1,310385,Asylum (60 min),2025-05-10T13:30:00Z,2025-02-09T14:24:54Z,2025-02-09T14:24:54Z,LIVE,4,112.00,22.40,GBP
8800657,1,2,310449,Axe Throwing 90 min,2025-02-09T20:00:00Z,2025-02-09T14:26:31Z,2025-02-09T14:26:31Z,LIVE,4,156.00,35.88,EUR
8800658,1,5,310450,Open Play,2025-03-21T21:15:00Z,2025-02-09T16:34:30Z,2025-02-09T16:34:30Z,LIVE,7,273.00,7.92,USD
8800659,1,5,310451,Open Play,2025-02-11T20:30:00Z,2025-02-09T19:22:32Z,2025-02-09T19:22:32Z,LIVE,12,468.00,13.57,USD
8800660,1,4,310063,Casual Climb,2025-02-10T03:00:00Z,2025-02-09T21:41:24Z,2025-02-09T21:41:24Z,LIVE,4,116.00,11.60,AUD
8800661,1,6,310447,Test Experience,2025-02-16T15:00:00Z,2025-02-09T21:47:37Z,2025-02-09T21:47:37Z,LIVE,4,4.00,0.80,GBP
8800662,1,4,310452,Kids Climb Session,2025-02-13T07:30:00Z,2025-02-10T04:22:23Z,2025-02-10T04:22:23Z,LIVE,2,48.00,4.80,AUD
8800663,1,4,310453,Intro to Bouldering,2025-02-16T06:30:00Z,2025-02-10T05:57:17Z,2025-02-10T05:57:17Z,LIVE,2,98.00,9.80,AUD
8800664,1,1,310454,Mini Mystery (30 min),2025-02-11T18:45:00Z,2025-02-10T11:02:57Z,2025-02-10T11:02:57Z,LIVE,6,90.00,18.00,GBP
8800590,2,5,310402,Open Play,2025-02-22T20:15:00Z,2025-02-04T04:10:57Z,2025-02-10T13:23:43Z,LIVE,5,195.00,5.66,USD
8800665,1,6,310455,Test Experience,2025-02-12T15:45:00Z,2025-02-10T14:53:50Z,2025-02-10T14:53:50Z,LIVE,1,1.00,0.20,GBP
8800666,1,1,310456,Mini Mystery (30 min),2025-02-10T16:00:00Z,2025-02-10T15:46:32Z,2025-02-10T15:46:32Z,LIVE,2,30.00,6.00,GBP
8800470,2,2,310322,Axe Throwing 60 min,2025-02-23T19:15:00Z,2025-01-21T14:57:15Z,2025-02-10T19:21:31Z,CANCELLED,6,174.00,40.02,EUR
8800667,1,1,310457,The Vault (60 min),2025-03-03T18:30:00Z,2025-02-10T20:29:31Z,2025-02-10T20:29:31Z,LIVE,4,100.00,20.00,GBP
8800668,1,5,310458,Open Play,2025-02-10T23:30:00Z,2025-02-10T21:31:53Z,2025-02-10T21:31:53Z,LIVE,12,468.00,13.57,USD
8800669,1,4,310253,Intro to Bouldering,2025-02-11T03:45:00Z,2025-02-10T22:35:58Z,2025-02-10T22:35:58Z,LIVE,2,98.00,9.80,AUD
8800670,1,6,310459,Test Experience,2025-02-22T14:00:00Z,2025-02-10T23:06:25Z,2025-02-10T23:06:25Z,LIVE,1,1.00,0.20,GBP
8800671,1,3,310460,Sunrise Paddle,2025-02-11T12:45:00Z,2025-02-11T00:50:39Z,2025-02-11T00:50:39Z,LIVE,4,180.00,14.85,USD
8800672,1,5,310461,Private Group Game,2025-02-13T20:45:00Z,2025-02-11T03:26:59Z,2025-02-11T03:26:59Z,LIVE,8,440.00,12.76,USD
8800673,1,4,310462,Casual Climb,2025-02-14T23:30:00Z,2025-02-11T04:52:24Z,2025-02-11T04:52:24Z,LIVE,1,29.00,2.90,AUD
8800674,1,4,310170,Intro to Bouldering,2025-02-13T08:30:00Z,2025-02-11T07:54:54Z,2025-02-11T07:54:54Z,LIVE,2,98.00,9.80,AUD
8800675,1,1,310463,Asylum (60 min),2025-02-18T18:00:00Z,2025-02-11T08:50:59Z,2025-02-11T08:50:59Z,LIVE,5,140.00,28.00,GBP
8800676,1,4,310010,Kids Climb Session,2025-03-02T06:30:00Z,2025-02-11T09:38:22Z,2025-02-11T09:38:22Z,LIVE,2,48.00,4.80,AUD
8800677,1,1,310464,Mini Mystery (30 min),2025-02-11T19:45:00Z,2025-02-11T12:20:56Z,2025-02-11T12:20:56Z,LIVE,4,60.00,12.00,GBP
8800678,1,1,310098,The Vault (60 min),2025-02-22T19:30:00Z,2025-02-11T12:50:07Z,2025-02-11T12:50:07Z,LIVE,6,150.00,30.00,GBP
8800141,2,1,310100,Asylum (60 min),2025-02-26T20:30:00Z,2024-12-16T17:53:21Z,2025-02-11T13:51:21Z,CANCELLED,5,140.00,28.00,GBP
8800679,1,1,310465,Asylum (60 min),2025-02-25T19:30:00Z,2025-02-11T14:13:39Z,2025-02-11T14:13:39Z,LIVE,4,112.00,22.40,GBP
8800680,1,2,310115,Axe Throwing 60 min,2025-02-15T17:00:00Z,2025-02-11T14:20:42Z,2025-02-11T14:20:42Z,LIVE,8,232.00,53.36,EUR
8800591,2,5,310103,Open Play,2025-02-15T23:45:00Z,2025-02-04T06:40:30Z,2025-02-11T14:48:19Z,CANCELLED,10,390.00,11.31,USD
8800681,1,3,310466,Sunrise Paddle,2025-05-08T16:15:00Z,2025-02-11T16:07:37Z,2025-02-11T16:07:37Z,LIVE,1,45.00,3.71,USD
8800680,2,2,310115,Axe Throwing 60 min,2025-02-15T17:00:00Z,2025-02-11T14:20:42Z,2025-02-11T17:19:12Z,LIVE,10,290.00,66.70,EUR
8800682,1,2,310199,Axe Throwing 60 min,2025-02-20T21:00:00Z,2025-02-11T21:29:54Z,2025-02-11T21:29:54Z,LIVE,3,87.00,20.01,EUR
8800683,1,2,310407,Axe Throwing 60 min,2025-05-05T14:30:00Z,2025-02-11T21:31:48Z,2025-02-11T21:31:48Z,LIVE,3,87.00,20.01,EUR
8800684,1,5,310467,Open Play,2025-02-16T20:15:00Z,2025-02-12T04:07:46Z,2025-02-12T04:07:46Z,LIVE,11,429.00,12.44,USD
8800685,1,1,310108,Mini Mystery (30 min),2025-02-12T18:30:00Z,2025-02-12T09:27:51Z,2025-02-12T09:27:51Z,LIVE,2,30.00,6.00,GBP
8800686,1,1,310468,Asylum (60 min),2025-02-15T14:00:00Z,2025-02-12T11:35:23Z,2025-02-12T11:35:23Z,LIVE,4,112.00,22.40,GBP
8800687,1,2,310469,Axe Throwing 90 min,2025-02-22T21:15:00Z,2025-02-12T14:05:01Z,2025-02-12T14:05:01Z,LIVE,6,234.00,53.82,EUR
8800688,1,3,310043,Sunrise Paddle,2025-03-08T13:15:00Z,2025-02-12T14:33:05Z,2025-02-12T14:33:05Z,LIVE,2,90.00,7.43,USD
8800585,2,3,310132,Sunrise Paddle,2025-02-16T14:30:00Z,2025-02-03T15:15:28Z,2025-02-12T19:36:49Z,CANCELLED,5,225.00,18.56,USD
8800689,1,5,310470,Open Play,2025-02-16T20:30:00Z,2025-02-12T20:54:50Z,2025-02-12T20:54:50Z,LIVE,5,195.00,5.66,USD
8800690,1,2,310471,Axe Throwing 90 min,2025-02-24T21:00:00Z,2025-02-12T22:23:02Z,2025-02-12T22:23:02Z,LIVE,3,117.00,26.91,EUR
8800691,1,4,310053,Intro to Bouldering,2025-02-13T07:30:00Z,2025-02-12T22:28:42Z,2025-02-12T22:28:42Z,LIVE,3,147.00,14.70,AUD
8800692,1,4,310472,Kids Climb Session,2025-02-13T04:30:00Z,2025-02-12T23:54:42Z,2025-02-12T23:54:42Z,LIVE,3,72.00,7.20,AUD
8800684,2,5,310467,Open Play,2025-02-16T20:15:00Z,2025-02-12T04:07:46Z,2025-02-13T01:34:41Z,LIVE,12,468.00,13.57,USD
8800693,1,4,310473,Kids Climb Session,2025-04-24T08:00:00Z,2025-02-13T02:00:13Z,2025-02-13T02:00:13Z,LIVE,2,48.00,4.80,AUD
8800691,2,4,310053,Intro to Bouldering,2025-02-13T07:30:00Z,2025-02-12T22:28:42Z,2025-02-13T03:26:45Z,CANCELLED,3,147.00,14.70,AUD
8800694,1,4,310474,Kids Climb Session,2025-02-17T22:30:00Z,2025-02-13T07:57:56Z,2025-02-13T07:57:56Z,LIVE,1,24.00,2.40,AUD
8800184,2,2,310131,Axe Throwing 60 min,2025-02-22T17:45:00Z,2024-12-21T13:03:21Z,2025-02-13T08:33:40Z,CANCELLED,4,116.00,26.68,EUR
8800695,1,6,310028,Test Experience,2025-02-16T14:30:00Z,2025-02-13T08:59:41Z,2025-02-13T08:59:41Z,LIVE,1,1.00,0.20,GBP
8800696,1,1,310182,The Vault (60 min),2025-02-16T19:00:00Z,2025-02-13T09:40:35Z,2025-02-13T09:40:35Z,LIVE,6,150.00,30.00,GBP
8800697,1,1,310475,Mini Mystery (30 min),2025-03-14T20:30:00Z,2025-02-13T09:52:28Z,2025-02-13T09:52:28Z,LIVE,5,75.00,15.00,GBP
8800404,3,3,310277,Kayak Rental 2 hr,2025-03-02T19:30:00Z,2025-01-15T03:19:44Z,2025-02-13T12:37:26Z,CANCELLED,3,105.00,8.66,USD
8800505,2,1,310343,Asylum (60 min),2025-02-27T19:00:00Z,2025-01-25T13:36:32Z,2025-02-13T12:58:35Z,CANCELLED,5,140.00,28.00,GBP
8800698,1,2,310476,Axe Throwing 60 min,2025-02-17T20:15:00Z,2025-02-13T15:14:58Z,2025-02-13T15:14:58Z,LIVE,7,203.00,46.69,EUR
8800699,1,2,310477,Axe Throwing 60 min,2025-02-13T21:00:00Z,2025-02-13T17:17:58Z,2025-02-13T17:17:58Z,LIVE,2,58.00,13.34,EUR
8800700,1,1,310066,Mini Mystery (30 min),2025-02-18T18:15:00Z,2025-02-13T19:52:02Z,2025-02-13T19:52:02Z,LIVE,4,60.00,12.00,GBP
8800701,1,2,310478,Axe Throwing 60 min,2025-02-19T15:30:00Z,2025-02-13T20:25:26Z,2025-02-13T20:25:26Z,LIVE,2,58.00,13.34,EUR
8800702,1,3,310277,Half-Day River Tour,2025-02-14T14:15:00Z,2025-02-13T20:39:18Z,2025-02-13T20:39:18Z,LIVE,1,79.00,6.52,USD
8800703,1,4,310479,Casual Climb,2025-02-19T05:00:00Z,2025-02-13T23:32:11Z,2025-02-13T23:32:11Z,LIVE,3,87.00,8.70,AUD
8800675,2,1,310463,Asylum (60 min),2025-02-18T18:00:00Z,2025-02-11T08:50:59Z,2025-02-14T00:53:27Z,LIVE,7,196.00,39.20,GBP
8800704,1,5,310480,Private Group Game,2025-02-27T21:00:00Z,2025-02-14T00:58:56Z,2025-02-14T00:58:56Z,LIVE,11,605.00,17.55,USD
8800682,2,2,310199,Axe Throwing 60 min,2025-02-20T21:00:00Z,2025-02-11T21:29:54Z,2025-02-14T04:03:42Z,LIVE,5,145.00,33.35,EUR
8800705,1,3,310481,Sunrise Paddle,2025-03-08T15:30:00Z,2025-02-14T05:03:40Z,2025-02-14T05:03:40Z,LIVE,1,45.00,3.71,USD
8800706,1,4,310482,Intro to Bouldering,2025-03-06T00:30:00Z,2025-02-14T05:10:41Z,2025-02-14T05:10:41Z,LIVE,4,196.00,19.60,AUD
8800707,1,4,310483,Intro to Bouldering,2025-02-20T05:30:00Z,2025-02-14T06:00:42Z,2025-02-14T06:00:42Z,LIVE,1,49.00,4.90,AUD
8800708,1,4,310269,Kids Climb Session,2025-02-16T05:00:00Z,2025-02-14T06:13:29Z,2025-02-14T06:13:29Z,LIVE,4,96.00,9.60,AUD
8800709,1,2,310142,Axe Throwing 60 min,2025-03-01T21:00:00Z,2025-02-14T08:09:23Z,2025-02-14T08:09:23Z,LIVE,6,174.00,40.02,EUR
8800710,1,4,310063,Casual Climb,2025-02-20T23:00:00Z,2025-02-14T08:41:27Z,2025-02-14T08:41:27Z,LIVE,1,29.00,2.90,AUD
8800711,1,2,310137,Axe Throwing 90 min,2025-02-14T20:00:00Z,2025-02-14T09:20:36Z,2025-02-14T09:20:36Z,LIVE,5,195.00,44.85,EUR
8800712,1,1,310484,Asylum (60 min),2025-02-21T21:15:00Z,2025-02-14T12:16:53Z,2025-02-14T12:16:53Z,LIVE,2,56.00,11.20,GBP
8800713,1,3,310485,Half-Day River Tour,2025-03-01T15:30:00Z,2025-02-14T13:10:33Z,2025-02-14T13:10:33Z,LIVE,1,79.00,6.52,USD
8800714,1,2,310486,Axe Throwing 60 min,2025-02-14T21:00:00Z,2025-02-14T15:59:09Z,2025-02-14T15:59:09Z,LIVE,8,232.00,53.36,EUR
8800715,1,5,310071,Open Play,2025-03-08T23:30:00Z,2025-02-14T16:38:06Z,2025-02-14T16:38:06Z,LIVE,9,351.00,10.18,USD
8800716,1,1,310487,The Vault (60 min),2025-02-23T19:30:00Z,2025-02-14T17:53:56Z,2025-02-14T17:53:56Z,LIVE,6,150.00,30.00,GBP
8800717,1,2,310488,Axe Throwing 90 min,2025-02-14T20:30:00Z,2025-02-14T19:23:31Z,2025-02-14T19:23:31Z,LIVE,6,234.00,53.82,EUR
8800718,1,1,310489,The Vault (60 min),2025-04-05T11:45:00Z,2025-02-14T22:11:56Z,2025-02-14T22:11:56Z,LIVE,5,125.00,25.00,GBP
8800694,2,4,310474,Kids Climb Session,2025-02-17T22:30:00Z,2025-02-13T07:57:56Z,2025-02-14T22:35:53Z,LIVE,2,48.00,4.80,AUD
8800719,1,5,310191,Private Group Game,2025-03-14T17:15:00Z,2025-02-14T22:58:42Z,2025-02-14T22:58:42Z,LIVE,6,330.00,9.57,USD
8800720,1,5,310169,Private Group Game,2025-02-17T20:30:00Z,2025-02-15T02:56:36Z,2025-02-15T02:56:36Z,LIVE,5,275.00,7.98,USD
8800703,2,4,310479,Casual Climb,2025-02-19T05:00:00Z,2025-02-13T23:32:11Z,2025-02-15T08:48:50Z,LIVE,4,116.00,11.60,AUD
8800721,1,1,310252,Asylum (60 min),2025-03-02T19:45:00Z,2025-02-15T09:14:31Z,2025-02-15T09:14:31Z,LIVE,6,168.00,33.60,GBP
8800722,1,4,310150,Intro to Bouldering,2025-04-19T06:00:00Z,2025-02-15T11:54:33Z,2025-02-15T11:54:33Z,LIVE,4,196.00,19.60,AUD
8800723,1,1,310237,Asylum (60 min),2025-02-15T19:45:00Z,2025-02-15T13:13:52Z,2025-02-15T13:13:52Z,LIVE,2,56.00,11.20,GBP
8800724,1,5,310490,Private Group Game,2025-02-15T17:45:00Z,2025-02-15T14:10:09Z,2025-02-15T14:10:09Z,LIVE,11,605.00,17.55,USD
8800725,1,1,310491,Asylum (60 min),2025-02-20T20:30:00Z,2025-02-15T14:14:01Z,2025-02-15T14:14:01Z,LIVE,4,112.00,22.40,GBP
8800726,1,1,310492,Asylum (60 min),2025-02-15T19:00:00Z,2025-02-15T14:24:43Z,2025-02-15T14:24:43Z,LIVE,2,56.00,11.20,GBP
8800727,1,1,310493,Mini Mystery (30 min),2025-02-16T18:45:00Z,2025-02-15T15:51:15Z,2025-02-15T15:51:15Z,LIVE,4,60.00,12.00,GBP
8800728,1,5,310494,Open Play,2025-02-16T18:30:00Z,2025-02-15T16:05:21Z,2025-02-15T16:05:21Z,LIVE,8,312.00,9.05,USD
8800729,1,1,310495,Mini Mystery (30 min),2025-02-16T18:00:00Z,2025-02-15T16:07:07Z,2025-02-15T16:07:07Z,LIVE,6,90.00,18.00,GBP
8800730,1,5,310496,Private Group Game,2025-02-15T20:00:00Z,2025-02-15T18:08:41Z,2025-02-15T18:08:41Z,LIVE,12,660.00,19.14,USD
8800731,1,5,310497,Open Play,2025-02-15T19:00:00Z,2025-02-15T18:18:04Z,2025-02-15T18:18:04Z,LIVE,7,273.00,7.92,USD
8800732,1,3,310277,Half-Day River Tour,2025-03-14T14:45:00Z,2025-02-15T21:05:48Z,2025-02-15T21:05:48Z,LIVE,2,158.00,13.04,USD
8800733,1,4,310498,Kids Climb Session,2025-02-28T00:45:00Z,2025-02-15T21:43:26Z,2025-02-15T21:43:26Z,LIVE,4,96.00,9.60,AUD
8800734,1,2,310499,Axe Throwing 60 min,2025-03-01T13:30:00Z,2025-02-15T22:55:45Z,2025-02-15T22:55:45Z,LIVE,3,87.00,20.01,EUR
8800735,1,2,310130,Axe Throwing 60 min,2025-02-21T20:00:00Z,2025-02-15T22:57:19Z,2025-02-15T22:57:19Z,LIVE,7,203.00,46.69,EUR
8800727,2,1,310493,Mini Mystery (30 min),2025-02-16T18:45:00Z,2025-02-15T15:51:15Z,2025-02-16T00:41:53Z,LIVE,5,75.00,15.00,GBP
8800736,1,1,310050,Asylum (60 min),2025-02-16T19:00:00Z,2025-02-16T07:33:26Z,2025-02-16T07:33:26Z,LIVE,3,84.00,16.80,GBP
8800737,1,4,310283,Intro to Bouldering,2025-03-07T07:30:00Z,2025-02-16T07:44:53Z,2025-02-16T07:44:53Z,LIVE,3,147.00,14.70,AUD
8800482,2,4,310330,Casual Climb,2025-02-22T00:30:00Z,2025-01-23T06:55:35Z,2025-02-16T08:38:28Z,CANCELLED,4,116.00,11.60,AUD
8800738,1,5,310500,Private Group Game,2025-03-13T18:00:00Z,2025-02-16T14:03:39Z,2025-02-16T14:03:39Z,LIVE,9,495.00,14.36,USD
8800739,1,1,310252,Asylum (60 min),2025-02-20T17:45:00Z,2025-02-16T14:56:04Z,2025-02-16T14:56:04Z,LIVE,5,140.00,28.00,GBP
8800722,2,4,310150,Intro to Bouldering,2025-04-19T06:00:00Z,2025-02-15T11:54:33Z,2025-02-16T15:17:32Z,LIVE,6,294.00,29.40,AUD
8800740,1,2,310501,Axe Throwing 60 min,2025-02-16T17:00:00Z,2025-02-16T15:28:11Z,2025-02-16T15:28:11Z,LIVE,6,174.00,40.02,EUR
8800740,2,2,310501,Axe Throwing 60 min,2025-02-16T17:00:00Z,2025-02-16T15:28:11Z,2025-02-16T15:58:31Z,LIVE,8,232.00,53.36,EUR
8800741,1,2,310502,Axe Throwing 60 min,2025-04-14T19:45:00Z,2025-02-16T16:24:57Z,2025-02-16T16:24:57Z,LIVE,2,58.00,13.34,EUR
8800742,1,1,310465,Asylum (60 min),2025-04-05T15:30:00Z,2025-02-16T17:05:43Z,2025-02-16T17:05:43Z,LIVE,4,112.00,22.40,GBP
8800743,1,4,310503,Intro to Bouldering,2025-02-17T07:30:00Z,2025-02-16T21:18:45Z,2025-02-16T21:18:45Z,LIVE,2,98.00,9.80,AUD
8800744,1,5,310504,Open Play,2025-03-07T21:15:00Z,2025-02-16T21:24:40Z,2025-02-16T21:24:40Z,LIVE,5,195.00,5.66,USD
8800745,1,4,310473,Intro to Bouldering,2025-02-16T23:30:00Z,2025-02-16T22:58:55Z,2025-02-16T22:58:55Z,LIVE,4,196.00,19.60,AUD
8800745,2,4,310473,Intro to Bouldering,2025-02-16T23:30:00Z,2025-02-16T22:58:55Z,2025-02-16T23:19:45Z,CANCELLED,4,196.00,19.60,AUD
8800746,1,5,310505,Private Group Game,2025-03-30T19:15:00Z,2025-02-17T05:54:38Z,2025-02-17T05:54:38Z,LIVE,6,330.00,9.57,USD
8800747,1,2,310506,Axe Throwing 90 min,2025-04-26T20:00:00Z,2025-02-17T08:16:56Z,2025-02-17T08:16:56Z,LIVE,6,234.00,53.82,EUR
8800748,1,4,310293,Intro to Bouldering,2025-02-20T07:45:00Z,2025-02-17T12:05:51Z,2025-02-17T12:05:51Z,LIVE,1,49.00,4.90,AUD
8800749,1,6,310507,Test Experience,2025-03-08T14:00:00Z,2025-02-17T15:04:13Z,2025-02-17T15:04:13Z,LIVE,2,2.00,0.40,GBP
8800750,1,2,310142,Axe Throwing 90 min,2025-03-28T18:00:00Z,2025-02-17T18:17:26Z,2025-02-17T18:17:26Z,LIVE,5,195.00,44.85,EUR
8800751,1,2,310508,Axe Throwing 60 min,2025-02-22T20:45:00Z,2025-02-17T21:16:43Z,2025-02-17T21:16:43Z,LIVE,4,116.00,26.68,EUR
8800752,1,2,310509,Axe Throwing 60 min,2025-02-23T19:30:00Z,2025-02-17T23:50:39Z,2025-02-17T23:50:39Z,LIVE,5,145.00,33.35,EUR
8800753,1,5,310510,Open Play,2025-03-19T20:00:00Z,2025-02-18T06:08:08Z,2025-02-18T06:08:08Z,LIVE,10,390.00,11.31,USD
8800754,1,4,310396,Casual Climb,2025-02-27T07:15:00Z,2025-02-18T06:52:00Z,2025-02-18T06:52:00Z,LIVE,4,116.00,11.60,AUD
8800755,1,1,310296,Asylum (60 min),2025-02-22T19:15:00Z,2025-02-18T14:18:43Z,2025-02-18T14:18:43Z,LIVE,3,84.00,16.80,GBP
8800366,2,2,310255,Axe Throwing 60 min,2025-02-22T18:30:00Z,2025-01-10T17:12:00Z,2025-02-18T21:10:41Z,CANCELLED,3,87.00,20.01,EUR
8800756,1,4,310453,Intro to Bouldering,2025-02-22T01:15:00Z,2025-02-18T23:21:23Z,2025-02-18T23:21:23Z,LIVE,2,98.00,9.80,AUD
8800757,1,3,310008,Sunrise Paddle,2025-03-16T14:30:00Z,2025-02-18T23:38:43Z,2025-02-18T23:38:43Z,LIVE,2,90.00,7.43,USD
8800758,1,5,310511,Private Group Game,2025-02-20T20:15:00Z,2025-02-19T01:48:08Z,2025-02-19T01:48:08Z,LIVE,5,275.00,7.98,USD
8800759,1,4,310512,Intro to Bouldering,2025-02-20T01:00:00Z,2025-02-19T03:12:02Z,2025-02-19T03:12:02Z,LIVE,3,147.00,14.70,AUD
8800760,1,4,310513,Casual Climb,2025-02-25T22:30:00Z,2025-02-19T03:39:55Z,2025-02-19T03:39:55Z,LIVE,2,58.00,5.80,AUD
8800761,1,1,310162,Mini Mystery (30 min),2025-02-20T19:00:00Z,2025-02-19T07:23:16Z,2025-02-19T07:23:16Z,LIVE,2,30.00,6.00,GBP
8800619,2,1,310424,The Vault (60 min),2025-02-27T14:30:00Z,2025-02-06T19:00:57Z,2025-02-19T07:32:35Z,CANCELLED,4,100.00,20.00,GBP
8800762,1,2,310514,Axe Throwing 90 min,2025-02-26T19:15:00Z,2025-02-19T08:14:54Z,2025-02-19T08:14:54Z,LIVE,2,78.00,17.94,EUR
8800763,1,1,310515,Mini Mystery (30 min),2025-02-22T18:00:00Z,2025-02-19T08:33:00Z,2025-02-19T08:33:00Z,LIVE,5,75.00,15.00,GBP
8800764,1,4,310516,Casual Climb,2025-03-17T05:30:00Z,2025-02-19T08:45:37Z,2025-02-19T08:45:37Z,LIVE,4,116.00,11.60,AUD
8800765,1,4,310517,Kids Climb Session,2025-03-21T03:45:00Z,2025-02-19T10:47:23Z,2025-02-19T10:47:23Z,LIVE,3,72.00,7.20,AUD
8800766,1,2,310199,Axe Throwing 90 min,2025-02-22T17:30:00Z,2025-02-19T12:26:05Z,2025-02-19T12:26:05Z,LIVE,8,312.00,71.76,EUR
8800767,1,2,310518,Axe Throwing 90 min,2025-02-24T21:00:00Z,2025-02-19T12:50:21Z,2025-02-19T12:50:21Z,LIVE,5,195.00,44.85,EUR
8800768,1,1,310519,Asylum (60 min),2025-02-22T20:15:00Z,2025-02-19T13:09:23Z,2025-02-19T13:09:23Z,LIVE,5,140.00,28.00,GBP
8800759,2,4,310512,Intro to Bouldering,2025-02-20T01:00:00Z,2025-02-19T03:12:02Z,2025-02-19T17:33:10Z,CANCELLED,3,147.00,14.70,AUD
8800769,1,1,310520,Asylum (60 min),2025-02-23T14:30:00Z,2025-02-19T19:28:11Z,2025-02-19T19:28:11Z,LIVE,4,112.00,22.40,GBP
8800770,1,4,310179,Intro to Bouldering,2025-02-20T03:00:00Z,2025-02-19T21:41:10Z,2025-02-19T21:41:10Z,LIVE,4,196.00,19.60,AUD
8800770,2,4,310179,Intro to Bouldering,2025-02-20T03:00:00Z,2025-02-19T21:41:10Z,2025-02-19T23:41:19Z,LIVE,5,245.00,24.50,AUD
8800771,1,3,310521,Half-Day River Tour,2025-04-29T12:30:00Z,2025-02-20T02:42:46Z,2025-02-20T02:42:46Z,LIVE,1,79.00,6.52,USD
8800574,2,1,310392,Mini Mystery (30 min),2025-03-02T19:30:00Z,2025-02-02T10:27:13Z,2025-02-20T03:01:08Z,CANCELLED,6,90.00,18.00,GBP
8800772,1,4,310280,Intro to Bouldering,2025-04-21T00:00:00Z,2025-02-20T04:24:58Z,2025-02-20T04:24:58Z,LIVE,2,98.00,9.80,AUD
8800773,1,4,310522,Intro to Bouldering,2025-02-28T06:00:00Z,2025-02-20T05:30:31Z,2025-02-20T05:30:31Z,LIVE,4,196.00,19.60,AUD
8800774,1,1,310523,Mini Mystery (30 min),2025-02-26T17:45:00Z,2025-02-20T09:26:45Z,2025-02-20T09:26:45Z,LIVE,6,90.00,18.00,GBP
8800775,1,4,310524,Intro to Bouldering,2025-03-22T06:30:00Z,2025-02-20T10:53:24Z,2025-02-20T10:53:24Z,LIVE,1,49.00,4.90,AUD
8800776,1,2,310525,Axe Throwing 60 min,2025-02-20T20:30:00Z,2025-02-20T13:38:22Z,2025-02-20T13:38:22Z,LIVE,8,232.00,53.36,EUR
8800777,1,1,310162,The Vault (60 min),2025-02-25T18:45:00Z,2025-02-20T14:04:29Z,2025-02-20T14:04:29Z,LIVE,2,50.00,10.00,GBP
8800778,1,5,310526,Open Play,2025-03-22T17:30:00Z,2025-02-20T15:07:13Z,2025-02-20T15:07:13Z,LIVE,11,429.00,12.44,USD
8800779,1,3,310527,Sunrise Paddle,2025-03-15T14:00:00Z,2025-02-20T19:18:34Z,2025-02-20T19:18:34Z,LIVE,3,135.00,11.14,USD
8800780,1,1,310528,Asylum (60 min),2025-02-21T18:30:00Z,2025-02-20T22:10:32Z,2025-02-20T22:10:32Z,LIVE,5,140.00,28.00,GBP
8800780,2,1,310528,Asylum (60 min),2025-02-21T18:30:00Z,2025-02-20T22:10:32Z,2025-02-20T23:22:58Z,LIVE,7,196.00,39.20,GBP
8800781,1,5,310529,Private Group Game,2025-02-21T18:15:00Z,2025-02-21T01:11:00Z,2025-02-21T01:11:00Z,LIVE,11,605.00,17.55,USD
8800782,1,4,310530,Kids Climb Session,2025-02-21T04:00:00Z,2025-02-21T01:41:18Z,2025-02-21T01:41:18Z,LIVE,2,48.00,4.80,AUD
8800782,2,4,310530,Kids Climb Session,2025-02-21T04:00:00Z,2025-02-21T01:41:18Z,2025-02-21T02:37:09Z,LIVE,3,72.00,7.20,AUD
8800595,3,4,310405,Kids Climb Session,2025-02-22T05:00:00Z,2025-02-04T11:40:14Z,2025-02-21T03:17:39Z,CANCELLED,2,48.00,4.80,AUD
8800783,1,4,310531,Casual Climb,2025-02-22T04:45:00Z,2025-02-21T05:19:08Z,2025-02-21T05:19:08Z,LIVE,1,29.00,2.90,AUD
8800784,1,4,310532,Casual Climb,2025-03-07T06:15:00Z,2025-02-21T09:27:57Z,2025-02-21T09:27:57Z,LIVE,4,116.00,11.60,AUD
8800756,2,4,310453,Intro to Bouldering,2025-02-22T01:15:00Z,2025-02-18T23:21:23Z,2025-02-21T09:58:46Z,CANCELLED,2,98.00,9.80,AUD
8800785,1,2,310533,Axe Throwing 90 min,2025-02-26T21:00:00Z,2025-02-21T12:24:02Z,2025-02-21T12:24:02Z,LIVE,6,234.00,53.82,EUR
8800786,1,2,310348,Axe Throwing 90 min,2025-05-08T19:30:00Z,2025-02-21T13:46:18Z,2025-02-21T13:46:18Z,LIVE,2,78.00,17.94,EUR
8800787,1,2,310488,Axe Throwing 60 min,2025-02-26T20:00:00Z,2025-02-21T15:42:20Z,2025-02-21T15:42:20Z,LIVE,7,203.00,46.69,EUR
8800788,1,1,310534,The Vault (60 min),2025-02-25T20:00:00Z,2025-02-21T16:47:15Z,2025-02-21T16:47:15Z,LIVE,2,50.00,10.00,GBP
8800768,2,1,310519,Asylum (60 min),2025-02-22T20:15:00Z,2025-02-19T13:09:23Z,2025-02-21T17:11:59Z,CANCELLED,5,140.00,28.00,GBP
8800789,1,2,310535,Axe Throwing 90 min,2025-02-21T21:00:00Z,2025-02-21T19:04:49Z,2025-02-21T19:04:49Z,LIVE,6,234.00,53.82,EUR
8800790,1,3,310536,Kayak Rental 2 hr,2025-03-25T13:00:00Z,2025-02-21T20:15:29Z,2025-02-21T20:15:29Z,LIVE,1,35.00,2.89,USD
8800791,1,4,310537,Kids Climb Session,2025-02-22T01:15:00Z,2025-02-21T21:23:11Z,2025-02-21T21:23:11Z,LIVE,2,48.00,4.80,AUD
8800792,1,6,310538,Test Experience,2025-02-23T15:15:00Z,2025-02-21T21:37:09Z,2025-02-21T21:37:09Z,LIVE,4,4.00,0.80,GBP
8800793,1,3,310022,Kayak Rental 2 hr,2025-03-13T18:15:00Z,2025-02-21T23:49:44Z,2025-02-21T23:49:44Z,LIVE,2,70.00,5.78,USD
8800794,1,3,310539,Half-Day River Tour,2025-03-08T17:45:00Z,2025-02-22T03:59:49Z,2025-02-22T03:59:49Z,LIVE,3,237.00,19.55,USD
8800795,1,1,310087,The Vault (60 min),2025-02-25T19:45:00Z,2025-02-22T08:43:55Z,2025-02-22T08:43:55Z,LIVE,2,50.00,10.00,GBP
8800796,1,1,310540,The Vault (60 min),2025-02-22T16:15:00Z,2025-02-22T09:53:39Z,2025-02-22T09:53:39Z,LIVE,6,150.00,30.00,GBP
8800797,1,2,310254,Axe Throwing 90 min,2025-03-07T15:45:00Z,2025-02-22T10:52:47Z,2025-02-22T10:52:47Z,LIVE,4,156.00,35.88,EUR
8800798,1,4,310541,Casual Climb,2025-02-24T06:30:00Z,2025-02-22T11:54:50Z,2025-02-22T11:54:50Z,LIVE,1,29.00,2.90,AUD
8800799,1,6,310542,Test Experience,2025-02-22T15:45:00Z,2025-02-22T12:23:20Z,2025-02-22T12:23:20Z,LIVE,2,2.00,0.40,GBP
8800800,1,1,310543,Asylum (60 min),2025-02-22T20:15:00Z,2025-02-22T12:51:00Z,2025-02-22T12:51:00Z,LIVE,4,112.00,22.40,GBP
8800800,1,1,310543,Asylum (60 min),2025-02-22T20:15:00Z,2025-02-22T12:51:00Z,2025-02-22T12:51:00Z,LIVE,4,112.00,22.40,GBP
8800801,1,1,310544,Asylum (60 min),2025-03-14T18:15:00Z,2025-02-22T13:13:50Z,2025-02-22T13:13:50Z,LIVE,3,84.00,16.80,GBP
8800800,2,1,310543,Asylum (60 min),2025-02-22T20:15:00Z,2025-02-22T12:51:00Z,2025-02-22T15:40:07Z,LIVE,5,140.00,28.00,GBP
8800802,1,1,310545,The Vault (60 min),2025-02-24T20:00:00Z,2025-02-22T15:49:32Z,2025-02-22T15:49:32Z,LIVE,4,100.00,20.00,GBP
8800803,1,2,310115,Axe Throwing 90 min,2025-02-22T20:00:00Z,2025-02-22T18:23:46Z,2025-02-22T18:23:46Z,LIVE,3,117.00,26.91,EUR
8800804,1,4,310546,Intro to Bouldering,2025-02-22T23:00:00Z,2025-02-22T20:26:21Z,2025-02-22T20:26:21Z,LIVE,3,147.00,14.70,AUD
8800760,2,4,310513,Casual Climb,2025-02-25T22:30:00Z,2025-02-19T03:39:55Z,2025-02-22T21:00:51Z,CANCELLED,2,58.00,5.80,AUD
8800805,1,2,310547,Axe Throwing 90 min,2025-02-26T17:30:00Z,2025-02-22T21:12:29Z,2025-02-22T21:12:29Z,LIVE,5,195.00,44.85,EUR
8800806,1,4,310444,Casual Climb,2025-02-23T06:00:00Z,2025-02-22T21:34:50Z,2025-02-22T21:34:50Z,LIVE,4,116.00,11.60,AUD
8800807,1,4,310042,Intro to Bouldering,2025-02-28T00:00:00Z,2025-02-23T01:39:53Z,2025-02-23T01:39:53Z,LIVE,1,49.00,4.90,AUD
8800808,1,4,310548,Casual Climb,2025-03-08T06:00:00Z,2025-02-23T03:27:50Z,2025-02-23T03:27:50Z,LIVE,1,29.00,2.90,AUD
8800809,1,4,310179,Intro to Bouldering,2025-03-18T08:15:00Z,2025-02-23T05:41:56Z,2025-02-23T05:41:56Z,LIVE,4,196.00,19.60,AUD
8800810,1,3,310549,Kayak Rental 2 hr,2025-03-03T15:15:00Z,2025-02-23T05:45:06Z,2025-02-23T05:45:06Z,LIVE,3,105.00,8.66,USD
8800811,1,4,310550,Kids Climb Session,2025-04-21T01:15:00Z,2025-02-23T05:56:19Z,2025-02-23T05:56:19Z,LIVE,4,96.00,9.60,AUD
8800638,2,5,310436,Private Group Game,2025-03-01T21:00:00Z,2025-02-08T04:02:11Z,2025-02-23T06:46:10Z,CANCELLED,7,385.00,11.17,USD
8800812,1,2,310551,Axe Throwing 60 min,2025-02-27T17:00:00Z,2025-02-23T09:09:45Z,2025-02-23T09:09:45Z,LIVE,6,174.00,40.02,EUR
8800813,1,6,310552,Test Experience,2025-02-23T11:45:00Z,2025-02-23T10:02:39Z,2025-02-23T10:02:39Z,LIVE,2,2.00,0.40,GBP
8800814,1,2,310553,Axe Throwing 60 min,2025-03-09T13:00:00Z,2025-02-23T12:13:27Z,2025-02-23T12:13:27Z,LIVE,7,203.00,46.69,EUR
8800815,1,4,310417,Kids Climb Session,2025-03-05T04:45:00Z,2025-02-23T12:41:47Z,2025-02-23T12:41:47Z,LIVE,2,48.00,4.80,AUD
8800754,2,4,310396,Casual Climb,2025-02-27T07:15:00Z,2025-02-18T06:52:00Z,2025-02-23T13:48:19Z,CANCELLED,4,116.00,11.60,AUD
8800816,1,1,310438,The Vault (60 min),2025-02-23T19:00:00Z,2025-02-23T17:17:56Z,2025-02-23T17:17:56Z,LIVE,3,75.00,15.00,GBP
8800817,1,5,310554,Private Group Game,2025-02-28T19:45:00Z,2025-02-23T18:23:36Z,2025-02-23T18:23:36Z,LIVE,7,385.00,11.17,USD
8800818,1,3,310004,Sunrise Paddle,2025-03-08T19:30:00Z,2025-02-23T19:05:24Z,2025-02-23T19:05:24Z,LIVE,4,180.00,14.85,USD
8800819,1,3,310008,Half-Day River Tour,2025-03-02T12:30:00Z,2025-02-23T22:51:53Z,2025-02-23T22:51:53Z,LIVE,1,79.00,6.52,USD
8800814,2,2,310553,Axe Throwing 60 min,2025-03-09T13:00:00Z,2025-02-23T12:13:27Z,2025-02-24T01:00:19Z,LIVE,8,232.00,53.36,EUR
8800820,1,3,310555,Kayak Rental 2 hr,2025-05-07T15:45:00Z,2025-02-24T01:00:22Z,2025-02-24T01:00:22Z,LIVE,3,105.00,8.66,USD
8800821,1,5,310556,Private Group Game,2025-02-26T19:30:00Z,2025-02-24T01:40:25Z,2025-02-24T01:40:25Z,LIVE,4,220.00,6.38,USD
8800822,1,4,310557,Kids Climb Session,2025-03-26T06:00:00Z,2025-02-24T02:08:06Z,2025-02-24T02:08:06Z,LIVE,2,48.00,4.80,AUD
8800527,2,5,310151,Private Group Game,2025-03-06T19:15:00Z,2025-01-27T15:58:44Z,2025-02-24T02:13:50Z,CANCELLED,10,550.00,15.95,USD
8800823,1,3,310558,Sunrise Paddle,2025-03-19T16:00:00Z,2025-02-24T02:23:03Z,2025-02-24T02:23:03Z,LIVE,3,135.00,11.14,USD
8800824,1,5,310559,Private Group Game,2025-03-17T15:45:00Z,2025-02-24T03:36:46Z,2025-02-24T03:36:46Z,LIVE,9,495.00,14.36,USD
8800825,1,5,310560,Private Group Game,2025-02-25T17:45:00Z,2025-02-24T06:23:43Z,2025-02-24T06:23:43Z,LIVE,11,605.00,17.55,USD
8800825,1,5,310560,Private Group Game,2025-02-25T17:45:00Z,2025-02-24T06:23:43Z,2025-02-24T06:23:43Z,LIVE,11,605.00,17.55,USD
8800826,1,1,310084,Asylum (60 min),2025-03-01T19:30:00Z,2025-02-24T07:03:33Z,2025-02-24T07:03:33Z,LIVE,2,56.00,11.20,GBP
8800777,2,1,310162,The Vault (60 min),2025-02-25T18:45:00Z,2025-02-20T14:04:29Z,2025-02-24T10:29:28Z,CANCELLED,2,50.00,10.00,GBP
8800827,1,2,310561,Axe Throwing 60 min,2025-02-25T21:30:00Z,2025-02-24T13:44:50Z,2025-02-24T13:44:50Z,LIVE,4,116.00,26.68,EUR
8800828,1,5,310562,Private Group Game,2025-03-01T20:15:00Z,2025-02-24T17:10:36Z,2025-02-24T17:10:36Z,LIVE,5,275.00,7.98,USD
8800829,1,5,310563,Open Play,2025-02-28T19:15:00Z,2025-02-24T18:32:00Z,2025-02-24T18:32:00Z,LIVE,5,195.00,5.66,USD
8800830,1,1,310564,The Vault (60 min),2025-03-01T19:00:00Z,2025-02-24T18:36:17Z,2025-02-24T18:36:17Z,LIVE,5,125.00,25.00,GBP
8800831,1,4,310565,Intro to Bouldering,2025-03-07T06:45:00Z,2025-02-25T00:57:16Z,2025-02-25T00:57:16Z,LIVE,4,196.00,19.60,AUD
8800832,1,5,310566,Open Play,2025-04-19T16:00:00Z,2025-02-25T01:37:43Z,2025-02-25T01:37:43Z,LIVE,9,351.00,10.18,USD
8800833,1,1,310567,The Vault (60 min),2025-03-14T16:15:00Z,2025-02-25T08:52:30Z,2025-02-25T08:52:30Z,LIVE,3,75.00,15.00,GBP
8800834,1,4,310568,Casual Climb,2025-03-25T22:00:00Z,2025-02-25T09:56:52Z,2025-02-25T09:56:52Z,LIVE,1,29.00,2.90,AUD
8800835,1,2,310569,Axe Throwing 90 min,2025-02-25T17:45:00Z,2025-02-25T12:43:37Z,2025-02-25T12:43:37Z,LIVE,2,78.00,17.94,EUR
8800836,1,4,310570,Casual Climb,2025-02-27T07:30:00Z,2025-02-25T12:59:41Z,2025-02-25T12:59:41Z,LIVE,1,29.00,2.90,AUD
8800835,2,2,310569,Axe Throwing 90 min,2025-02-25T17:45:00Z,2025-02-25T12:43:37Z,2025-02-25T14:22:16Z,LIVE,4,156.00,35.88,EUR
8800837,1,5,310571,Open Play,2025-03-01T22:00:00Z,2025-02-25T18:18:27Z,2025-02-25T18:18:27Z,LIVE,5,195.00,5.66,USD
8800838,1,5,310311,Private Group Game,2025-02-28T21:30:00Z,2025-02-25T18:50:47Z,2025-02-25T18:50:47Z,LIVE,6,330.00,9.57,USD
8800839,1,5,310572,Private Group Game,2025-03-02T21:00:00Z,2025-02-25T20:00:58Z,2025-02-25T20:00:58Z,LIVE,12,660.00,19.14,USD
8800840,1,4,310384,Casual Climb,2025-03-02T08:00:00Z,2025-02-25T20:40:18Z,2025-02-25T20:40:18Z,LIVE,1,29.00,2.90,AUD
8800841,1,4,310110,Casual Climb,2025-03-01T06:00:00Z,2025-02-25T22:34:01Z,2025-02-25T22:34:01Z,LIVE,3,87.00,8.70,AUD
8800842,1,5,310035,Private Group Game,2025-03-02T20:30:00Z,2025-02-26T01:22:22Z,2025-02-26T01:22:22Z,LIVE,7,385.00,11.17,USD
8800843,1,2,310573,Axe Throwing 60 min,2025-02-26T19:15:00Z,2025-02-26T07:45:03Z,2025-02-26T07:45:03Z,LIVE,5,145.00,33.35,EUR
8800844,1,1,310006,Asylum (60 min),2025-03-11T19:15:00Z,2025-02-26T20:58:59Z,2025-02-26T20:58:59Z,LIVE,4,112.00,22.40,GBP
8800845,1,4,310232,Kids Climb Session,2025-03-15T06:15:00Z,2025-02-26T21:33:47Z,2025-02-26T21:33:47Z,LIVE,3,72.00,7.20,AUD
8800846,1,4,310284,Casual Climb,2025-02-27T06:45:00Z,2025-02-26T23:43:02Z,2025-02-26T23:43:02Z,LIVE,4,116.00,11.60,AUD
8800847,1,2,310143,Axe Throwing 60 min,2025-03-23T20:30:00Z,2025-02-26T23:54:24Z,2025-02-26T23:54:24Z,LIVE,2,58.00,13.34,EUR
8800848,1,4,310574,Kids Climb Session,2025-02-27T07:45:00Z,2025-02-27T00:59:23Z,2025-02-27T00:59:23Z,LIVE,1,24.00,2.40,AUD
8800849,1,4,310170,Kids Climb Session,2025-03-02T23:00:00Z,2025-02-27T02:33:59Z,2025-02-27T02:33:59Z,LIVE,2,48.00,4.80,AUD
8800850,1,5,310575,Open Play,2025-03-21T20:15:00Z,2025-02-27T03:09:05Z,2025-02-27T03:09:05Z,LIVE,6,234.00,6.79,USD
8800851,1,3,310004,Kayak Rental 2 hr,2025-03-04T14:00:00Z,2025-02-27T05:38:28Z,2025-02-27T05:38:28Z,LIVE,3,105.00,8.66,USD
8800852,1,4,310576,Kids Climb Session,2025-02-27T06:30:00Z,2025-02-27T05:44:49Z,2025-02-27T05:44:49Z,LIVE,2,48.00,4.80,AUD
8800853,1,4,310577,Intro to Bouldering,2025-03-29T08:00:00Z,2025-02-27T06:14:31Z,2025-02-27T06:14:31Z,LIVE,2,98.00,9.80,AUD
8800854,1,1,310578,Mini Mystery (30 min),2025-02-27T20:00:00Z,2025-02-27T07:21:40Z,2025-02-27T07:21:40Z,LIVE,5,75.00,15.00,GBP
8800810,2,3,310549,Kayak Rental 2 hr,2025-03-03T15:15:00Z,2025-02-23T05:45:06Z,2025-02-27T07:51:04Z,LIVE,5,175.00,14.44,USD
8800667,2,1,310457,The Vault (60 min),2025-03-03T18:30:00Z,2025-02-10T20:29:31Z,2025-02-27T09:24:38Z,CANCELLED,4,100.00,20.00,GBP
8800855,1,4,310110,Intro to Bouldering,2025-03-13T06:00:00Z,2025-02-27T09:45:59Z,2025-02-27T09:45:59Z,LIVE,1,49.00,4.90,AUD
8800856,1,1,310579,The Vault (60 min),2025-03-28T18:15:00Z,2025-02-27T10:04:32Z,2025-02-27T10:04:32Z,LIVE,3,75.00,15.00,GBP
8800857,1,2,310580,Axe Throwing 60 min,2025-03-01T21:30:00Z,2025-02-27T12:51:00Z,2025-02-27T12:51:00Z,LIVE,3,87.00,20.01,EUR
8800858,1,5,310581,Open Play,2025-03-24T21:45:00Z,2025-02-27T14:35:30Z,2025-02-27T14:35:30Z,LIVE,7,273.00,7.92,USD
8800859,1,1,310582,Mini Mystery (30 min),2025-02-27T20:45:00Z,2025-02-27T15:10:14Z,2025-02-27T15:10:14Z,LIVE,5,75.00,15.00,GBP
8800860,1,1,310583,Asylum (60 min),2025-02-27T19:15:00Z,2025-02-27T16:03:44Z,2025-02-27T16:03:44Z,LIVE,3,84.00,16.80,GBP
8800861,1,5,310584,Private Group Game,2025-03-29T16:15:00Z,2025-02-27T16:22:45Z,2025-02-27T16:22:45Z,LIVE,10,550.00,15.95,USD
8800860,2,1,310583,Asylum (60 min),2025-02-27T19:15:00Z,2025-02-27T16:03:44Z,2025-02-27T18:07:02Z,CANCELLED,3,84.00,16.80,GBP
8800862,1,4,310585,Casual Climb,2025-02-28T06:45:00Z,2025-02-27T22:34:56Z,2025-02-27T22:34:56Z,LIVE,1,29.00,2.90,AUD
8800863,1,4,310586,Kids Climb Session,2025-03-14T08:45:00Z,2025-02-28T00:14:30Z,2025-02-28T00:14:30Z,LIVE,2,48.00,4.80,AUD
8800862,2,4,310585,Casual Climb,2025-02-28T06:45:00Z,2025-02-27T22:34:56Z,2025-02-28T00:22:48Z,LIVE,3,87.00,8.70,AUD
8800864,1,3,310587,Kayak Rental 2 hr,2025-03-16T14:45:00Z,2025-02-28T01:47:24Z,2025-02-28T01:47:24Z,LIVE,5,175.00,14.44,USD
8800865,1,3,310588,Sunrise Paddle,2025-03-02T15:30:00Z,2025-02-28T01:58:25Z,2025-02-28T01:58:25Z,LIVE,1,45.00,3.71,USD
8800866,1,4,310589,Kids Climb Session,2025-03-07T03:45:00Z,2025-02-28T05:41:43Z,2025-02-28T05:41:43Z,LIVE,3,72.00,7.20,AUD
8800867,1,2,310590,Axe Throwing 90 min,2025-03-10T19:00:00Z,2025-02-28T07:40:33Z,2025-02-28T07:40:33Z,LIVE,5,195.00,44.85,EUR
8800868,1,2,310525,Axe Throwing 90 min,2025-03-07T21:30:00Z,2025-02-28T07:59:03Z,2025-02-28T07:59:03Z,LIVE,7,273.00,62.79,EUR
8800869,1,2,310591,Axe Throwing 90 min,2025-03-20T20:15:00Z,2025-02-28T09:27:59Z,2025-02-28T09:27:59Z,LIVE,8,312.00,71.76,EUR
8800870,1,2,310224,Axe Throwing 90 min,2025-02-28T21:00:00Z,2025-02-28T09:51:04Z,2025-02-28T09:51:04Z,LIVE,5,195.00,44.85,EUR
8800871,1,1,310592,Mini Mystery (30 min),2025-03-29T19:45:00Z,2025-02-28T11:00:14Z,2025-02-28T11:00:14Z,LIVE,5,75.00,15.00,GBP
8800872,1,2,310133,Axe Throwing 60 min,2025-02-28T20:30:00Z,2025-02-28T11:49:32Z,2025-02-28T11:49:32Z,LIVE,7,203.00,46.69,EUR
8800873,1,2,310593,Axe Throwing 60 min,2025-03-07T21:30:00Z,2025-02-28T12:40:19Z,2025-02-28T12:40:19Z,LIVE,4,116.00,26.68,EUR
8800874,1,1,310111,Mini Mystery (30 min),2025-03-06T20:15:00Z,2025-02-28T14:47:26Z,2025-02-28T14:47:26Z,LIVE,5,75.00,15.00,GBP
8800875,1,1,310594,Mini Mystery (30 min),2025-03-06T21:30:00Z,2025-02-28T15:26:22Z,2025-02-28T15:26:22Z,LIVE,2,30.00,6.00,GBP
8800876,1,3,310595,Half-Day River Tour,2025-03-29T12:45:00Z,2025-02-28T17:24:40Z,2025-02-28T17:24:40Z,LIVE,3,237.00,19.55,USD
8800877,1,5,310044,Open Play,2025-03-01T19:00:00Z,2025-02-28T19:38:28Z,2025-02-28T19:38:28Z,LIVE,5,195.00,5.66,USD
8800878,1,1,310392,Asylum (60 min),2025-03-25T18:30:00Z,2025-02-28T21:54:56Z,2025-02-28T21:54:56Z,LIVE,2,56.00,11.20,GBP
8800879,1,3,310596,Kayak Rental 2 hr,2025-03-13T14:30:00Z,2025-03-01T02:53:57Z,2025-03-01T02:53:57Z,LIVE,2,70.00,5.78,USD
8800880,1,4,310597,Kids Climb Session,2025-03-01T06:00:00Z,2025-03-01T03:44:04Z,2025-03-01T03:44:04Z,LIVE,4,96.00,9.60,AUD
8800881,1,5,310103,Open Play,2025-03-18T19:30:00Z,2025-03-01T04:59:12Z,2025-03-01T04:59:12Z,LIVE,12,468.00,13.57,USD
8800882,1,1,310155,The Vault (60 min),2025-03-30T18:30:00Z,2025-03-01T09:22:31Z,2025-03-01T09:22:31Z,LIVE,3,75.00,15.00,GBP
8800883,1,2,310561,Axe Throwing 60 min,2025-03-08T21:45:00Z,2025-03-01T09:34:12Z,2025-03-01T09:34:12Z,LIVE,7,203.00,46.69,EUR
8800884,1,1,310598,The Vault (60 min),2025-03-01T21:45:00Z,2025-03-01T10:18:38Z,2025-03-01T10:18:38Z,LIVE,3,75.00,15.00,GBP
8800831,2,4,310565,Intro to Bouldering,2025-03-07T06:45:00Z,2025-02-25T00:57:16Z,2025-03-01T16:11:58Z,LIVE,5,245.00,24.50,AUD
8800885,1,5,310599,Private Group Game,2025-03-01T21:00:00Z,2025-03-01T19:27:54Z,2025-03-01T19:27:54Z,LIVE,9,495.00,14.36,USD
8800886,1,3,310485,Sunrise Paddle,2025-03-12T14:00:00Z,2025-03-01T22:47:11Z,2025-03-01T22:47:11Z,LIVE,4,180.00,14.85,USD
8800887,1,4,310600,Intro to Bouldering,2025-03-02T06:30:00Z,2025-03-01T23:16:36Z,2025-03-01T23:16:36Z,LIVE,4,196.00,19.60,AUD
8800881,2,5,310103,Open Play,2025-03-18T19:30:00Z,2025-03-01T04:59:12Z,2025-03-02T06:37:41Z,LIVE,13,507.00,14.70,USD
8800888,1,1,310601,Asylum (60 min),2025-03-02T19:00:00Z,2025-03-02T07:11:13Z,2025-03-02T07:11:13Z,LIVE,4,112.00,22.40,GBP
8800889,1,1,310602,The Vault (60 min),2025-03-02T14:30:00Z,2025-03-02T08:30:15Z,2025-03-02T08:30:15Z,LIVE,5,125.00,25.00,GBP
8800890,1,4,310267,Kids Climb Session,2025-03-17T05:00:00Z,2025-03-02T11:47:09Z,2025-03-02T11:47:09Z,LIVE,2,48.00,4.80,AUD
8800891,1,6,310603,Test Experience,2025-03-07T14:30:00Z,2025-03-02T11:48:48Z,2025-03-02T11:48:48Z,LIVE,3,3.00,0.60,GBP
8800892,1,5,310604,Open Play,2025-03-02T19:45:00Z,2025-03-02T14:41:12Z,2025-03-02T14:41:12Z,LIVE,4,156.00,4.52,USD
8800893,1,3,310605,Sunrise Paddle,2025-03-02T17:45:00Z,2025-03-02T15:26:08Z,2025-03-02T15:26:08Z,LIVE,4,180.00,14.85,USD
8800894,1,2,310606,Axe Throwing 60 min,2025-03-11T18:15:00Z,2025-03-02T15:50:07Z,2025-03-02T15:50:07Z,LIVE,5,145.00,33.35,EUR
8800895,1,2,310250,Axe Throwing 60 min,2025-03-12T19:00:00Z,2025-03-02T16:14:39Z,2025-03-02T16:14:39Z,LIVE,4,116.00,26.68,EUR
8800896,1,5,310607,Private Group Game,2025-03-02T20:45:00Z,2025-03-02T17:33:24Z,2025-03-02T17:33:24Z,LIVE,6,330.00,9.57,USD
8800897,1,3,310608,Kayak Rental 2 hr,2025-03-06T15:30:00Z,2025-03-02T18:03:58Z,2025-03-02T18:03:58Z,LIVE,4,140.00,11.55,USD
8800654,2,2,310114,Axe Throwing 90 min,2025-03-05T15:30:00Z,2025-02-09T11:47:48Z,2025-03-02T21:14:42Z,CANCELLED,3,117.00,26.91,EUR
8800445,2,4,310305,Casual Climb,2025-03-07T22:30:00Z,2025-01-19T05:21:42Z,2025-03-02T22:26:07Z,CANCELLED,2,58.00,5.80,AUD
8800898,1,2,310215,Axe Throwing 60 min,2025-03-22T17:30:00Z,2025-03-02T22:31:40Z,2025-03-02T22:31:40Z,LIVE,7,203.00,46.69,EUR
8800899,1,1,310438,Asylum (60 min),2025-03-08T21:30:00Z,2025-03-02T23:36:05Z,2025-03-02T23:36:05Z,LIVE,4,112.00,22.40,GBP
8800900,1,4,310609,Casual Climb,2025-04-23T01:30:00Z,2025-03-03T00:46:50Z,2025-03-03T00:46:50Z,LIVE,1,29.00,2.90,AUD
8800901,1,4,310610,Casual Climb,2025-03-14T22:00:00Z,2025-03-03T01:23:00Z,2025-03-03T01:23:00Z,LIVE,4,116.00,11.60,AUD
8800823,2,3,310558,Sunrise Paddle,2025-03-19T16:00:00Z,2025-02-24T02:23:03Z,2025-03-03T03:21:44Z,LIVE,4,180.00,14.85,USD
8800902,1,1,310611,Mini Mystery (30 min),2025-03-08T20:30:00Z,2025-03-03T07:22:15Z,2025-03-03T07:22:15Z,LIVE,2,30.00,6.00,GBP
8800903,1,1,310612,Asylum (60 min),2025-05-09T19:30:00Z,2025-03-03T11:28:28Z,2025-03-03T11:28:28Z,LIVE,4,112.00,22.40,GBP
8800874,2,1,310111,Mini Mystery (30 min),2025-03-06T20:15:00Z,2025-02-28T14:47:26Z,2025-03-03T16:20:44Z,LIVE,6,90.00,18.00,GBP
8800904,1,3,310613,Kayak Rental 2 hr,2025-03-27T13:30:00Z,2025-03-03T19:20:30Z,2025-03-03T19:20:30Z,LIVE,5,175.00,14.44,USD
8800905,1,4,310614,Intro to Bouldering,2025-03-03T22:15:00Z,2025-03-03T20:31:21Z,2025-03-03T20:31:21Z,LIVE,3,147.00,14.70,AUD
8800905,2,4,310614,Intro to Bouldering,2025-03-03T22:15:00Z,2025-03-03T20:31:21Z,2025-03-03T21:07:53Z,LIVE,5,245.00,24.50,AUD
8800906,1,3,310615,Half-Day River Tour,2025-03-08T21:45:00Z,2025-03-03T22:55:38Z,2025-03-03T22:55:38Z,LIVE,1,79.00,6.52,USD
8800907,1,5,310616,Private Group Game,2025-03-07T18:15:00Z,2025-03-04T01:38:03Z,2025-03-04T01:38:03Z,LIVE,10,550.00,15.95,USD
8800900,2,4,310609,Casual Climb,2025-04-23T01:30:00Z,2025-03-03T00:46:50Z,2025-03-04T08:55:28Z,LIVE,3,87.00,8.70,AUD
8800908,1,4,310287,Casual Climb,2025-04-18T23:00:00Z,2025-03-04T10:11:38Z,2025-03-04T10:11:38Z,LIVE,1,29.00,2.90,AUD
8800909,1,1,310197,Asylum (60 min),2025-03-04T17:30:00Z,2025-03-04T12:46:53Z,2025-03-04T12:46:53Z,LIVE,5,140.00,28.00,GBP
8800749,2,6,310507,Test Experience,2025-03-08T14:00:00Z,2025-02-17T15:04:13Z,2025-03-04T16:57:31Z,CANCELLED,2,2.00,0.40,GBP
8800910,1,1,310006,The Vault (60 min),2025-04-08T18:15:00Z,2025-03-04T19:14:48Z,2025-03-04T19:14:48Z,LIVE,4,100.00,20.00,GBP
8800765,2,4,310517,Kids Climb Session,2025-03-21T03:45:00Z,2025-02-19T10:47:23Z,2025-03-04T19:25:15Z,LIVE,5,120.00,12.00,AUD
8800911,1,3,310617,Kayak Rental 2 hr,2025-05-03T12:45:00Z,2025-03-04T22:08:10Z,2025-03-04T22:08:10Z,LIVE,1,35.00,2.89,USD
8800912,1,4,310420,Intro to Bouldering,2025-03-05T06:00:00Z,2025-03-05T03:48:04Z,2025-03-05T03:48:04Z,LIVE,4,196.00,19.60,AUD
8800913,1,5,310618,Private Group Game,2025-03-08T18:00:00Z,2025-03-05T06:34:24Z,2025-03-05T06:34:24Z,LIVE,4,220.00,6.38,USD
8800914,1,1,310619,Asylum (60 min),2025-03-15T18:00:00Z,2025-03-05T07:59:42Z,2025-03-05T07:59:42Z,LIVE,4,112.00,22.40,GBP
8800814,3,2,310553,Axe Throwing 60 min,2025-03-09T13:00:00Z,2025-02-23T12:13:27Z,2025-03-05T10:59:09Z,CANCELLED,8,232.00,53.36,EUR
8800915,1,2,310620,Axe Throwing 90 min,2025-03-07T17:30:00Z,2025-03-05T12:55:10Z,2025-03-05T12:55:10Z,LIVE,7,273.00,62.79,EUR
8800916,1,1,310594,The Vault (60 min),2025-03-07T20:00:00Z,2025-03-05T15:31:33Z,2025-03-05T15:31:33Z,LIVE,3,75.00,15.00,GBP
8800917,1,2,310621,Axe Throwing 90 min,2025-03-30T20:45:00Z,2025-03-05T16:24:44Z,2025-03-05T16:24:44Z,LIVE,8,312.00,71.76,EUR
8800653,2,6,310447,Test Experience,2025-05-02T10:00:00Z,2025-02-09T10:21:11Z,2025-03-05T16:27:10Z,LIVE,6,6.00,1.20,GBP
8800918,1,1,310438,Mini Mystery (30 min),2025-05-10T13:15:00Z,2025-03-05T20:41:13Z,2025-03-05T20:41:13Z,LIVE,2,30.00,6.00,GBP
8800919,1,3,310622,Half-Day River Tour,2025-03-15T14:15:00Z,2025-03-05T21:04:53Z,2025-03-05T21:04:53Z,LIVE,2,158.00,13.04,USD
8800920,1,2,310623,Axe Throwing 90 min,2025-05-28T17:30:00Z,2025-03-05T23:56:07Z,2025-03-05T23:56:07Z,LIVE,5,195.00,44.85,EUR
8800921,1,3,310624,Kayak Rental 2 hr,2025-03-10T15:00:00Z,2025-03-06T00:01:40Z,2025-03-06T00:01:40Z,LIVE,1,35.00,2.89,USD
8800850,2,5,310575,Open Play,2025-03-21T20:15:00Z,2025-02-27T03:09:05Z,2025-03-06T00:25:27Z,LIVE,8,312.00,9.05,USD
8800922,1,3,310013,Half-Day River Tour,2025-03-06T16:30:00Z,2025-03-06T02:09:21Z,2025-03-06T02:09:21Z,LIVE,1,79.00,6.52,USD
8800923,1,4,310625,Casual Climb,2025-03-11T05:15:00Z,2025-03-06T03:35:22Z,2025-03-06T03:35:22Z,LIVE,2,58.00,5.80,AUD
8800924,1,3,310277,Sunrise Paddle,2025-04-25T15:45:00Z,2025-03-06T05:27:31Z,2025-03-06T05:27:31Z,LIVE,2,90.00,7.43,USD
8800925,1,3,310351,Sunrise Paddle,2025-04-03T13:30:00Z,2025-03-06T05:59:54Z,2025-03-06T05:59:54Z,LIVE,1,45.00,3.71,USD
8800867,2,2,310590,Axe Throwing 90 min,2025-03-10T19:00:00Z,2025-02-28T07:40:33Z,2025-03-06T06:37:57Z,CANCELLED,5,195.00,44.85,EUR
8800926,1,4,310626,Casual Climb,2025-03-08T06:30:00Z,2025-03-06T08:57:56Z,2025-03-06T08:57:56Z,LIVE,3,87.00,8.70,AUD
8800715,2,5,310071,Open Play,2025-03-08T23:30:00Z,2025-02-14T16:38:06Z,2025-03-06T10:49:02Z,CANCELLED,9,351.00,10.18,USD
8800927,1,1,310627,The Vault (60 min),2025-03-29T19:00:00Z,2025-03-06T10:57:26Z,2025-03-06T10:57:26Z,LIVE,2,50.00,10.00,GBP
8800928,1,2,310628,Axe Throwing 90 min,2025-03-28T17:30:00Z,2025-03-06T11:42:05Z,2025-03-06T11:42:05Z,LIVE,6,234.00,53.82,EUR
8800824,2,5,310559,Private Group Game,2025-03-17T15:45:00Z,2025-02-24T03:36:46Z,2025-03-06T18:28:20Z,LIVE,11,605.00,17.55,USD
8800929,1,4,310051,Kids Climb Session,2025-03-07T00:00:00Z,2025-03-06T20:27:30Z,2025-03-06T20:27:30Z,LIVE,4,96.00,9.60,AUD
8800930,1,1,310629,Mini Mystery (30 min),2025-04-05T13:30:00Z,2025-03-06T22:12:31Z,2025-03-06T22:12:31Z,LIVE,4,60.00,12.00,GBP
8800931,1,6,310630,Test Experience,2025-05-17T09:15:00Z,2025-03-06T22:59:04Z,2025-03-06T22:59:04Z,LIVE,3,3.00,0.60,GBP
8800932,1,2,310250,Axe Throwing 60 min,2025-03-07T18:30:00Z,2025-03-06T23:16:51Z,2025-03-06T23:16:51Z,LIVE,4,116.00,26.68,EUR
8800933,1,3,310624,Kayak Rental 2 hr,2025-03-22T20:30:00Z,2025-03-07T02:21:08Z,2025-03-07T02:21:08Z,LIVE,2,70.00,5.78,USD
8800822,2,4,310557,Kids Climb Session,2025-03-26T06:00:00Z,2025-02-24T02:08:06Z,2025-03-07T03:03:23Z,LIVE,3,72.00,7.20,AUD
8800934,1,4,310069,Casual Climb,2025-03-26T06:00:00Z,2025-03-07T04:14:24Z,2025-03-07T04:14:24Z,LIVE,2,58.00,5.80,AUD
8800935,1,1,310252,Asylum (60 min),2025-03-14T20:45:00Z,2025-03-07T07:07:54Z,2025-03-07T07:07:54Z,LIVE,5,140.00,28.00,GBP
8800936,1,2,310631,Axe Throwing 60 min,2025-03-07T18:45:00Z,2025-03-07T08:28:04Z,2025-03-07T08:28:04Z,LIVE,2,58.00,13.34,EUR
8800937,1,4,310632,Casual Climb,2025-04-09T05:15:00Z,2025-03-07T11:04:47Z,2025-03-07T11:04:47Z,LIVE,2,58.00,5.80,AUD
8800938,1,1,310338,The Vault (60 min),2025-03-07T17:45:00Z,2025-03-07T14:17:40Z,2025-03-07T14:17:40Z,LIVE,4,100.00,20.00,GBP
8800764,2,4,310516,Casual Climb,2025-03-17T05:30:00Z,2025-02-19T08:45:37Z,2025-03-07T16:02:02Z,CANCELLED,4,116.00,11.60,AUD
8800939,1,2,310621,Axe Throwing 60 min,2025-03-08T21:00:00Z,2025-03-07T16:02:11Z,2025-03-07T16:02:11Z,LIVE,7,203.00,46.69,EUR
8800940,1,6,310028,Test Experience,2025-05-28T10:15:00Z,2025-03-07T16:05:30Z,2025-03-07T16:05:30Z,LIVE,3,3.00,0.60,GBP
8800941,1,5,310633,Open Play,2025-03-07T22:30:00Z,2025-03-07T18:29:13Z,2025-03-07T18:29:13Z,LIVE,4,156.00,4.52,USD
8800942,1,5,310634,Private Group Game,2025-03-29T19:15:00Z,2025-03-08T00:17:06Z,2025-03-08T00:17:06Z,LIVE,11,605.00,17.55,USD
8800943,1,3,310635,Kayak Rental 2 hr,2025-03-08T12:00:00Z,2025-03-08T02:10:52Z,2025-03-08T02:10:52Z,LIVE,5,175.00,14.44,USD
8800227,2,4,310123,Casual Climb,2025-03-23T05:00:00Z,2024-12-26T02:08:39Z,2025-03-08T02:56:58Z,CANCELLED,2,58.00,5.80,AUD
8800944,1,4,310636,Intro to Bouldering,2025-03-08T06:45:00Z,2025-03-08T05:23:12Z,2025-03-08T05:23:12Z,LIVE,3,147.00,14.70,AUD
8800775,2,4,310524,Intro to Bouldering,2025-03-22T06:30:00Z,2025-02-20T10:53:24Z,2025-03-08T09:29:56Z,CANCELLED,1,49.00,4.90,AUD
8800945,1,2,310029,Axe Throwing 90 min,2025-03-10T19:30:00Z,2025-03-08T10:19:54Z,2025-03-08T10:19:54Z,LIVE,6,234.00,53.82,EUR
8800946,1,2,310637,Axe Throwing 90 min,2025-03-08T20:00:00Z,2025-03-08T13:49:59Z,2025-03-08T13:49:59Z,LIVE,7,273.00,62.79,EUR
8800947,1,1,310206,Asylum (60 min),2025-05-11T18:30:00Z,2025-03-08T16:00:43Z,2025-03-08T16:00:43Z,LIVE,2,56.00,11.20,GBP
8800948,1,1,310638,The Vault (60 min),2025-03-12T18:15:00Z,2025-03-08T16:32:27Z,2025-03-08T16:32:27Z,LIVE,6,150.00,30.00,GBP
8800949,1,5,310015,Private Group Game,2025-03-29T17:00:00Z,2025-03-08T18:30:52Z,2025-03-08T18:30:52Z,LIVE,7,385.00,11.17,USD
8800950,1,5,310639,Open Play,2025-03-14T19:15:00Z,2025-03-08T19:15:54Z,2025-03-08T19:15:54Z,LIVE,12,468.00,13.57,USD
8800951,1,4,310640,Kids Climb Session,2025-03-08T22:30:00Z,2025-03-08T20:38:08Z,2025-03-08T20:38:08Z,LIVE,1,24.00,2.40,AUD
8800952,1,3,310641,Sunrise Paddle,2025-03-20T14:30:00Z,2025-03-08T21:11:35Z,2025-03-08T21:11:35Z,LIVE,3,135.00,11.14,USD
8800953,1,4,310642,Kids Climb Session,2025-03-14T23:15:00Z,2025-03-08T21:29:59Z,2025-03-08T21:29:59Z,LIVE,2,48.00,4.80,AUD
8800573,2,4,310391,Intro to Bouldering,2025-03-15T07:30:00Z,2025-02-02T10:24:27Z,2025-03-08T22:18:09Z,CANCELLED,3,147.00,14.70,AUD
8800954,1,1,310643,The Vault (60 min),2025-03-29T19:30:00Z,2025-03-08T23:00:06Z,2025-03-08T23:00:06Z,LIVE,5,125.00,25.00,GBP
8800955,1,2,310644,Axe Throwing 60 min,2025-04-05T18:00:00Z,2025-03-08T23:48:53Z,2025-03-08T23:48:53Z,LIVE,3,87.00,20.01,EUR
8800956,1,4,310253,Intro to Bouldering,2025-03-11T01:15:00Z,2025-03-09T03:06:07Z,2025-03-09T03:06:07Z,LIVE,4,196.00,19.60,AUD
8800957,1,5,310645,Private Group Game,2025-03-10T19:30:00Z,2025-03-09T06:36:33Z,2025-03-09T06:36:33Z,LIVE,10,550.00,15.95,USD
8800958,1,1,310646,The Vault (60 min),2025-03-09T14:00:00Z,2025-03-09T07:57:48Z,2025-03-09T07:57:48Z,LIVE,5,125.00,25.00,GBP
8800959,1,5,310647,Private Group Game,2025-03-16T18:15:00Z,2025-03-09T17:00:13Z,2025-03-09T17:00:13Z,LIVE,5,275.00,7.98,USD
8800930,2,1,310629,Mini Mystery (30 min),2025-04-05T13:30:00Z,2025-03-06T22:12:31Z,2025-03-09T21:44:45Z,LIVE,5,75.00,15.00,GBP
8800864,2,3,310587,Kayak Rental 2 hr,2025-03-16T14:45:00Z,2025-02-28T01:47:24Z,2025-03-09T22:18:17Z,CANCELLED,5,175.00,14.44,USD
8800960,1,4,310648,Kids Climb Session,2025-03-15T06:30:00Z,2025-03-10T01:31:42Z,2025-03-10T01:31:42Z,LIVE,3,72.00,7.20,AUD
8800961,1,5,310649,Open Play,2025-03-11T19:00:00Z,2025-03-10T02:55:39Z,2025-03-10T02:55:39Z,LIVE,9,351.00,10.18,USD
8800910,2,1,310006,The Vault (60 min),2025-04-08T18:15:00Z,2025-03-04T19:14:48Z,2025-03-10T03:50:38Z,LIVE,6,150.00,30.00,GBP
8800962,1,4,310474,Intro to Bouldering,2025-03-11T00:30:00Z,2025-03-10T04:10:36Z,2025-03-10T04:10:36Z,LIVE,2,98.00,9.80,AUD
8800963,1,4,310650,Casual Climb,2025-05-26T06:30:00Z,2025-03-10T06:25:31Z,2025-03-10T06:25:31Z,LIVE,2,58.00,5.80,AUD
8800964,1,1,310611,The Vault (60 min),2025-03-16T18:45:00Z,2025-03-10T08:47:11Z,2025-03-10T08:47:11Z,LIVE,3,75.00,15.00,GBP
8800965,1,2,310097,Axe Throwing 90 min,2025-03-14T20:15:00Z,2025-03-10T09:27:08Z,2025-03-10T09:27:08Z,LIVE,5,195.00,44.85,EUR
8800956,2,4,310253,Intro to Bouldering,2025-03-11T01:15:00Z,2025-03-09T03:06:07Z,2025-03-10T09:47:31Z,CANCELLED,4,196.00,19.60,AUD
8800966,1,1,310111,Mini Mystery (30 min),2025-03-14T20:45:00Z,2025-03-10T10:23:44Z,2025-03-10T10:23:44Z,LIVE,3,45.00,9.00,GBP
8800967,1,4,310273,Casual Climb,2025-03-29T06:30:00Z,2025-03-10T12:57:30Z,2025-03-10T12:57:30Z,LIVE,3,87.00,8.70,AUD
8800968,1,1,310651,Asylum (60 min),2025-03-13T15:15:00Z,2025-03-10T13:02:59Z,2025-03-10T13:02:59Z,LIVE,2,56.00,11.20,GBP
8800969,1,5,310652,Private Group Game,2025-05-11T20:30:00Z,2025-03-10T14:48:56Z,2025-03-10T14:48:56Z,LIVE,4,220.00,6.38,USD
8800970,1,3,310219,Kayak Rental 2 hr,2025-03-11T12:00:00Z,2025-03-10T22:21:42Z,2025-03-10T22:21:42Z,LIVE,2,70.00,5.78,USD
8800971,1,5,310653,Open Play,2025-03-16T19:30:00Z,2025-03-10T22:32:32Z,2025-03-10T22:32:32Z,LIVE,7,273.00,7.92,USD
8800972,1,5,310504,Open Play,2025-03-16T20:30:00Z,2025-03-10T22:33:02Z,2025-03-10T22:33:02Z,LIVE,9,351.00,10.18,USD
8800823,3,3,310558,Sunrise Paddle,2025-03-19T16:00:00Z,2025-02-24T02:23:03Z,2025-03-10T23:31:13Z,CANCELLED,4,180.00,14.85,USD
8800973,1,1,310160,Asylum (60 min),2025-03-15T15:00:00Z,2025-03-10T23:44:30Z,2025-03-10T23:44:30Z,LIVE,6,168.00,33.60,GBP
8800974,1,4,310654,Kids Climb Session,2025-03-28T05:45:00Z,2025-03-11T04:12:11Z,2025-03-11T04:12:11Z,LIVE,2,48.00,4.80,AUD
8800975,1,4,310075,Kids Climb Session,2025-05-30T05:00:00Z,2025-03-11T11:14:12Z,2025-03-11T11:14:12Z,LIVE,4,96.00,9.60,AUD
8800976,1,2,310655,Axe Throwing 60 min,2025-04-05T18:45:00Z,2025-03-11T12:59:21Z,2025-03-11T12:59:21Z,LIVE,2,58.00,13.34,EUR
8800977,1,5,310409,Private Group Game,2025-03-11T16:00:00Z,2025-03-11T14:27:05Z,2025-03-11T14:27:05Z,LIVE,8,440.00,12.76,USD
8800978,1,1,310611,Mini Mystery (30 min),2025-03-17T20:45:00Z,2025-03-11T18:20:51Z,2025-03-11T18:20:51Z,LIVE,2,30.00,6.00,GBP
8800979,1,1,310006,Mini Mystery (30 min),2025-03-16T19:00:00Z,2025-03-11T20:38:30Z,2025-03-11T20:38:30Z,LIVE,3,45.00,9.00,GBP
8800980,1,4,310640,Casual Climb,2025-03-15T00:15:00Z,2025-03-11T22:52:01Z,2025-03-11T22:52:01Z,LIVE,1,29.00,2.90,AUD
8800981,1,4,310396,Casual Climb,2025-03-12T07:30:00Z,2025-03-12T02:30:24Z,2025-03-12T02:30:24Z,LIVE,1,29.00,2.90,AUD
8800981,2,4,310396,Casual Climb,2025-03-12T07:30:00Z,2025-03-12T02:30:24Z,2025-03-12T03:30:09Z,LIVE,3,87.00,8.70,AUD
8800879,2,3,310596,Kayak Rental 2 hr,2025-03-13T14:30:00Z,2025-03-01T02:53:57Z,2025-03-12T10:30:51Z,CANCELLED,2,70.00,5.78,USD
8800982,1,3,310415,Kayak Rental 2 hr,2025-04-04T13:00:00Z,2025-03-12T14:41:56Z,2025-03-12T14:41:56Z,LIVE,2,70.00,5.78,USD
8800983,1,1,310084,Asylum (60 min),2025-05-10T17:15:00Z,2025-03-12T15:55:48Z,2025-03-12T15:55:48Z,LIVE,2,56.00,11.20,GBP
8800984,1,5,310334,Private Group Game,2025-03-12T20:30:00Z,2025-03-12T16:24:47Z,2025-03-12T16:24:47Z,LIVE,11,605.00,17.55,USD
8800985,1,3,310656,Sunrise Paddle,2025-03-13T14:00:00Z,2025-03-12T17:42:01Z,2025-03-12T17:42:01Z,LIVE,3,135.00,11.14,USD
8800986,1,5,310657,Private Group Game,2025-04-05T17:45:00Z,2025-03-12T18:15:07Z,2025-03-12T18:15:07Z,LIVE,9,495.00,14.36,USD
8800987,1,4,310054,Intro to Bouldering,2025-03-15T05:30:00Z,2025-03-12T20:37:31Z,2025-03-12T20:37:31Z,LIVE,3,147.00,14.70,AUD
8800988,1,4,310251,Casual Climb,2025-03-13T07:00:00Z,2025-03-12T21:19:14Z,2025-03-12T21:19:14Z,LIVE,1,29.00,2.90,AUD
8800989,1,3,310658,Half-Day River Tour,2025-03-14T12:45:00Z,2025-03-12T22:24:05Z,2025-03-12T22:24:05Z,LIVE,4,316.00,26.07,USD
8800990,1,1,310162,The Vault (60 min),2025-04-06T14:00:00Z,2025-03-12T23:35:41Z,2025-03-12T23:35:41Z,LIVE,3,75.00,15.00,GBP
8800966,2,1,310111,Mini Mystery (30 min),2025-03-14T20:45:00Z,2025-03-10T10:23:44Z,2025-03-13T01:20:41Z,CANCELLED,3,45.00,9.00,GBP
8800778,2,5,310526,Open Play,2025-03-22T17:30:00Z,2025-02-20T15:07:13Z,2025-03-13T10:13:28Z,CANCELLED,11,429.00,12.44,USD
8800991,1,4,310659,Kids Climb Session,2025-04-18T00:30:00Z,2025-03-13T11:02:22Z,2025-03-13T11:02:22Z,LIVE,3,72.00,7.20,AUD
8800992,1,1,310660,Mini Mystery (30 min),2025-03-13T20:45:00Z,2025-03-13T11:53:29Z,2025-03-13T11:53:29Z,LIVE,3,45.00,9.00,GBP
8800993,1,5,310346,Private Group Game,2025-03-28T16:00:00Z,2025-03-13T13:48:13Z,2025-03-13T13:48:13Z,LIVE,12,660.00,19.14,USD
8800994,1,2,310661,Axe Throwing 60 min,2025-05-27T16:00:00Z,2025-03-13T16:20:39Z,2025-03-13T16:20:39Z,LIVE,4,116.00,26.68,EUR
8800995,1,2,310662,Axe Throwing 90 min,2025-03-13T20:00:00Z,2025-03-13T19:28:58Z,2025-03-13T19:28:58Z,LIVE,2,78.00,17.94,EUR
8800996,1,1,310663,Asylum (60 min),2025-03-14T17:00:00Z,2025-03-13T20:41:29Z,2025-03-13T20:41:29Z,LIVE,6,168.00,33.60,GBP
8800997,1,5,310664,Open Play,2025-03-18T17:30:00Z,2025-03-13T22:33:22Z,2025-03-13T22:33:22Z,LIVE,6,234.00,6.79,USD
8800998,1,4,310278,Casual Climb,2025-03-21T06:30:00Z,2025-03-14T00:42:44Z,2025-03-14T00:42:44Z,LIVE,2,58.00,5.80,AUD
8800999,1,1,310665,Asylum (60 min),2025-03-14T12:45:00Z,2025-03-14T07:21:51Z,2025-03-14T07:21:51Z,LIVE,5,140.00,28.00,GBP
8801000,1,2,310114,Axe Throwing 90 min,2025-03-14T18:45:00Z,2025-03-14T09:16:52Z,2025-03-14T09:16:52Z,LIVE,3,117.00,26.91,EUR
8801001,1,4,310666,Casual Climb,2025-04-13T08:45:00Z,2025-03-14T09:21:19Z,2025-03-14T09:21:19Z,LIVE,3,87.00,8.70,AUD
8801002,1,1,310667,The Vault (60 min),2025-03-23T21:00:00Z,2025-03-14T09:44:26Z,2025-03-14T09:44:26Z,LIVE,2,50.00,10.00,GBP
8801003,1,1,310564,Asylum (60 min),2025-05-04T17:45:00Z,2025-03-14T10:56:22Z,2025-03-14T10:56:22Z,LIVE,5,140.00,28.00,GBP
8801004,1,1,310668,Mini Mystery (30 min),2025-03-14T20:30:00Z,2025-03-14T14:09:34Z,2025-03-14T14:09:34Z,LIVE,4,60.00,12.00,GBP
8801005,1,2,310669,Axe Throwing 90 min,2025-04-06T17:00:00Z,2025-03-14T17:00:54Z,2025-03-14T17:00:54Z,LIVE,5,195.00,44.85,EUR
8801006,1,5,310670,Open Play,2025-03-14T19:30:00Z,2025-03-14T18:00:03Z,2025-03-14T18:00:03Z,LIVE,7,273.00,7.92,USD
8801007,1,5,310671,Open Play,2025-03-15T16:00:00Z,2025-03-14T18:00:33Z,2025-03-14T18:00:33Z,LIVE,7,273.00,7.92,USD
8801008,1,3,310672,Sunrise Paddle,2025-04-19T15:00:00Z,2025-03-14T23:31:09Z,2025-03-14T23:31:09Z,LIVE,1,45.00,3.71,USD
8801009,1,3,310673,Half-Day River Tour,2025-05-10T14:00:00Z,2025-03-15T00:17:47Z,2025-03-15T00:17:47Z,LIVE,1,79.00,6.52,USD
8801010,1,5,310674,Private Group Game,2025-06-10T18:45:00Z,2025-03-15T00:58:52Z,2025-03-15T00:58:52Z,LIVE,7,385.00,11.17,USD
8801011,1,5,310675,Private Group Game,2025-04-03T20:00:00Z,2025-03-15T01:06:29Z,2025-03-15T01:06:29Z,LIVE,5,275.00,7.98,USD
8801012,1,4,310576,Intro to Bouldering,2025-05-31T08:30:00Z,2025-03-15T01:33:39Z,2025-03-15T01:33:39Z,LIVE,2,98.00,9.80,AUD
8801013,1,3,310676,Half-Day River Tour,2025-03-16T11:30:00Z,2025-03-15T01:57:26Z,2025-03-15T01:57:26Z,LIVE,5,395.00,32.59,USD
8801014,1,4,310293,Kids Climb Session,2025-04-03T22:45:00Z,2025-03-15T02:20:19Z,2025-03-15T02:20:19Z,LIVE,3,72.00,7.20,AUD
8801015,1,1,310677,Mini Mystery (30 min),2025-03-20T19:30:00Z,2025-03-15T09:25:48Z,2025-03-15T09:25:48Z,LIVE,6,90.00,18.00,GBP
8801016,1,2,310001,Axe Throwing 90 min,2025-03-15T20:45:00Z,2025-03-15T14:12:14Z,2025-03-15T14:12:14Z,LIVE,4,156.00,35.88,EUR
8801017,1,3,310678,Kayak Rental 2 hr,2025-03-22T16:00:00Z,2025-03-15T17:31:07Z,2025-03-15T17:31:07Z,LIVE,5,175.00,14.44,USD
8801018,1,2,310254,Axe Throwing 60 min,2025-04-03T18:00:00Z,2025-03-15T17:49:14Z,2025-03-15T17:49:14Z,LIVE,3,87.00,20.01,EUR
8801019,1,1,310679,The Vault (60 min),2025-04-17T19:00:00Z,2025-03-15T18:35:55Z,2025-03-15T18:35:55Z,LIVE,4,100.00,20.00,GBP
8801020,1,3,310680,Sunrise Paddle,2025-03-19T14:00:00Z,2025-03-16T02:25:01Z,2025-03-16T02:25:01Z,LIVE,1,45.00,3.71,USD
8801021,1,2,310681,Axe Throwing 90 min,2025-03-16T19:45:00Z,2025-03-16T08:49:01Z,2025-03-16T08:49:01Z,LIVE,2,78.00,17.94,EUR
8801022,1,3,310536,Sunrise Paddle,2025-03-16T14:30:00Z,2025-03-16T13:07:01Z,2025-03-16T13:07:01Z,LIVE,2,90.00,7.43,USD
8801023,1,6,310154,Test Experience,2025-05-31T10:15:00Z,2025-03-16T13:28:42Z,2025-03-16T13:28:42Z,LIVE,4,4.00,0.80,GBP
8801024,1,3,310351,Half-Day River Tour,2025-03-19T14:15:00Z,2025-03-16T13:37:19Z,2025-03-16T13:37:19Z,LIVE,4,316.00,26.07,USD
8801025,1,2,310682,Axe Throwing 90 min,2025-05-14T19:30:00Z,2025-03-16T14:21:37Z,2025-03-16T14:21:37Z,LIVE,2,78.00,17.94,EUR
8800954,2,1,310643,The Vault (60 min),2025-03-29T19:30:00Z,2025-03-08T23:00:06Z,2025-03-16T14:42:04Z,LIVE,6,150.00,30.00,GBP
8801026,1,3,310067,Kayak Rental 2 hr,2025-03-16T15:45:00Z,2025-03-16T14:51:04Z,2025-03-16T14:51:04Z,LIVE,1,35.00,2.89,USD
8801027,1,2,310683,Axe Throwing 60 min,2025-03-16T19:30:00Z,2025-03-16T16:10:28Z,2025-03-16T16:10:28Z,LIVE,2,58.00,13.34,EUR
8801028,1,3,310684,Half-Day River Tour,2025-03-16T20:30:00Z,2025-03-16T16:27:25Z,2025-03-16T16:27:25Z,LIVE,5,395.00,32.59,USD
8801029,1,3,310067,Half-Day River Tour,2025-03-23T13:15:00Z,2025-03-16T18:44:26Z,2025-03-16T18:44:26Z,LIVE,4,316.00,26.07,USD
8800933,2,3,310624,Kayak Rental 2 hr,2025-03-22T20:30:00Z,2025-03-07T02:21:08Z,2025-03-16T19:49:35Z,CANCELLED,2,70.00,5.78,USD
8801030,1,5,310685,Open Play,2025-03-19T17:30:00Z,2025-03-16T23:34:15Z,2025-03-16T23:34:15Z,LIVE,9,351.00,10.18,USD
8801031,1,2,310686,Axe Throwing 60 min,2025-03-28T18:00:00Z,2025-03-17T10:25:58Z,2025-03-17T10:25:58Z,LIVE,2,58.00,13.34,EUR
8801032,1,4,310687,Casual Climb,2025-03-18T06:00:00Z,2025-03-17T11:23:18Z,2025-03-17T11:23:18Z,LIVE,2,58.00,5.80,AUD
8801033,1,2,310142,Axe Throwing 90 min,2025-03-17T19:30:00Z,2025-03-17T18:44:33Z,2025-03-17T18:44:33Z,LIVE,7,273.00,62.79,EUR
8801034,1,4,310462,Intro to Bouldering,2025-04-15T07:15:00Z,2025-03-17T21:29:54Z,2025-03-17T21:29:54Z,LIVE,1,49.00,4.90,AUD
8801035,1,3,310688,Sunrise Paddle,2025-04-05T20:00:00Z,2025-03-18T00:39:28Z,2025-03-18T00:39:28Z,LIVE,5,225.00,18.56,USD
8801036,1,4,310689,Kids Climb Session,2025-03-18T06:15:00Z,2025-03-18T04:22:22Z,2025-03-18T04:22:22Z,LIVE,3,72.00,7.20,AUD
8801037,1,3,310690,Kayak Rental 2 hr,2025-03-29T12:00:00Z,2025-03-18T12:20:39Z,2025-03-18T12:20:39Z,LIVE,3,105.00,8.66,USD
8801038,1,1,310066,Asylum (60 min),2025-03-20T14:30:00Z,2025-03-18T13:45:41Z,2025-03-18T13:45:41Z,LIVE,4,112.00,22.40,GBP
8801039,1,1,310108,The Vault (60 min),2025-03-25T18:00:00Z,2025-03-18T17:17:12Z,2025-03-18T17:17:12Z,LIVE,3,75.00,15.00,GBP
8801040,1,3,310691,Kayak Rental 2 hr,2025-04-03T16:00:00Z,2025-03-18T19:57:28Z,2025-03-18T19:57:28Z,LIVE,4,140.00,11.55,USD
8801041,1,3,310692,Half-Day River Tour,2025-03-23T14:15:00Z,2025-03-18T21:09:19Z,2025-03-18T21:09:19Z,LIVE,5,395.00,32.59,USD
8801042,1,4,310693,Kids Climb Session,2025-03-26T07:00:00Z,2025-03-18T22:16:28Z,2025-03-18T22:16:28Z,LIVE,3,72.00,7.20,AUD
8801043,1,5,310694,Private Group Game,2025-05-22T20:45:00Z,2025-03-19T00:52:10Z,2025-03-19T00:52:10Z,LIVE,4,220.00,6.38,USD
8801044,1,4,310164,Intro to Bouldering,2025-05-25T06:00:00Z,2025-03-19T02:49:27Z,2025-03-19T02:49:27Z,LIVE,2,98.00,9.80,AUD
8801045,1,4,310695,Intro to Bouldering,2025-03-19T07:30:00Z,2025-03-19T04:15:53Z,2025-03-19T04:15:53Z,LIVE,4,196.00,19.60,AUD
8801046,1,2,310696,Axe Throwing 60 min,2025-03-19T20:00:00Z,2025-03-19T08:23:18Z,2025-03-19T08:23:18Z,LIVE,5,145.00,33.35,EUR
8801029,2,3,310067,Half-Day River Tour,2025-03-23T13:15:00Z,2025-03-16T18:44:26Z,2025-03-19T08:30:41Z,LIVE,5,395.00,32.59,USD
8801047,1,1,310697,Asylum (60 min),2025-04-13T14:00:00Z,2025-03-19T09:02:56Z,2025-03-19T09:02:56Z,LIVE,5,140.00,28.00,GBP
8800790,2,3,310536,Kayak Rental 2 hr,2025-03-25T13:00:00Z,2025-02-21T20:15:29Z,2025-03-19T13:30:29Z,CANCELLED,1,35.00,2.89,USD
8801048,1,2,310698,Axe Throwing 60 min,2025-04-18T17:30:00Z,2025-03-19T13:56:06Z,2025-03-19T13:56:06Z,LIVE,2,58.00,13.34,EUR
8801025,2,2,310682,Axe Throwing 90 min,2025-05-14T19:30:00Z,2025-03-16T14:21:37Z,2025-03-19T18:49:41Z,LIVE,4,156.00,35.88,EUR
8801049,1,1,310699,Asylum (60 min),2025-03-22T14:00:00Z,2025-03-19T19:49:33Z,2025-03-19T19:49:33Z,LIVE,4,112.00,22.40,GBP
8801050,1,4,310700,Kids Climb Session,2025-03-22T07:15:00Z,2025-03-20T01:28:30Z,2025-03-20T01:28:30Z,LIVE,3,72.00,7.20,AUD
8801051,1,4,310212,Intro to Bouldering,2025-04-05T07:00:00Z,2025-03-20T07:19:13Z,2025-03-20T07:19:13Z,LIVE,1,49.00,4.90,AUD
8801041,2,3,310692,Half-Day River Tour,2025-03-23T14:15:00Z,2025-03-18T21:09:19Z,2025-03-20T08:14:13Z,LIVE,7,553.00,45.62,USD
8801052,1,2,310701,Axe Throwing 90 min,2025-03-20T19:00:00Z,2025-03-20T09:46:42Z,2025-03-20T09:46:42Z,LIVE,6,234.00,53.82,EUR
8801053,1,4,310702,Casual Climb,2025-03-22T00:00:00Z,2025-03-20T11:27:52Z,2025-03-20T11:27:52Z,LIVE,4,116.00,11.60,AUD
8801054,1,2,310501,Axe Throwing 60 min,2025-03-20T20:30:00Z,2025-03-20T13:42:39Z,2025-03-20T13:42:39Z,LIVE,2,58.00,13.34,EUR
8801055,1,3,310703,Half-Day River Tour,2025-04-29T12:00:00Z,2025-03-20T14:47:04Z,2025-03-20T14:47:04Z,LIVE,3,237.00,19.55,USD
8801056,1,2,310001,Axe Throwing 90 min,2025-04-24T17:00:00Z,2025-03-20T16:04:18Z,2025-03-20T16:04:18Z,LIVE,2,78.00,17.94,EUR
8801057,1,2,310049,Axe Throwing 60 min,2025-04-19T17:15:00Z,2025-03-20T17:31:41Z,2025-03-20T17:31:41Z,LIVE,3,87.00,20.01,EUR
8801058,1,3,310704,Sunrise Paddle,2025-04-18T14:15:00Z,2025-03-20T21:30:22Z,2025-03-20T21:30:22Z,LIVE,1,45.00,3.71,USD
8801059,1,1,310705,Asylum (60 min),2025-05-10T17:00:00Z,2025-03-20T23:39:52Z,2025-03-20T23:39:52Z,LIVE,6,168.00,33.60,GBP
8801060,1,4,310189,Intro to Bouldering,2025-03-23T05:45:00Z,2025-03-21T02:31:44Z,2025-03-21T02:31:44Z,LIVE,3,147.00,14.70,AUD
8801061,1,3,310706,Half-Day River Tour,2025-03-30T15:45:00Z,2025-03-21T03:00:28Z,2025-03-21T03:00:28Z,LIVE,4,316.00,26.07,USD
8801062,1,4,310707,Kids Climb Session,2025-03-27T03:30:00Z,2025-03-21T06:54:41Z,2025-03-21T06:54:41Z,LIVE,2,48.00,4.80,AUD
8801063,1,1,310708,The Vault (60 min),2025-03-22T20:00:00Z,2025-03-21T09:29:51Z,2025-03-21T09:29:51Z,LIVE,5,125.00,25.00,GBP
8801064,1,2,310143,Axe Throwing 60 min,2025-04-12T17:00:00Z,2025-03-21T11:05:26Z,2025-03-21T11:05:26Z,LIVE,8,232.00,53.36,EUR
8801065,1,2,310709,Axe Throwing 90 min,2025-03-29T19:30:00Z,2025-03-21T12:36:49Z,2025-03-21T12:36:49Z,LIVE,2,78.00,17.94,EUR
8801066,1,3,310710,Half-Day River Tour,2025-03-21T14:30:00Z,2025-03-21T12:39:07Z,2025-03-21T12:39:07Z,LIVE,1,79.00,6.52,USD
8801067,1,2,310593,Axe Throwing 60 min,2025-03-27T20:00:00Z,2025-03-21T12:57:24Z,2025-03-21T12:57:24Z,LIVE,4,116.00,26.68,EUR
8801068,1,1,310711,Mini Mystery (30 min),2025-04-18T18:15:00Z,2025-03-21T13:34:17Z,2025-03-21T13:34:17Z,LIVE,6,90.00,18.00,GBP
8801069,1,3,310712,Half-Day River Tour,2025-03-21T16:15:00Z,2025-03-21T13:36:55Z,2025-03-21T13:36:55Z,LIVE,2,158.00,13.04,USD
8801070,1,5,310713,Private Group Game,2025-04-19T19:30:00Z,2025-03-21T18:46:58Z,2025-03-21T18:46:58Z,LIVE,11,605.00,17.55,USD
8801071,1,3,310714,Kayak Rental 2 hr,2025-06-15T11:00:00Z,2025-03-21T21:53:46Z,2025-03-21T21:53:46Z,LIVE,1,35.00,2.89,USD
8801071,1,3,310714,Kayak Rental 2 hr,2025-06-15T11:00:00Z,2025-03-21T21:53:46Z,2025-03-21T21:53:46Z,LIVE,1,35.00,2.89,USD
8801072,1,4,310171,Kids Climb Session,2025-03-25T23:00:00Z,2025-03-21T22:25:37Z,2025-03-21T22:25:37Z,LIVE,4,96.00,9.60,AUD
8801073,1,4,310715,Intro to Bouldering,2025-05-16T08:15:00Z,2025-03-22T01:15:05Z,2025-03-22T01:15:05Z,LIVE,4,196.00,19.60,AUD
8801074,1,2,310716,Axe Throwing 90 min,2025-06-02T18:00:00Z,2025-03-22T07:14:23Z,2025-03-22T07:14:23Z,LIVE,8,312.00,71.76,EUR
8801075,1,1,310717,Asylum (60 min),2025-04-26T19:30:00Z,2025-03-22T07:53:18Z,2025-03-22T07:53:18Z,LIVE,2,56.00,11.20,GBP
8801076,1,4,310718,Casual Climb,2025-03-24T23:45:00Z,2025-03-22T09:05:09Z,2025-03-22T09:05:09Z,LIVE,1,29.00,2.90,AUD
8801077,1,4,310719,Kids Climb Session,2025-06-12T06:00:00Z,2025-03-22T12:59:28Z,2025-03-22T12:59:28Z,LIVE,2,48.00,4.80,AUD
8801078,1,3,310720,Half-Day River Tour,2025-03-22T18:45:00Z,2025-03-22T13:51:00Z,2025-03-22T13:51:00Z,LIVE,4,316.00,26.07,USD
8801079,1,2,310721,Axe Throwing 60 min,2025-03-24T19:00:00Z,2025-03-22T14:32:26Z,2025-03-22T14:32:26Z,LIVE,2,58.00,13.34,EUR
8801080,1,5,310722,Private Group Game,2025-03-22T19:45:00Z,2025-03-22T14:47:39Z,2025-03-22T14:47:39Z,LIVE,11,605.00,17.55,USD
8801081,1,2,310723,Axe Throwing 90 min,2025-03-29T18:15:00Z,2025-03-22T15:21:52Z,2025-03-22T15:21:52Z,LIVE,2,78.00,17.94,EUR
8801082,1,5,310724,Private Group Game,2025-03-25T19:00:00Z,2025-03-22T16:32:28Z,2025-03-22T16:32:28Z,LIVE,9,495.00,14.36,USD
8801083,1,2,310725,Axe Throwing 90 min,2025-04-22T19:00:00Z,2025-03-22T20:24:04Z,2025-03-22T20:24:04Z,LIVE,8,312.00,71.76,EUR
8801084,1,2,310726,Axe Throwing 90 min,2025-04-15T20:00:00Z,2025-03-22T21:33:43Z,2025-03-22T21:33:43Z,LIVE,7,273.00,62.79,EUR
8800910,3,1,310006,The Vault (60 min),2025-04-08T18:15:00Z,2025-03-04T19:14:48Z,2025-03-22T21:36:49Z,CANCELLED,6,150.00,30.00,GBP
8801085,1,3,310727,Sunrise Paddle,2025-03-28T16:30:00Z,2025-03-22T22:35:28Z,2025-03-22T22:35:28Z,LIVE,2,90.00,7.43,USD
8800861,2,5,310584,Private Group Game,2025-03-29T16:15:00Z,2025-02-27T16:22:45Z,2025-03-23T01:50:58Z,CANCELLED,10,550.00,15.95,USD
8801086,1,1,310489,Mini Mystery (30 min),2025-03-26T17:30:00Z,2025-03-23T08:53:08Z,2025-03-23T08:53:08Z,LIVE,2,30.00,6.00,GBP
8801087,1,4,310128,Casual Climb,2025-04-08T00:00:00Z,2025-03-23T10:53:59Z,2025-03-23T10:53:59Z,LIVE,1,29.00,2.90,AUD
8801088,1,1,310728,The Vault (60 min),2025-03-23T19:45:00Z,2025-03-23T11:04:23Z,2025-03-23T11:04:23Z,LIVE,2,50.00,10.00,GBP
8801089,1,1,310729,The Vault (60 min),2025-04-11T15:00:00Z,2025-03-23T11:04:32Z,2025-03-23T11:04:32Z,LIVE,6,150.00,30.00,GBP
8801090,1,1,310228,The Vault (60 min),2025-03-23T14:30:00Z,2025-03-23T11:52:47Z,2025-03-23T11:52:47Z,LIVE,3,75.00,15.00,GBP
8801091,1,2,310569,Axe Throwing 90 min,2025-03-26T19:45:00Z,2025-03-23T12:54:12Z,2025-03-23T12:54:12Z,LIVE,8,312.00,71.76,EUR
8801082,2,5,310724,Private Group Game,2025-03-25T19:00:00Z,2025-03-22T16:32:28Z,2025-03-23T13:14:11Z,LIVE,10,550.00,15.95,USD
8801092,1,6,310028,Test Experience,2025-03-27T14:00:00Z,2025-03-23T15:03:46Z,2025-03-23T15:03:46Z,LIVE,4,4.00,0.80,GBP
8801093,1,5,310730,Open Play,2025-03-23T20:00:00Z,2025-03-23T16:18:56Z,2025-03-23T16:18:56Z,LIVE,12,468.00,13.57,USD
8801094,1,2,310731,Axe Throwing 60 min,2025-03-23T20:00:00Z,2025-03-23T16:41:42Z,2025-03-23T16:41:42Z,LIVE,7,203.00,46.69,EUR
8801095,1,1,310031,Mini Mystery (30 min),2025-04-26T15:30:00Z,2025-03-23T18:10:59Z,2025-03-23T18:10:59Z,LIVE,5,75.00,15.00,GBP
8801096,1,1,310732,Asylum (60 min),2025-03-28T21:00:00Z,2025-03-23T21:14:04Z,2025-03-23T21:14:04Z,LIVE,2,56.00,11.20,GBP
8801097,1,4,310733,Intro to Bouldering,2025-03-27T00:30:00Z,2025-03-23T21:28:48Z,2025-03-23T21:28:48Z,LIVE,4,196.00,19.60,AUD
8801031,2,2,310686,Axe Throwing 60 min,2025-03-28T18:00:00Z,2025-03-17T10:25:58Z,2025-03-23T23:18:44Z,CANCELLED,2,58.00,13.34,EUR
8801098,1,3,310734,Half-Day River Tour,2025-04-10T13:00:00Z,2025-03-23T23:48:02Z,2025-03-23T23:48:02Z,LIVE,3,237.00,19.55,USD
8801099,1,5,310364,Private Group Game,2025-03-29T17:30:00Z,2025-03-24T00:33:21Z,2025-03-24T00:33:21Z,LIVE,7,385.00,11.17,USD
8801081,2,2,310723,Axe Throwing 90 min,2025-03-29T18:15:00Z,2025-03-22T15:21:52Z,2025-03-24T05:49:27Z,LIVE,3,117.00,26.91,EUR
8801100,1,1,310735,Asylum (60 min),2025-03-28T15:30:00Z,2025-03-24T09:49:03Z,2025-03-24T09:49:03Z,LIVE,3,84.00,16.80,GBP
8801101,1,2,310736,Axe Throwing 60 min,2025-03-24T15:15:00Z,2025-03-24T10:53:48Z,2025-03-24T10:53:48Z,LIVE,6,174.00,40.02,EUR
8801102,1,5,310737,Open Play,2025-03-24T17:30:00Z,2025-03-24T13:08:12Z,2025-03-24T13:08:12Z,LIVE,8,312.00,9.05,USD
8801101,2,2,310736,Axe Throwing 60 min,2025-03-24T15:15:00Z,2025-03-24T10:53:48Z,2025-03-24T15:00:37Z,CANCELLED,6,174.00,40.02,EUR
8801103,1,1,310738,Mini Mystery (30 min),2025-03-28T12:30:00Z,2025-03-24T18:15:21Z,2025-03-24T18:15:21Z,LIVE,5,75.00,15.00,GBP
8801104,1,1,310739,The Vault (60 min),2025-03-27T19:30:00Z,2025-03-24T18:18:02Z,2025-03-24T18:18:02Z,LIVE,5,125.00,25.00,GBP
8801105,1,1,310229,Asylum (60 min),2025-04-05T18:45:00Z,2025-03-24T19:22:49Z,2025-03-24T19:22:49Z,LIVE,6,168.00,33.60,GBP
8801106,1,1,310740,Mini Mystery (30 min),2025-04-13T18:00:00Z,2025-03-24T21:18:57Z,2025-03-24T21:18:57Z,LIVE,4,60.00,12.00,GBP
8801107,1,5,310741,Open Play,2025-04-19T20:30:00Z,2025-03-24T22:52:10Z,2025-03-24T22:52:10Z,LIVE,9,351.00,10.18,USD
8801108,1,5,310742,Open Play,2025-03-29T21:00:00Z,2025-03-25T04:26:26Z,2025-03-25T04:26:26Z,LIVE,6,234.00,6.79,USD
8800876,2,3,310595,Half-Day River Tour,2025-03-29T12:45:00Z,2025-02-28T17:24:40Z,2025-03-25T05:29:26Z,CANCELLED,3,237.00,19.55,USD
8801109,1,1,310743,Mini Mystery (30 min),2025-06-19T17:00:00Z,2025-03-25T08:48:00Z,2025-03-25T08:48:00Z,LIVE,4,60.00,12.00,GBP
8801110,1,3,310744,Kayak Rental 2 hr,2025-04-06T16:30:00Z,2025-03-25T12:15:33Z,2025-03-25T12:15:33Z,LIVE,2,70.00,5.78,USD
8801111,1,2,310446,Axe Throwing 60 min,2025-04-23T18:45:00Z,2025-03-25T13:52:23Z,2025-03-25T13:52:23Z,LIVE,4,116.00,26.68,EUR
8801112,1,1,310745,Mini Mystery (30 min),2025-06-01T19:15:00Z,2025-03-25T13:59:41Z,2025-03-25T13:59:41Z,LIVE,3,45.00,9.00,GBP
8801113,1,1,310475,The Vault (60 min),2025-03-25T18:45:00Z,2025-03-25T14:22:00Z,2025-03-25T14:22:00Z,LIVE,2,50.00,10.00,GBP
8801114,1,2,310746,Axe Throwing 60 min,2025-06-13T18:30:00Z,2025-03-25T15:05:35Z,2025-03-25T15:05:35Z,LIVE,5,145.00,33.35,EUR
8801115,1,1,310747,Asylum (60 min),2025-04-17T16:45:00Z,2025-03-25T15:34:14Z,2025-03-25T15:34:14Z,LIVE,4,112.00,22.40,GBP
8801116,1,1,310119,The Vault (60 min),2025-03-30T17:15:00Z,2025-03-25T15:40:20Z,2025-03-25T15:40:20Z,LIVE,2,50.00,10.00,GBP
8800853,2,4,310577,Intro to Bouldering,2025-03-29T08:00:00Z,2025-02-27T06:14:31Z,2025-03-25T18:29:57Z,CANCELLED,2,98.00,9.80,AUD
8801117,1,2,310748,Axe Throwing 90 min,2025-03-25T20:30:00Z,2025-03-25T19:34:00Z,2025-03-25T19:34:00Z,LIVE,5,195.00,44.85,EUR
8801118,1,3,310749,Kayak Rental 2 hr,2025-04-23T14:30:00Z,2025-03-25T20:46:40Z,2025-03-25T20:46:40Z,LIVE,3,105.00,8.66,USD
8801119,1,5,310750,Open Play,2025-04-09T19:30:00Z,2025-03-25T23:18:21Z,2025-03-25T23:18:21Z,LIVE,9,351.00,10.18,USD
8801120,1,4,310751,Intro to Bouldering,2025-05-08T07:00:00Z,2025-03-26T00:32:00Z,2025-03-26T00:32:00Z,LIVE,3,147.00,14.70,AUD
8801121,1,3,310752,Sunrise Paddle,2025-03-30T14:00:00Z,2025-03-26T00:43:49Z,2025-03-26T00:43:49Z,LIVE,5,225.00,18.56,USD
8801122,1,3,310753,Sunrise Paddle,2025-04-09T15:00:00Z,2025-03-26T01:08:31Z,2025-03-26T01:08:31Z,LIVE,4,180.00,14.85,USD
8801123,1,5,310754,Open Play,2025-03-29T15:00:00Z,2025-03-26T02:34:07Z,2025-03-26T02:34:07Z,LIVE,5,195.00,5.66,USD
8801105,2,1,310229,Asylum (60 min),2025-04-05T18:45:00Z,2025-03-24T19:22:49Z,2025-03-26T02:42:39Z,LIVE,7,196.00,39.20,GBP
8801124,1,2,310755,Axe Throwing 60 min,2025-06-14T18:15:00Z,2025-03-26T07:45:12Z,2025-03-26T07:45:12Z,LIVE,8,232.00,53.36,EUR
8801125,1,1,310756,The Vault (60 min),2025-05-31T17:00:00Z,2025-03-26T08:53:24Z,2025-03-26T08:53:24Z,LIVE,4,100.00,20.00,GBP
8801087,2,4,310128,Casual Climb,2025-04-08T00:00:00Z,2025-03-23T10:53:59Z,2025-03-26T10:21:11Z,LIVE,3,87.00,8.70,AUD
8801061,2,3,310706,Half-Day River Tour,2025-03-30T15:45:00Z,2025-03-21T03:00:28Z,2025-03-26T12:27:03Z,CANCELLED,4,316.00,26.07,USD
8801126,1,2,310757,Axe Throwing 60 min,2025-04-02T18:00:00Z,2025-03-26T15:33:56Z,2025-03-26T15:33:56Z,LIVE,7,203.00,46.69,EUR
8801127,1,2,310268,Axe Throwing 60 min,2025-03-29T20:00:00Z,2025-03-26T16:05:28Z,2025-03-26T16:05:28Z,LIVE,8,232.00,53.36,EUR
8801128,1,1,310758,The Vault (60 min),2025-06-04T19:30:00Z,2025-03-26T16:23:48Z,2025-03-26T16:23:48Z,LIVE,5,125.00,25.00,GBP
8801129,1,1,310759,Mini Mystery (30 min),2025-04-06T19:45:00Z,2025-03-26T17:01:40Z,2025-03-26T17:01:40Z,LIVE,4,60.00,12.00,GBP
8801130,1,2,310731,Axe Throwing 90 min,2025-03-29T20:45:00Z,2025-03-26T17:47:57Z,2025-03-26T17:47:57Z,LIVE,4,156.00,35.88,EUR
8801121,2,3,310752,Sunrise Paddle,2025-03-30T14:00:00Z,2025-03-26T00:43:49Z,2025-03-26T17:56:15Z,LIVE,7,315.00,25.99,USD
8801131,1,3,310760,Sunrise Paddle,2025-03-27T13:00:00Z,2025-03-26T20:12:56Z,2025-03-26T20:12:56Z,LIVE,5,225.00,18.56,USD
8801131,1,3,310760,Sunrise Paddle,2025-03-27T13:00:00Z,2025-03-26T20:12:56Z,2025-03-26T20:12:56Z,LIVE,5,225.00,18.56,USD
8801132,1,4,310761,Casual Climb,2025-03-27T06:00:00Z,2025-03-26T21:29:45Z,2025-03-26T21:29:45Z,LIVE,3,87.00,8.70,AUD
8801133,1,4,310395,Kids Climb Session,2025-03-26T22:45:00Z,2025-03-26T21:52:27Z,2025-03-26T21:52:27Z,LIVE,1,24.00,2.40,AUD
8801134,1,3,310762,Half-Day River Tour,2025-04-07T12:00:00Z,2025-03-27T02:20:51Z,2025-03-27T02:20:51Z,LIVE,4,316.00,26.07,USD
8801135,1,5,310763,Open Play,2025-04-04T15:15:00Z,2025-03-27T03:36:30Z,2025-03-27T03:36:30Z,LIVE,5,195.00,5.66,USD
8801136,1,4,310284,Kids Climb Session,2025-06-19T08:30:00Z,2025-03-27T04:40:53Z,2025-03-27T04:40:53Z,LIVE,4,96.00,9.60,AUD
8801137,1,2,310215,Axe Throwing 90 min,2025-03-31T19:30:00Z,2025-03-27T10:09:35Z,2025-03-27T10:09:35Z,LIVE,2,78.00,17.94,EUR
8801138,1,2,310764,Axe Throwing 90 min,2025-04-01T19:00:00Z,2025-03-27T11:03:53Z,2025-03-27T11:03:53Z,LIVE,6,234.00,53.82,EUR
8801138,1,2,310764,Axe Throwing 90 min,2025-04-01T19:00:00Z,2025-03-27T11:03:53Z,2025-03-27T11:03:53Z,LIVE,6,234.00,53.82,EUR
8801139,1,1,310765,Asylum (60 min),2025-03-28T20:15:00Z,2025-03-27T13:55:05Z,2025-03-27T13:55:05Z,LIVE,4,112.00,22.40,GBP
8801140,1,5,310766,Private Group Game,2025-04-20T19:15:00Z,2025-03-27T17:18:48Z,2025-03-27T17:18:48Z,LIVE,10,550.00,15.95,USD
8801141,1,5,310500,Open Play,2025-03-27T20:30:00Z,2025-03-27T17:47:23Z,2025-03-27T17:47:23Z,LIVE,5,195.00,5.66,USD
8801142,1,3,310013,Sunrise Paddle,2025-04-02T14:00:00Z,2025-03-27T17:54:50Z,2025-03-27T17:54:50Z,LIVE,3,135.00,11.14,USD
8801143,1,2,310767,Axe Throwing 90 min,2025-04-03T19:00:00Z,2025-03-27T19:33:23Z,2025-03-27T19:33:23Z,LIVE,3,117.00,26.91,EUR
8801144,1,1,310338,The Vault (60 min),2025-03-29T17:30:00Z,2025-03-27T20:34:19Z,2025-03-27T20:34:19Z,LIVE,3,75.00,15.00,GBP
8801089,2,1,310729,The Vault (60 min),2025-04-11T15:00:00Z,2025-03-23T11:04:32Z,2025-03-27T22:19:32Z,LIVE,8,200.00,40.00,GBP
8801145,1,2,310137,Axe Throwing 90 min,2025-05-24T20:30:00Z,2025-03-27T23:55:37Z,2025-03-27T23:55:37Z,LIVE,8,312.00,71.76,EUR
8801146,1,5,310299,Private Group Game,2025-03-29T18:45:00Z,2025-03-28T00:23:23Z,2025-03-28T00:23:23Z,LIVE,7,385.00,11.17,USD
8800990,2,1,310162,The Vault (60 min),2025-04-06T14:00:00Z,2025-03-12T23:35:41Z,2025-03-28T01:56:45Z,CANCELLED,3,75.00,15.00,GBP
8801147,1,5,310768,Private Group Game,2025-04-01T16:15:00Z,2025-03-28T03:56:35Z,2025-03-28T03:56:35Z,LIVE,7,385.00,11.17,USD
8801148,1,4,310769,Intro to Bouldering,2025-03-28T07:00:00Z,2025-03-28T04:05:42Z,2025-03-28T04:05:42Z,LIVE,2,98.00,9.80,AUD
8801149,1,6,310770,Test Experience,2025-03-28T10:45:00Z,2025-03-28T09:52:41Z,2025-03-28T09:52:41Z,LIVE,4,4.00,0.80,GBP
8801150,1,4,310135,Casual Climb,2025-03-30T01:30:00Z,2025-03-28T10:18:24Z,2025-03-28T10:18:24Z,LIVE,1,29.00,2.90,AUD
8801151,1,1,310708,The Vault (60 min),2025-03-28T19:45:00Z,2025-03-28T10:42:37Z,2025-03-28T10:42:37Z,LIVE,5,125.00,25.00,GBP
8801152,1,1,310771,The Vault (60 min),2025-03-29T14:30:00Z,2025-03-28T11:29:51Z,2025-03-28T11:29:51Z,LIVE,5,125.00,25.00,GBP
8801153,1,1,310772,Mini Mystery (30 min),2025-03-28T19:00:00Z,2025-03-28T12:39:37Z,2025-03-28T12:39:37Z,LIVE,2,30.00,6.00,GBP
8801154,1,5,310773,Open Play,2025-04-03T19:30:00Z,2025-03-28T13:12:25Z,2025-03-28T13:12:25Z,LIVE,4,156.00,4.52,USD
8801155,1,2,310774,Axe Throwing 90 min,2025-03-31T18:30:00Z,2025-03-28T16:34:40Z,2025-03-28T16:34:40Z,LIVE,8,312.00,71.76,EUR
8801156,1,5,310775,Open Play,2025-03-28T20:00:00Z,2025-03-28T17:51:34Z,2025-03-28T17:51:34Z,LIVE,7,273.00,7.92,USD
8801157,1,3,310776,Half-Day River Tour,2025-03-29T13:30:00Z,2025-03-28T19:36:18Z,2025-03-28T19:36:18Z,LIVE,3,237.00,19.55,USD
8800882,2,1,310155,The Vault (60 min),2025-03-30T18:30:00Z,2025-03-01T09:22:31Z,2025-03-28T19:42:48Z,CANCELLED,3,75.00,15.00,GBP
8801158,1,3,310258,Sunrise Paddle,2025-04-05T14:15:00Z,2025-03-28T22:42:52Z,2025-03-28T22:42:52Z,LIVE,4,180.00,14.85,USD
8801159,1,4,310212,Intro to Bouldering,2025-04-18T04:45:00Z,2025-03-28T23:05:18Z,2025-03-28T23:05:18Z,LIVE,1,49.00,4.90,AUD
8801160,1,3,310622,Half-Day River Tour,2025-04-13T15:00:00Z,2025-03-28T23:46:15Z,2025-03-28T23:46:15Z,LIVE,5,395.00,32.59,USD
8801111,2,2,310446,Axe Throwing 60 min,2025-04-23T18:45:00Z,2025-03-25T13:52:23Z,2025-03-29T01:53:22Z,LIVE,5,145.00,33.35,EUR
8801161,1,1,310777,Asylum (60 min),2025-03-29T20:45:00Z,2025-03-29T07:59:45Z,2025-03-29T07:59:45Z,LIVE,3,84.00,16.80,GBP
8801162,1,2,310778,Axe Throwing 90 min,2025-04-03T16:15:00Z,2025-03-29T09:11:42Z,2025-03-29T09:11:42Z,LIVE,3,117.00,26.91,EUR
8801163,1,1,310779,The Vault (60 min),2025-04-09T16:15:00Z,2025-03-29T12:13:17Z,2025-03-29T12:13:17Z,LIVE,3,75.00,15.00,GBP
8801164,1,3,310753,Sunrise Paddle,2025-03-30T11:00:00Z,2025-03-29T13:18:34Z,2025-03-29T13:18:34Z,LIVE,2,90.00,7.43,USD
8801165,1,5,310780,Private Group Game,2025-03-29T16:15:00Z,2025-03-29T14:44:58Z,2025-03-29T14:44:58Z,LIVE,6,330.00,9.57,USD
8801166,1,3,310781,Half-Day River Tour,2025-04-20T14:00:00Z,2025-03-29T16:09:34Z,2025-03-29T16:09:34Z,LIVE,2,158.00,13.04,USD
8801167,1,5,310782,Open Play,2025-03-29T22:00:00Z,2025-03-29T17:49:12Z,2025-03-29T17:49:12Z,LIVE,10,390.00,11.31,USD
8801168,1,5,310409,Private Group Game,2025-03-29T19:30:00Z,2025-03-29T17:56:15Z,2025-03-29T17:56:15Z,LIVE,4,220.00,6.38,USD
8801169,1,1,310783,Mini Mystery (30 min),2025-04-04T14:00:00Z,2025-03-29T21:08:54Z,2025-03-29T21:08:54Z,LIVE,6,90.00,18.00,GBP
8801169,2,1,310783,Mini Mystery (30 min),2025-04-04T14:00:00Z,2025-03-29T21:08:54Z,2025-03-29T21:21:30Z,LIVE,8,120.00,24.00,GBP
8801170,1,2,310784,Axe Throwing 90 min,2025-04-12T14:15:00Z,2025-03-29T21:33:01Z,2025-03-29T21:33:01Z,LIVE,4,156.00,35.88,EUR
8801171,1,3,310243,Kayak Rental 2 hr,2025-04-26T13:15:00Z,2025-03-30T00:26:03Z,2025-03-30T00:26:03Z,LIVE,5,175.00,14.44,USD
8801172,1,5,310298,Private Group Game,2025-04-26T19:00:00Z,2025-03-30T01:57:36Z,2025-03-30T01:57:36Z,LIVE,11,605.00,17.55,USD
8801173,1,5,310083,Private Group Game,2025-04-26T22:30:00Z,2025-03-30T05:15:47Z,2025-03-30T05:15:47Z,LIVE,8,440.00,12.76,USD
8801174,1,4,310011,Casual Climb,2025-05-31T06:30:00Z,2025-03-30T06:04:39Z,2025-03-30T06:04:39Z,LIVE,4,116.00,11.60,AUD
8801175,1,2,310785,Axe Throwing 90 min,2025-03-31T19:30:00Z,2025-03-30T07:31:32Z,2025-03-30T07:31:32Z,LIVE,2,78.00,17.94,EUR
8801176,1,1,310438,Mini Mystery (30 min),2025-04-18T18:15:00Z,2025-03-30T08:34:42Z,2025-03-30T08:34:42Z,LIVE,2,30.00,6.00,GBP
8801177,1,1,310786,The Vault (60 min),2025-03-30T15:00:00Z,2025-03-30T09:32:35Z,2025-03-30T09:32:35Z,LIVE,6,150.00,30.00,GBP
8801178,1,3,310132,Half-Day River Tour,2025-03-30T14:15:00Z,2025-03-30T12:21:00Z,2025-03-30T12:21:00Z,LIVE,2,158.00,13.04,USD
8801179,1,3,310415,Half-Day River Tour,2025-03-30T16:30:00Z,2025-03-30T12:54:32Z,2025-03-30T12:54:32Z,LIVE,4,316.00,26.07,USD
8801180,1,1,310787,The Vault (60 min),2025-04-23T19:30:00Z,2025-03-30T15:21:49Z,2025-03-30T15:21:49Z,LIVE,5,125.00,25.00,GBP
8800911,2,3,310617,Kayak Rental 2 hr,2025-05-03T12:45:00Z,2025-03-04T22:08:10Z,2025-03-30T19:57:15Z,LIVE,3,105.00,8.66,USD
8801181,1,4,310788,Casual Climb,2025-04-30T02:30:00Z,2025-03-31T07:53:10Z,2025-03-31T07:53:10Z,LIVE,4,116.00,11.60,AUD
8801182,1,1,310111,Asylum (60 min),2025-03-31T19:45:00Z,2025-03-31T11:47:07Z,2025-03-31T11:47:07Z,LIVE,3,84.00,16.80,GBP
8801162,2,2,310778,Axe Throwing 90 min,2025-04-03T16:15:00Z,2025-03-29T09:11:42Z,2025-03-31T14:07:18Z,LIVE,4,156.00,35.88,EUR
8801183,1,3,310789,Kayak Rental 2 hr,2025-04-05T14:00:00Z,2025-03-31T15:14:17Z,2025-03-31T15:14:17Z,LIVE,2,70.00,5.78,USD
8801184,1,3,310036,Kayak Rental 2 hr,2025-04-23T18:30:00Z,2025-03-31T19:06:38Z,2025-03-31T19:06:38Z,LIVE,3,105.00,8.66,USD
8801185,1,2,310348,Axe Throwing 90 min,2025-04-06T20:00:00Z,2025-03-31T19:15:20Z,2025-03-31T19:15:20Z,LIVE,5,195.00,44.85,EUR
8801186,1,3,310790,Sunrise Paddle,2025-04-02T14:15:00Z,2025-03-31T19:44:54Z,2025-03-31T19:44:54Z,LIVE,2,90.00,7.43,USD
8801187,1,2,310791,Axe Throwing 60 min,2025-04-19T20:30:00Z,2025-03-31T20:54:07Z,2025-03-31T20:54:07Z,LIVE,6,174.00,40.02,EUR
8801188,1,1,310792,Asylum (60 min),2025-06-15T17:00:00Z,2025-03-31T20:56:18Z,2025-03-31T20:56:18Z,LIVE,2,56.00,11.20,GBP
8801189,1,3,310793,Kayak Rental 2 hr,2025-04-01T18:00:00Z,2025-04-01T02:51:22Z,2025-04-01T02:51:22Z,LIVE,1,35.00,2.89,USD
8801129,2,1,310759,Mini Mystery (30 min),2025-04-06T19:45:00Z,2025-03-26T17:01:40Z,2025-04-01T06:26:33Z,CANCELLED,4,60.00,12.00,GBP
8801190,1,2,310097,Axe Throwing 60 min,2025-04-03T18:00:00Z,2025-04-01T12:36:57Z,2025-04-01T12:36:57Z,LIVE,3,87.00,20.01,EUR
8801191,1,5,310794,Open Play,2025-04-02T19:30:00Z,2025-04-01T13:53:27Z,2025-04-01T13:53:27Z,LIVE,12,468.00,13.57,USD
8801192,1,3,310678,Sunrise Paddle,2025-04-06T20:15:00Z,2025-04-01T14:13:16Z,2025-04-01T14:13:16Z,LIVE,2,90.00,7.43,USD
8801189,2,3,310793,Kayak Rental 2 hr,2025-04-01T18:00:00Z,2025-04-01T02:51:22Z,2025-04-01T16:30:18Z,CANCELLED,1,35.00,2.89,USD
8801193,1,3,310795,Half-Day River Tour,2025-04-12T16:15:00Z,2025-04-02T00:44:46Z,2025-04-02T00:44:46Z,LIVE,4,316.00,26.07,USD
8801194,1,5,310796,Open Play,2025-04-06T17:15:00Z,2025-04-02T00:56:11Z,2025-04-02T00:56:11Z,LIVE,9,351.00,10.18,USD
8801195,1,3,310797,Half-Day River Tour,2025-04-06T13:45:00Z,2025-04-02T00:57:40Z,2025-04-02T00:57:40Z,LIVE,5,395.00,32.59,USD
8801196,1,5,310798,Private Group Game,2025-04-02T17:45:00Z,2025-04-02T01:29:36Z,2025-04-02T01:29:36Z,LIVE,9,495.00,14.36,USD
8801197,1,2,310799,Axe Throwing 90 min,2025-04-02T16:15:00Z,2025-04-02T07:26:10Z,2025-04-02T07:26:10Z,LIVE,8,312.00,71.76,EUR
8801198,1,1,310456,The Vault (60 min),2025-04-02T17:45:00Z,2025-04-02T09:28:13Z,2025-04-02T09:28:13Z,LIVE,6,150.00,30.00,GBP
8800976,2,2,310655,Axe Throwing 60 min,2025-04-05T18:45:00Z,2025-03-11T12:59:21Z,2025-04-02T12:00:09Z,CANCELLED,2,58.00,13.34,EUR
8801199,1,3,310800,Sunrise Paddle,2025-04-11T12:45:00Z,2025-04-02T12:04:11Z,2025-04-02T12:04:11Z,LIVE,4,180.00,14.85,USD
8801200,1,2,310215,Axe Throwing 60 min,2025-05-02T18:45:00Z,2025-04-02T12:37:07Z,2025-04-02T12:37:07Z,LIVE,4,116.00,26.68,EUR
8801201,1,3,310801,Half-Day River Tour,2025-04-20T14:45:00Z,2025-04-02T14:50:10Z,2025-04-02T14:50:10Z,LIVE,1,79.00,6.52,USD
8800900,3,4,310609,Casual Climb,2025-04-23T01:30:00Z,2025-03-03T00:46:50Z,2025-04-02T15:03:31Z,CANCELLED,3,87.00,8.70,AUD
8801202,1,3,310802,Half-Day River Tour,2025-04-27T13:15:00Z,2025-04-02T16:22:42Z,2025-04-02T16:22:42Z,LIVE,3,237.00,19.55,USD
8801174,2,4,310011,Casual Climb,2025-05-31T06:30:00Z,2025-03-30T06:04:39Z,2025-04-02T18:57:00Z,LIVE,6,174.00,17.40,AUD
8801203,1,2,310803,Axe Throwing 90 min,2025-04-08T17:15:00Z,2025-04-02T19:02:19Z,2025-04-02T19:02:19Z,LIVE,2,78.00,17.94,EUR
8801204,1,4,310804,Intro to Bouldering,2025-04-03T06:00:00Z,2025-04-02T20:15:22Z,2025-04-02T20:15:22Z,LIVE,2,98.00,9.80,AUD
8801205,1,3,310139,Kayak Rental 2 hr,2025-04-08T14:30:00Z,2025-04-02T22:39:21Z,2025-04-02T22:39:21Z,LIVE,4,140.00,11.55,USD
8801206,1,3,310744,Sunrise Paddle,2025-04-03T12:30:00Z,2025-04-02T23:00:56Z,2025-04-02T23:00:56Z,LIVE,2,90.00,7.43,USD
8801207,1,3,310691,Kayak Rental 2 hr,2025-04-03T12:45:00Z,2025-04-03T04:12:42Z,2025-04-03T04:12:42Z,LIVE,2,70.00,5.78,USD
8801208,1,2,310805,Axe Throwing 60 min,2025-04-06T16:45:00Z,2025-04-03T07:14:01Z,2025-04-03T07:14:01Z,LIVE,6,174.00,40.02,EUR
8801209,1,4,310806,Intro to Bouldering,2025-06-19T07:15:00Z,2025-04-03T07:45:25Z,2025-04-03T07:45:25Z,LIVE,3,147.00,14.70,AUD
8801210,1,5,310035,Open Play,2025-04-03T19:15:00Z,2025-04-03T17:15:14Z,2025-04-03T17:15:14Z,LIVE,5,195.00,5.66,USD
8801211,1,5,310317,Open Play,2025-04-17T17:30:00Z,2025-04-03T17:17:11Z,2025-04-03T17:17:11Z,LIVE,11,429.00,12.44,USD
8801210,2,5,310035,Open Play,2025-04-03T19:15:00Z,2025-04-03T17:15:14Z,2025-04-03T17:41:56Z,LIVE,7,273.00,7.92,USD
8801212,1,2,310506,Axe Throwing 90 min,2025-04-21T20:00:00Z,2025-04-03T18:16:01Z,2025-04-03T18:16:01Z,LIVE,2,78.00,17.94,EUR
8801213,1,1,310807,Asylum (60 min),2025-04-09T20:45:00Z,2025-04-03T19:41:30Z,2025-04-03T19:41:30Z,LIVE,5,140.00,28.00,GBP
8801214,1,3,310808,Sunrise Paddle,2025-04-25T14:30:00Z,2025-04-03T22:31:18Z,2025-04-03T22:31:18Z,LIVE,3,135.00,11.14,USD
8801193,2,3,310795,Half-Day River Tour,2025-04-12T16:15:00Z,2025-04-02T00:44:46Z,2025-04-04T00:03:31Z,LIVE,5,395.00,32.59,USD
8801215,1,5,310809,Private Group Game,2025-05-19T16:00:00Z,2025-04-04T00:21:21Z,2025-04-04T00:21:21Z,LIVE,9,495.00,14.36,USD
8801216,1,3,310810,Half-Day River Tour,2025-06-03T15:00:00Z,2025-04-04T00:38:11Z,2025-04-04T00:38:11Z,LIVE,4,316.00,26.07,USD
8801217,1,3,310811,Kayak Rental 2 hr,2025-04-08T16:15:00Z,2025-04-04T02:45:25Z,2025-04-04T02:45:25Z,LIVE,2,70.00,5.78,USD
8801218,1,5,310812,Private Group Game,2025-04-10T21:15:00Z,2025-04-04T05:53:29Z,2025-04-04T05:53:29Z,LIVE,7,385.00,11.17,USD
8801219,1,2,310002,Axe Throwing 90 min,2025-04-08T19:00:00Z,2025-04-04T06:19:13Z,2025-04-04T06:19:13Z,LIVE,6,234.00,53.82,EUR
8801220,1,2,310813,Axe Throwing 90 min,2025-04-06T20:00:00Z,2025-04-04T06:34:20Z,2025-04-04T06:34:20Z,LIVE,8,312.00,71.76,EUR
8801221,1,2,310814,Axe Throwing 60 min,2025-06-16T20:00:00Z,2025-04-04T10:07:12Z,2025-04-04T10:07:12Z,LIVE,8,232.00,53.36,EUR
8801222,1,1,310066,Asylum (60 min),2025-04-04T18:30:00Z,2025-04-04T11:48:56Z,2025-04-04T11:48:56Z,LIVE,3,84.00,16.80,GBP
8801223,1,1,310765,The Vault (60 min),2025-05-04T19:00:00Z,2025-04-04T14:14:28Z,2025-04-04T14:14:28Z,LIVE,3,75.00,15.00,GBP
8801047,2,1,310697,Asylum (60 min),2025-04-13T14:00:00Z,2025-03-19T09:02:56Z,2025-04-04T15:30:01Z,CANCELLED,5,140.00,28.00,GBP
8801224,1,3,310815,Half-Day River Tour,2025-04-19T18:00:00Z,2025-04-04T18:11:04Z,2025-04-04T18:11:04Z,LIVE,1,79.00,6.52,USD
8801225,1,5,310443,Open Play,2025-04-17T22:00:00Z,2025-04-04T20:28:28Z,2025-04-04T20:28:28Z,LIVE,4,156.00,4.52,USD
8801226,1,4,310179,Kids Climb Session,2025-05-03T01:30:00Z,2025-04-04T21:33:17Z,2025-04-04T21:33:17Z,LIVE,2,48.00,4.80,AUD
8801227,1,4,310816,Casual Climb,2025-04-05T06:00:00Z,2025-04-04T21:52:02Z,2025-04-04T21:52:02Z,LIVE,2,58.00,5.80,AUD
8801228,1,4,310817,Kids Climb Session,2025-05-17T04:00:00Z,2025-04-05T02:00:30Z,2025-04-05T02:00:30Z,LIVE,1,24.00,2.40,AUD
8801229,1,4,310570,Casual Climb,2025-04-08T04:00:00Z,2025-04-05T02:43:43Z,2025-04-05T02:43:43Z,LIVE,2,58.00,5.80,AUD
8801230,1,4,310273,Intro to Bouldering,2025-04-20T06:15:00Z,2025-04-05T03:51:00Z,2025-04-05T03:51:00Z,LIVE,4,196.00,19.60,AUD
8801231,1,1,310818,Asylum (60 min),2025-04-12T19:00:00Z,2025-04-05T06:10:37Z,2025-04-05T06:10:37Z,LIVE,5,140.00,28.00,GBP
8801232,1,1,310412,Asylum (60 min),2025-04-19T16:00:00Z,2025-04-05T08:03:07Z,2025-04-05T08:03:07Z,LIVE,4,112.00,22.40,GBP
8801233,1,2,310446,Axe Throwing 90 min,2025-04-06T17:45:00Z,2025-04-05T08:17:45Z,2025-04-05T08:17:45Z,LIVE,4,156.00,35.88,EUR
8801234,1,4,310819,Intro to Bouldering,2025-04-06T07:45:00Z,2025-04-05T09:41:59Z,2025-04-05T09:41:59Z,LIVE,3,147.00,14.70,AUD
8801235,1,1,310100,The Vault (60 min),2025-04-05T19:00:00Z,2025-04-05T10:00:22Z,2025-04-05T10:00:22Z,LIVE,6,150.00,30.00,GBP
8801236,1,1,310820,Asylum (60 min),2025-04-26T14:45:00Z,2025-04-05T11:32:42Z,2025-04-05T11:32:42Z,LIVE,3,84.00,16.80,GBP
8801237,1,1,310821,Asylum (60 min),2025-04-05T15:00:00Z,2025-04-05T12:15:48Z,2025-04-05T12:15:48Z,LIVE,5,140.00,28.00,GBP
8801238,1,2,310767,Axe Throwing 60 min,2025-04-29T17:45:00Z,2025-04-05T12:50:24Z,2025-04-05T12:50:24Z,LIVE,5,145.00,33.35,EUR
8801239,1,2,310097,Axe Throwing 90 min,2025-04-05T17:00:00Z,2025-04-05T15:01:34Z,2025-04-05T15:01:34Z,LIVE,3,117.00,26.91,EUR
8801195,2,3,310797,Half-Day River Tour,2025-04-06T13:45:00Z,2025-04-02T00:57:40Z,2025-04-05T23:28:51Z,CANCELLED,5,395.00,32.59,USD
8801240,1,3,310822,Half-Day River Tour,2025-04-10T12:15:00Z,2025-04-06T00:23:31Z,2025-04-06T00:23:31Z,LIVE,2,158.00,13.04,USD
8800991,2,4,310659,Kids Climb Session,2025-04-18T00:30:00Z,2025-03-13T11:02:22Z,2025-04-06T08:39:04Z,CANCELLED,3,72.00,7.20,AUD
8801241,1,2,310823,Axe Throwing 60 min,2025-04-06T19:45:00Z,2025-04-06T08:56:21Z,2025-04-06T08:56:21Z,LIVE,6,174.00,40.02,EUR
8801242,1,1,310824,The Vault (60 min),2025-04-06T17:30:00Z,2025-04-06T09:45:14Z,2025-04-06T09:45:14Z,LIVE,2,50.00,10.00,GBP
8801171,2,3,310243,Kayak Rental 2 hr,2025-04-26T13:15:00Z,2025-03-30T00:26:03Z,2025-04-06T10:40:08Z,LIVE,6,210.00,17.33,USD
8801243,1,3,310825,Kayak Rental 2 hr,2025-05-04T16:30:00Z,2025-04-06T12:38:02Z,2025-04-06T12:38:02Z,LIVE,4,140.00,11.55,USD
8801244,1,3,310826,Sunrise Paddle,2025-04-06T15:00:00Z,2025-04-06T14:23:18Z,2025-04-06T14:23:18Z,LIVE,1,45.00,3.71,USD
8801245,1,2,310137,Axe Throwing 60 min,2025-04-13T20:30:00Z,2025-04-06T21:08:37Z,2025-04-06T21:08:37Z,LIVE,2,58.00,13.34,EUR
8800644,2,2,310441,Axe Throwing 90 min,2025-04-30T18:30:00Z,2025-02-08T18:58:52Z,2025-04-06T21:28:42Z,CANCELLED,2,78.00,17.94,EUR
8800741,2,2,310502,Axe Throwing 60 min,2025-04-14T19:45:00Z,2025-02-16T16:24:57Z,2025-04-06T23:22:38Z,CANCELLED,2,58.00,13.34,EUR
8801246,1,4,310827,Kids Climb Session,2025-04-13T04:45:00Z,2025-04-07T00:33:49Z,2025-04-07T00:33:49Z,LIVE,2,48.00,4.80,AUD
8801231,2,1,310818,Asylum (60 min),2025-04-12T19:00:00Z,2025-04-05T06:10:37Z,2025-04-07T02:55:40Z,LIVE,7,196.00,39.20,GBP
8801247,1,3,310265,Kayak Rental 2 hr,2025-05-04T13:45:00Z,2025-04-07T03:54:16Z,2025-04-07T03:54:16Z,LIVE,4,140.00,11.55,USD
8801248,1,3,310828,Kayak Rental 2 hr,2025-04-09T14:45:00Z,2025-04-07T04:58:50Z,2025-04-07T04:58:50Z,LIVE,1,35.00,2.89,USD
8801249,1,1,310829,Mini Mystery (30 min),2025-04-12T15:00:00Z,2025-04-07T08:08:03Z,2025-04-07T08:08:03Z,LIVE,2,30.00,6.00,GBP
8801250,1,1,310783,The Vault (60 min),2025-04-07T16:30:00Z,2025-04-07T09:37:39Z,2025-04-07T09:37:39Z,LIVE,5,125.00,25.00,GBP
8801251,1,1,310262,The Vault (60 min),2025-04-09T14:00:00Z,2025-04-07T11:34:38Z,2025-04-07T11:34:38Z,LIVE,4,100.00,20.00,GBP
8801224,2,3,310815,Half-Day River Tour,2025-04-19T18:00:00Z,2025-04-04T18:11:04Z,2025-04-07T12:52:29Z,LIVE,2,158.00,13.04,USD
8801252,1,1,310830,Asylum (60 min),2025-04-11T20:45:00Z,2025-04-07T13:06:57Z,2025-04-07T13:06:57Z,LIVE,5,140.00,28.00,GBP
8801253,1,3,310831,Sunrise Paddle,2025-04-08T12:30:00Z,2025-04-07T14:55:27Z,2025-04-07T14:55:27Z,LIVE,2,90.00,7.43,USD
8801254,1,2,310832,Axe Throwing 60 min,2025-04-20T19:30:00Z,2025-04-07T15:30:39Z,2025-04-07T15:30:39Z,LIVE,4,116.00,26.68,EUR
8801255,1,2,310126,Axe Throwing 90 min,2025-04-10T12:15:00Z,2025-04-07T20:10:38Z,2025-04-07T20:10:38Z,LIVE,2,78.00,17.94,EUR
8801256,1,5,310334,Private Group Game,2025-06-14T16:30:00Z,2025-04-08T00:30:38Z,2025-04-08T00:30:38Z,LIVE,12,660.00,19.14,USD
8801257,1,4,310063,Casual Climb,2025-04-29T06:30:00Z,2025-04-08T00:37:12Z,2025-04-08T00:37:12Z,LIVE,3,87.00,8.70,AUD
8801258,1,2,310833,Axe Throwing 60 min,2025-05-01T14:45:00Z,2025-04-08T09:12:18Z,2025-04-08T09:12:18Z,LIVE,4,116.00,26.68,EUR
8801259,1,2,310439,Axe Throwing 60 min,2025-04-14T19:30:00Z,2025-04-08T12:30:18Z,2025-04-08T12:30:18Z,LIVE,4,116.00,26.68,EUR
8801260,1,4,310434,Casual Climb,2025-06-24T23:30:00Z,2025-04-08T12:49:55Z,2025-04-08T12:49:55Z,LIVE,2,58.00,5.80,AUD
8801261,1,1,310834,The Vault (60 min),2025-04-08T15:00:00Z,2025-04-08T13:23:19Z,2025-04-08T13:23:19Z,LIVE,5,125.00,25.00,GBP
8801262,1,4,310835,Casual Climb,2025-04-23T07:00:00Z,2025-04-08T13:49:00Z,2025-04-08T13:49:00Z,LIVE,4,116.00,11.60,AUD
8801263,1,5,310078,Private Group Game,2025-04-15T15:45:00Z,2025-04-08T14:25:02Z,2025-04-08T14:25:02Z,LIVE,4,220.00,6.38,USD
8801264,1,5,310836,Open Play,2025-04-20T16:30:00Z,2025-04-08T19:49:39Z,2025-04-08T19:49:39Z,LIVE,7,273.00,7.92,USD
8801265,1,4,310837,Kids Climb Session,2025-04-09T01:00:00Z,2025-04-08T21:09:33Z,2025-04-08T21:09:33Z,LIVE,4,96.00,9.60,AUD
8801266,1,5,310838,Private Group Game,2025-04-09T19:15:00Z,2025-04-09T01:19:58Z,2025-04-09T01:19:58Z,LIVE,6,330.00,9.57,USD
8801267,1,5,310315,Private Group Game,2025-04-12T15:30:00Z,2025-04-09T02:31:37Z,2025-04-09T02:31:37Z,LIVE,10,550.00,15.95,USD
8801268,1,1,310839,Mini Mystery (30 min),2025-05-08T20:00:00Z,2025-04-09T06:26:19Z,2025-04-09T06:26:19Z,LIVE,5,75.00,15.00,GBP
8801269,1,4,310010,Intro to Bouldering,2025-05-02T07:15:00Z,2025-04-09T09:37:31Z,2025-04-09T09:37:31Z,LIVE,4,196.00,19.60,AUD
8800771,2,3,310521,Half-Day River Tour,2025-04-29T12:30:00Z,2025-02-20T02:42:46Z,2025-04-09T12:01:25Z,CANCELLED,1,79.00,6.52,USD
8801270,1,1,310840,Asylum (60 min),2025-04-16T19:00:00Z,2025-04-09T15:29:20Z,2025-04-09T15:29:20Z,LIVE,2,56.00,11.20,GBP
8801271,1,3,310727,Half-Day River Tour,2025-04-10T12:00:00Z,2025-04-09T18:13:16Z,2025-04-09T18:13:16Z,LIVE,1,79.00,6.52,USD
8801272,1,1,310841,Mini Mystery (30 min),2025-05-24T20:45:00Z,2025-04-09T22:36:28Z,2025-04-09T22:36:28Z,LIVE,5,75.00,15.00,GBP
8801273,1,1,310238,Asylum (60 min),2025-06-28T18:30:00Z,2025-04-09T22:37:17Z,2025-04-09T22:37:17Z,LIVE,3,84.00,16.80,GBP
8801273,1,1,310238,Asylum (60 min),2025-06-28T18:30:00Z,2025-04-09T22:37:17Z,2025-04-09T22:37:17Z,LIVE,3,84.00,16.80,GBP
8801274,1,4,310842,Casual Climb,2025-04-25T05:30:00Z,2025-04-10T00:59:34Z,2025-04-10T00:59:34Z,LIVE,1,29.00,2.90,AUD
8801271,2,3,310727,Half-Day River Tour,2025-04-10T12:00:00Z,2025-04-09T18:13:16Z,2025-04-10T03:26:12Z,CANCELLED,1,79.00,6.52,USD
8801275,1,4,310179,Intro to Bouldering,2025-04-14T08:00:00Z,2025-04-10T06:08:03Z,2025-04-10T06:08:03Z,LIVE,4,196.00,19.60,AUD
8801276,1,1,310843,Asylum (60 min),2025-04-29T14:00:00Z,2025-04-10T06:54:33Z,2025-04-10T06:54:33Z,LIVE,4,112.00,22.40,GBP
8801277,1,2,310130,Axe Throwing 60 min,2025-04-10T19:45:00Z,2025-04-10T11:11:43Z,2025-04-10T11:11:43Z,LIVE,8,232.00,53.36,EUR
8801278,1,1,310844,Mini Mystery (30 min),2025-04-11T14:30:00Z,2025-04-10T14:42:33Z,2025-04-10T14:42:33Z,LIVE,2,30.00,6.00,GBP
8801279,1,1,310583,Asylum (60 min),2025-04-13T15:45:00Z,2025-04-10T15:27:39Z,2025-04-10T15:27:39Z,LIVE,5,140.00,28.00,GBP
8801252,2,1,310830,Asylum (60 min),2025-04-11T20:45:00Z,2025-04-07T13:06:57Z,2025-04-10T16:49:22Z,CANCELLED,5,140.00,28.00,GBP
8801280,1,1,310845,The Vault (60 min),2025-04-26T20:00:00Z,2025-04-10T17:04:09Z,2025-04-10T17:04:09Z,LIVE,4,100.00,20.00,GBP
8801281,1,1,310846,The Vault (60 min),2025-05-01T17:15:00Z,2025-04-10T18:10:03Z,2025-04-10T18:10:03Z,LIVE,5,125.00,25.00,GBP
8801282,1,1,310847,Asylum (60 min),2025-04-13T19:30:00Z,2025-04-10T19:12:05Z,2025-04-10T19:12:05Z,LIVE,4,112.00,22.40,GBP
8801283,1,1,310515,Mini Mystery (30 min),2025-04-23T18:00:00Z,2025-04-10T22:36:43Z,2025-04-10T22:36:43Z,LIVE,2,30.00,6.00,GBP
8801284,1,5,310848,Private Group Game,2025-04-19T19:00:00Z,2025-04-11T00:44:10Z,2025-04-11T00:44:10Z,LIVE,7,385.00,11.17,USD
8801285,1,4,310849,Casual Climb,2025-04-11T07:45:00Z,2025-04-11T01:24:44Z,2025-04-11T01:24:44Z,LIVE,1,29.00,2.90,AUD
8801286,1,4,310850,Intro to Bouldering,2025-04-16T07:30:00Z,2025-04-11T02:06:59Z,2025-04-11T02:06:59Z,LIVE,2,98.00,9.80,AUD
8800653,3,6,310447,Test Experience,2025-05-02T10:00:00Z,2025-02-09T10:21:11Z,2025-04-11T06:31:16Z,CANCELLED,6,6.00,1.20,GBP
8801287,1,2,310097,Axe Throwing 90 min,2025-04-24T12:45:00Z,2025-04-11T08:05:38Z,2025-04-11T08:05:38Z,LIVE,2,78.00,17.94,EUR
8801193,3,3,310795,Half-Day River Tour,2025-04-12T16:15:00Z,2025-04-02T00:44:46Z,2025-04-11T08:34:46Z,CANCELLED,5,395.00,32.59,USD
8801166,2,3,310781,Half-Day River Tour,2025-04-20T14:00:00Z,2025-03-29T16:09:34Z,2025-04-11T09:14:38Z,CANCELLED,2,158.00,13.04,USD
8801288,1,3,310851,Sunrise Paddle,2025-04-11T18:30:00Z,2025-04-11T12:52:20Z,2025-04-11T12:52:20Z,LIVE,2,90.00,7.43,USD
8801289,1,1,310852,Asylum (60 min),2025-04-12T15:15:00Z,2025-04-11T14:27:00Z,2025-04-11T14:27:00Z,LIVE,2,56.00,11.20,GBP
8801290,1,1,310853,Asylum (60 min),2025-04-16T20:45:00Z,2025-04-11T14:47:27Z,2025-04-11T14:47:27Z,LIVE,5,140.00,28.00,GBP
8801291,1,5,310854,Open Play,2025-04-11T19:45:00Z,2025-04-11T15:56:31Z,2025-04-11T15:56:31Z,LIVE,11,429.00,12.44,USD
8801292,1,2,310142,Axe Throwing 60 min,2025-04-18T18:45:00Z,2025-04-11T19:50:08Z,2025-04-11T19:50:08Z,LIVE,8,232.00,53.36,EUR
8801293,1,4,310011,Casual Climb,2025-04-12T01:00:00Z,2025-04-11T21:48:17Z,2025-04-11T21:48:17Z,LIVE,1,29.00,2.90,AUD
8801294,1,4,310855,Kids Climb Session,2025-04-18T07:00:00Z,2025-04-12T00:26:43Z,2025-04-12T00:26:43Z,LIVE,1,24.00,2.40,AUD
8801295,1,5,310856,Open Play,2025-05-09T19:00:00Z,2025-04-12T01:45:09Z,2025-04-12T01:45:09Z,LIVE,6,234.00,6.79,USD
8801296,1,3,310857,Sunrise Paddle,2025-05-05T12:30:00Z,2025-04-12T01:47:10Z,2025-04-12T01:47:10Z,LIVE,4,180.00,14.85,USD
8801297,1,6,310858,Test Experience,2025-04-12T14:00:00Z,2025-04-12T13:15:42Z,2025-04-12T13:15:42Z,LIVE,2,2.00,0.40,GBP
8801298,1,1,310248,Asylum (60 min),2025-04-18T18:00:00Z,2025-04-12T16:15:14Z,2025-04-12T16:15:14Z,LIVE,4,112.00,22.40,GBP
8801299,1,1,310859,Asylum (60 min),2025-04-26T18:00:00Z,2025-04-12T17:01:07Z,2025-04-12T17:01:07Z,LIVE,2,56.00,11.20,GBP
8801300,1,1,310279,Mini Mystery (30 min),2025-04-19T11:30:00Z,2025-04-12T17:04:48Z,2025-04-12T17:04:48Z,LIVE,6,90.00,18.00,GBP
8801301,1,2,310860,Axe Throwing 60 min,2025-04-17T18:15:00Z,2025-04-12T17:55:30Z,2025-04-12T17:55:30Z,LIVE,7,203.00,46.69,EUR
8801302,1,1,310807,Asylum (60 min),2025-05-20T18:30:00Z,2025-04-12T18:27:10Z,2025-04-12T18:27:10Z,LIVE,5,140.00,28.00,GBP
8801303,1,1,310861,Asylum (60 min),2025-04-19T19:00:00Z,2025-04-12T20:44:09Z,2025-04-12T20:44:09Z,LIVE,3,84.00,16.80,GBP
8801304,1,4,310862,Kids Climb Session,2025-04-18T02:45:00Z,2025-04-12T23:45:22Z,2025-04-12T23:45:22Z,LIVE,2,48.00,4.80,AUD
8801305,1,1,310252,Asylum (60 min),2025-04-13T13:30:00Z,2025-04-13T06:28:57Z,2025-04-13T06:28:57Z,LIVE,2,56.00,11.20,GBP
8801306,1,2,310863,Axe Throwing 60 min,2025-04-29T20:00:00Z,2025-04-13T07:24:49Z,2025-04-13T07:24:49Z,LIVE,8,232.00,53.36,EUR
8801307,1,1,310262,Asylum (60 min),2025-04-25T19:00:00Z,2025-04-13T13:48:25Z,2025-04-13T13:48:25Z,LIVE,6,168.00,33.60,GBP
8801308,1,2,310864,Axe Throwing 90 min,2025-04-19T19:00:00Z,2025-04-13T14:02:42Z,2025-04-13T14:02:42Z,LIVE,5,195.00,44.85,EUR
8801309,1,5,310647,Open Play,2025-04-20T19:30:00Z,2025-04-13T22:58:47Z,2025-04-13T22:58:47Z,LIVE,6,234.00,6.79,USD
8801310,1,5,310865,Open Play,2025-04-20T17:30:00Z,2025-04-14T00:10:13Z,2025-04-14T00:10:13Z,LIVE,5,195.00,5.66,USD
8800918,2,1,310438,Mini Mystery (30 min),2025-05-10T13:15:00Z,2025-03-05T20:41:13Z,2025-04-14T02:28:28Z,CANCELLED,2,30.00,6.00,GBP
8801311,1,4,310866,Kids Climb Session,2025-04-27T05:45:00Z,2025-04-14T05:24:51Z,2025-04-14T05:24:51Z,LIVE,4,96.00,9.60,AUD
8801308,2,2,310864,Axe Throwing 90 min,2025-04-19T19:00:00Z,2025-04-13T14:02:42Z,2025-04-14T09:48:36Z,LIVE,6,234.00,53.82,EUR
8801312,1,1,310867,Mini Mystery (30 min),2025-05-03T19:00:00Z,2025-04-14T10:10:18Z,2025-04-14T10:10:18Z,LIVE,6,90.00,18.00,GBP
8801313,1,2,310143,Axe Throwing 60 min,2025-05-02T19:30:00Z,2025-04-14T11:04:47Z,2025-04-14T11:04:47Z,LIVE,5,145.00,33.35,EUR
8801314,1,6,310858,Test Experience,2025-04-18T10:00:00Z,2025-04-14T11:12:52Z,2025-04-14T11:12:52Z,LIVE,2,2.00,0.40,GBP
8801315,1,1,310868,Mini Mystery (30 min),2025-04-18T20:15:00Z,2025-04-14T13:03:29Z,2025-04-14T13:03:29Z,LIVE,6,90.00,18.00,GBP
8801316,1,1,310869,Asylum (60 min),2025-04-15T14:30:00Z,2025-04-14T13:30:19Z,2025-04-14T13:30:19Z,LIVE,3,84.00,16.80,GBP
8801317,1,3,310870,Sunrise Paddle,2025-06-04T14:45:00Z,2025-04-14T18:26:57Z,2025-04-14T18:26:57Z,LIVE,5,225.00,18.56,USD
8801318,1,1,310871,The Vault (60 min),2025-05-10T16:30:00Z,2025-04-14T20:02:21Z,2025-04-14T20:02:21Z,LIVE,6,150.00,30.00,GBP
8801319,1,2,310872,Axe Throwing 90 min,2025-04-17T17:30:00Z,2025-04-14T22:18:34Z,2025-04-14T22:18:34Z,LIVE,6,234.00,53.82,EUR
8801320,1,3,310873,Half-Day River Tour,2025-04-19T11:00:00Z,2025-04-14T22:29:54Z,2025-04-14T22:29:54Z,LIVE,1,79.00,6.52,USD
8801321,1,4,310874,Intro to Bouldering,2025-06-11T06:45:00Z,2025-04-15T00:45:44Z,2025-04-15T00:45:44Z,LIVE,1,49.00,4.90,AUD
8801322,1,2,310875,Axe Throwing 60 min,2025-07-06T19:45:00Z,2025-04-15T06:26:01Z,2025-04-15T06:26:01Z,LIVE,4,116.00,26.68,EUR
8801319,2,2,310872,Axe Throwing 90 min,2025-04-17T17:30:00Z,2025-04-14T22:18:34Z,2025-04-15T10:37:41Z,LIVE,7,273.00,62.79,EUR
8801323,1,4,310434,Kids Climb Session,2025-04-19T08:15:00Z,2025-04-15T10:56:28Z,2025-04-15T10:56:28Z,LIVE,4,96.00,9.60,AUD
8801025,3,2,310682,Axe Throwing 90 min,2025-05-14T19:30:00Z,2025-03-16T14:21:37Z,2025-04-15T12:52:01Z,CANCELLED,4,156.00,35.88,EUR
8801324,1,2,310876,Axe Throwing 60 min,2025-06-14T20:30:00Z,2025-04-15T13:46:24Z,2025-04-15T13:46:24Z,LIVE,3,87.00,20.01,EUR
8801325,1,5,310078,Private Group Game,2025-04-15T20:45:00Z,2025-04-15T16:08:24Z,2025-04-15T16:08:24Z,LIVE,6,330.00,9.57,USD
8801019,2,1,310679,The Vault (60 min),2025-04-17T19:00:00Z,2025-03-15T18:35:55Z,2025-04-15T16:12:07Z,CANCELLED,4,100.00,20.00,GBP
8801326,1,3,310877,Kayak Rental 2 hr,2025-04-18T15:00:00Z,2025-04-15T18:05:27Z,2025-04-15T18:05:27Z,LIVE,3,105.00,8.66,USD
8801327,1,5,310878,Private Group Game,2025-04-26T20:00:00Z,2025-04-15T22:02:50Z,2025-04-15T22:02:50Z,LIVE,11,605.00,17.55,USD
8801328,1,5,310879,Private Group Game,2025-04-16T18:30:00Z,2025-04-15T22:17:48Z,2025-04-15T22:17:48Z,LIVE,6,330.00,9.57,USD
8801329,1,3,310536,Kayak Rental 2 hr,2025-05-03T13:00:00Z,2025-04-16T03:44:31Z,2025-04-16T03:44:31Z,LIVE,5,175.00,14.44,USD
8801330,1,1,310880,Asylum (60 min),2025-05-15T19:30:00Z,2025-04-16T09:19:13Z,2025-04-16T09:19:13Z,LIVE,2,56.00,11.20,GBP
8801331,1,1,310735,The Vault (60 min),2025-04-16T18:00:00Z,2025-04-16T09:26:03Z,2025-04-16T09:26:03Z,LIVE,2,50.00,10.00,GBP
8801332,1,4,310532,Casual Climb,2025-05-03T08:30:00Z,2025-04-16T10:08:38Z,2025-04-16T10:08:38Z,LIVE,4,116.00,11.60,AUD
8801333,1,4,310303,Kids Climb Session,2025-04-19T09:30:00Z,2025-04-16T10:50:41Z,2025-04-16T10:50:41Z,LIVE,1,24.00,2.40,AUD
8801334,1,2,310115,Axe Throwing 90 min,2025-05-10T17:00:00Z,2025-04-16T12:07:11Z,2025-04-16T12:07:11Z,LIVE,3,117.00,26.91,EUR
8801335,1,3,310881,Half-Day River Tour,2025-04-17T14:30:00Z,2025-04-16T15:42:34Z,2025-04-16T15:42:34Z,LIVE,2,158.00,13.04,USD
8801335,2,3,310881,Half-Day River Tour,2025-04-17T14:30:00Z,2025-04-16T15:42:34Z,2025-04-16T16:37:43Z,LIVE,3,237.00,19.55,USD
8801336,1,1,310882,Mini Mystery (30 min),2025-05-10T17:45:00Z,2025-04-16T21:31:09Z,2025-04-16T21:31:09Z,LIVE,5,75.00,15.00,GBP
8801294,2,4,310855,Kids Climb Session,2025-04-18T07:00:00Z,2025-04-12T00:26:43Z,2025-04-16T22:06:30Z,CANCELLED,1,24.00,2.40,AUD
8801337,1,4,310817,Kids Climb Session,2025-04-17T02:00:00Z,2025-04-17T00:47:02Z,2025-04-17T00:47:02Z,LIVE,3,72.00,7.20,AUD
8801214,2,3,310808,Sunrise Paddle,2025-04-25T14:30:00Z,2025-04-03T22:31:18Z,2025-04-17T10:50:05Z,CANCELLED,3,135.00,11.14,USD
8801338,1,3,310883,Kayak Rental 2 hr,2025-05-25T14:45:00Z,2025-04-17T12:50:02Z,2025-04-17T12:50:02Z,LIVE,1,35.00,2.89,USD
8801339,1,1,310884,Mini Mystery (30 min),2025-04-20T16:45:00Z,2025-04-17T13:11:12Z,2025-04-17T13:11:12Z,LIVE,3,45.00,9.00,GBP
8801340,1,2,310885,Axe Throwing 90 min,2025-04-22T20:00:00Z,2025-04-17T16:00:51Z,2025-04-17T16:00:51Z,LIVE,6,234.00,53.82,EUR
8801341,1,4,310886,Intro to Bouldering,2025-04-20T23:00:00Z,2025-04-17T23:32:51Z,2025-04-17T23:32:51Z,LIVE,2,98.00,9.80,AUD
8801342,1,5,310571,Private Group Game,2025-04-23T16:15:00Z,2025-04-18T00:04:25Z,2025-04-18T00:04:25Z,LIVE,12,660.00,19.14,USD
8801343,1,3,310887,Kayak Rental 2 hr,2025-04-18T12:30:00Z,2025-04-18T04:23:42Z,2025-04-18T04:23:42Z,LIVE,3,105.00,8.66,USD
8801312,2,1,310867,Mini Mystery (30 min),2025-05-03T19:00:00Z,2025-04-14T10:10:18Z,2025-04-18T07:23:26Z,LIVE,8,120.00,24.00,GBP
8801344,1,1,310888,The Vault (60 min),2025-04-19T15:00:00Z,2025-04-18T08:26:01Z,2025-04-18T08:26:01Z,LIVE,2,50.00,10.00,GBP
8801345,1,2,310875,Axe Throwing 90 min,2025-04-18T16:30:00Z,2025-04-18T09:23:39Z,2025-04-18T09:23:39Z,LIVE,2,78.00,17.94,EUR
8801346,1,1,310889,The Vault (60 min),2025-04-20T15:00:00Z,2025-04-18T09:34:12Z,2025-04-18T09:34:12Z,LIVE,5,125.00,25.00,GBP
8801345,2,2,310875,Axe Throwing 90 min,2025-04-18T16:30:00Z,2025-04-18T09:23:39Z,2025-04-18T10:39:33Z,LIVE,4,156.00,35.88,EUR
8801347,1,1,310890,The Vault (60 min),2025-04-18T20:45:00Z,2025-04-18T12:12:19Z,2025-04-18T12:12:19Z,LIVE,2,50.00,10.00,GBP
8801172,2,5,310298,Private Group Game,2025-04-26T19:00:00Z,2025-03-30T01:57:36Z,2025-04-18T12:26:06Z,CANCELLED,11,605.00,17.55,USD
8801348,1,2,310891,Axe Throwing 60 min,2025-05-13T17:30:00Z,2025-04-18T12:36:25Z,2025-04-18T12:36:25Z,LIVE,4,116.00,26.68,EUR
8801339,2,1,310884,Mini Mystery (30 min),2025-04-20T16:45:00Z,2025-04-17T13:11:12Z,2025-04-18T13:11:54Z,LIVE,4,60.00,12.00,GBP
8801299,2,1,310859,Asylum (60 min),2025-04-26T18:00:00Z,2025-04-12T17:01:07Z,2025-04-18T13:37:18Z,LIVE,3,84.00,16.80,GBP
8801349,1,1,310230,Asylum (60 min),2025-04-20T18:30:00Z,2025-04-18T13:50:55Z,2025-04-18T13:50:55Z,LIVE,4,112.00,22.40,GBP
8801350,1,2,310137,Axe Throwing 90 min,2025-04-22T19:30:00Z,2025-04-18T13:59:00Z,2025-04-18T13:59:00Z,LIVE,4,156.00,35.88,EUR
8801351,1,2,310832,Axe Throwing 60 min,2025-06-09T17:30:00Z,2025-04-18T15:40:25Z,2025-04-18T15:40:25Z,LIVE,7,203.00,46.69,EUR
8801352,1,1,310370,Asylum (60 min),2025-05-10T20:45:00Z,2025-04-18T17:12:58Z,2025-04-18T17:12:58Z,LIVE,2,56.00,11.20,GBP
8801283,2,1,310515,Mini Mystery (30 min),2025-04-23T18:00:00Z,2025-04-10T22:36:43Z,2025-04-18T19:27:43Z,CANCELLED,2,30.00,6.00,GBP
8801353,1,2,310892,Axe Throwing 60 min,2025-04-19T16:30:00Z,2025-04-18T20:50:17Z,2025-04-18T20:50:17Z,LIVE,4,116.00,26.68,EUR
8801354,1,3,310258,Sunrise Paddle,2025-04-19T11:30:00Z,2025-04-18T23:26:24Z,2025-04-18T23:26:24Z,LIVE,2,90.00,7.43,USD
8801355,1,3,310258,Kayak Rental 2 hr,2025-04-19T16:00:00Z,2025-04-19T01:16:27Z,2025-04-19T01:16:27Z,LIVE,5,175.00,14.44,USD
8801355,2,3,310258,Kayak Rental 2 hr,2025-04-19T16:00:00Z,2025-04-19T01:16:27Z,2025-04-19T02:45:12Z,LIVE,6,210.00,17.33,USD
8801356,1,4,310893,Kids Climb Session,2025-05-19T06:15:00Z,2025-04-19T04:24:30Z,2025-04-19T04:24:30Z,LIVE,3,72.00,7.20,AUD
8801340,2,2,310885,Axe Throwing 90 min,2025-04-22T20:00:00Z,2025-04-17T16:00:51Z,2025-04-19T07:37:32Z,LIVE,8,312.00,71.76,EUR
8801223,2,1,310765,The Vault (60 min),2025-05-04T19:00:00Z,2025-04-04T14:14:28Z,2025-04-19T11:23:29Z,LIVE,5,125.00,25.00,GBP
8801357,1,2,310894,Axe Throwing 90 min,2025-06-21T18:00:00Z,2025-04-19T12:04:13Z,2025-04-19T12:04:13Z,LIVE,8,312.00,71.76,EUR
8801358,1,3,310895,Sunrise Paddle,2025-04-19T14:15:00Z,2025-04-19T12:09:30Z,2025-04-19T12:09:30Z,LIVE,3,135.00,11.14,USD
8801359,1,1,310155,The Vault (60 min),2025-04-19T17:30:00Z,2025-04-19T15:35:17Z,2025-04-19T15:35:17Z,LIVE,5,125.00,25.00,GBP
8801359,2,1,310155,The Vault (60 min),2025-04-19T17:30:00Z,2025-04-19T15:35:17Z,2025-04-19T15:40:44Z,LIVE,7,175.00,35.00,GBP
8801360,1,5,310896,Private Group Game,2025-07-05T20:30:00Z,2025-04-19T21:49:34Z,2025-04-19T21:49:34Z,LIVE,5,275.00,7.98,USD
8801361,1,4,310212,Intro to Bouldering,2025-04-20T07:45:00Z,2025-04-19T22:39:12Z,2025-04-19T22:39:12Z,LIVE,3,147.00,14.70,AUD
8801362,1,3,310897,Half-Day River Tour,2025-04-20T12:15:00Z,2025-04-20T02:43:10Z,2025-04-20T02:43:10Z,LIVE,2,158.00,13.04,USD
8801362,2,3,310897,Half-Day River Tour,2025-04-20T12:15:00Z,2025-04-20T02:43:10Z,2025-04-20T04:31:25Z,LIVE,4,316.00,26.07,USD
8801363,1,5,310898,Private Group Game,2025-07-04T19:30:00Z,2025-04-20T05:19:38Z,2025-04-20T05:19:38Z,LIVE,6,330.00,9.57,USD
8801364,1,2,310899,Axe Throwing 60 min,2025-04-26T12:15:00Z,2025-04-20T07:00:22Z,2025-04-20T07:00:22Z,LIVE,7,203.00,46.69,EUR
8801171,3,3,310243,Kayak Rental 2 hr,2025-04-26T13:15:00Z,2025-03-30T00:26:03Z,2025-04-20T07:36:40Z,CANCELLED,6,210.00,17.33,USD
8801365,1,2,310900,Axe Throwing 60 min,2025-04-20T19:45:00Z,2025-04-20T09:52:06Z,2025-04-20T09:52:06Z,LIVE,8,232.00,53.36,EUR
8800911,3,3,310617,Kayak Rental 2 hr,2025-05-03T12:45:00Z,2025-03-04T22:08:10Z,2025-04-20T14:05:17Z,CANCELLED,3,105.00,8.66,USD
8801366,1,3,310901,Sunrise Paddle,2025-04-21T13:15:00Z,2025-04-20T15:52:25Z,2025-04-20T15:52:25Z,LIVE,1,45.00,3.71,USD
8801367,1,2,310902,Axe Throwing 60 min,2025-05-10T19:00:00Z,2025-04-20T16:22:48Z,2025-04-20T16:22:48Z,LIVE,6,174.00,40.02,EUR
8801299,3,1,310859,Asylum (60 min),2025-04-26T18:00:00Z,2025-04-12T17:01:07Z,2025-04-20T18:31:44Z,CANCELLED,3,84.00,16.80,GBP
8801368,1,3,310605,Half-Day River Tour,2025-05-09T12:30:00Z,2025-04-20T20:03:27Z,2025-04-20T20:03:27Z,LIVE,5,395.00,32.59,USD
8801369,1,1,310853,Asylum (60 min),2025-06-29T18:15:00Z,2025-04-20T20:05:07Z,2025-04-20T20:05:07Z,LIVE,2,56.00,11.20,GBP
8801370,1,2,310903,Axe Throwing 90 min,2025-04-25T20:15:00Z,2025-04-20T22:11:15Z,2025-04-20T22:11:15Z,LIVE,6,234.00,53.82,EUR
8801366,2,3,310901,Sunrise Paddle,2025-04-21T13:15:00Z,2025-04-20T15:52:25Z,2025-04-21T01:11:17Z,LIVE,3,135.00,11.14,USD
8801371,1,5,310904,Private Group Game,2025-07-01T20:15:00Z,2025-04-21T02:07:30Z,2025-04-21T02:07:30Z,LIVE,12,660.00,19.14,USD
8801055,2,3,310703,Half-Day River Tour,2025-04-29T12:00:00Z,2025-03-20T14:47:04Z,2025-04-21T02:46:53Z,CANCELLED,3,237.00,19.55,USD
8801372,1,2,310774,Axe Throwing 90 min,2025-05-01T16:30:00Z,2025-04-21T12:09:32Z,2025-04-21T12:09:32Z,LIVE,6,234.00,53.82,EUR
8801373,1,3,310678,Sunrise Paddle,2025-04-22T13:45:00Z,2025-04-21T15:06:20Z,2025-04-21T15:06:20Z,LIVE,2,90.00,7.43,USD
8801374,1,3,310905,Kayak Rental 2 hr,2025-05-09T14:45:00Z,2025-04-21T15:24:16Z,2025-04-21T15:24:16Z,LIVE,3,105.00,8.66,USD
8801375,1,2,310784,Axe Throwing 90 min,2025-04-26T20:00:00Z,2025-04-21T15:58:21Z,2025-04-21T15:58:21Z,LIVE,5,195.00,44.85,EUR
8801376,1,3,310043,Kayak Rental 2 hr,2025-04-28T13:30:00Z,2025-04-21T18:03:08Z,2025-04-21T18:03:08Z,LIVE,3,105.00,8.66,USD
8801377,1,3,310906,Kayak Rental 2 hr,2025-04-26T12:45:00Z,2025-04-22T02:26:37Z,2025-04-22T02:26:37Z,LIVE,1,35.00,2.89,USD
8801378,1,5,310907,Open Play,2025-04-29T19:30:00Z,2025-04-22T05:49:24Z,2025-04-22T05:49:24Z,LIVE,5,195.00,5.66,USD
8801379,1,2,310908,Axe Throwing 60 min,2025-04-25T17:30:00Z,2025-04-22T06:02:26Z,2025-04-22T06:02:26Z,LIVE,3,87.00,20.01,EUR
8801342,2,5,310571,Private Group Game,2025-04-23T16:15:00Z,2025-04-18T00:04:25Z,2025-04-22T11:25:08Z,CANCELLED,12,660.00,19.14,USD
8801380,1,1,310582,The Vault (60 min),2025-04-28T18:30:00Z,2025-04-22T11:35:27Z,2025-04-22T11:35:27Z,LIVE,3,75.00,15.00,GBP
8801381,1,1,310909,Mini Mystery (30 min),2025-06-29T18:15:00Z,2025-04-22T12:38:01Z,2025-04-22T12:38:01Z,LIVE,3,45.00,9.00,GBP
8801382,1,4,310531,Casual Climb,2025-05-20T06:00:00Z,2025-04-22T13:14:32Z,2025-04-22T13:14:32Z,LIVE,1,29.00,2.90,AUD
8801243,2,3,310825,Kayak Rental 2 hr,2025-05-04T16:30:00Z,2025-04-06T12:38:02Z,2025-04-22T13:30:13Z,CANCELLED,4,140.00,11.55,USD
8801383,1,1,310629,The Vault (60 min),2025-05-18T16:30:00Z,2025-04-22T18:36:05Z,2025-04-22T18:36:05Z,LIVE,4,100.00,20.00,GBP
8801384,1,5,310910,Open Play,2025-04-26T19:30:00Z,2025-04-22T20:27:00Z,2025-04-22T20:27:00Z,LIVE,10,390.00,11.31,USD
8801385,1,1,310911,The Vault (60 min),2025-05-02T18:30:00Z,2025-04-22T21:31:27Z,2025-04-22T21:31:27Z,LIVE,6,150.00,30.00,GBP
8801386,1,2,310731,Axe Throwing 90 min,2025-04-27T18:00:00Z,2025-04-22T22:15:26Z,2025-04-22T22:15:26Z,LIVE,8,312.00,71.76,EUR
8801384,2,5,310910,Open Play,2025-04-26T19:30:00Z,2025-04-22T20:27:00Z,2025-04-22T23:48:54Z,LIVE,12,468.00,13.57,USD
8801387,1,5,310912,Private Group Game,2025-06-23T22:15:00Z,2025-04-23T02:10:13Z,2025-04-23T02:10:13Z,LIVE,7,385.00,11.17,USD
8801388,1,5,310913,Open Play,2025-04-26T16:00:00Z,2025-04-23T02:21:50Z,2025-04-23T02:21:50Z,LIVE,8,312.00,9.05,USD
8801009,2,3,310673,Half-Day River Tour,2025-05-10T14:00:00Z,2025-03-15T00:17:47Z,2025-04-23T09:36:29Z,CANCELLED,1,79.00,6.52,USD
8801389,1,1,310830,The Vault (60 min),2025-04-24T16:45:00Z,2025-04-23T11:07:19Z,2025-04-23T11:07:19Z,LIVE,2,50.00,10.00,GBP
8801390,1,3,310914,Half-Day River Tour,2025-05-08T11:00:00Z,2025-04-23T12:52:59Z,2025-04-23T12:52:59Z,LIVE,2,158.00,13.04,USD
8801391,1,2,310506,Axe Throwing 60 min,2025-06-07T20:00:00Z,2025-04-23T13:55:01Z,2025-04-23T13:55:01Z,LIVE,4,116.00,26.68,EUR
8801392,1,1,310677,Mini Mystery (30 min),2025-04-28T18:30:00Z,2025-04-23T14:15:29Z,2025-04-23T14:15:29Z,LIVE,6,90.00,18.00,GBP
8801393,1,2,310508,Axe Throwing 60 min,2025-05-04T19:45:00Z,2025-04-23T15:14:05Z,2025-04-23T15:14:05Z,LIVE,6,174.00,40.02,EUR
8801332,2,4,310532,Casual Climb,2025-05-03T08:30:00Z,2025-04-16T10:08:38Z,2025-04-23T19:43:53Z,LIVE,6,174.00,17.40,AUD
8801394,1,5,310915,Private Group Game,2025-05-02T20:15:00Z,2025-04-24T00:32:28Z,2025-04-24T00:32:28Z,LIVE,6,330.00,9.57,USD
8801395,1,6,310916,Test Experience,2025-05-01T09:30:00Z,2025-04-24T12:17:05Z,2025-04-24T12:17:05Z,LIVE,2,2.00,0.40,GBP
8801396,1,1,310438,The Vault (60 min),2025-04-27T16:45:00Z,2025-04-24T12:25:53Z,2025-04-24T12:25:53Z,LIVE,3,75.00,15.00,GBP
8801397,1,2,310917,Axe Throwing 60 min,2025-05-01T16:00:00Z,2025-04-24T12:39:41Z,2025-04-24T12:39:41Z,LIVE,3,87.00,20.01,EUR
8801398,1,3,310918,Kayak Rental 2 hr,2025-04-24T15:45:00Z,2025-04-24T13:38:09Z,2025-04-24T13:38:09Z,LIVE,5,175.00,14.44,USD
8801399,1,3,310622,Sunrise Paddle,2025-04-30T16:45:00Z,2025-04-24T16:40:39Z,2025-04-24T16:40:39Z,LIVE,3,135.00,11.14,USD
8801400,1,2,310919,Axe Throwing 90 min,2025-04-26T19:30:00Z,2025-04-24T19:29:09Z,2025-04-24T19:29:09Z,LIVE,6,234.00,53.82,EUR
8801401,1,5,310920,Private Group Game,2025-04-26T19:45:00Z,2025-04-24T21:28:04Z,2025-04-24T21:28:04Z,LIVE,4,220.00,6.38,USD
8801402,1,4,310921,Kids Climb Session,2025-04-25T06:00:00Z,2025-04-24T22:56:30Z,2025-04-24T22:56:30Z,LIVE,3,72.00,7.20,AUD
8801403,1,4,310922,Intro to Bouldering,2025-04-25T09:30:00Z,2025-04-25T02:55:47Z,2025-04-25T02:55:47Z,LIVE,4,196.00,19.60,AUD
8801403,2,4,310922,Intro to Bouldering,2025-04-25T09:30:00Z,2025-04-25T02:55:47Z,2025-04-25T04:22:46Z,LIVE,6,294.00,29.40,AUD
8801368,2,3,310605,Half-Day River Tour,2025-05-09T12:30:00Z,2025-04-20T20:03:27Z,2025-04-25T05:09:04Z,LIVE,6,474.00,39.11,USD
8801336,2,1,310882,Mini Mystery (30 min),2025-05-10T17:45:00Z,2025-04-16T21:31:09Z,2025-04-25T08:25:07Z,LIVE,6,90.00,18.00,GBP
8801404,1,2,310501,Axe Throwing 90 min,2025-05-01T18:30:00Z,2025-04-25T09:10:46Z,2025-04-25T09:10:46Z,LIVE,3,117.00,26.91,EUR
8801405,1,2,310923,Axe Throwing 90 min,2025-05-23T19:30:00Z,2025-04-25T10:58:08Z,2025-04-25T10:58:08Z,LIVE,3,117.00,26.91,EUR
8801406,1,5,310798,Private Group Game,2025-04-25T17:30:00Z,2025-04-25T13:31:52Z,2025-04-25T13:31:52Z,LIVE,7,385.00,11.17,USD
8801407,1,3,310924,Half-Day River Tour,2025-04-25T14:30:00Z,2025-04-25T13:42:27Z,2025-04-25T13:42:27Z,LIVE,4,316.00,26.07,USD
8801407,2,3,310924,Half-Day River Tour,2025-04-25T14:30:00Z,2025-04-25T13:42:27Z,2025-04-25T13:51:26Z,LIVE,6,474.00,39.11,USD
8801408,1,5,310639,Open Play,2025-04-25T17:30:00Z,2025-04-25T14:53:28Z,2025-04-25T14:53:28Z,LIVE,8,312.00,9.05,USD
8801408,2,5,310639,Open Play,2025-04-25T17:30:00Z,2025-04-25T14:53:28Z,2025-04-25T16:04:13Z,LIVE,10,390.00,11.31,USD
8801409,1,5,310925,Private Group Game,2025-04-26T20:30:00Z,2025-04-25T16:07:25Z,2025-04-25T16:07:25Z,LIVE,7,385.00,11.17,USD
8801410,1,2,310926,Axe Throwing 90 min,2025-04-30T19:00:00Z,2025-04-25T22:34:27Z,2025-04-25T22:34:27Z,LIVE,5,195.00,44.85,EUR
8801411,1,5,310191,Private Group Game,2025-04-27T19:30:00Z,2025-04-25T23:51:17Z,2025-04-25T23:51:17Z,LIVE,8,440.00,12.76,USD
8801412,1,3,310801,Half-Day River Tour,2025-05-08T15:00:00Z,2025-04-26T00:56:10Z,2025-04-26T00:56:10Z,LIVE,1,79.00,6.52,USD
8801413,1,4,310927,Intro to Bouldering,2025-04-26T06:15:00Z,2025-04-26T01:13:36Z,2025-04-26T01:13:36Z,LIVE,4,196.00,19.60,AUD
8801414,1,4,310928,Kids Climb Session,2025-05-08T07:45:00Z,2025-04-26T10:06:55Z,2025-04-26T10:06:55Z,LIVE,1,24.00,2.40,AUD
8801415,1,4,310929,Kids Climb Session,2025-05-01T23:30:00Z,2025-04-26T10:56:53Z,2025-04-26T10:56:53Z,LIVE,1,24.00,2.40,AUD
8801416,1,3,310481,Sunrise Paddle,2025-04-26T15:30:00Z,2025-04-26T12:53:33Z,2025-04-26T12:53:33Z,LIVE,1,45.00,3.71,USD
8801417,1,1,310930,The Vault (60 min),2025-04-26T14:45:00Z,2025-04-26T13:11:07Z,2025-04-26T13:11:07Z,LIVE,2,50.00,10.00,GBP
8801418,1,3,310022,Sunrise Paddle,2025-05-03T16:00:00Z,2025-04-26T14:06:33Z,2025-04-26T14:06:33Z,LIVE,3,135.00,11.14,USD
8801419,1,1,310931,Asylum (60 min),2025-04-26T16:00:00Z,2025-04-26T14:13:20Z,2025-04-26T14:13:20Z,LIVE,2,56.00,11.20,GBP
8801420,1,5,310223,Private Group Game,2025-04-26T20:15:00Z,2025-04-26T14:35:59Z,2025-04-26T14:35:59Z,LIVE,11,605.00,17.55,USD
8801421,1,1,310932,Mini Mystery (30 min),2025-04-26T19:30:00Z,2025-04-26T16:04:03Z,2025-04-26T16:04:03Z,LIVE,2,30.00,6.00,GBP
8801422,1,2,310933,Axe Throwing 60 min,2025-05-16T12:15:00Z,2025-04-26T20:08:20Z,2025-04-26T20:08:20Z,LIVE,3,87.00,20.01,EUR
8801423,1,1,310475,Asylum (60 min),2025-04-27T18:30:00Z,2025-04-26T20:32:20Z,2025-04-26T20:32:20Z,LIVE,5,140.00,28.00,GBP
8801424,1,1,310934,The Vault (60 min),2025-04-27T18:30:00Z,2025-04-26T21:31:45Z,2025-04-26T21:31:45Z,LIVE,3,75.00,15.00,GBP
8801425,1,3,310935,Half-Day River Tour,2025-05-01T14:00:00Z,2025-04-26T23:36:56Z,2025-04-26T23:36:56Z,LIVE,5,395.00,32.59,USD
8801426,1,5,310581,Open Play,2025-05-16T22:30:00Z,2025-04-27T00:28:30Z,2025-04-27T00:28:30Z,LIVE,11,429.00,12.44,USD
8801427,1,4,310936,Kids Climb Session,2025-05-04T04:45:00Z,2025-04-27T01:49:39Z,2025-04-27T01:49:39Z,LIVE,4,96.00,9.60,AUD
8801428,1,2,310902,Axe Throwing 60 min,2025-04-27T20:30:00Z,2025-04-27T06:15:55Z,2025-04-27T06:15:55Z,LIVE,3,87.00,20.01,EUR
8801429,1,1,310937,Mini Mystery (30 min),2025-04-30T13:30:00Z,2025-04-27T06:26:31Z,2025-04-27T06:26:31Z,LIVE,4,60.00,12.00,GBP
8801423,2,1,310475,Asylum (60 min),2025-04-27T18:30:00Z,2025-04-26T20:32:20Z,2025-04-27T07:03:37Z,LIVE,7,196.00,39.20,GBP
8801430,1,1,310938,Asylum (60 min),2025-04-27T15:00:00Z,2025-04-27T09:15:35Z,2025-04-27T09:15:35Z,LIVE,5,140.00,28.00,GBP
8801431,1,2,310133,Axe Throwing 60 min,2025-05-04T19:45:00Z,2025-04-27T09:26:18Z,2025-04-27T09:26:18Z,LIVE,7,203.00,46.69,EUR
8801411,2,5,310191,Private Group Game,2025-04-27T19:30:00Z,2025-04-25T23:51:17Z,2025-04-27T11:39:17Z,CANCELLED,8,440.00,12.76,USD
8801432,1,3,310624,Sunrise Paddle,2025-05-02T14:45:00Z,2025-04-27T18:19:09Z,2025-04-27T18:19:09Z,LIVE,4,180.00,14.85,USD
8801378,2,5,310907,Open Play,2025-04-29T19:30:00Z,2025-04-22T05:49:24Z,2025-04-27T20:25:24Z,CANCELLED,5,195.00,5.66,USD
8801433,1,5,310505,Open Play,2025-05-04T20:15:00Z,2025-04-27T21:07:45Z,2025-04-27T21:07:45Z,LIVE,10,390.00,11.31,USD
8801434,1,3,310132,Sunrise Paddle,2025-05-14T13:30:00Z,2025-04-27T22:26:47Z,2025-04-27T22:26:47Z,LIVE,5,225.00,18.56,USD
8801435,1,3,310881,Half-Day River Tour,2025-04-29T12:15:00Z,2025-04-28T00:23:33Z,2025-04-28T00:23:33Z,LIVE,2,158.00,13.04,USD
8801425,2,3,310935,Half-Day River Tour,2025-05-01T14:00:00Z,2025-04-26T23:36:56Z,2025-04-28T03:39:33Z,LIVE,7,553.00,45.62,USD
8801435,2,3,310881,Half-Day River Tour,2025-04-29T12:15:00Z,2025-04-28T00:23:33Z,2025-04-28T09:49:05Z,LIVE,4,316.00,26.07,USD
8801436,1,3,310939,Half-Day River Tour,2025-04-28T14:00:00Z,2025-04-28T12:36:34Z,2025-04-28T12:36:34Z,LIVE,2,158.00,13.04,USD
8801437,1,5,310093,Open Play,2025-05-08T19:30:00Z,2025-04-28T13:16:43Z,2025-04-28T13:16:43Z,LIVE,8,312.00,9.05,USD
8801209,2,4,310806,Intro to Bouldering,2025-06-19T07:15:00Z,2025-04-03T07:45:25Z,2025-04-28T14:29:35Z,LIVE,5,245.00,24.50,AUD
8801438,1,1,310940,The Vault (60 min),2025-04-29T19:00:00Z,2025-04-28T14:35:13Z,2025-04-28T14:35:13Z,LIVE,3,75.00,15.00,GBP
8801439,1,2,310072,Axe Throwing 90 min,2025-05-10T20:30:00Z,2025-04-28T14:39:29Z,2025-04-28T14:39:29Z,LIVE,4,156.00,35.88,EUR
8801440,1,5,310941,Private Group Game,2025-05-03T19:30:00Z,2025-04-28T17:56:02Z,2025-04-28T17:56:02Z,LIVE,11,605.00,17.55,USD
8801441,1,5,310311,Private Group Game,2025-04-30T18:00:00Z,2025-04-28T18:20:02Z,2025-04-28T18:20:02Z,LIVE,7,385.00,11.17,USD
8801442,1,1,310493,Mini Mystery (30 min),2025-05-03T18:30:00Z,2025-04-28T19:19:58Z,2025-04-28T19:19:58Z,LIVE,4,60.00,12.00,GBP
8801443,1,1,310172,The Vault (60 min),2025-05-01T19:30:00Z,2025-04-28T19:47:19Z,2025-04-28T19:47:19Z,LIVE,6,150.00,30.00,GBP
8801444,1,5,310942,Open Play,2025-05-02T20:00:00Z,2025-04-29T04:42:07Z,2025-04-29T04:42:07Z,LIVE,12,468.00,13.57,USD
8801445,1,4,310636,Intro to Bouldering,2025-05-02T05:15:00Z,2025-04-29T06:49:18Z,2025-04-29T06:49:18Z,LIVE,4,196.00,19.60,AUD
8801446,1,2,310755,Axe Throwing 60 min,2025-05-04T17:00:00Z,2025-04-29T08:33:45Z,2025-04-29T08:33:45Z,LIVE,5,145.00,33.35,EUR
8801447,1,6,310376,Test Experience,2025-05-03T10:45:00Z,2025-04-29T12:39:59Z,2025-04-29T12:39:59Z,LIVE,4,4.00,0.80,GBP
8801448,1,1,310717,Mini Mystery (30 min),2025-04-29T14:00:00Z,2025-04-29T12:49:23Z,2025-04-29T12:49:23Z,LIVE,5,75.00,15.00,GBP
8801449,1,2,310943,Axe Throwing 90 min,2025-04-29T20:00:00Z,2025-04-29T13:07:01Z,2025-04-29T13:07:01Z,LIVE,5,195.00,44.85,EUR
8801450,1,5,310451,Private Group Game,2025-04-29T15:30:00Z,2025-04-29T13:07:21Z,2025-04-29T13:07:21Z,LIVE,5,275.00,7.98,USD
8801451,1,2,310944,Axe Throwing 90 min,2025-05-16T18:00:00Z,2025-04-29T14:27:26Z,2025-04-29T14:27:26Z,LIVE,5,195.00,44.85,EUR
8801452,1,1,310119,Asylum (60 min),2025-05-17T17:00:00Z,2025-04-29T14:59:55Z,2025-04-29T14:59:55Z,LIVE,3,84.00,16.80,GBP
8801453,1,3,310945,Half-Day River Tour,2025-05-02T14:30:00Z,2025-04-29T19:05:20Z,2025-04-29T19:05:20Z,LIVE,5,395.00,32.59,USD
8801454,1,5,310946,Open Play,2025-05-03T17:45:00Z,2025-04-30T00:05:48Z,2025-04-30T00:05:48Z,LIVE,6,234.00,6.79,USD
8801455,1,4,310400,Intro to Bouldering,2025-05-03T06:45:00Z,2025-04-30T04:07:15Z,2025-04-30T04:07:15Z,LIVE,3,147.00,14.70,AUD
8801456,1,4,310947,Intro to Bouldering,2025-05-27T07:30:00Z,2025-04-30T06:12:15Z,2025-04-30T06:12:15Z,LIVE,4,196.00,19.60,AUD
8801457,1,2,310948,Axe Throwing 90 min,2025-05-09T19:00:00Z,2025-04-30T06:44:53Z,2025-04-30T06:44:53Z,LIVE,8,312.00,71.76,EUR
8801458,1,1,310949,Mini Mystery (30 min),2025-05-05T14:45:00Z,2025-04-30T07:40:18Z,2025-04-30T07:40:18Z,LIVE,2,30.00,6.00,GBP
8801459,1,4,310761,Kids Climb Session,2025-06-24T06:30:00Z,2025-04-30T07:46:08Z,2025-04-30T07:46:08Z,LIVE,2,48.00,4.80,AUD
8801444,2,5,310942,Open Play,2025-05-02T20:00:00Z,2025-04-29T04:42:07Z,2025-04-30T08:00:27Z,LIVE,13,507.00,14.70,USD
8801460,1,1,310950,Mini Mystery (30 min),2025-04-30T19:15:00Z,2025-04-30T09:20:44Z,2025-04-30T09:20:44Z,LIVE,2,30.00,6.00,GBP
8801461,1,4,310164,Casual Climb,2025-05-04T00:15:00Z,2025-04-30T09:38:32Z,2025-04-30T09:38:32Z,LIVE,2,58.00,5.80,AUD
8801462,1,3,310951,Kayak Rental 2 hr,2025-04-30T14:15:00Z,2025-04-30T13:20:52Z,2025-04-30T13:20:52Z,LIVE,5,175.00,14.44,USD
8801463,1,1,310084,Asylum (60 min),2025-04-30T18:45:00Z,2025-04-30T17:17:20Z,2025-04-30T17:17:20Z,LIVE,6,168.00,33.60,GBP
8801464,1,2,310129,Axe Throwing 90 min,2025-05-07T20:15:00Z,2025-04-30T18:09:25Z,2025-04-30T18:09:25Z,LIVE,3,117.00,26.91,EUR
8801465,1,5,310952,Open Play,2025-05-05T18:15:00Z,2025-04-30T20:01:35Z,2025-04-30T20:01:35Z,LIVE,4,156.00,4.52,USD
8801466,1,3,310953,Sunrise Paddle,2025-05-03T16:30:00Z,2025-04-30T20:07:33Z,2025-04-30T20:07:33Z,LIVE,5,225.00,18.56,USD
8801467,1,4,310179,Casual Climb,2025-06-21T07:00:00Z,2025-05-01T01:46:05Z,2025-05-01T01:46:05Z,LIVE,2,58.00,5.80,AUD
8801468,1,1,310954,Mini Mystery (30 min),2025-05-01T11:30:00Z,2025-05-01T06:38:38Z,2025-05-01T06:38:38Z,LIVE,2,30.00,6.00,GBP
8801469,1,4,310955,Casual Climb,2025-07-11T04:45:00Z,2025-05-01T07:49:13Z,2025-05-01T07:49:13Z,LIVE,3,87.00,8.70,AUD
8801470,1,2,310224,Axe Throwing 60 min,2025-05-04T12:00:00Z,2025-05-01T09:50:40Z,2025-05-01T09:50:40Z,LIVE,3,87.00,20.01,EUR
8801433,2,5,310505,Open Play,2025-05-04T20:15:00Z,2025-04-27T21:07:45Z,2025-05-01T10:15:24Z,CANCELLED,10,390.00,11.31,USD
8801471,1,1,310956,The Vault (60 min),2025-05-20T13:15:00Z,2025-05-01T12:44:56Z,2025-05-01T12:44:56Z,LIVE,3,75.00,15.00,GBP
8801472,1,2,310957,Axe Throwing 90 min,2025-05-23T16:30:00Z,2025-05-01T14:35:44Z,2025-05-01T14:35:44Z,LIVE,6,234.00,53.82,EUR
8801415,2,4,310929,Kids Climb Session,2025-05-01T23:30:00Z,2025-04-26T10:56:53Z,2025-05-01T14:46:35Z,CANCELLED,1,24.00,2.40,AUD
8801432,2,3,310624,Sunrise Paddle,2025-05-02T14:45:00Z,2025-04-27T18:19:09Z,2025-05-01T14:48:43Z,CANCELLED,4,180.00,14.85,USD
8801473,1,3,310958,Half-Day River Tour,2025-05-15T14:15:00Z,2025-05-01T15:12:40Z,2025-05-01T15:12:40Z,LIVE,3,237.00,19.55,USD
8801474,1,3,310959,Kayak Rental 2 hr,2025-05-04T15:30:00Z,2025-05-01T15:32:29Z,2025-05-01T15:32:29Z,LIVE,5,175.00,14.44,USD
8801475,1,3,310960,Sunrise Paddle,2025-05-07T13:00:00Z,2025-05-01T17:01:30Z,2025-05-01T17:01:30Z,LIVE,4,180.00,14.85,USD
8801476,1,1,310961,Asylum (60 min),2025-05-07T17:30:00Z,2025-05-01T18:00:21Z,2025-05-01T18:00:21Z,LIVE,4,112.00,22.40,GBP
8801477,1,3,310962,Half-Day River Tour,2025-05-02T12:00:00Z,2025-05-02T00:03:48Z,2025-05-02T00:03:48Z,LIVE,5,395.00,32.59,USD
8801445,2,4,310636,Intro to Bouldering,2025-05-02T05:15:00Z,2025-04-29T06:49:18Z,2025-05-02T01:20:26Z,CANCELLED,4,196.00,19.60,AUD
8801440,2,5,310941,Private Group Game,2025-05-03T19:30:00Z,2025-04-28T17:56:02Z,2025-05-02T02:08:14Z,CANCELLED,11,605.00,17.55,USD
8801478,1,4,310395,Kids Climb Session,2025-05-31T05:00:00Z,2025-05-02T04:03:14Z,2025-05-02T04:03:14Z,LIVE,3,72.00,7.20,AUD
8801437,2,5,310093,Open Play,2025-05-08T19:30:00Z,2025-04-28T13:16:43Z,2025-05-02T05:47:24Z,LIVE,10,390.00,11.31,USD
8801451,2,2,310944,Axe Throwing 90 min,2025-05-16T18:00:00Z,2025-04-29T14:27:26Z,2025-05-02T07:19:59Z,LIVE,6,234.00,53.82,EUR
8801479,1,1,310157,Mini Mystery (30 min),2025-05-26T18:30:00Z,2025-05-02T09:48:28Z,2025-05-02T09:48:28Z,LIVE,2,30.00,6.00,GBP
8801480,1,1,310066,Asylum (60 min),2025-05-02T18:15:00Z,2025-05-02T11:19:54Z,2025-05-02T11:19:54Z,LIVE,2,56.00,11.20,GBP
8801481,1,2,310593,Axe Throwing 60 min,2025-05-03T19:30:00Z,2025-05-02T11:56:37Z,2025-05-02T11:56:37Z,LIVE,8,232.00,53.36,EUR
8801480,2,1,310066,Asylum (60 min),2025-05-02T18:15:00Z,2025-05-02T11:19:54Z,2025-05-02T13:00:13Z,LIVE,3,84.00,16.80,GBP
8801482,1,3,310963,Kayak Rental 2 hr,2025-05-03T12:30:00Z,2025-05-02T13:04:19Z,2025-05-02T13:04:19Z,LIVE,4,140.00,11.55,USD
8801483,1,3,310815,Sunrise Paddle,2025-05-02T15:15:00Z,2025-05-02T13:20:02Z,2025-05-02T13:20:02Z,LIVE,2,90.00,7.43,USD
8801427,2,4,310936,Kids Climb Session,2025-05-04T04:45:00Z,2025-04-27T01:49:39Z,2025-05-02T13:51:08Z,CANCELLED,4,96.00,9.60,AUD
8801484,1,1,310125,Mini Mystery (30 min),2025-05-02T18:30:00Z,2025-05-02T15:12:56Z,2025-05-02T15:12:56Z,LIVE,2,30.00,6.00,GBP
8801485,1,2,310964,Axe Throwing 60 min,2025-05-13T19:30:00Z,2025-05-02T15:15:54Z,2025-05-02T15:15:54Z,LIVE,3,87.00,20.01,EUR
8801486,1,1,310465,Asylum (60 min),2025-05-09T19:30:00Z,2025-05-02T18:24:02Z,2025-05-02T18:24:02Z,LIVE,4,112.00,22.40,GBP
8801487,1,3,310965,Half-Day River Tour,2025-05-04T13:00:00Z,2025-05-02T21:02:11Z,2025-05-02T21:02:11Z,LIVE,2,158.00,13.04,USD
8801488,1,4,310452,Casual Climb,2025-05-03T05:00:00Z,2025-05-02T21:55:17Z,2025-05-02T21:55:17Z,LIVE,2,58.00,5.80,AUD
8801489,1,2,310966,Axe Throwing 60 min,2025-05-16T18:00:00Z,2025-05-02T22:25:18Z,2025-05-02T22:25:18Z,LIVE,6,174.00,40.02,EUR
8801490,1,4,310922,Intro to Bouldering,2025-05-04T23:45:00Z,2025-05-02T23:25:23Z,2025-05-02T23:25:23Z,LIVE,1,49.00,4.90,AUD
8801491,1,4,310967,Casual Climb,2025-05-03T01:30:00Z,2025-05-03T00:20:19Z,2025-05-03T00:20:19Z,LIVE,4,116.00,11.60,AUD
8801482,2,3,310963,Kayak Rental 2 hr,2025-05-03T12:30:00Z,2025-05-02T13:04:19Z,2025-05-03T00:46:11Z,LIVE,6,210.00,17.33,USD
8801492,1,3,310968,Half-Day River Tour,2025-05-03T12:15:00Z,2025-05-03T02:57:54Z,2025-05-03T02:57:54Z,LIVE,2,158.00,13.04,USD
8801455,2,4,310400,Intro to Bouldering,2025-05-03T06:45:00Z,2025-04-30T04:07:15Z,2025-05-03T03:00:14Z,CANCELLED,3,147.00,14.70,AUD
8801493,1,6,310969,Test Experience,2025-05-04T13:30:00Z,2025-05-03T07:09:14Z,2025-05-03T07:09:14Z,LIVE,2,2.00,0.40,GBP
8801494,1,2,310970,Axe Throwing 60 min,2025-05-03T18:00:00Z,2025-05-03T12:36:02Z,2025-05-03T12:36:02Z,LIVE,4,116.00,26.68,EUR
8801495,1,2,310971,Axe Throwing 60 min,2025-05-27T18:00:00Z,2025-05-03T13:52:18Z,2025-05-03T13:52:18Z,LIVE,8,232.00,53.36,EUR
8801496,1,3,310972,Kayak Rental 2 hr,2025-05-03T15:15:00Z,2025-05-03T14:42:12Z,2025-05-03T14:42:12Z,LIVE,5,175.00,14.44,USD
8801497,1,5,310973,Private Group Game,2025-05-03T19:45:00Z,2025-05-03T14:59:21Z,2025-05-03T14:59:21Z,LIVE,6,330.00,9.57,USD
8801498,1,5,310974,Open Play,2025-05-05T16:00:00Z,2025-05-03T15:01:38Z,2025-05-03T15:01:38Z,LIVE,11,429.00,12.44,USD
8801499,1,5,310975,Open Play,2025-05-13T19:00:00Z,2025-05-03T17:34:50Z,2025-05-03T17:34:50Z,LIVE,7,273.00,7.92,USD
8801500,1,1,310792,Asylum (60 min),2025-05-25T11:30:00Z,2025-05-03T18:01:11Z,2025-05-03T18:01:11Z,LIVE,6,168.00,33.60,GBP
8801501,1,1,310976,The Vault (60 min),2025-05-08T20:45:00Z,2025-05-03T18:47:24Z,2025-05-03T18:47:24Z,LIVE,4,100.00,20.00,GBP
8801502,1,4,310425,Casual Climb,2025-05-04T00:00:00Z,2025-05-03T21:34:37Z,2025-05-03T21:34:37Z,LIVE,2,58.00,5.80,AUD
8801503,1,4,310977,Intro to Bouldering,2025-05-03T23:00:00Z,2025-05-03T21:53:29Z,2025-05-03T21:53:29Z,LIVE,3,147.00,14.70,AUD
8801504,1,3,310978,Sunrise Paddle,2025-06-24T14:30:00Z,2025-05-04T00:00:16Z,2025-05-04T00:00:16Z,LIVE,4,180.00,14.85,USD
8801505,1,4,310011,Kids Climb Session,2025-05-24T07:45:00Z,2025-05-04T01:15:47Z,2025-05-04T01:15:47Z,LIVE,1,24.00,2.40,AUD
8801506,1,1,310979,Mini Mystery (30 min),2025-05-04T17:00:00Z,2025-05-04T06:36:24Z,2025-05-04T06:36:24Z,LIVE,3,45.00,9.00,GBP
8801507,1,1,310248,Mini Mystery (30 min),2025-05-17T13:00:00Z,2025-05-04T09:34:56Z,2025-05-04T09:34:56Z,LIVE,6,90.00,18.00,GBP
8801043,2,5,310694,Private Group Game,2025-05-22T20:45:00Z,2025-03-19T00:52:10Z,2025-05-04T10:13:44Z,CANCELLED,4,220.00,6.38,USD
8801508,1,2,310580,Axe Throwing 60 min,2025-05-04T18:30:00Z,2025-05-04T14:19:19Z,2025-05-04T14:19:19Z,LIVE,5,145.00,33.35,EUR
8801509,1,5,310980,Private Group Game,2025-05-09T21:30:00Z,2025-05-04T16:41:50Z,2025-05-04T16:41:50Z,LIVE,7,385.00,11.17,USD
8801510,1,4,310981,Casual Climb,2025-05-24T05:30:00Z,2025-05-04T21:48:05Z,2025-05-04T21:48:05Z,LIVE,2,58.00,5.80,AUD
8801511,1,3,310982,Kayak Rental 2 hr,2025-05-15T16:45:00Z,2025-05-04T22:13:49Z,2025-05-04T22:13:49Z,LIVE,5,175.00,14.44,USD
8801512,1,3,310983,Kayak Rental 2 hr,2025-05-07T16:15:00Z,2025-05-05T01:06:44Z,2025-05-05T01:06:44Z,LIVE,1,35.00,2.89,USD
8801513,1,4,310614,Casual Climb,2025-05-09T08:00:00Z,2025-05-05T06:08:10Z,2025-05-05T06:08:10Z,LIVE,2,58.00,5.80,AUD
8801514,1,6,310984,Test Experience,2025-05-10T09:00:00Z,2025-05-05T07:15:39Z,2025-05-05T07:15:39Z,LIVE,1,1.00,0.20,GBP
8801515,1,4,310434,Kids Climb Session,2025-05-10T05:15:00Z,2025-05-05T07:54:37Z,2025-05-05T07:54:37Z,LIVE,4,96.00,9.60,AUD
8801516,1,2,310218,Axe Throwing 60 min,2025-05-12T17:45:00Z,2025-05-05T08:46:31Z,2025-05-05T08:46:31Z,LIVE,8,232.00,53.36,EUR
8801517,1,4,310985,Casual Climb,2025-05-06T23:30:00Z,2025-05-05T10:48:14Z,2025-05-05T10:48:14Z,LIVE,2,58.00,5.80,AUD
8801518,1,1,310986,Mini Mystery (30 min),2025-05-12T18:45:00Z,2025-05-05T11:18:51Z,2025-05-05T11:18:51Z,LIVE,6,90.00,18.00,GBP
8801519,1,2,310987,Axe Throwing 60 min,2025-06-04T19:45:00Z,2025-05-05T12:36:01Z,2025-05-05T12:36:01Z,LIVE,4,116.00,26.68,EUR
8801520,1,3,310895,Half-Day River Tour,2025-05-05T14:30:00Z,2025-05-05T12:49:22Z,2025-05-05T12:49:22Z,LIVE,3,237.00,19.55,USD
8801521,1,3,310988,Half-Day River Tour,2025-05-15T12:15:00Z,2025-05-05T13:22:30Z,2025-05-05T13:22:30Z,LIVE,3,237.00,19.55,USD
8801522,1,5,310989,Private Group Game,2025-05-10T17:00:00Z,2025-05-05T13:33:34Z,2025-05-05T13:33:34Z,LIVE,11,605.00,17.55,USD
8801523,1,3,310990,Kayak Rental 2 hr,2025-05-06T12:30:00Z,2025-05-05T14:23:43Z,2025-05-05T14:23:43Z,LIVE,3,105.00,8.66,USD
8801524,1,1,310991,The Vault (60 min),2025-05-10T13:30:00Z,2025-05-05T18:27:31Z,2025-05-05T18:27:31Z,LIVE,5,125.00,25.00,GBP
8801525,1,3,310801,Kayak Rental 2 hr,2025-05-29T16:00:00Z,2025-05-05T19:44:36Z,2025-05-05T19:44:36Z,LIVE,3,105.00,8.66,USD
8801486,2,1,310465,Asylum (60 min),2025-05-09T19:30:00Z,2025-05-02T18:24:02Z,2025-05-05T22:43:31Z,LIVE,6,168.00,33.60,GBP
8801526,1,5,310992,Private Group Game,2025-05-18T16:30:00Z,2025-05-06T01:16:39Z,2025-05-06T01:16:39Z,LIVE,9,495.00,14.36,USD
8801527,1,2,310993,Axe Throwing 60 min,2025-05-06T12:30:00Z,2025-05-06T07:45:51Z,2025-05-06T07:45:51Z,LIVE,5,145.00,33.35,EUR
8801528,1,6,310916,Test Experience,2025-05-07T14:15:00Z,2025-05-06T13:00:29Z,2025-05-06T13:00:29Z,LIVE,2,2.00,0.40,GBP
8801529,1,4,310693,Casual Climb,2025-06-26T04:00:00Z,2025-05-06T13:23:02Z,2025-05-06T13:23:02Z,LIVE,4,116.00,11.60,AUD
8801530,1,3,310994,Sunrise Paddle,2025-05-09T18:00:00Z,2025-05-06T14:22:25Z,2025-05-06T14:22:25Z,LIVE,4,180.00,14.85,USD
8801531,1,2,310995,Axe Throwing 60 min,2025-05-08T19:00:00Z,2025-05-06T14:43:33Z,2025-05-06T14:43:33Z,LIVE,2,58.00,13.34,EUR
8801532,1,3,310996,Sunrise Paddle,2025-05-10T13:30:00Z,2025-05-06T17:26:53Z,2025-05-06T17:26:53Z,LIVE,4,180.00,14.85,USD
8801513,2,4,310614,Casual Climb,2025-05-09T08:00:00Z,2025-05-05T06:08:10Z,2025-05-06T18:30:01Z,LIVE,3,87.00,8.70,AUD
8801533,1,2,310997,Axe Throwing 90 min,2025-05-12T18:45:00Z,2025-05-06T20:17:36Z,2025-05-06T20:17:36Z,LIVE,5,195.00,44.85,EUR
8801534,1,3,310998,Half-Day River Tour,2025-06-14T15:00:00Z,2025-05-06T22:42:09Z,2025-05-06T22:42:09Z,LIVE,3,237.00,19.55,USD
8801535,1,4,310999,Casual Climb,2025-07-16T05:30:00Z,2025-05-07T07:13:10Z,2025-05-07T07:13:10Z,LIVE,4,116.00,11.60,AUD
8801536,1,2,311000,Axe Throwing 60 min,2025-05-14T17:30:00Z,2025-05-07T07:17:38Z,2025-05-07T07:17:38Z,LIVE,2,58.00,13.34,EUR
8801537,1,4,311001,Kids Climb Session,2025-05-14T05:45:00Z,2025-05-07T10:21:25Z,2025-05-07T10:21:25Z,LIVE,1,24.00,2.40,AUD
8801509,2,5,310980,Private Group Game,2025-05-09T21:30:00Z,2025-05-04T16:41:50Z,2025-05-07T17:17:21Z,CANCELLED,7,385.00,11.17,USD
8801538,1,4,311002,Casual Climb,2025-08-04T05:00:00Z,2025-05-07T21:08:08Z,2025-05-07T21:08:08Z,LIVE,1,29.00,2.90,AUD
8801539,1,3,311003,Sunrise Paddle,2025-05-23T11:15:00Z,2025-05-07T21:23:51Z,2025-05-07T21:23:51Z,LIVE,2,90.00,7.43,USD
8801540,1,4,311004,Intro to Bouldering,2025-05-10T06:15:00Z,2025-05-07T21:52:43Z,2025-05-07T21:52:43Z,LIVE,1,49.00,4.90,AUD
8801541,1,1,311005,Mini Mystery (30 min),2025-06-03T19:00:00Z,2025-05-07T22:11:10Z,2025-05-07T22:11:10Z,LIVE,4,60.00,12.00,GBP
8801542,1,1,311006,Asylum (60 min),2025-05-08T16:00:00Z,2025-05-08T06:55:26Z,2025-05-08T06:55:26Z,LIVE,4,112.00,22.40,GBP
8801543,1,1,311007,Asylum (60 min),2025-05-08T15:15:00Z,2025-05-08T07:58:29Z,2025-05-08T07:58:29Z,LIVE,3,84.00,16.80,GBP
8801544,1,2,311008,Axe Throwing 90 min,2025-05-09T14:00:00Z,2025-05-08T10:10:21Z,2025-05-08T10:10:21Z,LIVE,8,312.00,71.76,EUR
8801542,2,1,311006,Asylum (60 min),2025-05-08T16:00:00Z,2025-05-08T06:55:26Z,2025-05-08T10:17:17Z,LIVE,6,168.00,33.60,GBP
8801545,1,6,310455,Test Experience,2025-05-09T14:30:00Z,2025-05-08T10:29:41Z,2025-05-08T10:29:41Z,LIVE,3,3.00,0.60,GBP
8801546,1,2,311009,Axe Throwing 90 min,2025-05-08T18:15:00Z,2025-05-08T10:30:20Z,2025-05-08T10:30:20Z,LIVE,4,156.00,35.88,EUR
8801547,1,1,311010,Asylum (60 min),2025-07-20T18:15:00Z,2025-05-08T12:31:06Z,2025-05-08T12:31:06Z,LIVE,4,112.00,22.40,GBP
8801338,2,3,310883,Kayak Rental 2 hr,2025-05-25T14:45:00Z,2025-04-17T12:50:02Z,2025-05-08T13:05:42Z,CANCELLED,1,35.00,2.89,USD
8801548,1,1,310979,Asylum (60 min),2025-05-08T18:00:00Z,2025-05-08T13:12:09Z,2025-05-08T13:12:09Z,LIVE,3,84.00,16.80,GBP
8800975,2,4,310075,Kids Climb Session,2025-05-30T05:00:00Z,2025-03-11T11:14:12Z,2025-05-08T13:58:27Z,CANCELLED,4,96.00,9.60,AUD
8801549,1,5,310854,Open Play,2025-06-07T19:00:00Z,2025-05-08T15:14:35Z,2025-05-08T15:14:35Z,LIVE,10,390.00,11.31,USD
8801550,1,2,311011,Axe Throwing 60 min,2025-05-25T17:15:00Z,2025-05-08T16:45:29Z,2025-05-08T16:45:29Z,LIVE,4,116.00,26.68,EUR
8801540,2,4,311004,Intro to Bouldering,2025-05-10T06:15:00Z,2025-05-07T21:52:43Z,2025-05-08T17:12:12Z,LIVE,3,147.00,14.70,AUD
8801551,1,3,311012,Half-Day River Tour,2025-05-20T15:15:00Z,2025-05-08T18:00:00Z,2025-05-08T18:00:00Z,LIVE,2,158.00,13.04,USD
8801552,1,2,310276,Axe Throwing 60 min,2025-07-05T19:30:00Z,2025-05-08T19:19:43Z,2025-05-08T19:19:43Z,LIVE,7,203.00,46.69,EUR
8801553,1,2,311013,Axe Throwing 60 min,2025-05-14T12:00:00Z,2025-05-08T21:19:27Z,2025-05-08T21:19:27Z,LIVE,4,116.00,26.68,EUR
8801554,1,4,311014,Intro to Bouldering,2025-06-02T01:15:00Z,2025-05-08T21:36:26Z,2025-05-08T21:36:26Z,LIVE,2,98.00,9.80,AUD
8801555,1,3,311015,Half-Day River Tour,2025-06-05T16:45:00Z,2025-05-08T22:38:12Z,2025-05-08T22:38:12Z,LIVE,4,316.00,26.07,USD
8801556,1,1,311016,Mini Mystery (30 min),2025-07-28T20:30:00Z,2025-05-08T22:38:35Z,2025-05-08T22:38:35Z,LIVE,3,45.00,9.00,GBP
8801557,1,4,310609,Kids Climb Session,2025-05-13T00:00:00Z,2025-05-09T03:44:09Z,2025-05-09T03:44:09Z,LIVE,1,24.00,2.40,AUD
8801558,1,3,311017,Half-Day River Tour,2025-05-09T13:30:00Z,2025-05-09T04:10:10Z,2025-05-09T04:10:10Z,LIVE,5,395.00,32.59,USD
8801559,1,2,311018,Axe Throwing 60 min,2025-05-09T20:00:00Z,2025-05-09T06:04:04Z,2025-05-09T06:04:04Z,LIVE,3,87.00,20.01,EUR
8801560,1,1,311019,Mini Mystery (30 min),2025-05-19T14:15:00Z,2025-05-09T07:06:08Z,2025-05-09T07:06:08Z,LIVE,2,30.00,6.00,GBP
8801561,1,4,311020,Kids Climb Session,2025-05-15T08:30:00Z,2025-05-09T07:19:05Z,2025-05-09T07:19:05Z,LIVE,1,24.00,2.40,AUD
8801562,1,4,311021,Kids Climb Session,2025-06-01T05:00:00Z,2025-05-09T07:26:59Z,2025-05-09T07:26:59Z,LIVE,1,24.00,2.40,AUD
8801563,1,4,310180,Intro to Bouldering,2025-05-10T04:00:00Z,2025-05-09T11:17:25Z,2025-05-09T11:17:25Z,LIVE,3,147.00,14.70,AUD
8801564,1,2,311022,Axe Throwing 90 min,2025-05-23T20:30:00Z,2025-05-09T11:52:00Z,2025-05-09T11:52:00Z,LIVE,2,78.00,17.94,EUR
8801565,1,1,310564,Asylum (60 min),2025-05-11T17:45:00Z,2025-05-09T13:22:22Z,2025-05-09T13:22:22Z,LIVE,3,84.00,16.80,GBP
8801566,1,3,311023,Half-Day River Tour,2025-05-09T14:15:00Z,2025-05-09T13:30:30Z,2025-05-09T13:30:30Z,LIVE,2,158.00,13.04,USD
8801567,1,1,311024,The Vault (60 min),2025-06-23T19:00:00Z,2025-05-09T13:44:13Z,2025-05-09T13:44:13Z,LIVE,5,125.00,25.00,GBP
8801566,2,3,311023,Half-Day River Tour,2025-05-09T14:15:00Z,2025-05-09T13:30:30Z,2025-05-09T14:12:34Z,CANCELLED,2,158.00,13.04,USD
8801568,1,2,310126,Axe Throwing 60 min,2025-06-07T20:15:00Z,2025-05-09T18:27:03Z,2025-05-09T18:27:03Z,LIVE,8,232.00,53.36,EUR
8801495,2,2,310971,Axe Throwing 60 min,2025-05-27T18:00:00Z,2025-05-03T13:52:18Z,2025-05-10T01:43:36Z,LIVE,9,261.00,60.03,EUR
8801569,1,6,311025,Test Experience,2025-05-10T09:45:00Z,2025-05-10T08:46:42Z,2025-05-10T08:46:42Z,LIVE,3,3.00,0.60,GBP
8801570,1,2,310446,Axe Throwing 90 min,2025-05-10T18:30:00Z,2025-05-10T09:00:21Z,2025-05-10T09:00:21Z,LIVE,5,195.00,44.85,EUR
8801570,2,2,310446,Axe Throwing 90 min,2025-05-10T18:30:00Z,2025-05-10T09:00:21Z,2025-05-10T10:40:05Z,LIVE,7,273.00,62.79,EUR
8801571,1,3,310485,Kayak Rental 2 hr,2025-05-10T15:15:00Z,2025-05-10T14:40:46Z,2025-05-10T14:40:46Z,LIVE,5,175.00,14.44,USD
8801571,1,3,310485,Kayak Rental 2 hr,2025-05-10T15:15:00Z,2025-05-10T14:40:46Z,2025-05-10T14:40:46Z,LIVE,5,175.00,14.44,USD
8801572,1,3,311026,Half-Day River Tour,2025-06-15T13:00:00Z,2025-05-10T16:07:59Z,2025-05-10T16:07:59Z,LIVE,4,316.00,26.07,USD
8801573,1,5,311027,Private Group Game,2025-05-10T21:45:00Z,2025-05-10T17:49:44Z,2025-05-10T17:49:44Z,LIVE,6,330.00,9.57,USD
8801574,1,6,311028,Test Experience,2025-06-04T09:15:00Z,2025-05-10T20:36:16Z,2025-05-10T20:36:16Z,LIVE,1,1.00,0.20,GBP
8801575,1,3,311029,Sunrise Paddle,2025-05-23T11:00:00Z,2025-05-10T20:36:42Z,2025-05-10T20:36:42Z,LIVE,5,225.00,18.56,USD
8801576,1,3,310870,Kayak Rental 2 hr,2025-06-01T11:15:00Z,2025-05-11T02:53:30Z,2025-05-11T02:53:30Z,LIVE,2,70.00,5.78,USD
8801577,1,3,310828,Half-Day River Tour,2025-05-24T13:30:00Z,2025-05-11T04:30:04Z,2025-05-11T04:30:04Z,LIVE,4,316.00,26.07,USD
8801578,1,2,310723,Axe Throwing 90 min,2025-07-18T18:00:00Z,2025-05-11T09:51:59Z,2025-05-11T09:51:59Z,LIVE,4,156.00,35.88,EUR
8801579,1,1,311030,The Vault (60 min),2025-05-14T18:30:00Z,2025-05-11T10:24:19Z,2025-05-11T10:24:19Z,LIVE,5,125.00,25.00,GBP
8801580,1,4,310452,Kids Climb Session,2025-05-13T01:45:00Z,2025-05-11T10:49:23Z,2025-05-11T10:49:23Z,LIVE,4,96.00,9.60,AUD
8801023,2,6,310154,Test Experience,2025-05-31T10:15:00Z,2025-03-16T13:28:42Z,2025-05-11T10:50:00Z,CANCELLED,4,4.00,0.80,GBP
8801581,1,3,310139,Half-Day River Tour,2025-05-11T15:45:00Z,2025-05-11T13:03:27Z,2025-05-11T13:03:27Z,LIVE,4,316.00,26.07,USD
8801582,1,1,311031,Mini Mystery (30 min),2025-05-11T18:00:00Z,2025-05-11T13:27:00Z,2025-05-11T13:27:00Z,LIVE,2,30.00,6.00,GBP
8801583,1,3,311032,Kayak Rental 2 hr,2025-05-31T15:45:00Z,2025-05-11T13:29:45Z,2025-05-11T13:29:45Z,LIVE,3,105.00,8.66,USD
8801526,2,5,310992,Private Group Game,2025-05-18T16:30:00Z,2025-05-06T01:16:39Z,2025-05-11T14:54:00Z,LIVE,11,605.00,17.55,USD
8801582,2,1,311031,Mini Mystery (30 min),2025-05-11T18:00:00Z,2025-05-11T13:27:00Z,2025-05-11T14:57:44Z,LIVE,3,45.00,9.00,GBP
8801584,1,2,311033,Axe Throwing 60 min,2025-06-10T17:00:00Z,2025-05-11T15:25:05Z,2025-05-11T15:25:05Z,LIVE,4,116.00,26.68,EUR
8801585,1,1,310493,Asylum (60 min),2025-05-11T17:30:00Z,2025-05-11T16:25:57Z,2025-05-11T16:25:57Z,LIVE,6,168.00,33.60,GBP
8801586,1,2,310701,Axe Throwing 90 min,2025-05-14T17:30:00Z,2025-05-11T21:41:55Z,2025-05-11T21:41:55Z,LIVE,7,273.00,62.79,EUR
8801587,1,2,311034,Axe Throwing 60 min,2025-05-16T18:30:00Z,2025-05-11T22:01:51Z,2025-05-11T22:01:51Z,LIVE,2,58.00,13.34,EUR
8801434,2,3,310132,Sunrise Paddle,2025-05-14T13:30:00Z,2025-04-27T22:26:47Z,2025-05-12T04:57:28Z,CANCELLED,5,225.00,18.56,USD
8801485,2,2,310964,Axe Throwing 60 min,2025-05-13T19:30:00Z,2025-05-02T15:15:54Z,2025-05-12T05:03:24Z,CANCELLED,3,87.00,20.01,EUR
8801588,1,1,310475,The Vault (60 min),2025-05-16T17:45:00Z,2025-05-12T12:26:31Z,2025-05-12T12:26:31Z,LIVE,6,150.00,30.00,GBP
8801589,1,2,311035,Axe Throwing 60 min,2025-05-16T18:45:00Z,2025-05-12T15:20:25Z,2025-05-12T15:20:25Z,LIVE,5,145.00,33.35,EUR
8801590,1,3,311036,Sunrise Paddle,2025-05-20T13:00:00Z,2025-05-12T19:49:44Z,2025-05-12T19:49:44Z,LIVE,2,90.00,7.43,USD
8801591,1,1,311037,The Vault (60 min),2025-05-16T17:45:00Z,2025-05-12T21:15:12Z,2025-05-12T21:15:12Z,LIVE,4,100.00,20.00,GBP
8801592,1,5,311038,Open Play,2025-06-07T20:45:00Z,2025-05-13T00:48:15Z,2025-05-13T00:48:15Z,LIVE,11,429.00,12.44,USD
8801592,1,5,311038,Open Play,2025-06-07T20:45:00Z,2025-05-13T00:48:15Z,2025-05-13T00:48:15Z,LIVE,11,429.00,12.44,USD
8801593,1,3,311039,Kayak Rental 2 hr,2025-06-04T16:45:00Z,2025-05-13T03:29:08Z,2025-05-13T03:29:08Z,LIVE,4,140.00,11.55,USD
8801594,1,3,311040,Half-Day River Tour,2025-07-05T18:00:00Z,2025-05-13T04:33:35Z,2025-05-13T04:33:35Z,LIVE,5,395.00,32.59,USD
8801595,1,2,311041,Axe Throwing 60 min,2025-05-15T20:00:00Z,2025-05-13T08:15:56Z,2025-05-13T08:15:56Z,LIVE,7,203.00,46.69,EUR
8801473,2,3,310958,Half-Day River Tour,2025-05-15T14:15:00Z,2025-05-01T15:12:40Z,2025-05-13T10:42:04Z,CANCELLED,3,237.00,19.55,USD
8801596,1,4,311042,Intro to Bouldering,2025-05-22T01:30:00Z,2025-05-13T12:06:52Z,2025-05-13T12:06:52Z,LIVE,1,49.00,4.90,AUD
8801597,1,2,310726,Axe Throwing 60 min,2025-05-18T18:30:00Z,2025-05-13T15:47:09Z,2025-05-13T15:47:09Z,LIVE,7,203.00,46.69,EUR
8801597,1,2,310726,Axe Throwing 60 min,2025-05-18T18:30:00Z,2025-05-13T15:47:09Z,2025-05-13T15:47:09Z,LIVE,7,203.00,46.69,EUR
8801598,1,5,311043,Private Group Game,2025-07-01T20:00:00Z,2025-05-13T21:32:03Z,2025-05-13T21:32:03Z,LIVE,5,275.00,7.98,USD
8801599,1,5,311044,Open Play,2025-05-17T19:00:00Z,2025-05-14T03:06:09Z,2025-05-14T03:06:09Z,LIVE,11,429.00,12.44,USD
8801600,1,5,311045,Private Group Game,2025-05-31T15:30:00Z,2025-05-14T05:06:02Z,2025-05-14T05:06:02Z,LIVE,9,495.00,14.36,USD
8801601,1,4,311046,Kids Climb Session,2025-06-12T02:30:00Z,2025-05-14T05:15:45Z,2025-05-14T05:15:45Z,LIVE,1,24.00,2.40,AUD
8801602,1,2,311047,Axe Throwing 60 min,2025-07-12T18:45:00Z,2025-05-14T07:35:43Z,2025-05-14T07:35:43Z,LIVE,8,232.00,53.36,EUR
8801603,1,4,310531,Casual Climb,2025-08-07T04:15:00Z,2025-05-14T12:59:40Z,2025-05-14T12:59:40Z,LIVE,1,29.00,2.90,AUD
8801604,1,2,311048,Axe Throwing 90 min,2025-05-14T19:00:00Z,2025-05-14T14:20:26Z,2025-05-14T14:20:26Z,LIVE,5,195.00,44.85,EUR
8801605,1,5,310044,Private Group Game,2025-05-16T19:30:00Z,2025-05-14T18:45:34Z,2025-05-14T18:45:34Z,LIVE,9,495.00,14.36,USD
8801606,1,1,310023,Mini Mystery (30 min),2025-05-17T16:00:00Z,2025-05-14T21:30:17Z,2025-05-14T21:30:17Z,LIVE,2,30.00,6.00,GBP
8801607,1,3,311049,Sunrise Paddle,2025-06-07T11:00:00Z,2025-05-14T21:59:32Z,2025-05-14T21:59:32Z,LIVE,1,45.00,3.71,USD
8801608,1,1,310066,Asylum (60 min),2025-05-18T15:00:00Z,2025-05-15T06:25:52Z,2025-05-15T06:25:52Z,LIVE,4,112.00,22.40,GBP
8801609,1,2,310072,Axe Throwing 60 min,2025-07-27T19:15:00Z,2025-05-15T07:42:04Z,2025-05-15T07:42:04Z,LIVE,3,87.00,20.01,EUR
8801610,1,2,310033,Axe Throwing 60 min,2025-05-16T17:30:00Z,2025-05-15T11:36:02Z,2025-05-15T11:36:02Z,LIVE,3,87.00,20.01,EUR
8801611,1,4,311050,Intro to Bouldering,2025-05-21T01:00:00Z,2025-05-15T13:53:43Z,2025-05-15T13:53:43Z,LIVE,2,98.00,9.80,AUD
8801612,1,3,311051,Kayak Rental 2 hr,2025-05-15T15:00:00Z,2025-05-15T14:28:53Z,2025-05-15T14:28:53Z,LIVE,2,70.00,5.78,USD
8801560,2,1,311019,Mini Mystery (30 min),2025-05-19T14:15:00Z,2025-05-09T07:06:08Z,2025-05-15T17:26:00Z,CANCELLED,2,30.00,6.00,GBP
8801613,1,1,311052,Mini Mystery (30 min),2025-05-18T20:45:00Z,2025-05-15T17:30:34Z,2025-05-15T17:30:34Z,LIVE,4,60.00,12.00,GBP
8801614,1,4,311053,Casual Climb,2025-05-16T04:45:00Z,2025-05-15T21:00:59Z,2025-05-15T21:00:59Z,LIVE,3,87.00,8.70,AUD
8801615,1,5,311054,Open Play,2025-06-08T20:00:00Z,2025-05-16T01:05:15Z,2025-05-16T01:05:15Z,LIVE,9,351.00,10.18,USD
8801616,1,5,310782,Open Play,2025-05-29T18:30:00Z,2025-05-16T01:40:06Z,2025-05-16T01:40:06Z,LIVE,5,195.00,5.66,USD
8801617,1,3,311055,Half-Day River Tour,2025-06-10T15:30:00Z,2025-05-16T01:52:40Z,2025-05-16T01:52:40Z,LIVE,1,79.00,6.52,USD
8801618,1,4,310761,Intro to Bouldering,2025-05-17T07:00:00Z,2025-05-16T02:00:57Z,2025-05-16T02:00:57Z,LIVE,2,98.00,9.80,AUD
8801619,1,1,310163,The Vault (60 min),2025-05-25T17:45:00Z,2025-05-16T07:27:48Z,2025-05-16T07:27:48Z,LIVE,2,50.00,10.00,GBP
8801620,1,5,311056,Private Group Game,2025-06-15T19:00:00Z,2025-05-16T13:07:15Z,2025-05-16T13:07:15Z,LIVE,4,220.00,6.38,USD
8801621,1,5,311057,Open Play,2025-05-16T20:00:00Z,2025-05-16T16:28:11Z,2025-05-16T16:28:11Z,LIVE,6,234.00,6.79,USD
8801621,2,5,311057,Open Play,2025-05-16T20:00:00Z,2025-05-16T16:28:11Z,2025-05-16T19:07:41Z,CANCELLED,6,234.00,6.79,USD
8801622,1,1,311058,The Vault (60 min),2025-05-31T14:00:00Z,2025-05-16T22:29:00Z,2025-05-16T22:29:00Z,LIVE,3,75.00,15.00,GBP
8801623,1,4,311059,Kids Climb Session,2025-05-17T08:30:00Z,2025-05-16T23:13:47Z,2025-05-16T23:13:47Z,LIVE,3,72.00,7.20,AUD
8801624,1,5,311060,Private Group Game,2025-05-28T15:15:00Z,2025-05-17T00:07:42Z,2025-05-17T00:07:42Z,LIVE,11,605.00,17.55,USD
8800994,2,2,310661,Axe Throwing 60 min,2025-05-27T16:00:00Z,2025-03-13T16:20:39Z,2025-05-17T02:54:19Z,CANCELLED,4,116.00,26.68,EUR
8801625,1,1,310717,Mini Mystery (30 min),2025-05-24T13:00:00Z,2025-05-17T07:32:13Z,2025-05-17T07:32:13Z,LIVE,3,45.00,9.00,GBP
8801626,1,1,311061,The Vault (60 min),2025-05-24T19:00:00Z,2025-05-17T09:16:13Z,2025-05-17T09:16:13Z,LIVE,4,100.00,20.00,GBP
8801627,1,1,311062,Mini Mystery (30 min),2025-05-19T17:00:00Z,2025-05-17T09:59:16Z,2025-05-17T09:59:16Z,LIVE,6,90.00,18.00,GBP
8801628,1,2,311063,Axe Throwing 90 min,2025-05-20T17:30:00Z,2025-05-17T11:57:59Z,2025-05-17T11:57:59Z,LIVE,7,273.00,62.79,EUR
8801629,1,1,311064,Mini Mystery (30 min),2025-05-24T20:30:00Z,2025-05-17T15:39:51Z,2025-05-17T15:39:51Z,LIVE,6,90.00,18.00,GBP
8801630,1,3,310539,Kayak Rental 2 hr,2025-06-12T15:15:00Z,2025-05-17T15:48:31Z,2025-05-17T15:48:31Z,LIVE,4,140.00,11.55,USD
8801631,1,3,311065,Kayak Rental 2 hr,2025-06-14T12:15:00Z,2025-05-17T16:17:38Z,2025-05-17T16:17:38Z,LIVE,3,105.00,8.66,USD
8801632,1,1,311066,Mini Mystery (30 min),2025-05-18T16:00:00Z,2025-05-17T17:30:16Z,2025-05-17T17:30:16Z,LIVE,4,60.00,12.00,GBP
8801633,1,5,310584,Open Play,2025-05-18T15:15:00Z,2025-05-17T19:48:05Z,2025-05-17T19:48:05Z,LIVE,8,312.00,9.05,USD
8801634,1,1,311067,The Vault (60 min),2025-05-21T18:30:00Z,2025-05-17T22:41:53Z,2025-05-17T22:41:53Z,LIVE,2,50.00,10.00,GBP
8801575,2,3,311029,Sunrise Paddle,2025-05-23T11:00:00Z,2025-05-10T20:36:42Z,2025-05-18T03:13:13Z,CANCELLED,5,225.00,18.56,USD
8801635,1,4,310453,Intro to Bouldering,2025-05-24T07:45:00Z,2025-05-18T03:51:04Z,2025-05-18T03:51:04Z,LIVE,2,98.00,9.80,AUD
8801636,1,2,310221,Axe Throwing 60 min,2025-05-24T18:15:00Z,2025-05-18T09:00:24Z,2025-05-18T09:00:24Z,LIVE,5,145.00,33.35,EUR
8801637,1,4,311068,Casual Climb,2025-07-26T02:15:00Z,2025-05-18T10:10:22Z,2025-05-18T10:10:22Z,LIVE,1,29.00,2.90,AUD
8801638,1,3,311069,Kayak Rental 2 hr,2025-05-18T14:00:00Z,2025-05-18T12:29:22Z,2025-05-18T12:29:22Z,LIVE,1,35.00,2.89,USD
8801639,1,3,311070,Half-Day River Tour,2025-06-07T12:00:00Z,2025-05-18T12:51:11Z,2025-05-18T12:51:11Z,LIVE,3,237.00,19.55,USD
8801640,1,3,311071,Kayak Rental 2 hr,2025-05-18T20:15:00Z,2025-05-18T12:54:33Z,2025-05-18T12:54:33Z,LIVE,4,140.00,11.55,USD
8801641,1,2,310446,Axe Throwing 60 min,2025-06-11T17:30:00Z,2025-05-18T17:44:13Z,2025-05-18T17:44:13Z,LIVE,3,87.00,20.01,EUR
8801642,1,4,311072,Casual Climb,2025-06-14T06:45:00Z,2025-05-18T22:42:29Z,2025-05-18T22:42:29Z,LIVE,3,87.00,8.70,AUD
8801643,1,2,310348,Axe Throwing 60 min,2025-05-23T20:30:00Z,2025-05-19T13:44:23Z,2025-05-19T13:44:23Z,LIVE,6,174.00,40.02,EUR
8801644,1,1,311073,Asylum (60 min),2025-05-23T11:30:00Z,2025-05-19T17:42:50Z,2025-05-19T17:42:50Z,LIVE,3,84.00,16.80,GBP
8801645,1,1,311074,The Vault (60 min),2025-07-27T13:30:00Z,2025-05-19T18:35:07Z,2025-05-19T18:35:07Z,LIVE,6,150.00,30.00,GBP
8801646,1,6,311075,Test Experience,2025-06-18T09:30:00Z,2025-05-19T19:12:11Z,2025-05-19T19:12:11Z,LIVE,4,4.00,0.80,GBP
8801647,1,3,311076,Sunrise Paddle,2025-06-04T13:30:00Z,2025-05-19T20:06:17Z,2025-05-19T20:06:17Z,LIVE,1,45.00,3.71,USD
8801648,1,4,311077,Casual Climb,2025-05-31T02:00:00Z,2025-05-19T22:38:18Z,2025-05-19T22:38:18Z,LIVE,3,87.00,8.70,AUD
8801649,1,5,311078,Private Group Game,2025-06-28T19:30:00Z,2025-05-20T01:36:47Z,2025-05-20T01:36:47Z,LIVE,5,275.00,7.98,USD
8801650,1,3,311079,Kayak Rental 2 hr,2025-05-20T20:15:00Z,2025-05-20T04:33:00Z,2025-05-20T04:33:00Z,LIVE,1,35.00,2.89,USD
8801651,1,4,311080,Intro to Bouldering,2025-05-23T23:45:00Z,2025-05-20T04:36:52Z,2025-05-20T04:36:52Z,LIVE,3,147.00,14.70,AUD
8801652,1,2,311081,Axe Throwing 90 min,2025-05-27T20:00:00Z,2025-05-20T06:03:01Z,2025-05-20T06:03:01Z,LIVE,4,156.00,35.88,EUR
8801653,1,4,310387,Intro to Bouldering,2025-07-11T06:30:00Z,2025-05-20T06:19:57Z,2025-05-20T06:19:57Z,LIVE,1,49.00,4.90,AUD
8801654,1,2,310701,Axe Throwing 60 min,2025-05-22T19:45:00Z,2025-05-20T06:26:08Z,2025-05-20T06:26:08Z,LIVE,3,87.00,20.01,EUR
8801655,1,1,311082,Mini Mystery (30 min),2025-06-15T13:00:00Z,2025-05-20T07:45:46Z,2025-05-20T07:45:46Z,LIVE,2,30.00,6.00,GBP
8801656,1,1,311083,Asylum (60 min),2025-07-01T18:30:00Z,2025-05-20T12:02:00Z,2025-05-20T12:02:00Z,LIVE,5,140.00,28.00,GBP
8801272,2,1,310841,Mini Mystery (30 min),2025-05-24T20:45:00Z,2025-04-09T22:36:28Z,2025-05-20T12:03:51Z,CANCELLED,5,75.00,15.00,GBP
8801657,1,3,311084,Sunrise Paddle,2025-06-18T12:00:00Z,2025-05-20T16:05:15Z,2025-05-20T16:05:15Z,LIVE,5,225.00,18.56,USD
8801658,1,1,311085,The Vault (60 min),2025-05-20T18:00:00Z,2025-05-20T17:46:44Z,2025-05-20T17:46:44Z,LIVE,3,75.00,15.00,GBP
8801659,1,1,311086,The Vault (60 min),2025-05-20T20:00:00Z,2025-05-20T19:16:40Z,2025-05-20T19:16:40Z,LIVE,5,125.00,25.00,GBP
8801660,1,4,311087,Intro to Bouldering,2025-05-28T09:45:00Z,2025-05-20T22:57:26Z,2025-05-20T22:57:26Z,LIVE,4,196.00,19.60,AUD
8801661,1,4,311088,Kids Climb Session,2025-05-23T05:30:00Z,2025-05-21T04:23:25Z,2025-05-21T04:23:25Z,LIVE,4,96.00,9.60,AUD
8801662,1,3,311089,Half-Day River Tour,2025-06-04T12:00:00Z,2025-05-21T15:48:56Z,2025-05-21T15:48:56Z,LIVE,2,158.00,13.04,USD
8801663,1,5,311090,Open Play,2025-05-21T21:00:00Z,2025-05-21T16:12:33Z,2025-05-21T16:12:33Z,LIVE,12,468.00,13.57,USD
8801624,2,5,311060,Private Group Game,2025-05-28T15:15:00Z,2025-05-17T00:07:42Z,2025-05-21T19:05:43Z,LIVE,13,715.00,20.74,USD
8801664,1,1,311091,Asylum (60 min),2025-05-23T18:15:00Z,2025-05-21T19:31:18Z,2025-05-21T19:31:18Z,LIVE,4,112.00,22.40,GBP
8801665,1,1,311092,The Vault (60 min),2025-06-18T16:00:00Z,2025-05-21T19:50:36Z,2025-05-21T19:50:36Z,LIVE,2,50.00,10.00,GBP
8801666,1,3,311093,Half-Day River Tour,2025-05-27T15:30:00Z,2025-05-22T00:27:48Z,2025-05-22T00:27:48Z,LIVE,2,158.00,13.04,USD
8801667,1,3,311094,Half-Day River Tour,2025-05-26T12:00:00Z,2025-05-22T03:52:47Z,2025-05-22T03:52:47Z,LIVE,2,158.00,13.04,USD
8801668,1,4,311095,Kids Climb Session,2025-05-28T08:30:00Z,2025-05-22T04:27:47Z,2025-05-22T04:27:47Z,LIVE,3,72.00,7.20,AUD
8801669,1,2,311096,Axe Throwing 90 min,2025-06-13T16:45:00Z,2025-05-22T08:11:01Z,2025-05-22T08:11:01Z,LIVE,5,195.00,44.85,EUR
8801670,1,1,310454,Mini Mystery (30 min),2025-08-10T13:30:00Z,2025-05-22T08:47:12Z,2025-05-22T08:47:12Z,LIVE,6,90.00,18.00,GBP
8801671,1,3,310918,Sunrise Paddle,2025-05-27T12:30:00Z,2025-05-22T12:01:45Z,2025-05-22T12:01:45Z,LIVE,5,225.00,18.56,USD
8801672,1,4,311097,Kids Climb Session,2025-06-11T06:30:00Z,2025-05-22T13:05:49Z,2025-05-22T13:05:49Z,LIVE,1,24.00,2.40,AUD
8801673,1,1,310735,Mini Mystery (30 min),2025-05-22T18:00:00Z,2025-05-22T13:54:10Z,2025-05-22T13:54:10Z,LIVE,4,60.00,12.00,GBP
8801674,1,3,311098,Sunrise Paddle,2025-07-05T13:00:00Z,2025-05-22T15:11:03Z,2025-05-22T15:11:03Z,LIVE,3,135.00,11.14,USD
8801675,1,2,311099,Axe Throwing 60 min,2025-06-10T19:30:00Z,2025-05-22T20:18:13Z,2025-05-22T20:18:13Z,LIVE,6,174.00,40.02,EUR
8801676,1,4,310654,Casual Climb,2025-06-05T06:45:00Z,2025-05-22T22:37:08Z,2025-05-22T22:37:08Z,LIVE,1,29.00,2.90,AUD
8801677,1,3,310656,Sunrise Paddle,2025-06-04T11:30:00Z,2025-05-23T03:49:36Z,2025-05-23T03:49:36Z,LIVE,1,45.00,3.71,USD
8801678,1,6,311100,Test Experience,2025-05-23T13:45:00Z,2025-05-23T08:19:58Z,2025-05-23T08:19:58Z,LIVE,1,1.00,0.20,GBP
8801679,1,3,311101,Half-Day River Tour,2025-05-25T12:30:00Z,2025-05-23T12:37:50Z,2025-05-23T12:37:50Z,LIVE,3,237.00,19.55,USD
8801680,1,2,311102,Axe Throwing 90 min,2025-06-17T18:30:00Z,2025-05-23T13:22:42Z,2025-05-23T13:22:42Z,LIVE,7,273.00,62.79,EUR
8801681,1,3,311103,Half-Day River Tour,2025-05-23T15:30:00Z,2025-05-23T14:30:23Z,2025-05-23T14:30:23Z,LIVE,3,237.00,19.55,USD
8801682,1,3,311104,Kayak Rental 2 hr,2025-05-27T13:45:00Z,2025-05-23T17:22:13Z,2025-05-23T17:22:13Z,LIVE,2,70.00,5.78,USD
8801683,1,3,310132,Kayak Rental 2 hr,2025-06-20T14:30:00Z,2025-05-23T23:32:14Z,2025-05-23T23:32:14Z,LIVE,5,175.00,14.44,USD
8801683,1,3,310132,Kayak Rental 2 hr,2025-06-20T14:30:00Z,2025-05-23T23:32:14Z,2025-05-23T23:32:14Z,LIVE,5,175.00,14.44,USD
8801684,1,4,310285,Casual Climb,2025-05-24T04:30:00Z,2025-05-24T01:16:07Z,2025-05-24T01:16:07Z,LIVE,3,87.00,8.70,AUD
8801685,1,5,311057,Open Play,2025-06-25T20:30:00Z,2025-05-24T05:33:27Z,2025-05-24T05:33:27Z,LIVE,7,273.00,7.92,USD
8801686,1,1,311105,Mini Mystery (30 min),2025-08-10T16:30:00Z,2025-05-24T07:12:38Z,2025-05-24T07:12:38Z,LIVE,2,30.00,6.00,GBP
8801687,1,1,310025,Mini Mystery (30 min),2025-06-15T17:30:00Z,2025-05-24T08:08:15Z,2025-05-24T08:08:15Z,LIVE,3,45.00,9.00,GBP
8801688,1,1,311106,The Vault (60 min),2025-07-05T18:00:00Z,2025-05-24T14:04:37Z,2025-05-24T14:04:37Z,LIVE,4,100.00,20.00,GBP
8801689,1,5,310584,Private Group Game,2025-05-25T20:00:00Z,2025-05-24T14:20:34Z,2025-05-24T14:20:34Z,LIVE,11,605.00,17.55,USD
8801690,1,5,310015,Private Group Game,2025-06-22T19:00:00Z,2025-05-24T15:28:33Z,2025-05-24T15:28:33Z,LIVE,11,605.00,17.55,USD
8801691,1,1,311107,Asylum (60 min),2025-05-31T17:15:00Z,2025-05-24T16:53:08Z,2025-05-24T16:53:08Z,LIVE,6,168.00,33.60,GBP
8801692,1,5,311108,Private Group Game,2025-05-31T17:00:00Z,2025-05-24T17:24:25Z,2025-05-24T17:24:25Z,LIVE,9,495.00,14.36,USD
8801693,1,2,310001,Axe Throwing 90 min,2025-05-24T19:30:00Z,2025-05-24T17:29:45Z,2025-05-24T17:29:45Z,LIVE,4,156.00,35.88,EUR
8801694,1,1,310438,Asylum (60 min),2025-06-10T18:15:00Z,2025-05-24T18:15:47Z,2025-05-24T18:15:47Z,LIVE,6,168.00,33.60,GBP
8801695,1,6,311109,Test Experience,2025-06-14T13:45:00Z,2025-05-24T18:16:04Z,2025-05-24T18:16:04Z,LIVE,3,3.00,0.60,GBP
8801696,1,1,311110,Mini Mystery (30 min),2025-05-29T18:45:00Z,2025-05-24T18:19:09Z,2025-05-24T18:19:09Z,LIVE,3,45.00,9.00,GBP
8801697,1,5,311111,Open Play,2025-07-17T19:00:00Z,2025-05-24T21:19:02Z,2025-05-24T21:19:02Z,LIVE,10,390.00,11.31,USD
8801698,1,2,311112,Axe Throwing 60 min,2025-06-15T16:30:00Z,2025-05-24T22:06:19Z,2025-05-24T22:06:19Z,LIVE,8,232.00,53.36,EUR
8801699,1,4,311113,Intro to Bouldering,2025-06-01T08:30:00Z,2025-05-24T22:51:51Z,2025-05-24T22:51:51Z,LIVE,4,196.00,19.60,AUD
8801667,2,3,311094,Half-Day River Tour,2025-05-26T12:00:00Z,2025-05-22T03:52:47Z,2025-05-25T00:47:24Z,CANCELLED,2,158.00,13.04,USD
8801687,2,1,310025,Mini Mystery (30 min),2025-06-15T17:30:00Z,2025-05-24T08:08:15Z,2025-05-25T06:07:37Z,LIVE,4,60.00,12.00,GBP
8801700,1,1,311114,Mini Mystery (30 min),2025-06-09T16:00:00Z,2025-05-25T06:27:11Z,2025-05-25T06:27:11Z,LIVE,6,90.00,18.00,GBP
8801701,1,4,311115,Kids Climb Session,2025-06-10T02:00:00Z,2025-05-25T06:29:42Z,2025-05-25T06:29:42Z,LIVE,1,24.00,2.40,AUD
8801702,1,4,311116,Kids Climb Session,2025-05-27T06:45:00Z,2025-05-25T08:34:02Z,2025-05-25T08:34:02Z,LIVE,4,96.00,9.60,AUD
8801703,1,2,310115,Axe Throwing 90 min,2025-05-30T16:30:00Z,2025-05-25T09:06:36Z,2025-05-25T09:06:36Z,LIVE,7,273.00,62.79,EUR
8801704,1,1,311117,Asylum (60 min),2025-05-31T14:30:00Z,2025-05-25T09:40:29Z,2025-05-25T09:40:29Z,LIVE,4,112.00,22.40,GBP
8801705,1,1,311118,Mini Mystery (30 min),2025-06-12T19:45:00Z,2025-05-25T14:11:51Z,2025-05-25T14:11:51Z,LIVE,2,30.00,6.00,GBP
8801706,1,3,310622,Half-Day River Tour,2025-06-21T16:00:00Z,2025-05-25T14:56:15Z,2025-05-25T14:56:15Z,LIVE,1,79.00,6.52,USD
8801704,2,1,311117,Asylum (60 min),2025-05-31T14:30:00Z,2025-05-25T09:40:29Z,2025-05-25T15:37:39Z,LIVE,6,168.00,33.60,GBP
8801707,1,5,310329,Private Group Game,2025-06-10T17:15:00Z,2025-05-25T16:20:38Z,2025-05-25T16:20:38Z,LIVE,6,330.00,9.57,USD
8801708,1,1,311119,Mini Mystery (30 min),2025-05-25T18:00:00Z,2025-05-25T16:45:09Z,2025-05-25T16:45:09Z,LIVE,5,75.00,15.00,GBP
8801709,1,3,311120,Sunrise Paddle,2025-06-01T20:30:00Z,2025-05-25T16:47:56Z,2025-05-25T16:47:56Z,LIVE,1,45.00,3.71,USD
8801710,1,3,311121,Kayak Rental 2 hr,2025-05-30T20:00:00Z,2025-05-25T20:27:25Z,2025-05-25T20:27:25Z,LIVE,5,175.00,14.44,USD
8801711,1,1,311122,Asylum (60 min),2025-06-07T15:30:00Z,2025-05-26T09:49:43Z,2025-05-26T09:49:43Z,LIVE,6,168.00,33.60,GBP
8801712,1,2,311123,Axe Throwing 90 min,2025-05-27T20:00:00Z,2025-05-26T12:01:30Z,2025-05-26T12:01:30Z,LIVE,2,78.00,17.94,EUR
8801713,1,6,311124,Test Experience,2025-05-27T10:15:00Z,2025-05-26T14:24:18Z,2025-05-26T14:24:18Z,LIVE,1,1.00,0.20,GBP
8801714,1,5,310247,Private Group Game,2025-06-22T17:00:00Z,2025-05-26T16:33:48Z,2025-05-26T16:33:48Z,LIVE,12,660.00,19.14,USD
8801715,1,3,311125,Half-Day River Tour,2025-06-20T15:00:00Z,2025-05-26T18:18:52Z,2025-05-26T18:18:52Z,LIVE,2,158.00,13.04,USD
8801716,1,2,311126,Axe Throwing 60 min,2025-05-28T19:00:00Z,2025-05-26T19:42:29Z,2025-05-26T19:42:29Z,LIVE,4,116.00,26.68,EUR
8801717,1,3,311127,Half-Day River Tour,2025-06-06T12:30:00Z,2025-05-26T20:28:59Z,2025-05-26T20:28:59Z,LIVE,1,79.00,6.52,USD
8801718,1,3,311055,Sunrise Paddle,2025-05-29T14:30:00Z,2025-05-26T21:03:01Z,2025-05-26T21:03:01Z,LIVE,5,225.00,18.56,USD
8801719,1,3,311128,Sunrise Paddle,2025-06-04T15:45:00Z,2025-05-26T21:15:15Z,2025-05-26T21:15:15Z,LIVE,2,90.00,7.43,USD
8801670,2,1,310454,Mini Mystery (30 min),2025-08-10T13:30:00Z,2025-05-22T08:47:12Z,2025-05-26T21:37:26Z,LIVE,8,120.00,24.00,GBP
8801720,1,3,311129,Sunrise Paddle,2025-05-27T12:00:00Z,2025-05-26T21:47:43Z,2025-05-26T21:47:43Z,LIVE,2,90.00,7.43,USD
8801721,1,4,311130,Casual Climb,2025-05-29T06:30:00Z,2025-05-26T22:13:12Z,2025-05-26T22:13:12Z,LIVE,1,29.00,2.90,AUD
8801722,1,2,311131,Axe Throwing 60 min,2025-06-07T19:00:00Z,2025-05-26T22:26:58Z,2025-05-26T22:26:58Z,LIVE,7,203.00,46.69,EUR
8801723,1,5,311132,Open Play,2025-07-22T19:00:00Z,2025-05-27T01:13:40Z,2025-05-27T01:13:40Z,LIVE,12,468.00,13.57,USD
8801682,2,3,311104,Kayak Rental 2 hr,2025-05-27T13:45:00Z,2025-05-23T17:22:13Z,2025-05-27T02:24:49Z,CANCELLED,2,70.00,5.78,USD
8801724,1,4,311133,Intro to Bouldering,2025-07-15T07:30:00Z,2025-05-27T02:49:46Z,2025-05-27T02:49:46Z,LIVE,4,196.00,19.60,AUD
8801725,1,5,310158,Open Play,2025-06-22T17:30:00Z,2025-05-27T03:00:50Z,2025-05-27T03:00:50Z,LIVE,10,390.00,11.31,USD
8801631,2,3,311065,Kayak Rental 2 hr,2025-06-14T12:15:00Z,2025-05-17T16:17:38Z,2025-05-27T04:29:33Z,LIVE,4,140.00,11.55,USD
8801726,1,1,311134,Asylum (60 min),2025-05-27T20:45:00Z,2025-05-27T06:08:41Z,2025-05-27T06:08:41Z,LIVE,3,84.00,16.80,GBP
8801727,1,1,311135,Asylum (60 min),2025-06-21T16:00:00Z,2025-05-27T06:50:01Z,2025-05-27T06:50:01Z,LIVE,3,84.00,16.80,GBP
8801728,1,2,311136,Axe Throwing 90 min,2025-06-23T14:00:00Z,2025-05-27T12:58:24Z,2025-05-27T12:58:24Z,LIVE,5,195.00,44.85,EUR
8801729,1,2,311137,Axe Throwing 60 min,2025-06-02T17:30:00Z,2025-05-27T14:52:50Z,2025-05-27T14:52:50Z,LIVE,3,87.00,20.01,EUR
8801730,1,3,311138,Kayak Rental 2 hr,2025-06-13T15:30:00Z,2025-05-27T15:02:24Z,2025-05-27T15:02:24Z,LIVE,2,70.00,5.78,USD
8801731,1,3,311139,Kayak Rental 2 hr,2025-05-28T11:45:00Z,2025-05-27T15:40:01Z,2025-05-27T15:40:01Z,LIVE,2,70.00,5.78,USD
8801705,2,1,311118,Mini Mystery (30 min),2025-06-12T19:45:00Z,2025-05-25T14:11:51Z,2025-05-27T16:35:33Z,LIVE,4,60.00,12.00,GBP
8801732,1,3,310877,Half-Day River Tour,2025-06-14T14:15:00Z,2025-05-27T17:52:17Z,2025-05-27T17:52:17Z,LIVE,2,158.00,13.04,USD
8801733,1,1,311140,The Vault (60 min),2025-05-30T19:30:00Z,2025-05-27T18:28:33Z,2025-05-27T18:28:33Z,LIVE,4,100.00,20.00,GBP
8801734,1,2,311141,Axe Throwing 90 min,2025-06-22T19:30:00Z,2025-05-27T22:18:19Z,2025-05-27T22:18:19Z,LIVE,5,195.00,44.85,EUR
8801735,1,2,311142,Axe Throwing 60 min,2025-05-31T16:15:00Z,2025-05-27T22:37:29Z,2025-05-27T22:37:29Z,LIVE,4,116.00,26.68,EUR
8801736,1,5,311143,Private Group Game,2025-06-18T16:45:00Z,2025-05-27T23:26:50Z,2025-05-27T23:26:50Z,LIVE,7,385.00,11.17,USD
8801737,1,4,311144,Casual Climb,2025-05-28T00:30:00Z,2025-05-27T23:46:33Z,2025-05-27T23:46:33Z,LIVE,4,116.00,11.60,AUD
8801738,1,3,311145,Sunrise Paddle,2025-05-30T14:30:00Z,2025-05-28T00:01:06Z,2025-05-28T00:01:06Z,LIVE,2,90.00,7.43,USD
8801648,2,4,311077,Casual Climb,2025-05-31T02:00:00Z,2025-05-19T22:38:18Z,2025-05-28T00:21:57Z,CANCELLED,3,87.00,8.70,AUD
8801739,1,3,311146,Half-Day River Tour,2025-06-28T12:30:00Z,2025-05-28T00:57:40Z,2025-05-28T00:57:40Z,LIVE,3,237.00,19.55,USD
8801740,1,4,310576,Kids Climb Session,2025-05-31T05:30:00Z,2025-05-28T03:16:25Z,2025-05-28T03:16:25Z,LIVE,4,96.00,9.60,AUD
8801741,1,1,311147,The Vault (60 min),2025-05-31T18:30:00Z,2025-05-28T06:12:59Z,2025-05-28T06:12:59Z,LIVE,3,75.00,15.00,GBP
8801742,1,2,311148,Axe Throwing 60 min,2025-06-01T17:45:00Z,2025-05-28T07:02:05Z,2025-05-28T07:02:05Z,LIVE,3,87.00,20.01,EUR
8801743,1,4,311149,Casual Climb,2025-06-05T01:30:00Z,2025-05-28T08:08:00Z,2025-05-28T08:08:00Z,LIVE,3,87.00,8.70,AUD
8801744,1,2,311150,Axe Throwing 90 min,2025-06-15T17:00:00Z,2025-05-28T08:11:42Z,2025-05-28T08:11:42Z,LIVE,3,117.00,26.91,EUR
8801706,2,3,310622,Half-Day River Tour,2025-06-21T16:00:00Z,2025-05-25T14:56:15Z,2025-05-28T08:21:11Z,LIVE,3,237.00,19.55,USD
8801745,1,3,311151,Kayak Rental 2 hr,2025-06-01T14:30:00Z,2025-05-28T12:41:45Z,2025-05-28T12:41:45Z,LIVE,5,175.00,14.44,USD
8801746,1,2,311152,Axe Throwing 60 min,2025-06-29T14:00:00Z,2025-05-28T13:53:27Z,2025-05-28T13:53:27Z,LIVE,6,174.00,40.02,EUR
8801554,2,4,311014,Intro to Bouldering,2025-06-02T01:15:00Z,2025-05-08T21:36:26Z,2025-05-28T18:14:00Z,CANCELLED,2,98.00,9.80,AUD
8801747,1,2,310133,Axe Throwing 60 min,2025-05-30T20:30:00Z,2025-05-28T18:48:12Z,2025-05-28T18:48:12Z,LIVE,5,145.00,33.35,EUR
8801534,2,3,310998,Half-Day River Tour,2025-06-14T15:00:00Z,2025-05-06T22:42:09Z,2025-05-28T19:44:53Z,CANCELLED,3,237.00,19.55,USD
8801748,1,1,310846,The Vault (60 min),2025-05-29T15:30:00Z,2025-05-28T21:32:14Z,2025-05-28T21:32:14Z,LIVE,2,50.00,10.00,GBP
8801749,1,1,310961,Mini Mystery (30 min),2025-06-02T13:45:00Z,2025-05-29T06:21:10Z,2025-05-29T06:21:10Z,LIVE,5,75.00,15.00,GBP
8801750,1,2,311153,Axe Throwing 60 min,2025-06-02T18:00:00Z,2025-05-29T08:28:45Z,2025-05-29T08:28:45Z,LIVE,3,87.00,20.01,EUR
8801751,1,1,310889,The Vault (60 min),2025-07-19T15:45:00Z,2025-05-29T09:10:21Z,2025-05-29T09:10:21Z,LIVE,5,125.00,25.00,GBP
8801752,1,1,311154,Mini Mystery (30 min),2025-07-05T18:00:00Z,2025-05-29T13:06:20Z,2025-05-29T13:06:20Z,LIVE,6,90.00,18.00,GBP
8801675,2,2,311099,Axe Throwing 60 min,2025-06-10T19:30:00Z,2025-05-22T20:18:13Z,2025-05-29T15:17:55Z,LIVE,8,232.00,53.36,EUR
8801753,1,5,311155,Open Play,2025-05-29T16:00:00Z,2025-05-29T15:24:05Z,2025-05-29T15:24:05Z,LIVE,6,234.00,6.79,USD
8801754,1,2,311156,Axe Throwing 60 min,2025-06-20T19:00:00Z,2025-05-29T18:38:24Z,2025-05-29T18:38:24Z,LIVE,4,116.00,26.68,EUR
8801755,1,2,310048,Axe Throwing 60 min,2025-05-31T14:30:00Z,2025-05-29T20:33:48Z,2025-05-29T20:33:48Z,LIVE,8,232.00,53.36,EUR
8801756,1,1,310100,The Vault (60 min),2025-06-03T18:00:00Z,2025-05-29T21:30:10Z,2025-05-29T21:30:10Z,LIVE,6,150.00,30.00,GBP
8801747,2,2,310133,Axe Throwing 60 min,2025-05-30T20:30:00Z,2025-05-28T18:48:12Z,2025-05-29T22:10:56Z,CANCELLED,5,145.00,33.35,EUR
8801757,1,5,311157,Private Group Game,2025-06-08T20:30:00Z,2025-05-29T23:01:51Z,2025-05-29T23:01:51Z,LIVE,7,385.00,11.17,USD
8801758,1,3,311158,Kayak Rental 2 hr,2025-06-15T15:00:00Z,2025-05-30T03:48:14Z,2025-05-30T03:48:14Z,LIVE,2,70.00,5.78,USD
8801759,1,5,310093,Open Play,2025-06-15T22:30:00Z,2025-05-30T04:16:52Z,2025-05-30T04:16:52Z,LIVE,9,351.00,10.18,USD
8801760,1,5,310020,Private Group Game,2025-06-03T17:00:00Z,2025-05-30T05:18:40Z,2025-05-30T05:18:40Z,LIVE,12,660.00,19.14,USD
8801761,1,1,311159,Mini Mystery (30 min),2025-06-08T17:30:00Z,2025-05-30T09:46:45Z,2025-05-30T09:46:45Z,LIVE,6,90.00,18.00,GBP
8801762,1,2,311160,Axe Throwing 60 min,2025-06-01T17:00:00Z,2025-05-30T11:30:47Z,2025-05-30T11:30:47Z,LIVE,4,116.00,26.68,EUR
8801729,2,2,311137,Axe Throwing 60 min,2025-06-02T17:30:00Z,2025-05-27T14:52:50Z,2025-05-30T12:10:19Z,LIVE,5,145.00,33.35,EUR
8801763,1,2,310580,Axe Throwing 90 min,2025-06-29T17:00:00Z,2025-05-30T13:35:20Z,2025-05-30T13:35:20Z,LIVE,5,195.00,44.85,EUR
8801764,1,2,311161,Axe Throwing 90 min,2025-05-30T17:45:00Z,2025-05-30T14:36:02Z,2025-05-30T14:36:02Z,LIVE,5,195.00,44.85,EUR
8801765,1,3,311162,Sunrise Paddle,2025-05-30T16:45:00Z,2025-05-30T15:25:14Z,2025-05-30T15:25:14Z,LIVE,3,135.00,11.14,USD
8801766,1,3,311163,Half-Day River Tour,2025-05-31T13:30:00Z,2025-05-30T15:27:41Z,2025-05-30T15:27:41Z,LIVE,5,395.00,32.59,USD
8801767,1,2,310141,Axe Throwing 90 min,2025-06-01T19:45:00Z,2025-05-30T15:48:09Z,2025-05-30T15:48:09Z,LIVE,6,234.00,53.82,EUR
8801768,1,5,311164,Open Play,2025-06-12T19:15:00Z,2025-05-30T18:56:50Z,2025-05-30T18:56:50Z,LIVE,11,429.00,12.44,USD
8801769,1,4,311165,Kids Climb Session,2025-06-02T23:00:00Z,2025-05-30T22:15:38Z,2025-05-30T22:15:38Z,LIVE,4,96.00,9.60,AUD
8801766,2,3,311163,Half-Day River Tour,2025-05-31T13:30:00Z,2025-05-30T15:27:41Z,2025-05-30T22:24:40Z,LIVE,7,553.00,45.62,USD
8801770,1,5,311166,Private Group Game,2025-06-06T19:30:00Z,2025-05-31T00:26:21Z,2025-05-31T00:26:21Z,LIVE,11,605.00,17.55,USD
8801771,1,1,311167,The Vault (60 min),2025-06-15T16:30:00Z,2025-05-31T09:30:06Z,2025-05-31T09:30:06Z,LIVE,3,75.00,15.00,GBP
8801772,1,2,311168,Axe Throwing 90 min,2025-05-31T19:30:00Z,2025-05-31T13:59:36Z,2025-05-31T13:59:36Z,LIVE,4,156.00,35.88,EUR
8801773,1,2,310469,Axe Throwing 60 min,2025-06-30T17:30:00Z,2025-05-31T14:47:20Z,2025-05-31T14:47:20Z,LIVE,2,58.00,13.34,EUR
8801617,2,3,311055,Half-Day River Tour,2025-06-10T15:30:00Z,2025-05-16T01:52:40Z,2025-05-31T15:35:50Z,CANCELLED,1,79.00,6.52,USD
8801767,2,2,310141,Axe Throwing 90 min,2025-06-01T19:45:00Z,2025-05-30T15:48:09Z,2025-05-31T16:13:32Z,LIVE,7,273.00,62.79,EUR
8801774,1,3,310282,Half-Day River Tour,2025-06-05T13:30:00Z,2025-05-31T16:56:40Z,2025-05-31T16:56:40Z,LIVE,4,316.00,26.07,USD
8801775,1,5,310035,Open Play,2025-05-31T19:30:00Z,2025-05-31T17:00:35Z,2025-05-31T17:00:35Z,LIVE,7,273.00,7.92,USD
8801776,1,5,310458,Open Play,2025-06-26T16:00:00Z,2025-05-31T20:35:24Z,2025-05-31T20:35:24Z,LIVE,8,312.00,9.05,USD
8801777,1,3,311169,Kayak Rental 2 hr,2025-06-25T14:30:00Z,2025-05-31T21:31:36Z,2025-05-31T21:31:36Z,LIVE,4,140.00,11.55,USD
8801778,1,4,311170,Casual Climb,2025-06-01T00:30:00Z,2025-05-31T21:55:17Z,2025-05-31T21:55:17Z,LIVE,1,29.00,2.90,AUD
8801779,1,3,310781,Kayak Rental 2 hr,2025-06-01T14:15:00Z,2025-05-31T22:26:09Z,2025-05-31T22:26:09Z,LIVE,3,105.00,8.66,USD
8801780,1,4,311171,Intro to Bouldering,2025-07-31T00:30:00Z,2025-06-01T00:00:53Z,2025-06-01T00:00:53Z,LIVE,3,147.00,14.70,AUD
8801781,1,3,311172,Sunrise Paddle,2025-07-10T15:30:00Z,2025-06-01T01:13:03Z,2025-06-01T01:13:03Z,LIVE,4,180.00,14.85,USD
8801719,2,3,311128,Sunrise Paddle,2025-06-04T15:45:00Z,2025-05-26T21:15:15Z,2025-06-01T03:27:06Z,CANCELLED,2,90.00,7.43,USD
8801782,1,1,310217,Mini Mystery (30 min),2025-06-06T15:00:00Z,2025-06-01T07:55:25Z,2025-06-01T07:55:25Z,LIVE,3,45.00,9.00,GBP
8801757,2,5,311157,Private Group Game,2025-06-08T20:30:00Z,2025-05-29T23:01:51Z,2025-06-01T09:30:44Z,LIVE,8,440.00,12.76,USD
8801757,2,5,311157,Private Group Game,2025-06-08T20:30:00Z,2025-05-29T23:01:51Z,2025-06-01T09:30:44Z,LIVE,8,440.00,12.76,USD
8801783,1,3,311173,Half-Day River Tour,2025-06-01T20:30:00Z,2025-06-01T12:23:21Z,2025-06-01T12:23:21Z,LIVE,1,79.00,6.52,USD
8801784,1,3,311174,Sunrise Paddle,2025-06-17T16:30:00Z,2025-06-01T12:28:22Z,2025-06-01T12:28:22Z,LIVE,1,45.00,3.71,USD
8801785,1,5,311175,Open Play,2025-06-06T19:15:00Z,2025-06-01T14:14:30Z,2025-06-01T14:14:30Z,LIVE,8,312.00,9.05,USD
8801786,1,1,310717,The Vault (60 min),2025-06-11T18:00:00Z,2025-06-01T16:42:13Z,2025-06-01T16:42:13Z,LIVE,4,100.00,20.00,GBP
8801787,1,5,311176,Open Play,2025-06-06T19:15:00Z,2025-06-01T19:47:08Z,2025-06-01T19:47:08Z,LIVE,11,429.00,12.44,USD
8801788,1,1,311177,Asylum (60 min),2025-06-01T20:00:00Z,2025-06-01T19:47:09Z,2025-06-01T19:47:09Z,LIVE,4,112.00,22.40,GBP
8801789,1,4,311178,Casual Climb,2025-06-09T00:00:00Z,2025-06-02T03:15:44Z,2025-06-02T03:15:44Z,LIVE,1,29.00,2.90,AUD
8801601,2,4,311046,Kids Climb Session,2025-06-12T02:30:00Z,2025-05-14T05:15:45Z,2025-06-02T03:25:04Z,CANCELLED,1,24.00,2.40,AUD
8801790,1,6,310076,Test Experience,2025-06-15T13:45:00Z,2025-06-02T09:09:41Z,2025-06-02T09:09:41Z,LIVE,1,1.00,0.20,GBP
8801791,1,4,311179,Kids Climb Session,2025-07-19T07:00:00Z,2025-06-02T12:15:12Z,2025-06-02T12:15:12Z,LIVE,1,24.00,2.40,AUD
8801792,1,3,311180,Sunrise Paddle,2025-06-14T12:00:00Z,2025-06-02T13:29:34Z,2025-06-02T13:29:34Z,LIVE,5,225.00,18.56,USD
8801793,1,3,310146,Half-Day River Tour,2025-06-08T14:45:00Z,2025-06-02T17:06:25Z,2025-06-02T17:06:25Z,LIVE,5,395.00,32.59,USD
8801794,1,3,311104,Half-Day River Tour,2025-06-07T14:45:00Z,2025-06-02T18:19:06Z,2025-06-02T18:19:06Z,LIVE,1,79.00,6.52,USD
8801795,1,2,311181,Axe Throwing 60 min,2025-06-07T16:00:00Z,2025-06-02T18:34:16Z,2025-06-02T18:34:16Z,LIVE,6,174.00,40.02,EUR
8801796,1,4,311130,Kids Climb Session,2025-06-04T02:00:00Z,2025-06-03T03:47:13Z,2025-06-03T03:47:13Z,LIVE,3,72.00,7.20,AUD
8801797,1,5,311182,Private Group Game,2025-06-22T15:00:00Z,2025-06-03T04:11:44Z,2025-06-03T04:11:44Z,LIVE,12,660.00,19.14,USD
8801798,1,5,311183,Open Play,2025-06-07T16:45:00Z,2025-06-03T05:13:49Z,2025-06-03T05:13:49Z,LIVE,4,156.00,4.52,USD
8801799,1,4,311184,Intro to Bouldering,2025-06-20T06:30:00Z,2025-06-03T05:15:36Z,2025-06-03T05:15:36Z,LIVE,2,98.00,9.80,AUD
8801800,1,5,311185,Open Play,2025-08-16T15:30:00Z,2025-06-03T05:17:45Z,2025-06-03T05:17:45Z,LIVE,10,390.00,11.31,USD
8801796,2,4,311130,Kids Climb Session,2025-06-04T02:00:00Z,2025-06-03T03:47:13Z,2025-06-03T06:04:17Z,LIVE,4,96.00,9.60,AUD
8801801,1,2,310068,Axe Throwing 90 min,2025-06-06T20:30:00Z,2025-06-03T06:17:02Z,2025-06-03T06:17:02Z,LIVE,2,78.00,17.94,EUR
8801802,1,1,311186,Asylum (60 min),2025-06-08T15:30:00Z,2025-06-03T13:15:19Z,2025-06-03T13:15:19Z,LIVE,6,168.00,33.60,GBP
8801803,1,3,311187,Sunrise Paddle,2025-06-03T15:00:00Z,2025-06-03T14:03:30Z,2025-06-03T14:03:30Z,LIVE,3,135.00,11.14,USD
8801351,2,2,310832,Axe Throwing 60 min,2025-06-09T17:30:00Z,2025-04-18T15:40:25Z,2025-06-03T14:05:15Z,CANCELLED,7,203.00,46.69,EUR
8801804,1,3,310881,Sunrise Paddle,2025-06-28T13:30:00Z,2025-06-03T14:11:49Z,2025-06-03T14:11:49Z,LIVE,4,180.00,14.85,USD
8801744,2,2,311150,Axe Throwing 90 min,2025-06-15T17:00:00Z,2025-05-28T08:11:42Z,2025-06-03T14:22:33Z,LIVE,5,195.00,44.85,EUR
8801805,1,2,311013,Axe Throwing 90 min,2025-06-03T16:00:00Z,2025-06-03T14:41:48Z,2025-06-03T14:41:48Z,LIVE,7,273.00,62.79,EUR
8801806,1,3,310895,Kayak Rental 2 hr,2025-06-10T14:00:00Z,2025-06-03T18:35:39Z,2025-06-03T18:35:39Z,LIVE,4,140.00,11.55,USD
8801807,1,5,311188,Open Play,2025-06-21T20:00:00Z,2025-06-03T23:15:24Z,2025-06-03T23:15:24Z,LIVE,9,351.00,10.18,USD
8801808,1,3,311017,Kayak Rental 2 hr,2025-07-22T15:00:00Z,2025-06-04T01:18:08Z,2025-06-04T01:18:08Z,LIVE,4,140.00,11.55,USD
8801701,2,4,311115,Kids Climb Session,2025-06-10T02:00:00Z,2025-05-25T06:29:42Z,2025-06-04T03:49:49Z,CANCELLED,1,24.00,2.40,AUD
8801809,1,3,311189,Kayak Rental 2 hr,2025-06-29T18:30:00Z,2025-06-04T04:03:53Z,2025-06-04T04:03:53Z,LIVE,5,175.00,14.44,USD
8801810,1,4,311190,Kids Climb Session,2025-06-07T05:00:00Z,2025-06-04T04:14:47Z,2025-06-04T04:14:47Z,LIVE,2,48.00,4.80,AUD
8801811,1,4,310600,Kids Climb Session,2025-06-22T06:30:00Z,2025-06-04T09:23:31Z,2025-06-04T09:23:31Z,LIVE,1,24.00,2.40,AUD
8801812,1,2,311191,Axe Throwing 90 min,2025-08-29T18:45:00Z,2025-06-04T09:38:40Z,2025-06-04T09:38:40Z,LIVE,2,78.00,17.94,EUR
8801813,1,2,310964,Axe Throwing 60 min,2025-06-24T18:45:00Z,2025-06-04T11:24:58Z,2025-06-04T11:24:58Z,LIVE,8,232.00,53.36,EUR
8801813,1,2,310964,Axe Throwing 60 min,2025-06-24T18:45:00Z,2025-06-04T11:24:58Z,2025-06-04T11:24:58Z,LIVE,8,232.00,53.36,EUR
8801814,1,4,311192,Kids Climb Session,2025-06-16T04:30:00Z,2025-06-04T11:53:20Z,2025-06-04T11:53:20Z,LIVE,1,24.00,2.40,AUD
8801815,1,3,311193,Kayak Rental 2 hr,2025-06-06T14:30:00Z,2025-06-04T13:20:23Z,2025-06-04T13:20:23Z,LIVE,4,140.00,11.55,USD
8801631,3,3,311065,Kayak Rental 2 hr,2025-06-14T12:15:00Z,2025-05-17T16:17:38Z,2025-06-04T13:24:10Z,CANCELLED,4,140.00,11.55,USD
8801816,1,3,311194,Sunrise Paddle,2025-06-11T16:30:00Z,2025-06-04T13:34:01Z,2025-06-04T13:34:01Z,LIVE,2,90.00,7.43,USD
8801817,1,5,311195,Private Group Game,2025-06-11T16:00:00Z,2025-06-04T14:23:45Z,2025-06-04T14:23:45Z,LIVE,7,385.00,11.17,USD
8801469,2,4,310955,Casual Climb,2025-07-11T04:45:00Z,2025-05-01T07:49:13Z,2025-06-04T16:08:34Z,LIVE,5,145.00,14.50,AUD
8801818,1,1,311196,Mini Mystery (30 min),2025-06-09T16:00:00Z,2025-06-04T17:51:19Z,2025-06-04T17:51:19Z,LIVE,2,30.00,6.00,GBP
8801819,1,1,311197,Mini Mystery (30 min),2025-06-15T15:30:00Z,2025-06-04T18:11:02Z,2025-06-04T18:11:02Z,LIVE,4,60.00,12.00,GBP
8801820,1,2,310114,Axe Throwing 60 min,2025-06-21T18:15:00Z,2025-06-04T19:58:13Z,2025-06-04T19:58:13Z,LIVE,8,232.00,53.36,EUR
8801669,2,2,311096,Axe Throwing 90 min,2025-06-13T16:45:00Z,2025-05-22T08:11:01Z,2025-06-04T20:01:01Z,CANCELLED,5,195.00,44.85,EUR
8801821,1,3,310132,Kayak Rental 2 hr,2025-06-06T18:15:00Z,2025-06-04T20:03:57Z,2025-06-04T20:03:57Z,LIVE,5,175.00,14.44,USD
8801722,2,2,311131,Axe Throwing 60 min,2025-06-07T19:00:00Z,2025-05-26T22:26:58Z,2025-06-05T06:20:15Z,CANCELLED,7,203.00,46.69,EUR
8801815,2,3,311193,Kayak Rental 2 hr,2025-06-06T14:30:00Z,2025-06-04T13:20:23Z,2025-06-05T07:00:47Z,LIVE,6,210.00,17.33,USD
8801822,1,4,311198,Kids Climb Session,2025-06-06T06:00:00Z,2025-06-05T07:14:59Z,2025-06-05T07:14:59Z,LIVE,4,96.00,9.60,AUD
8801823,1,2,311199,Axe Throwing 90 min,2025-08-17T19:15:00Z,2025-06-05T08:36:27Z,2025-06-05T08:36:27Z,LIVE,5,195.00,44.85,EUR
8801802,2,1,311186,Asylum (60 min),2025-06-08T15:30:00Z,2025-06-03T13:15:19Z,2025-06-05T09:04:54Z,LIVE,7,196.00,39.20,GBP
8801824,1,2,311200,Axe Throwing 90 min,2025-06-09T20:00:00Z,2025-06-05T10:08:37Z,2025-06-05T10:08:37Z,LIVE,2,78.00,17.94,EUR
8801825,1,1,311201,The Vault (60 min),2025-06-05T19:30:00Z,2025-06-05T11:31:01Z,2025-06-05T11:31:01Z,LIVE,6,150.00,30.00,GBP
8801826,1,1,311074,Mini Mystery (30 min),2025-06-22T18:30:00Z,2025-06-05T11:41:24Z,2025-06-05T11:41:24Z,LIVE,3,45.00,9.00,GBP
8801827,1,2,311200,Axe Throwing 90 min,2025-07-05T19:00:00Z,2025-06-05T12:13:12Z,2025-06-05T12:13:12Z,LIVE,8,312.00,71.76,EUR
8801828,1,1,311202,Asylum (60 min),2025-06-22T17:30:00Z,2025-06-05T12:51:37Z,2025-06-05T12:51:37Z,LIVE,2,56.00,11.20,GBP
8801829,1,1,311203,Mini Mystery (30 min),2025-06-08T16:00:00Z,2025-06-05T13:31:34Z,2025-06-05T13:31:34Z,LIVE,2,30.00,6.00,GBP
8801830,1,1,311204,The Vault (60 min),2025-07-02T18:15:00Z,2025-06-05T15:01:19Z,2025-06-05T15:01:19Z,LIVE,5,125.00,25.00,GBP
8801831,1,3,311205,Kayak Rental 2 hr,2025-06-08T13:30:00Z,2025-06-05T15:55:13Z,2025-06-05T15:55:13Z,LIVE,3,105.00,8.66,USD
8801832,1,1,310419,Mini Mystery (30 min),2025-06-06T19:00:00Z,2025-06-05T17:07:08Z,2025-06-05T17:07:08Z,LIVE,2,30.00,6.00,GBP
8801833,1,2,311206,Axe Throwing 90 min,2025-08-26T17:30:00Z,2025-06-05T17:10:03Z,2025-06-05T17:10:03Z,LIVE,2,78.00,17.94,EUR
8801834,1,3,311207,Kayak Rental 2 hr,2025-07-17T15:00:00Z,2025-06-05T17:36:31Z,2025-06-05T17:36:31Z,LIVE,2,70.00,5.78,USD
8801835,1,1,310843,Asylum (60 min),2025-06-07T17:15:00Z,2025-06-05T19:42:34Z,2025-06-05T19:42:34Z,LIVE,5,140.00,28.00,GBP
8801836,1,3,311208,Kayak Rental 2 hr,2025-06-26T14:15:00Z,2025-06-05T19:54:54Z,2025-06-05T19:54:54Z,LIVE,5,175.00,14.44,USD
8801837,1,3,311209,Sunrise Paddle,2025-06-09T12:30:00Z,2025-06-05T20:24:31Z,2025-06-05T20:24:31Z,LIVE,2,90.00,7.43,USD
8801838,1,1,311210,Asylum (60 min),2025-06-24T17:30:00Z,2025-06-05T20:38:23Z,2025-06-05T20:38:23Z,LIVE,6,168.00,33.60,GBP
8801839,1,3,311211,Half-Day River Tour,2025-06-08T14:00:00Z,2025-06-05T20:54:51Z,2025-06-05T20:54:51Z,LIVE,4,316.00,26.07,USD
8801840,1,2,311212,Axe Throwing 60 min,2025-07-01T18:00:00Z,2025-06-05T21:18:12Z,2025-06-05T21:18:12Z,LIVE,2,58.00,13.34,EUR
8801841,1,1,311213,The Vault (60 min),2025-06-17T18:30:00Z,2025-06-05T22:51:53Z,2025-06-05T22:51:53Z,LIVE,2,50.00,10.00,GBP
8801842,1,3,311214,Kayak Rental 2 hr,2025-06-06T13:45:00Z,2025-06-05T22:55:03Z,2025-06-05T22:55:03Z,LIVE,5,175.00,14.44,USD
8801786,2,1,310717,The Vault (60 min),2025-06-11T18:00:00Z,2025-06-01T16:42:13Z,2025-06-05T23:55:19Z,LIVE,6,150.00,30.00,GBP
8801843,1,3,311215,Kayak Rental 2 hr,2025-06-08T13:30:00Z,2025-06-06T00:28:29Z,2025-06-06T00:28:29Z,LIVE,3,105.00,8.66,USD
8801844,1,4,310124,Casual Climb,2025-06-12T23:00:00Z,2025-06-06T02:04:09Z,2025-06-06T02:04:09Z,LIVE,1,29.00,2.90,AUD
8801845,1,3,311216,Sunrise Paddle,2025-06-22T16:00:00Z,2025-06-06T02:11:26Z,2025-06-06T02:11:26Z,LIVE,3,135.00,11.14,USD
8801846,1,6,311217,Test Experience,2025-07-04T14:30:00Z,2025-06-06T06:03:21Z,2025-06-06T06:03:21Z,LIVE,4,4.00,0.80,GBP
8801847,1,1,310378,The Vault (60 min),2025-06-06T18:30:00Z,2025-06-06T07:25:50Z,2025-06-06T07:25:50Z,LIVE,5,125.00,25.00,GBP
8801848,1,2,311218,Axe Throwing 90 min,2025-07-03T16:00:00Z,2025-06-06T08:26:11Z,2025-06-06T08:26:11Z,LIVE,2,78.00,17.94,EUR
8801849,1,4,311219,Casual Climb,2025-06-14T07:15:00Z,2025-06-06T08:50:48Z,2025-06-06T08:50:48Z,LIVE,1,29.00,2.90,AUD
8801850,1,2,311220,Axe Throwing 60 min,2025-06-06T18:00:00Z,2025-06-06T10:20:54Z,2025-06-06T10:20:54Z,LIVE,8,232.00,53.36,EUR
8801851,1,6,311221,Test Experience,2025-06-28T13:45:00Z,2025-06-06T11:02:29Z,2025-06-06T11:02:29Z,LIVE,3,3.00,0.60,GBP
8801852,1,3,310968,Kayak Rental 2 hr,2025-06-06T14:30:00Z,2025-06-06T12:03:25Z,2025-06-06T12:03:25Z,LIVE,3,105.00,8.66,USD
8801853,1,3,311222,Half-Day River Tour,2025-06-06T18:30:00Z,2025-06-06T12:22:11Z,2025-06-06T12:22:11Z,LIVE,1,79.00,6.52,USD
8801854,1,3,311223,Kayak Rental 2 hr,2025-06-06T16:00:00Z,2025-06-06T12:57:49Z,2025-06-06T12:57:49Z,LIVE,2,70.00,5.78,USD
8801855,1,1,311224,The Vault (60 min),2025-06-07T18:30:00Z,2025-06-06T13:39:46Z,2025-06-06T13:39:46Z,LIVE,5,125.00,25.00,GBP
8801856,1,2,310192,Axe Throwing 60 min,2025-06-28T18:45:00Z,2025-06-06T15:18:49Z,2025-06-06T15:18:49Z,LIVE,2,58.00,13.34,EUR
8801857,1,5,311225,Open Play,2025-06-06T20:00:00Z,2025-06-06T15:25:00Z,2025-06-06T15:25:00Z,LIVE,9,351.00,10.18,USD
8801858,1,5,311226,Private Group Game,2025-06-10T19:30:00Z,2025-06-06T18:21:14Z,2025-06-06T18:21:14Z,LIVE,11,605.00,17.55,USD
8801859,1,2,311227,Axe Throwing 90 min,2025-06-18T20:45:00Z,2025-06-06T18:21:25Z,2025-06-06T18:21:25Z,LIVE,8,312.00,71.76,EUR
8801860,1,3,311228,Sunrise Paddle,2025-06-20T15:15:00Z,2025-06-06T19:20:13Z,2025-06-06T19:20:13Z,LIVE,4,180.00,14.85,USD
8801861,1,3,311229,Kayak Rental 2 hr,2025-06-11T20:00:00Z,2025-06-06T19:37:48Z,2025-06-06T19:37:48Z,LIVE,4,140.00,11.55,USD
8801862,1,2,310255,Axe Throwing 90 min,2025-06-30T12:00:00Z,2025-06-06T22:40:29Z,2025-06-06T22:40:29Z,LIVE,7,273.00,62.79,EUR
8801863,1,1,310583,Mini Mystery (30 min),2025-06-29T15:30:00Z,2025-06-06T22:48:34Z,2025-06-06T22:48:34Z,LIVE,3,45.00,9.00,GBP
8801381,2,1,310909,Mini Mystery (30 min),2025-06-29T18:15:00Z,2025-04-22T12:38:01Z,2025-06-06T23:01:29Z,CANCELLED,3,45.00,9.00,GBP
8801864,1,4,311230,Kids Climb Session,2025-08-11T08:45:00Z,2025-06-06T23:16:23Z,2025-06-06T23:16:23Z,LIVE,1,24.00,2.40,AUD
8801844,2,4,310124,Casual Climb,2025-06-12T23:00:00Z,2025-06-06T02:04:09Z,2025-06-06T23:49:17Z,LIVE,2,58.00,5.80,AUD
8801865,1,3,311231,Kayak Rental 2 hr,2025-06-07T13:30:00Z,2025-06-07T04:55:10Z,2025-06-07T04:55:10Z,LIVE,2,70.00,5.78,USD
8801866,1,2,310551,Axe Throwing 60 min,2025-06-07T20:00:00Z,2025-06-07T09:13:03Z,2025-06-07T09:13:03Z,LIVE,2,58.00,13.34,EUR
8801124,2,2,310755,Axe Throwing 60 min,2025-06-14T18:15:00Z,2025-03-26T07:45:12Z,2025-06-07T09:38:50Z,CANCELLED,8,232.00,53.36,EUR
8801867,1,2,311123,Axe Throwing 90 min,2025-06-07T19:00:00Z,2025-06-07T09:47:59Z,2025-06-07T09:47:59Z,LIVE,5,195.00,44.85,EUR
8801868,1,2,311232,Axe Throwing 60 min,2025-06-12T19:00:00Z,2025-06-07T10:58:00Z,2025-06-07T10:58:00Z,LIVE,6,174.00,40.02,EUR
8801869,1,2,311233,Axe Throwing 60 min,2025-06-07T18:45:00Z,2025-06-07T11:17:37Z,2025-06-07T11:17:37Z,LIVE,3,87.00,20.01,EUR
8801761,2,1,311159,Mini Mystery (30 min),2025-06-08T17:30:00Z,2025-05-30T09:46:45Z,2025-06-07T11:50:35Z,CANCELLED,6,90.00,18.00,GBP
8801870,1,2,311234,Axe Throwing 90 min,2025-06-07T20:45:00Z,2025-06-07T15:12:07Z,2025-06-07T15:12:07Z,LIVE,5,195.00,44.85,EUR
8801871,1,1,311235,Asylum (60 min),2025-07-05T14:15:00Z,2025-06-07T17:26:23Z,2025-06-07T17:26:23Z,LIVE,4,112.00,22.40,GBP
8801872,1,3,310656,Sunrise Paddle,2025-06-09T20:30:00Z,2025-06-07T19:52:09Z,2025-06-07T19:52:09Z,LIVE,2,90.00,7.43,USD
8801873,1,3,311236,Sunrise Paddle,2025-06-08T14:30:00Z,2025-06-07T20:08:37Z,2025-06-07T20:08:37Z,LIVE,5,225.00,18.56,USD
8801874,1,4,311237,Kids Climb Session,2025-06-08T00:00:00Z,2025-06-07T22:34:06Z,2025-06-07T22:34:06Z,LIVE,2,48.00,4.80,AUD
8801567,2,1,311024,The Vault (60 min),2025-06-23T19:00:00Z,2025-05-09T13:44:13Z,2025-06-07T22:51:35Z,CANCELLED,5,125.00,25.00,GBP
8801875,1,4,311237,Casual Climb,2025-06-08T07:00:00Z,2025-06-08T00:30:50Z,2025-06-08T00:30:50Z,LIVE,3,87.00,8.70,AUD
8801849,2,4,311219,Casual Climb,2025-06-14T07:15:00Z,2025-06-06T08:50:48Z,2025-06-08T02:06:08Z,LIVE,3,87.00,8.70,AUD
8801876,1,4,311238,Casual Climb,2025-07-19T07:00:00Z,2025-06-08T02:59:58Z,2025-06-08T02:59:58Z,LIVE,2,58.00,5.80,AUD
8801877,1,4,311239,Kids Climb Session,2025-06-15T04:00:00Z,2025-06-08T03:11:49Z,2025-06-08T03:11:49Z,LIVE,4,96.00,9.60,AUD
8801878,1,2,311220,Axe Throwing 60 min,2025-07-27T20:30:00Z,2025-06-08T07:34:58Z,2025-06-08T07:34:58Z,LIVE,2,58.00,13.34,EUR
8801879,1,2,311240,Axe Throwing 90 min,2025-07-06T17:30:00Z,2025-06-08T08:08:55Z,2025-06-08T08:08:55Z,LIVE,5,195.00,44.85,EUR
8801880,1,6,311241,Test Experience,2025-06-25T10:15:00Z,2025-06-08T08:29:54Z,2025-06-08T08:29:54Z,LIVE,3,3.00,0.60,GBP
8801881,1,2,310019,Axe Throwing 60 min,2025-06-08T18:45:00Z,2025-06-08T11:18:54Z,2025-06-08T11:18:54Z,LIVE,2,58.00,13.34,EUR
8801882,1,5,311242,Private Group Game,2025-06-08T18:45:00Z,2025-06-08T15:29:39Z,2025-06-08T15:29:39Z,LIVE,4,220.00,6.38,USD
8801584,2,2,311033,Axe Throwing 60 min,2025-06-10T17:00:00Z,2025-05-11T15:25:05Z,2025-06-08T17:19:30Z,CANCELLED,4,116.00,26.68,EUR
8801883,1,5,310340,Private Group Game,2025-06-08T18:30:00Z,2025-06-08T17:45:01Z,2025-06-08T17:45:01Z,LIVE,5,275.00,7.98,USD
8801884,1,1,311243,The Vault (60 min),2025-06-14T17:00:00Z,2025-06-08T18:24:45Z,2025-06-08T18:24:45Z,LIVE,3,75.00,15.00,GBP
8801885,1,4,311244,Intro to Bouldering,2025-06-10T23:30:00Z,2025-06-08T21:31:28Z,2025-06-08T21:31:28Z,LIVE,2,98.00,9.80,AUD
8801886,1,3,311245,Kayak Rental 2 hr,2025-07-14T16:45:00Z,2025-06-08T23:17:07Z,2025-06-08T23:17:07Z,LIVE,5,175.00,14.44,USD
8801887,1,3,311246,Sunrise Paddle,2025-06-17T15:00:00Z,2025-06-09T00:38:50Z,2025-06-09T00:38:50Z,LIVE,2,90.00,7.43,USD
8801872,2,3,310656,Sunrise Paddle,2025-06-09T20:30:00Z,2025-06-07T19:52:09Z,2025-06-09T07:29:27Z,CANCELLED,2,90.00,7.43,USD
8801888,1,1,311247,Asylum (60 min),2025-06-12T18:00:00Z,2025-06-09T08:07:31Z,2025-06-09T08:07:31Z,LIVE,2,56.00,11.20,GBP
8801889,1,1,311248,The Vault (60 min),2025-06-15T17:30:00Z,2025-06-09T11:06:04Z,2025-06-09T11:06:04Z,LIVE,3,75.00,15.00,GBP
8801890,1,3,310096,Kayak Rental 2 hr,2025-07-06T16:30:00Z,2025-06-09T13:03:22Z,2025-06-09T13:03:22Z,LIVE,4,140.00,11.55,USD
8801891,1,2,311249,Axe Throwing 60 min,2025-06-15T18:00:00Z,2025-06-09T13:08:50Z,2025-06-09T13:08:50Z,LIVE,8,232.00,53.36,EUR
8801892,1,2,311250,Axe Throwing 60 min,2025-06-21T19:30:00Z,2025-06-09T14:18:31Z,2025-06-09T14:18:31Z,LIVE,5,145.00,33.35,EUR
8801893,1,2,311251,Axe Throwing 60 min,2025-06-09T17:00:00Z,2025-06-09T14:51:20Z,2025-06-09T14:51:20Z,LIVE,4,116.00,26.68,EUR
8801894,1,3,310243,Kayak Rental 2 hr,2025-06-15T18:30:00Z,2025-06-09T17:28:20Z,2025-06-09T17:28:20Z,LIVE,2,70.00,5.78,USD
8801895,1,2,311252,Axe Throwing 90 min,2025-06-11T19:15:00Z,2025-06-09T21:43:17Z,2025-06-09T21:43:17Z,LIVE,2,78.00,17.94,EUR
8801896,1,3,311253,Half-Day River Tour,2025-06-14T14:30:00Z,2025-06-09T22:42:21Z,2025-06-09T22:42:21Z,LIVE,3,237.00,19.55,USD
8801897,1,5,311254,Open Play,2025-06-17T20:15:00Z,2025-06-10T03:20:07Z,2025-06-10T03:20:07Z,LIVE,7,273.00,7.92,USD
8801898,1,3,310960,Sunrise Paddle,2025-08-09T13:30:00Z,2025-06-10T04:02:54Z,2025-06-10T04:02:54Z,LIVE,3,135.00,11.14,USD
8801899,1,1,311255,Mini Mystery (30 min),2025-06-15T14:15:00Z,2025-06-10T07:06:19Z,2025-06-10T07:06:19Z,LIVE,3,45.00,9.00,GBP
8801900,1,1,311256,Asylum (60 min),2025-06-10T11:30:00Z,2025-06-10T08:22:37Z,2025-06-10T08:22:37Z,LIVE,6,168.00,33.60,GBP
8801901,1,6,311257,Test Experience,2025-06-10T10:15:00Z,2025-06-10T09:41:11Z,2025-06-10T09:41:11Z,LIVE,4,4.00,0.80,GBP
8801902,1,4,311097,Casual Climb,2025-06-14T01:00:00Z,2025-06-10T12:14:31Z,2025-06-10T12:14:31Z,LIVE,3,87.00,8.70,AUD
8801903,1,1,311258,Mini Mystery (30 min),2025-06-10T18:00:00Z,2025-06-10T14:02:15Z,2025-06-10T14:02:15Z,LIVE,2,30.00,6.00,GBP
8801887,2,3,311246,Sunrise Paddle,2025-06-17T15:00:00Z,2025-06-09T00:38:50Z,2025-06-10T14:25:01Z,LIVE,3,135.00,11.14,USD
8801904,1,1,310765,The Vault (60 min),2025-06-14T17:15:00Z,2025-06-10T16:24:15Z,2025-06-10T16:24:15Z,LIVE,2,50.00,10.00,GBP
8801905,1,1,311259,The Vault (60 min),2025-07-04T20:30:00Z,2025-06-10T20:00:11Z,2025-06-10T20:00:11Z,LIVE,3,75.00,15.00,GBP
8801906,1,1,310378,The Vault (60 min),2025-06-14T18:45:00Z,2025-06-10T21:12:55Z,2025-06-10T21:12:55Z,LIVE,4,100.00,20.00,GBP
8801907,1,5,311260,Open Play,2025-06-11T21:45:00Z,2025-06-10T21:25:16Z,2025-06-10T21:25:16Z,LIVE,11,429.00,12.44,USD
8801908,1,3,310793,Sunrise Paddle,2025-07-08T16:15:00Z,2025-06-10T21:49:21Z,2025-06-10T21:49:21Z,LIVE,1,45.00,3.71,USD
8801909,1,1,311261,The Vault (60 min),2025-06-14T18:00:00Z,2025-06-10T21:55:18Z,2025-06-10T21:55:18Z,LIVE,2,50.00,10.00,GBP
8801910,1,4,311262,Kids Climb Session,2025-06-13T08:30:00Z,2025-06-10T22:38:57Z,2025-06-10T22:38:57Z,LIVE,3,72.00,7.20,AUD
8801911,1,3,311263,Half-Day River Tour,2025-07-02T14:00:00Z,2025-06-10T22:47:24Z,2025-06-10T22:47:24Z,LIVE,2,158.00,13.04,USD
8801912,1,1,310037,Asylum (60 min),2025-07-02T17:00:00Z,2025-06-10T22:48:08Z,2025-06-10T22:48:08Z,LIVE,4,112.00,22.40,GBP
8801913,1,4,311264,Intro to Bouldering,2025-09-06T04:45:00Z,2025-06-11T01:30:34Z,2025-06-11T01:30:34Z,LIVE,3,147.00,14.70,AUD
8801914,1,5,311265,Open Play,2025-06-20T19:45:00Z,2025-06-11T03:45:42Z,2025-06-11T03:45:42Z,LIVE,9,351.00,10.18,USD
8801861,2,3,311229,Kayak Rental 2 hr,2025-06-11T20:00:00Z,2025-06-06T19:37:48Z,2025-06-11T04:07:31Z,CANCELLED,4,140.00,11.55,USD
8801915,1,4,310589,Kids Climb Session,2025-06-11T07:30:00Z,2025-06-11T04:31:19Z,2025-06-11T04:31:19Z,LIVE,3,72.00,7.20,AUD
8801916,1,4,311266,Intro to Bouldering,2025-06-13T02:00:00Z,2025-06-11T10:10:53Z,2025-06-11T10:10:53Z,LIVE,3,147.00,14.70,AUD
8801917,1,1,311267,The Vault (60 min),2025-08-28T18:00:00Z,2025-06-11T12:53:21Z,2025-06-11T12:53:21Z,LIVE,2,50.00,10.00,GBP
8801918,1,4,310309,Casual Climb,2025-06-26T00:45:00Z,2025-06-11T13:26:05Z,2025-06-11T13:26:05Z,LIVE,4,116.00,11.60,AUD
8801919,1,5,311268,Open Play,2025-06-11T17:00:00Z,2025-06-11T13:38:48Z,2025-06-11T13:38:48Z,LIVE,11,429.00,12.44,USD
8801920,1,1,311269,Asylum (60 min),2025-06-11T17:30:00Z,2025-06-11T15:16:41Z,2025-06-11T15:16:41Z,LIVE,4,112.00,22.40,GBP
8801921,1,1,311092,Mini Mystery (30 min),2025-06-17T18:00:00Z,2025-06-11T17:09:41Z,2025-06-11T17:09:41Z,LIVE,2,30.00,6.00,GBP
8801371,2,5,310904,Private Group Game,2025-07-01T20:15:00Z,2025-04-21T02:07:30Z,2025-06-11T18:14:11Z,CANCELLED,12,660.00,19.14,USD
8801922,1,1,311270,The Vault (60 min),2025-07-26T19:30:00Z,2025-06-11T20:24:05Z,2025-06-11T20:24:05Z,LIVE,2,50.00,10.00,GBP
8801923,1,5,311271,Private Group Game,2025-06-14T18:45:00Z,2025-06-11T21:29:40Z,2025-06-11T21:29:40Z,LIVE,10,550.00,15.95,USD
8801924,1,4,311272,Intro to Bouldering,2025-06-21T07:45:00Z,2025-06-11T21:35:44Z,2025-06-11T21:35:44Z,LIVE,3,147.00,14.70,AUD
8801925,1,2,311273,Axe Throwing 60 min,2025-06-19T19:30:00Z,2025-06-11T21:52:31Z,2025-06-11T21:52:31Z,LIVE,8,232.00,53.36,EUR
8801925,2,2,311273,Axe Throwing 60 min,2025-06-19T19:30:00Z,2025-06-11T21:52:31Z,2025-06-11T22:58:09Z,LIVE,9,261.00,60.03,EUR
8801926,1,4,310051,Casual Climb,2025-06-13T02:30:00Z,2025-06-11T22:59:40Z,2025-06-11T22:59:40Z,LIVE,1,29.00,2.90,AUD
8801927,1,4,311274,Intro to Bouldering,2025-06-27T06:30:00Z,2025-06-11T23:10:05Z,2025-06-11T23:10:05Z,LIVE,3,147.00,14.70,AUD
8801928,1,4,310769,Intro to Bouldering,2025-06-15T08:30:00Z,2025-06-11T23:15:21Z,2025-06-11T23:15:21Z,LIVE,1,49.00,4.90,AUD
8801929,1,4,311274,Kids Climb Session,2025-06-12T07:30:00Z,2025-06-12T03:34:21Z,2025-06-12T03:34:21Z,LIVE,3,72.00,7.20,AUD
8801889,2,1,311248,The Vault (60 min),2025-06-15T17:30:00Z,2025-06-09T11:06:04Z,2025-06-12T03:42:37Z,LIVE,4,100.00,20.00,GBP
8801930,1,3,310914,Half-Day River Tour,2025-06-15T18:30:00Z,2025-06-12T04:43:21Z,2025-06-12T04:43:21Z,LIVE,2,158.00,13.04,USD
8801931,1,1,311275,Asylum (60 min),2025-06-20T17:00:00Z,2025-06-12T10:55:00Z,2025-06-12T10:55:00Z,LIVE,2,56.00,11.20,GBP
8801932,1,3,311276,Kayak Rental 2 hr,2025-06-15T14:30:00Z,2025-06-12T12:53:03Z,2025-06-12T12:53:03Z,LIVE,2,70.00,5.78,USD
8801933,1,4,311277,Kids Climb Session,2025-06-15T07:30:00Z,2025-06-12T13:01:11Z,2025-06-12T13:01:11Z,LIVE,2,48.00,4.80,AUD
8801932,2,3,311276,Kayak Rental 2 hr,2025-06-15T14:30:00Z,2025-06-12T12:53:03Z,2025-06-12T13:13:48Z,LIVE,4,140.00,11.55,USD
8801934,1,5,311278,Private Group Game,2025-06-12T18:15:00Z,2025-06-12T13:38:26Z,2025-06-12T13:38:26Z,LIVE,5,275.00,7.98,USD
8801935,1,1,310732,Mini Mystery (30 min),2025-06-17T18:30:00Z,2025-06-12T15:08:23Z,2025-06-12T15:08:23Z,LIVE,3,45.00,9.00,GBP
8801936,1,1,311279,Mini Mystery (30 min),2025-09-07T18:00:00Z,2025-06-12T15:18:45Z,2025-06-12T15:18:45Z,LIVE,4,60.00,12.00,GBP
8801937,1,3,311280,Half-Day River Tour,2025-06-14T15:30:00Z,2025-06-12T19:43:14Z,2025-06-12T19:43:14Z,LIVE,5,395.00,32.59,USD
8801938,1,2,311281,Axe Throwing 60 min,2025-07-25T18:45:00Z,2025-06-12T20:12:43Z,2025-06-12T20:12:43Z,LIVE,4,116.00,26.68,EUR
8801906,2,1,310378,The Vault (60 min),2025-06-14T18:45:00Z,2025-06-10T21:12:55Z,2025-06-12T21:49:32Z,CANCELLED,4,100.00,20.00,GBP
8801939,1,3,311282,Kayak Rental 2 hr,2025-06-19T14:45:00Z,2025-06-12T22:28:11Z,2025-06-12T22:28:11Z,LIVE,1,35.00,2.89,USD
8801940,1,5,311283,Private Group Game,2025-06-15T15:00:00Z,2025-06-13T00:09:47Z,2025-06-13T00:09:47Z,LIVE,8,440.00,12.76,USD
8801894,2,3,310243,Kayak Rental 2 hr,2025-06-15T18:30:00Z,2025-06-09T17:28:20Z,2025-06-13T00:32:57Z,CANCELLED,2,70.00,5.78,USD
8801941,1,4,311284,Casual Climb,2025-06-16T23:00:00Z,2025-06-13T02:48:39Z,2025-06-13T02:48:39Z,LIVE,2,58.00,5.80,AUD
8801942,1,1,311285,Asylum (60 min),2025-06-23T17:00:00Z,2025-06-13T06:24:24Z,2025-06-13T06:24:24Z,LIVE,5,140.00,28.00,GBP
8801943,1,2,311286,Axe Throwing 60 min,2025-06-13T19:00:00Z,2025-06-13T07:40:15Z,2025-06-13T07:40:15Z,LIVE,6,174.00,40.02,EUR
8801944,1,2,311287,Axe Throwing 60 min,2025-06-13T19:45:00Z,2025-06-13T10:07:20Z,2025-06-13T10:07:20Z,LIVE,7,203.00,46.69,EUR
8801945,1,1,311288,Mini Mystery (30 min),2025-08-03T18:15:00Z,2025-06-13T10:33:28Z,2025-06-13T10:33:28Z,LIVE,6,90.00,18.00,GBP
8801946,1,4,310124,Kids Climb Session,2025-06-14T04:30:00Z,2025-06-13T11:02:59Z,2025-06-13T11:02:59Z,LIVE,3,72.00,7.20,AUD
8801947,1,1,311289,The Vault (60 min),2025-06-19T18:00:00Z,2025-06-13T12:30:05Z,2025-06-13T12:30:05Z,LIVE,2,50.00,10.00,GBP
8801948,1,5,311290,Private Group Game,2025-06-20T18:30:00Z,2025-06-13T13:28:05Z,2025-06-13T13:28:05Z,LIVE,5,275.00,7.98,USD
8801949,1,5,310782,Private Group Game,2025-06-14T18:15:00Z,2025-06-13T13:57:18Z,2025-06-13T13:57:18Z,LIVE,11,605.00,17.55,USD
8801950,1,1,310601,Asylum (60 min),2025-06-14T16:00:00Z,2025-06-13T15:32:29Z,2025-06-13T15:32:29Z,LIVE,2,56.00,11.20,GBP
8801804,2,3,310881,Sunrise Paddle,2025-06-28T13:30:00Z,2025-06-03T14:11:49Z,2025-06-13T17:43:47Z,LIVE,6,270.00,22.28,USD
8801951,1,1,310138,Asylum (60 min),2025-06-18T17:15:00Z,2025-06-13T18:40:34Z,2025-06-13T18:40:34Z,LIVE,4,112.00,22.40,GBP
8801946,2,4,310124,Kids Climb Session,2025-06-14T04:30:00Z,2025-06-13T11:02:59Z,2025-06-13T19:14:19Z,LIVE,4,96.00,9.60,AUD
8801952,1,3,310074,Sunrise Paddle,2025-06-14T15:30:00Z,2025-06-13T20:52:17Z,2025-06-13T20:52:17Z,LIVE,5,225.00,18.56,USD
8801953,1,5,311291,Private Group Game,2025-06-19T21:30:00Z,2025-06-13T23:44:58Z,2025-06-13T23:44:58Z,LIVE,10,550.00,15.95,USD
8801954,1,4,310112,Kids Climb Session,2025-06-20T02:00:00Z,2025-06-14T02:25:24Z,2025-06-14T02:25:24Z,LIVE,3,72.00,7.20,AUD
8801955,1,5,311292,Open Play,2025-06-17T22:30:00Z,2025-06-14T04:52:41Z,2025-06-14T04:52:41Z,LIVE,6,234.00,6.79,USD
8801956,1,4,310330,Kids Climb Session,2025-06-15T06:30:00Z,2025-06-14T05:59:40Z,2025-06-14T05:59:40Z,LIVE,3,72.00,7.20,AUD
8801957,1,2,311293,Axe Throwing 60 min,2025-06-28T17:30:00Z,2025-06-14T06:38:04Z,2025-06-14T06:38:04Z,LIVE,5,145.00,33.35,EUR
8801958,1,1,311294,Asylum (60 min),2025-06-15T17:00:00Z,2025-06-14T06:49:41Z,2025-06-14T06:49:41Z,LIVE,4,112.00,22.40,GBP
8801959,1,1,311295,Mini Mystery (30 min),2025-06-21T18:00:00Z,2025-06-14T07:15:26Z,2025-06-14T07:15:26Z,LIVE,6,90.00,18.00,GBP
8801771,2,1,311167,The Vault (60 min),2025-06-15T16:30:00Z,2025-05-31T09:30:06Z,2025-06-14T07:47:11Z,CANCELLED,3,75.00,15.00,GBP
8801836,2,3,311208,Kayak Rental 2 hr,2025-06-26T14:15:00Z,2025-06-05T19:54:54Z,2025-06-14T10:44:17Z,LIVE,7,245.00,20.21,USD
8801960,1,1,311296,The Vault (60 min),2025-06-18T19:15:00Z,2025-06-14T12:24:18Z,2025-06-14T12:24:18Z,LIVE,3,75.00,15.00,GBP
8801961,1,6,311297,Test Experience,2025-06-15T10:30:00Z,2025-06-14T14:17:43Z,2025-06-14T14:17:43Z,LIVE,3,3.00,0.60,GBP
8801891,2,2,311249,Axe Throwing 60 min,2025-06-15T18:00:00Z,2025-06-09T13:08:50Z,2025-06-14T15:05:36Z,CANCELLED,8,232.00,53.36,EUR
8801962,1,5,311298,Open Play,2025-06-14T17:15:00Z,2025-06-14T16:04:57Z,2025-06-14T16:04:57Z,LIVE,4,156.00,4.52,USD
8801754,2,2,311156,Axe Throwing 60 min,2025-06-20T19:00:00Z,2025-05-29T18:38:24Z,2025-06-14T17:23:53Z,CANCELLED,4,116.00,26.68,EUR
8801963,1,4,310512,Kids Climb Session,2025-09-03T02:15:00Z,2025-06-14T21:13:13Z,2025-06-14T21:13:13Z,LIVE,3,72.00,7.20,AUD
8801964,1,4,311299,Casual Climb,2025-07-11T07:15:00Z,2025-06-14T22:08:22Z,2025-06-14T22:08:22Z,LIVE,3,87.00,8.70,AUD
8801863,2,1,310583,Mini Mystery (30 min),2025-06-29T15:30:00Z,2025-06-06T22:48:34Z,2025-06-14T23:01:44Z,LIVE,5,75.00,15.00,GBP
8801965,1,4,310632,Casual Climb,2025-08-01T08:15:00Z,2025-06-15T00:55:32Z,2025-06-15T00:55:32Z,LIVE,4,116.00,11.60,AUD
8801966,1,3,310277,Kayak Rental 2 hr,2025-06-15T13:30:00Z,2025-06-15T02:04:31Z,2025-06-15T02:04:31Z,LIVE,1,35.00,2.89,USD
8801967,1,1,310087,Asylum (60 min),2025-07-12T15:30:00Z,2025-06-15T07:31:26Z,2025-06-15T07:31:26Z,LIVE,6,168.00,33.60,GBP
8801968,1,2,311300,Axe Throwing 60 min,2025-07-05T19:15:00Z,2025-06-15T09:20:27Z,2025-06-15T09:20:27Z,LIVE,6,174.00,40.02,EUR
8801820,2,2,310114,Axe Throwing 60 min,2025-06-21T18:15:00Z,2025-06-04T19:58:13Z,2025-06-15T09:29:36Z,CANCELLED,8,232.00,53.36,EUR
8801969,1,5,310915,Open Play,2025-07-11T17:45:00Z,2025-06-15T15:11:49Z,2025-06-15T15:11:49Z,LIVE,4,156.00,4.52,USD
8801970,1,6,311301,Test Experience,2025-06-28T14:30:00Z,2025-06-15T15:15:42Z,2025-06-15T15:15:42Z,LIVE,2,2.00,0.40,GBP
8801971,1,5,311302,Private Group Game,2025-06-15T19:45:00Z,2025-06-15T15:54:20Z,2025-06-15T15:54:20Z,LIVE,10,550.00,15.95,USD
8801972,1,3,311303,Sunrise Paddle,2025-07-17T14:30:00Z,2025-06-15T16:01:37Z,2025-06-15T16:01:37Z,LIVE,2,90.00,7.43,USD
8801973,1,2,310320,Axe Throwing 60 min,2025-06-15T20:45:00Z,2025-06-15T18:04:25Z,2025-06-15T18:04:25Z,LIVE,3,87.00,20.01,EUR
8801974,1,1,310829,Asylum (60 min),2025-09-09T18:00:00Z,2025-06-15T18:32:03Z,2025-06-15T18:32:03Z,LIVE,5,140.00,28.00,GBP
8801975,1,5,310299,Open Play,2025-06-20T17:00:00Z,2025-06-15T20:32:09Z,2025-06-15T20:32:09Z,LIVE,8,312.00,9.05,USD
8801976,1,4,311304,Casual Climb,2025-06-21T07:30:00Z,2025-06-16T01:54:46Z,2025-06-16T01:54:46Z,LIVE,4,116.00,11.60,AUD
8801977,1,3,310004,Kayak Rental 2 hr,2025-07-08T11:45:00Z,2025-06-16T03:16:37Z,2025-06-16T03:16:37Z,LIVE,4,140.00,11.55,USD
8801683,2,3,310132,Kayak Rental 2 hr,2025-06-20T14:30:00Z,2025-05-23T23:32:14Z,2025-06-16T03:36:08Z,CANCELLED,5,175.00,14.44,USD
8801535,2,4,310999,Casual Climb,2025-07-16T05:30:00Z,2025-05-07T07:13:10Z,2025-06-16T09:59:01Z,CANCELLED,4,116.00,11.60,AUD
8801978,1,1,310888,Asylum (60 min),2025-06-29T20:00:00Z,2025-06-16T11:38:49Z,2025-06-16T11:38:49Z,LIVE,2,56.00,11.20,GBP
8801979,1,1,311305,Asylum (60 min),2025-07-07T18:00:00Z,2025-06-16T11:48:40Z,2025-06-16T11:48:40Z,LIVE,2,56.00,11.20,GBP
8801804,3,3,310881,Sunrise Paddle,2025-06-28T13:30:00Z,2025-06-03T14:11:49Z,2025-06-16T21:13:35Z,CANCELLED,6,270.00,22.28,USD
8801947,2,1,311289,The Vault (60 min),2025-06-19T18:00:00Z,2025-06-13T12:30:05Z,2025-06-16T21:43:22Z,CANCELLED,2,50.00,10.00,GBP
8801980,1,3,311306,Sunrise Paddle,2025-07-05T15:00:00Z,2025-06-16T21:54:04Z,2025-06-16T21:54:04Z,LIVE,1,45.00,3.71,USD
8801981,1,3,311307,Half-Day River Tour,2025-06-22T18:00:00Z,2025-06-16T22:23:27Z,2025-06-16T22:23:27Z,LIVE,2,158.00,13.04,USD
8801851,2,6,311221,Test Experience,2025-06-28T13:45:00Z,2025-06-06T11:02:29Z,2025-06-16T23:11:01Z,LIVE,4,4.00,0.80,GBP
8801714,2,5,310247,Private Group Game,2025-06-22T17:00:00Z,2025-05-26T16:33:48Z,2025-06-17T03:57:33Z,CANCELLED,12,660.00,19.14,USD
8801982,1,1,311308,Mini Mystery (30 min),2025-07-06T16:45:00Z,2025-06-17T09:01:36Z,2025-06-17T09:01:36Z,LIVE,4,60.00,12.00,GBP
8801752,2,1,311154,Mini Mystery (30 min),2025-07-05T18:00:00Z,2025-05-29T13:06:20Z,2025-06-17T10:56:02Z,CANCELLED,6,90.00,18.00,GBP
8801983,1,2,311309,Axe Throwing 90 min,2025-06-26T16:00:00Z,2025-06-17T13:21:52Z,2025-06-17T13:21:52Z,LIVE,8,312.00,71.76,EUR
8801984,1,2,311310,Axe Throwing 60 min,2025-06-30T20:00:00Z,2025-06-17T14:41:34Z,2025-06-17T14:41:34Z,LIVE,3,87.00,20.01,EUR
8801985,1,3,311311,Kayak Rental 2 hr,2025-09-04T14:30:00Z,2025-06-17T15:16:01Z,2025-06-17T15:16:01Z,LIVE,3,105.00,8.66,USD
8801986,1,1,310699,Asylum (60 min),2025-06-24T17:00:00Z,2025-06-17T16:22:25Z,2025-06-17T16:22:25Z,LIVE,4,112.00,22.40,GBP
8801987,1,1,310934,Mini Mystery (30 min),2025-08-19T16:00:00Z,2025-06-17T17:13:03Z,2025-06-17T17:13:03Z,LIVE,6,90.00,18.00,GBP
8801988,1,1,310257,Mini Mystery (30 min),2025-06-28T16:45:00Z,2025-06-17T17:42:08Z,2025-06-17T17:42:08Z,LIVE,3,45.00,9.00,GBP
8801989,1,2,310621,Axe Throwing 90 min,2025-07-04T20:15:00Z,2025-06-17T18:32:42Z,2025-06-17T18:32:42Z,LIVE,6,234.00,53.82,EUR
8801990,1,6,311241,Test Experience,2025-08-19T09:30:00Z,2025-06-17T20:59:56Z,2025-06-17T20:59:56Z,LIVE,2,2.00,0.40,GBP
8801991,1,5,310093,Open Play,2025-06-22T16:00:00Z,2025-06-17T22:35:41Z,2025-06-17T22:35:41Z,LIVE,10,390.00,11.31,USD
8801992,1,4,311312,Casual Climb,2025-08-23T07:00:00Z,2025-06-18T01:11:52Z,2025-06-18T01:11:52Z,LIVE,2,58.00,5.80,AUD
8801993,1,5,310334,Open Play,2025-07-02T17:00:00Z,2025-06-18T04:56:35Z,2025-06-18T04:56:35Z,LIVE,12,468.00,13.57,USD
8801994,1,1,310765,Mini Mystery (30 min),2025-06-18T17:15:00Z,2025-06-18T07:33:58Z,2025-06-18T07:33:58Z,LIVE,3,45.00,9.00,GBP
8801995,1,1,311203,Mini Mystery (30 min),2025-07-04T17:45:00Z,2025-06-18T10:01:27Z,2025-06-18T10:01:27Z,LIVE,6,90.00,18.00,GBP
8801996,1,1,311313,Mini Mystery (30 min),2025-06-19T20:30:00Z,2025-06-18T10:20:57Z,2025-06-18T10:20:57Z,LIVE,4,60.00,12.00,GBP
8801997,1,1,311314,Mini Mystery (30 min),2025-07-13T15:00:00Z,2025-06-18T12:54:18Z,2025-06-18T12:54:18Z,LIVE,5,75.00,15.00,GBP
8801953,2,5,311291,Private Group Game,2025-06-19T21:30:00Z,2025-06-13T23:44:58Z,2025-06-18T14:48:58Z,CANCELLED,10,550.00,15.95,USD
8801998,1,1,311210,The Vault (60 min),2025-06-20T18:00:00Z,2025-06-18T15:45:06Z,2025-06-18T15:45:06Z,LIVE,6,150.00,30.00,GBP
8801999,1,3,311315,Kayak Rental 2 hr,2025-06-25T14:00:00Z,2025-06-18T16:10:30Z,2025-06-18T16:10:30Z,LIVE,5,175.00,14.44,USD
8802000,1,5,310451,Private Group Game,2025-07-12T18:15:00Z,2025-06-18T16:46:09Z,2025-06-18T16:46:09Z,LIVE,9,495.00,14.36,USD
8802001,1,1,311316,Mini Mystery (30 min),2025-08-27T16:30:00Z,2025-06-18T16:51:20Z,2025-06-18T16:51:20Z,LIVE,2,30.00,6.00,GBP
8802002,1,3,311317,Half-Day River Tour,2025-06-21T14:00:00Z,2025-06-18T19:14:31Z,2025-06-18T19:14:31Z,LIVE,3,237.00,19.55,USD
8802003,1,1,311318,Mini Mystery (30 min),2025-08-18T18:30:00Z,2025-06-18T20:13:49Z,2025-06-18T20:13:49Z,LIVE,4,60.00,12.00,GBP
8802004,1,1,311319,Mini Mystery (30 min),2025-06-23T17:00:00Z,2025-06-18T22:28:37Z,2025-06-18T22:28:37Z,LIVE,5,75.00,15.00,GBP
8802005,1,5,310078,Open Play,2025-06-25T21:45:00Z,2025-06-19T00:11:21Z,2025-06-19T00:11:21Z,LIVE,9,351.00,10.18,USD
8802006,1,3,311320,Half-Day River Tour,2025-06-22T15:45:00Z,2025-06-19T00:44:08Z,2025-06-19T00:44:08Z,LIVE,5,395.00,32.59,USD
8802007,1,5,311321,Private Group Game,2025-07-12T17:30:00Z,2025-06-19T00:51:32Z,2025-06-19T00:51:32Z,LIVE,12,660.00,19.14,USD
8802008,1,4,311322,Intro to Bouldering,2025-09-14T07:00:00Z,2025-06-19T01:54:09Z,2025-06-19T01:54:09Z,LIVE,3,147.00,14.70,AUD
8801387,2,5,310912,Private Group Game,2025-06-23T22:15:00Z,2025-04-23T02:10:13Z,2025-06-19T02:24:55Z,CANCELLED,7,385.00,11.17,USD
8802009,1,4,310444,Casual Climb,2025-06-19T09:45:00Z,2025-06-19T02:58:44Z,2025-06-19T02:58:44Z,LIVE,2,58.00,5.80,AUD
8802010,1,3,311323,Half-Day River Tour,2025-07-15T20:30:00Z,2025-06-19T04:07:36Z,2025-06-19T04:07:36Z,LIVE,2,158.00,13.04,USD
8802011,1,3,311324,Sunrise Paddle,2025-06-23T15:30:00Z,2025-06-19T04:37:39Z,2025-06-19T04:37:39Z,LIVE,1,45.00,3.71,USD
8801977,2,3,310004,Kayak Rental 2 hr,2025-07-08T11:45:00Z,2025-06-16T03:16:37Z,2025-06-19T08:06:27Z,LIVE,5,175.00,14.44,USD
8802012,1,2,311325,Axe Throwing 60 min,2025-06-21T18:30:00Z,2025-06-19T09:43:11Z,2025-06-19T09:43:11Z,LIVE,2,58.00,13.34,EUR
8802013,1,1,310172,Mini Mystery (30 min),2025-06-22T19:00:00Z,2025-06-19T10:08:42Z,2025-06-19T10:08:42Z,LIVE,4,60.00,12.00,GBP
8802014,1,1,311326,The Vault (60 min),2025-06-22T19:15:00Z,2025-06-19T10:10:27Z,2025-06-19T10:10:27Z,LIVE,4,100.00,20.00,GBP
8802015,1,1,311327,The Vault (60 min),2025-06-19T16:30:00Z,2025-06-19T10:28:33Z,2025-06-19T10:28:33Z,LIVE,6,150.00,30.00,GBP
8802016,1,4,310273,Kids Climb Session,2025-06-25T09:15:00Z,2025-06-19T10:49:46Z,2025-06-19T10:49:46Z,LIVE,4,96.00,9.60,AUD
8802017,1,1,311328,Asylum (60 min),2025-06-19T18:00:00Z,2025-06-19T12:23:22Z,2025-06-19T12:23:22Z,LIVE,4,112.00,22.40,GBP
8802018,1,2,311048,Axe Throwing 60 min,2025-06-19T19:00:00Z,2025-06-19T12:25:48Z,2025-06-19T12:25:48Z,LIVE,3,87.00,20.01,EUR
8802019,1,2,311329,Axe Throwing 90 min,2025-06-22T16:15:00Z,2025-06-19T13:55:26Z,2025-06-19T13:55:26Z,LIVE,6,234.00,53.82,EUR
8802014,2,1,311326,The Vault (60 min),2025-06-22T19:15:00Z,2025-06-19T10:10:27Z,2025-06-19T16:50:18Z,LIVE,5,125.00,25.00,GBP
8802018,2,2,311048,Axe Throwing 60 min,2025-06-19T19:00:00Z,2025-06-19T12:25:48Z,2025-06-19T16:56:22Z,CANCELLED,3,87.00,20.01,EUR
8802020,1,1,310006,The Vault (60 min),2025-06-25T18:00:00Z,2025-06-19T18:53:14Z,2025-06-19T18:53:14Z,LIVE,3,75.00,15.00,GBP
8801809,2,3,311189,Kayak Rental 2 hr,2025-06-29T18:30:00Z,2025-06-04T04:03:53Z,2025-06-19T19:07:49Z,CANCELLED,5,175.00,14.44,USD
8802002,2,3,311317,Half-Day River Tour,2025-06-21T14:00:00Z,2025-06-18T19:14:31Z,2025-06-19T23:42:10Z,LIVE,5,395.00,32.59,USD
8802021,1,5,310763,Open Play,2025-07-18T19:30:00Z,2025-06-20T01:58:31Z,2025-06-20T01:58:31Z,LIVE,12,468.00,13.57,USD
8802022,1,3,311330,Sunrise Paddle,2025-06-20T12:45:00Z,2025-06-20T03:09:19Z,2025-06-20T03:09:19Z,LIVE,4,180.00,14.85,USD
8802023,1,4,310112,Intro to Bouldering,2025-07-06T07:45:00Z,2025-06-20T07:12:21Z,2025-06-20T07:12:21Z,LIVE,3,147.00,14.70,AUD
8802024,1,4,311331,Casual Climb,2025-09-14T06:30:00Z,2025-06-20T07:20:04Z,2025-06-20T07:20:04Z,LIVE,4,116.00,11.60,AUD
8802025,1,2,311332,Axe Throwing 90 min,2025-08-15T16:15:00Z,2025-06-20T08:44:44Z,2025-06-20T08:44:44Z,LIVE,7,273.00,62.79,EUR
8802026,1,2,311333,Axe Throwing 90 min,2025-06-22T17:15:00Z,2025-06-20T11:48:34Z,2025-06-20T11:48:34Z,LIVE,3,117.00,26.91,EUR
8802027,1,1,310491,The Vault (60 min),2025-06-21T19:15:00Z,2025-06-20T12:01:28Z,2025-06-20T12:01:28Z,LIVE,4,100.00,20.00,GBP
8802028,1,2,311334,Axe Throwing 60 min,2025-06-22T20:00:00Z,2025-06-20T13:56:07Z,2025-06-20T13:56:07Z,LIVE,3,87.00,20.01,EUR
8802029,1,3,310277,Sunrise Paddle,2025-06-26T13:45:00Z,2025-06-20T17:19:39Z,2025-06-20T17:19:39Z,LIVE,5,225.00,18.56,USD
8802030,1,3,311169,Kayak Rental 2 hr,2025-06-21T13:45:00Z,2025-06-20T18:49:47Z,2025-06-20T18:49:47Z,LIVE,3,105.00,8.66,USD
8801360,2,5,310896,Private Group Game,2025-07-05T20:30:00Z,2025-04-19T21:49:34Z,2025-06-20T19:43:00Z,CANCELLED,5,275.00,7.98,USD
8802031,1,1,311335,The Vault (60 min),2025-07-13T19:45:00Z,2025-06-20T19:58:29Z,2025-06-20T19:58:29Z,LIVE,2,50.00,10.00,GBP
8802032,1,6,311075,Test Experience,2025-07-03T14:15:00Z,2025-06-20T20:12:38Z,2025-06-20T20:12:38Z,LIVE,4,4.00,0.80,GBP
8802033,1,5,310093,Open Play,2025-06-23T20:30:00Z,2025-06-20T20:53:57Z,2025-06-20T20:53:57Z,LIVE,8,312.00,9.05,USD
8802034,1,5,311336,Private Group Game,2025-07-06T16:30:00Z,2025-06-21T00:27:21Z,2025-06-21T00:27:21Z,LIVE,5,275.00,7.98,USD
8802035,1,6,311337,Test Experience,2025-06-21T09:00:00Z,2025-06-21T06:09:26Z,2025-06-21T06:09:26Z,LIVE,3,3.00,0.60,GBP
8801685,2,5,311057,Open Play,2025-06-25T20:30:00Z,2025-05-24T05:33:27Z,2025-06-21T07:47:25Z,CANCELLED,7,273.00,7.92,USD
8802036,1,2,311338,Axe Throwing 90 min,2025-07-21T18:00:00Z,2025-06-21T10:27:35Z,2025-06-21T10:27:35Z,LIVE,3,117.00,26.91,EUR
8802037,1,6,311339,Test Experience,2025-06-21T14:45:00Z,2025-06-21T12:05:34Z,2025-06-21T12:05:34Z,LIVE,1,1.00,0.20,GBP
8802038,1,1,311340,Mini Mystery (30 min),2025-06-21T20:30:00Z,2025-06-21T13:45:25Z,2025-06-21T13:45:25Z,LIVE,6,90.00,18.00,GBP
8802039,1,1,311119,The Vault (60 min),2025-06-25T18:00:00Z,2025-06-21T15:03:45Z,2025-06-21T15:03:45Z,LIVE,4,100.00,20.00,GBP
8802040,1,1,311341,Mini Mystery (30 min),2025-06-21T16:00:00Z,2025-06-21T15:50:13Z,2025-06-21T15:50:13Z,LIVE,4,60.00,12.00,GBP
8802041,1,2,311342,Axe Throwing 90 min,2025-07-20T17:30:00Z,2025-06-21T18:21:46Z,2025-06-21T18:21:46Z,LIVE,7,273.00,62.79,EUR
8802042,1,5,310856,Open Play,2025-06-21T20:00:00Z,2025-06-21T19:12:39Z,2025-06-21T19:12:39Z,LIVE,6,234.00,6.79,USD
8802029,2,3,310277,Sunrise Paddle,2025-06-26T13:45:00Z,2025-06-20T17:19:39Z,2025-06-21T20:02:46Z,LIVE,7,315.00,25.99,USD
8802043,1,3,310039,Half-Day River Tour,2025-07-19T14:15:00Z,2025-06-22T03:22:56Z,2025-06-22T03:22:56Z,LIVE,2,158.00,13.04,USD
8801890,2,3,310096,Kayak Rental 2 hr,2025-07-06T16:30:00Z,2025-06-09T13:03:22Z,2025-06-22T04:30:43Z,LIVE,5,175.00,14.44,USD
8802044,1,4,310396,Kids Climb Session,2025-06-29T01:15:00Z,2025-06-22T06:00:27Z,2025-06-22T06:00:27Z,LIVE,2,48.00,4.80,AUD
8802045,1,1,311343,The Vault (60 min),2025-07-12T17:30:00Z,2025-06-22T12:59:32Z,2025-06-22T12:59:32Z,LIVE,3,75.00,15.00,GBP
8802046,1,3,311344,Kayak Rental 2 hr,2025-07-03T16:30:00Z,2025-06-22T13:35:04Z,2025-06-22T13:35:04Z,LIVE,5,175.00,14.44,USD
8802047,1,5,311345,Open Play,2025-06-22T17:30:00Z,2025-06-22T13:43:07Z,2025-06-22T13:43:07Z,LIVE,9,351.00,10.18,USD
8802047,2,5,311345,Open Play,2025-06-22T17:30:00Z,2025-06-22T13:43:07Z,2025-06-22T14:33:03Z,LIVE,10,390.00,11.31,USD
8802028,2,2,311334,Axe Throwing 60 min,2025-06-22T20:00:00Z,2025-06-20T13:56:07Z,2025-06-22T17:02:18Z,CANCELLED,3,87.00,20.01,EUR
8802048,1,3,311346,Kayak Rental 2 hr,2025-09-14T15:30:00Z,2025-06-22T19:22:20Z,2025-06-22T19:22:20Z,LIVE,3,105.00,8.66,USD
8802049,1,3,311347,Sunrise Paddle,2025-07-11T12:30:00Z,2025-06-22T20:08:02Z,2025-06-22T20:08:02Z,LIVE,3,135.00,11.14,USD
8802050,1,1,311348,Mini Mystery (30 min),2025-07-09T16:00:00Z,2025-06-22T20:16:15Z,2025-06-22T20:16:15Z,LIVE,2,30.00,6.00,GBP
8802051,1,2,311349,Axe Throwing 60 min,2025-06-28T17:00:00Z,2025-06-22T20:17:50Z,2025-06-22T20:17:50Z,LIVE,8,232.00,53.36,EUR
8802052,1,5,311350,Open Play,2025-08-16T17:00:00Z,2025-06-22T21:23:07Z,2025-06-22T21:23:07Z,LIVE,9,351.00,10.18,USD
8802053,1,4,311351,Casual Climb,2025-06-23T09:00:00Z,2025-06-23T00:25:53Z,2025-06-23T00:25:53Z,LIVE,1,29.00,2.90,AUD
8802054,1,4,311272,Casual Climb,2025-07-02T05:30:00Z,2025-06-23T00:27:39Z,2025-06-23T00:27:39Z,LIVE,3,87.00,8.70,AUD
8802055,1,4,311352,Intro to Bouldering,2025-06-28T08:30:00Z,2025-06-23T02:01:20Z,2025-06-23T02:01:20Z,LIVE,2,98.00,9.80,AUD
8802056,1,5,311353,Open Play,2025-07-03T20:30:00Z,2025-06-23T02:30:24Z,2025-06-23T02:30:24Z,LIVE,8,312.00,9.05,USD
8802057,1,4,310273,Intro to Bouldering,2025-07-08T02:00:00Z,2025-06-23T05:19:18Z,2025-06-23T05:19:18Z,LIVE,2,98.00,9.80,AUD
8802058,1,2,311034,Axe Throwing 90 min,2025-08-05T19:45:00Z,2025-06-23T07:45:18Z,2025-06-23T07:45:18Z,LIVE,8,312.00,71.76,EUR
8802059,1,2,310276,Axe Throwing 90 min,2025-08-02T14:30:00Z,2025-06-23T08:20:30Z,2025-06-23T08:20:30Z,LIVE,5,195.00,44.85,EUR
8802060,1,1,311354,Asylum (60 min),2025-06-28T20:15:00Z,2025-06-23T10:24:27Z,2025-06-23T10:24:27Z,LIVE,6,168.00,33.60,GBP
8802061,1,4,311355,Kids Climb Session,2025-06-28T04:00:00Z,2025-06-23T13:32:10Z,2025-06-23T13:32:10Z,LIVE,4,96.00,9.60,AUD
8802062,1,1,311356,The Vault (60 min),2025-06-24T18:00:00Z,2025-06-23T16:59:39Z,2025-06-23T16:59:39Z,LIVE,2,50.00,10.00,GBP
8802063,1,5,311357,Private Group Game,2025-06-27T17:00:00Z,2025-06-23T17:07:20Z,2025-06-23T17:07:20Z,LIVE,7,385.00,11.17,USD
8802064,1,1,310119,Asylum (60 min),2025-09-09T18:00:00Z,2025-06-23T17:43:44Z,2025-06-23T17:43:44Z,LIVE,4,112.00,22.40,GBP
8802065,1,6,311358,Test Experience,2025-07-02T13:30:00Z,2025-06-23T18:45:18Z,2025-06-23T18:45:18Z,LIVE,1,1.00,0.20,GBP
8802065,1,6,311358,Test Experience,2025-07-02T13:30:00Z,2025-06-23T18:45:18Z,2025-06-23T18:45:18Z,LIVE,1,1.00,0.20,GBP
8802044,2,4,310396,Kids Climb Session,2025-06-29T01:15:00Z,2025-06-22T06:00:27Z,2025-06-23T19:20:36Z,LIVE,4,96.00,9.60,AUD
8802066,1,1,310491,The Vault (60 min),2025-06-25T19:30:00Z,2025-06-23T19:28:20Z,2025-06-23T19:28:20Z,LIVE,3,75.00,15.00,GBP
8802067,1,5,311359,Open Play,2025-06-29T19:45:00Z,2025-06-23T20:05:58Z,2025-06-23T20:05:58Z,LIVE,11,429.00,12.44,USD
8802068,1,3,311360,Sunrise Paddle,2025-07-11T20:15:00Z,2025-06-23T20:58:32Z,2025-06-23T20:58:32Z,LIVE,4,180.00,14.85,USD
8801945,2,1,311288,Mini Mystery (30 min),2025-08-03T18:15:00Z,2025-06-13T10:33:28Z,2025-06-23T21:48:14Z,LIVE,7,105.00,21.00,GBP
8802069,1,5,311361,Open Play,2025-07-05T20:15:00Z,2025-06-24T00:10:10Z,2025-06-24T00:10:10Z,LIVE,6,234.00,6.79,USD
8802070,1,4,311362,Casual Climb,2025-06-30T00:45:00Z,2025-06-24T00:17:00Z,2025-06-24T00:17:00Z,LIVE,1,29.00,2.90,AUD
8801999,2,3,311315,Kayak Rental 2 hr,2025-06-25T14:00:00Z,2025-06-18T16:10:30Z,2025-06-24T00:57:05Z,CANCELLED,5,175.00,14.44,USD
8802071,1,4,311113,Casual Climb,2025-08-16T06:15:00Z,2025-06-24T02:30:34Z,2025-06-24T02:30:34Z,LIVE,2,58.00,5.80,AUD
8802072,1,5,310560,Open Play,2025-09-13T21:30:00Z,2025-06-24T05:09:08Z,2025-06-24T05:09:08Z,LIVE,11,429.00,12.44,USD
8802073,1,2,310908,Axe Throwing 90 min,2025-06-28T20:30:00Z,2025-06-24T06:11:22Z,2025-06-24T06:11:22Z,LIVE,8,312.00,71.76,EUR
8802074,1,1,311363,Mini Mystery (30 min),2025-09-06T18:45:00Z,2025-06-24T09:15:13Z,2025-06-24T09:15:13Z,LIVE,3,45.00,9.00,GBP
8802075,1,2,311364,Axe Throwing 90 min,2025-07-06T19:00:00Z,2025-06-24T11:24:44Z,2025-06-24T11:24:44Z,LIVE,7,273.00,62.79,EUR
8802076,1,1,310638,Mini Mystery (30 min),2025-06-24T13:00:00Z,2025-06-24T12:32:22Z,2025-06-24T12:32:22Z,LIVE,3,45.00,9.00,GBP
8802077,1,1,311365,The Vault (60 min),2025-06-25T18:15:00Z,2025-06-24T12:34:56Z,2025-06-24T12:34:56Z,LIVE,4,100.00,20.00,GBP
8802078,1,3,311366,Half-Day River Tour,2025-06-24T15:00:00Z,2025-06-24T14:38:54Z,2025-06-24T14:38:54Z,LIVE,2,158.00,13.04,USD
8802039,2,1,311119,The Vault (60 min),2025-06-25T18:00:00Z,2025-06-21T15:03:45Z,2025-06-24T16:54:43Z,CANCELLED,4,100.00,20.00,GBP
8802079,1,3,311367,Kayak Rental 2 hr,2025-06-24T20:00:00Z,2025-06-24T16:57:24Z,2025-06-24T16:57:24Z,LIVE,1,35.00,2.89,USD
8802080,1,3,311368,Half-Day River Tour,2025-06-26T14:00:00Z,2025-06-24T20:55:21Z,2025-06-24T20:55:21Z,LIVE,4,316.00,26.07,USD
8802081,1,2,311034,Axe Throwing 90 min,2025-09-04T19:00:00Z,2025-06-24T21:48:45Z,2025-06-24T21:48:45Z,LIVE,4,156.00,35.88,EUR
8801890,3,3,310096,Kayak Rental 2 hr,2025-07-06T16:30:00Z,2025-06-09T13:03:22Z,2025-06-24T23:13:57Z,CANCELLED,5,175.00,14.44,USD
8802082,1,4,311369,Intro to Bouldering,2025-07-11T07:45:00Z,2025-06-25T02:00:55Z,2025-06-25T02:00:55Z,LIVE,1,49.00,4.90,AUD
8802083,1,5,311027,Private Group Game,2025-07-12T21:00:00Z,2025-06-25T03:01:45Z,2025-06-25T03:01:45Z,LIVE,4,220.00,6.38,USD
8802084,1,4,311370,Kids Climb Session,2025-06-29T07:00:00Z,2025-06-25T03:05:24Z,2025-06-25T03:05:24Z,LIVE,3,72.00,7.20,AUD
8801739,2,3,311146,Half-Day River Tour,2025-06-28T12:30:00Z,2025-05-28T00:57:40Z,2025-06-25T04:46:30Z,CANCELLED,3,237.00,19.55,USD
8802085,1,2,311371,Axe Throwing 60 min,2025-06-27T18:30:00Z,2025-06-25T06:32:26Z,2025-06-25T06:32:26Z,LIVE,6,174.00,40.02,EUR
8802086,1,1,311372,The Vault (60 min),2025-06-29T18:00:00Z,2025-06-25T07:28:07Z,2025-06-25T07:28:07Z,LIVE,3,75.00,15.00,GBP
8802087,1,4,310112,Kids Climb Session,2025-07-01T02:30:00Z,2025-06-25T11:37:42Z,2025-06-25T11:37:42Z,LIVE,2,48.00,4.80,AUD
8802088,1,3,310704,Half-Day River Tour,2025-06-25T15:00:00Z,2025-06-25T14:46:14Z,2025-06-25T14:46:14Z,LIVE,3,237.00,19.55,USD
8802089,1,2,311373,Axe Throwing 60 min,2025-06-25T19:00:00Z,2025-06-25T15:35:40Z,2025-06-25T15:35:40Z,LIVE,2,58.00,13.34,EUR
8802090,1,2,311374,Axe Throwing 60 min,2025-06-25T19:30:00Z,2025-06-25T15:53:49Z,2025-06-25T15:53:49Z,LIVE,3,87.00,20.01,EUR
8802089,2,2,311373,Axe Throwing 60 min,2025-06-25T19:00:00Z,2025-06-25T15:35:40Z,2025-06-25T16:20:02Z,LIVE,4,116.00,26.68,EUR
8802091,1,1,311375,Mini Mystery (30 min),2025-07-01T18:30:00Z,2025-06-25T19:14:24Z,2025-06-25T19:14:24Z,LIVE,6,90.00,18.00,GBP
8802092,1,5,311376,Private Group Game,2025-06-25T20:45:00Z,2025-06-25T19:45:21Z,2025-06-25T19:45:21Z,LIVE,7,385.00,11.17,USD
8802093,1,5,310158,Private Group Game,2025-06-26T19:30:00Z,2025-06-25T21:00:54Z,2025-06-25T21:00:54Z,LIVE,5,275.00,7.98,USD
8802094,1,5,311336,Private Group Game,2025-09-06T19:30:00Z,2025-06-25T21:15:41Z,2025-06-25T21:15:41Z,LIVE,12,660.00,19.14,USD
8802095,1,1,310077,The Vault (60 min),2025-07-01T20:30:00Z,2025-06-25T22:26:25Z,2025-06-25T22:26:25Z,LIVE,6,150.00,30.00,GBP
8802096,1,5,310334,Open Play,2025-07-20T19:45:00Z,2025-06-25T22:37:31Z,2025-06-25T22:37:31Z,LIVE,8,312.00,9.05,USD
8802097,1,3,310953,Half-Day River Tour,2025-08-07T13:30:00Z,2025-06-25T23:08:48Z,2025-06-25T23:08:48Z,LIVE,2,158.00,13.04,USD
8802098,1,4,311377,Kids Climb Session,2025-09-05T08:00:00Z,2025-06-26T01:22:44Z,2025-06-26T01:22:44Z,LIVE,4,96.00,9.60,AUD
8802099,1,3,311378,Half-Day River Tour,2025-06-28T14:15:00Z,2025-06-26T02:01:43Z,2025-06-26T02:01:43Z,LIVE,2,158.00,13.04,USD
8802084,2,4,311370,Kids Climb Session,2025-06-29T07:00:00Z,2025-06-25T03:05:24Z,2025-06-26T03:08:16Z,LIVE,4,96.00,9.60,AUD
8802100,1,4,310384,Intro to Bouldering,2025-06-28T05:00:00Z,2025-06-26T06:42:35Z,2025-06-26T06:42:35Z,LIVE,3,147.00,14.70,AUD
8802101,1,4,310666,Casual Climb,2025-06-30T07:15:00Z,2025-06-26T07:01:43Z,2025-06-26T07:01:43Z,LIVE,1,29.00,2.90,AUD
8802102,1,2,311281,Axe Throwing 60 min,2025-07-22T17:30:00Z,2025-06-26T07:28:24Z,2025-06-26T07:28:24Z,LIVE,6,174.00,40.02,EUR
8802103,1,2,311379,Axe Throwing 90 min,2025-07-09T17:30:00Z,2025-06-26T11:37:18Z,2025-06-26T11:37:18Z,LIVE,3,117.00,26.91,EUR
8802104,1,5,310848,Open Play,2025-06-26T15:00:00Z,2025-06-26T14:34:51Z,2025-06-26T14:34:51Z,LIVE,10,390.00,11.31,USD
8802104,2,5,310848,Open Play,2025-06-26T15:00:00Z,2025-06-26T14:34:51Z,2025-06-26T14:48:34Z,CANCELLED,10,390.00,11.31,USD
8802105,1,3,311380,Kayak Rental 2 hr,2025-07-02T14:00:00Z,2025-06-26T14:59:39Z,2025-06-26T14:59:39Z,LIVE,2,70.00,5.78,USD
8802106,1,2,310024,Axe Throwing 90 min,2025-07-13T19:45:00Z,2025-06-26T15:13:21Z,2025-06-26T15:13:21Z,LIVE,3,117.00,26.91,EUR
8802107,1,3,310039,Sunrise Paddle,2025-07-10T14:15:00Z,2025-06-26T16:17:07Z,2025-06-26T16:17:07Z,LIVE,3,135.00,11.14,USD
8802108,1,5,310865,Private Group Game,2025-07-12T22:00:00Z,2025-06-26T20:41:39Z,2025-06-26T20:41:39Z,LIVE,8,440.00,12.76,USD
8802109,1,5,311381,Open Play,2025-07-19T19:00:00Z,2025-06-27T00:02:23Z,2025-06-27T00:02:23Z,LIVE,6,234.00,6.79,USD
8802110,1,3,311382,Sunrise Paddle,2025-07-10T16:30:00Z,2025-06-27T00:55:04Z,2025-06-27T00:55:04Z,LIVE,2,90.00,7.43,USD
8802111,1,3,311383,Kayak Rental 2 hr,2025-07-26T16:00:00Z,2025-06-27T01:00:47Z,2025-06-27T01:00:47Z,LIVE,1,35.00,2.89,USD
8802112,1,3,311384,Sunrise Paddle,2025-06-27T14:00:00Z,2025-06-27T01:05:36Z,2025-06-27T01:05:36Z,LIVE,5,225.00,18.56,USD
8802113,1,4,311385,Intro to Bouldering,2025-07-04T07:00:00Z,2025-06-27T05:20:15Z,2025-06-27T05:20:15Z,LIVE,4,196.00,19.60,AUD
8802114,1,4,310570,Intro to Bouldering,2025-07-05T08:15:00Z,2025-06-27T06:23:34Z,2025-06-27T06:23:34Z,LIVE,4,196.00,19.60,AUD
8802115,1,1,310007,Mini Mystery (30 min),2025-07-21T20:30:00Z,2025-06-27T07:18:55Z,2025-06-27T07:18:55Z,LIVE,6,90.00,18.00,GBP
8802116,1,2,310121,Axe Throwing 90 min,2025-07-24T18:00:00Z,2025-06-27T08:09:51Z,2025-06-27T08:09:51Z,LIVE,4,156.00,35.88,EUR
8802117,1,2,311386,Axe Throwing 60 min,2025-07-07T20:45:00Z,2025-06-27T12:49:39Z,2025-06-27T12:49:39Z,LIVE,5,145.00,33.35,EUR
8801688,2,1,311106,The Vault (60 min),2025-07-05T18:00:00Z,2025-05-24T14:04:37Z,2025-06-27T12:58:06Z,CANCELLED,4,100.00,20.00,GBP
8802118,1,3,311387,Kayak Rental 2 hr,2025-06-27T14:00:00Z,2025-06-27T12:59:42Z,2025-06-27T12:59:42Z,LIVE,4,140.00,11.55,USD
8802119,1,3,311388,Half-Day River Tour,2025-06-27T15:30:00Z,2025-06-27T13:26:04Z,2025-06-27T13:26:04Z,LIVE,5,395.00,32.59,USD
8802120,1,1,310930,Mini Mystery (30 min),2025-06-28T20:00:00Z,2025-06-27T14:12:00Z,2025-06-27T14:12:00Z,LIVE,3,45.00,9.00,GBP
8802121,1,2,311389,Axe Throwing 60 min,2025-06-27T20:00:00Z,2025-06-27T14:12:45Z,2025-06-27T14:12:45Z,LIVE,5,145.00,33.35,EUR
8802122,1,1,311390,Asylum (60 min),2025-06-28T14:15:00Z,2025-06-27T14:28:40Z,2025-06-27T14:28:40Z,LIVE,3,84.00,16.80,GBP
8802123,1,3,311391,Sunrise Paddle,2025-06-29T13:15:00Z,2025-06-27T15:39:46Z,2025-06-27T15:39:46Z,LIVE,3,135.00,11.14,USD
8802124,1,3,310801,Kayak Rental 2 hr,2025-06-27T18:30:00Z,2025-06-27T17:43:50Z,2025-06-27T17:43:50Z,LIVE,4,140.00,11.55,USD
8802124,2,3,310801,Kayak Rental 2 hr,2025-06-27T18:30:00Z,2025-06-27T17:43:50Z,2025-06-27T17:50:24Z,LIVE,6,210.00,17.33,USD
8802125,1,2,311392,Axe Throwing 60 min,2025-07-14T19:15:00Z,2025-06-27T17:57:49Z,2025-06-27T17:57:49Z,LIVE,4,116.00,26.68,EUR
8802126,1,1,311393,The Vault (60 min),2025-06-29T16:00:00Z,2025-06-27T20:00:56Z,2025-06-27T20:00:56Z,LIVE,4,100.00,20.00,GBP
8802127,1,1,311394,Mini Mystery (30 min),2025-06-28T14:15:00Z,2025-06-27T21:35:55Z,2025-06-27T21:35:55Z,LIVE,4,60.00,12.00,GBP
8802128,1,3,311395,Half-Day River Tour,2025-07-13T14:30:00Z,2025-06-27T22:02:52Z,2025-06-27T22:02:52Z,LIVE,5,395.00,32.59,USD
8802129,1,3,310258,Half-Day River Tour,2025-06-28T11:15:00Z,2025-06-27T22:05:34Z,2025-06-27T22:05:34Z,LIVE,5,395.00,32.59,USD
8802130,1,5,311396,Open Play,2025-07-05T22:00:00Z,2025-06-28T03:59:09Z,2025-06-28T03:59:09Z,LIVE,12,468.00,13.57,USD
8802131,1,4,311397,Casual Climb,2025-06-28T07:00:00Z,2025-06-28T04:56:53Z,2025-06-28T04:56:53Z,LIVE,3,87.00,8.70,AUD
8802132,1,2,311398,Axe Throwing 90 min,2025-07-15T19:15:00Z,2025-06-28T06:15:01Z,2025-06-28T06:15:01Z,LIVE,4,156.00,35.88,EUR
8802133,1,1,311399,Asylum (60 min),2025-06-28T16:30:00Z,2025-06-28T09:04:58Z,2025-06-28T09:04:58Z,LIVE,2,56.00,11.20,GBP
8801978,2,1,310888,Asylum (60 min),2025-06-29T20:00:00Z,2025-06-16T11:38:49Z,2025-06-28T09:08:48Z,CANCELLED,2,56.00,11.20,GBP
8802134,1,2,311153,Axe Throwing 60 min,2025-06-28T18:45:00Z,2025-06-28T09:42:29Z,2025-06-28T09:42:29Z,LIVE,2,58.00,13.34,EUR
8802135,1,2,310767,Axe Throwing 60 min,2025-06-28T19:30:00Z,2025-06-28T10:30:40Z,2025-06-28T10:30:40Z,LIVE,3,87.00,20.01,EUR
8802136,1,4,311400,Intro to Bouldering,2025-07-05T07:45:00Z,2025-06-28T10:50:42Z,2025-06-28T10:50:42Z,LIVE,2,98.00,9.80,AUD
8802137,1,1,310880,The Vault (60 min),2025-06-28T19:45:00Z,2025-06-28T11:06:29Z,2025-06-28T11:06:29Z,LIVE,6,150.00,30.00,GBP
8802135,2,2,310767,Axe Throwing 60 min,2025-06-28T19:30:00Z,2025-06-28T10:30:40Z,2025-06-28T11:48:12Z,LIVE,5,145.00,33.35,EUR
8802138,1,1,311401,Mini Mystery (30 min),2025-07-05T18:15:00Z,2025-06-28T11:52:47Z,2025-06-28T11:52:47Z,LIVE,3,45.00,9.00,GBP
8802139,1,6,310193,Test Experience,2025-06-30T13:30:00Z,2025-06-28T12:53:25Z,2025-06-28T12:53:25Z,LIVE,4,4.00,0.80,GBP
8802140,1,3,311402,Half-Day River Tour,2025-06-28T14:00:00Z,2025-06-28T12:53:30Z,2025-06-28T12:53:30Z,LIVE,5,395.00,32.59,USD
8802141,1,5,311043,Private Group Game,2025-06-28T15:30:00Z,2025-06-28T13:30:01Z,2025-06-28T13:30:01Z,LIVE,9,495.00,14.36,USD
8802142,1,5,311403,Open Play,2025-07-13T21:00:00Z,2025-06-28T14:04:29Z,2025-06-28T14:04:29Z,LIVE,11,429.00,12.44,USD
8802143,1,1,310229,Mini Mystery (30 min),2025-07-04T17:30:00Z,2025-06-28T16:12:22Z,2025-06-28T16:12:22Z,LIVE,3,45.00,9.00,GBP
8802144,1,5,310256,Private Group Game,2025-07-04T16:00:00Z,2025-06-28T17:21:41Z,2025-06-28T17:21:41Z,LIVE,10,550.00,15.95,USD
8802145,1,1,310979,Asylum (60 min),2025-07-19T17:00:00Z,2025-06-28T17:59:11Z,2025-06-28T17:59:11Z,LIVE,2,56.00,11.20,GBP
8802146,1,5,311404,Private Group Game,2025-07-13T16:15:00Z,2025-06-28T18:13:04Z,2025-06-28T18:13:04Z,LIVE,12,660.00,19.14,USD
8802137,2,1,310880,The Vault (60 min),2025-06-28T19:45:00Z,2025-06-28T11:06:29Z,2025-06-28T19:14:04Z,CANCELLED,6,150.00,30.00,GBP
8802147,1,1,311405,The Vault (60 min),2025-09-13T18:45:00Z,2025-06-28T19:44:05Z,2025-06-28T19:44:05Z,LIVE,6,150.00,30.00,GBP
8802148,1,6,310538,Test Experience,2025-07-05T14:45:00Z,2025-06-28T19:51:25Z,2025-06-28T19:51:25Z,LIVE,1,1.00,0.20,GBP
8802087,2,4,310112,Kids Climb Session,2025-07-01T02:30:00Z,2025-06-25T11:37:42Z,2025-06-28T21:12:55Z,CANCELLED,2,48.00,4.80,AUD
8802056,2,5,311353,Open Play,2025-07-03T20:30:00Z,2025-06-23T02:30:24Z,2025-06-28T21:35:17Z,CANCELLED,8,312.00,9.05,USD
8802149,1,5,311406,Open Play,2025-06-29T18:00:00Z,2025-06-28T22:16:45Z,2025-06-28T22:16:45Z,LIVE,10,390.00,11.31,USD
8802003,2,1,311318,Mini Mystery (30 min),2025-08-18T18:30:00Z,2025-06-18T20:13:49Z,2025-06-28T22:35:18Z,LIVE,6,90.00,18.00,GBP
8802150,1,4,311407,Kids Climb Session,2025-06-29T08:30:00Z,2025-06-29T03:09:47Z,2025-06-29T03:09:47Z,LIVE,4,96.00,9.60,AUD
8802151,1,5,311408,Open Play,2025-08-16T22:15:00Z,2025-06-29T03:38:30Z,2025-06-29T03:38:30Z,LIVE,8,312.00,9.05,USD
8802139,2,6,310193,Test Experience,2025-06-30T13:30:00Z,2025-06-28T12:53:25Z,2025-06-29T05:43:57Z,LIVE,5,5.00,1.00,GBP
8802113,2,4,311385,Intro to Bouldering,2025-07-04T07:00:00Z,2025-06-27T05:20:15Z,2025-06-29T09:15:56Z,LIVE,5,245.00,24.50,AUD
8802152,1,3,311409,Kayak Rental 2 hr,2025-06-29T16:45:00Z,2025-06-29T13:38:55Z,2025-06-29T13:38:55Z,LIVE,4,140.00,11.55,USD
8802153,1,2,311410,Axe Throwing 90 min,2025-08-09T19:00:00Z,2025-06-29T14:55:27Z,2025-06-29T14:55:27Z,LIVE,8,312.00,71.76,EUR
8802154,1,3,311411,Kayak Rental 2 hr,2025-07-05T14:30:00Z,2025-06-29T20:17:12Z,2025-06-29T20:17:12Z,LIVE,3,105.00,8.66,USD
8802155,1,1,310601,Asylum (60 min),2025-07-01T13:30:00Z,2025-06-29T21:30:06Z,2025-06-29T21:30:06Z,LIVE,6,168.00,33.60,GBP
8802155,1,1,310601,Asylum (60 min),2025-07-01T13:30:00Z,2025-06-29T21:30:06Z,2025-06-29T21:30:06Z,LIVE,6,168.00,33.60,GBP
8802156,1,4,310166,Casual Climb,2025-07-04T00:45:00Z,2025-06-29T21:36:47Z,2025-06-29T21:36:47Z,LIVE,1,29.00,2.90,AUD
8802157,1,1,310300,Asylum (60 min),2025-08-06T13:30:00Z,2025-06-29T22:22:37Z,2025-06-29T22:22:37Z,LIVE,2,56.00,11.20,GBP
8802158,1,2,311412,Axe Throwing 90 min,2025-07-26T20:30:00Z,2025-06-29T22:26:24Z,2025-06-29T22:26:24Z,LIVE,6,234.00,53.82,EUR
8802158,1,2,311412,Axe Throwing 90 min,2025-07-26T20:30:00Z,2025-06-29T22:26:24Z,2025-06-29T22:26:24Z,LIVE,6,234.00,53.82,EUR
8801964,2,4,311299,Casual Climb,2025-07-11T07:15:00Z,2025-06-14T22:08:22Z,2025-06-30T03:59:30Z,CANCELLED,3,87.00,8.70,AUD
8802159,1,5,311413,Open Play,2025-07-05T20:30:00Z,2025-06-30T04:38:21Z,2025-06-30T04:38:21Z,LIVE,9,351.00,10.18,USD
8802160,1,2,311414,Axe Throwing 90 min,2025-07-26T14:15:00Z,2025-06-30T06:03:28Z,2025-06-30T06:03:28Z,LIVE,7,273.00,62.79,EUR
8802161,1,2,311415,Axe Throwing 60 min,2025-08-18T16:30:00Z,2025-06-30T06:16:49Z,2025-06-30T06:16:49Z,LIVE,5,145.00,33.35,EUR
8802162,1,6,311416,Test Experience,2025-06-30T13:00:00Z,2025-06-30T07:33:16Z,2025-06-30T07:33:16Z,LIVE,2,2.00,0.40,GBP
8802163,1,1,311417,Mini Mystery (30 min),2025-07-07T13:30:00Z,2025-06-30T08:01:36Z,2025-06-30T08:01:36Z,LIVE,6,90.00,18.00,GBP
8802164,1,1,311147,The Vault (60 min),2025-07-05T17:30:00Z,2025-06-30T08:11:14Z,2025-06-30T08:11:14Z,LIVE,5,125.00,25.00,GBP
8802165,1,4,310849,Intro to Bouldering,2025-07-24T06:30:00Z,2025-06-30T09:37:14Z,2025-06-30T09:37:14Z,LIVE,2,98.00,9.80,AUD
8802166,1,5,311418,Private Group Game,2025-06-30T18:00:00Z,2025-06-30T14:24:53Z,2025-06-30T14:24:53Z,LIVE,9,495.00,14.36,USD
8802167,1,5,310763,Private Group Game,2025-07-12T19:45:00Z,2025-06-30T14:26:57Z,2025-06-30T14:26:57Z,LIVE,6,330.00,9.57,USD
8802168,1,3,310793,Kayak Rental 2 hr,2025-07-05T11:00:00Z,2025-06-30T15:18:50Z,2025-06-30T15:18:50Z,LIVE,2,70.00,5.78,USD
8802169,1,2,311419,Axe Throwing 90 min,2025-07-12T12:30:00Z,2025-06-30T18:26:23Z,2025-06-30T18:26:23Z,LIVE,6,234.00,53.82,EUR
8801908,2,3,310793,Sunrise Paddle,2025-07-08T16:15:00Z,2025-06-10T21:49:21Z,2025-06-30T18:44:47Z,CANCELLED,1,45.00,3.71,USD
8802157,2,1,310300,Asylum (60 min),2025-08-06T13:30:00Z,2025-06-29T22:22:37Z,2025-06-30T19:14:21Z,LIVE,3,84.00,16.80,GBP
8802170,1,5,310364,Open Play,2025-08-21T18:30:00Z,2025-06-30T19:31:22Z,2025-06-30T19:31:22Z,LIVE,11,429.00,12.44,USD
8802171,1,3,311420,Kayak Rental 2 hr,2025-07-05T20:45:00Z,2025-06-30T22:31:00Z,2025-06-30T22:31:00Z,LIVE,1,35.00,2.89,USD
8802172,1,4,310444,Intro to Bouldering,2025-08-17T01:45:00Z,2025-07-01T05:35:52Z,2025-07-01T05:35:52Z,LIVE,3,147.00,14.70,AUD
8802173,1,1,311421,Mini Mystery (30 min),2025-07-07T18:15:00Z,2025-07-01T13:15:56Z,2025-07-01T13:15:56Z,LIVE,2,30.00,6.00,GBP
8802174,1,1,311422,Asylum (60 min),2025-07-06T14:15:00Z,2025-07-01T13:53:26Z,2025-07-01T13:53:26Z,LIVE,4,112.00,22.40,GBP
8802175,1,5,311423,Private Group Game,2025-07-27T19:30:00Z,2025-07-01T14:59:27Z,2025-07-01T14:59:27Z,LIVE,7,385.00,11.17,USD
8802176,1,2,311424,Axe Throwing 60 min,2025-08-01T19:30:00Z,2025-07-01T15:52:47Z,2025-07-01T15:52:47Z,LIVE,5,145.00,33.35,EUR
8802177,1,1,310138,The Vault (60 min),2025-07-13T17:30:00Z,2025-07-01T17:27:16Z,2025-07-01T17:27:16Z,LIVE,3,75.00,15.00,GBP
8802178,1,6,311425,Test Experience,2025-07-03T10:45:00Z,2025-07-01T18:15:52Z,2025-07-01T18:15:52Z,LIVE,2,2.00,0.40,GBP
8802179,1,3,311426,Kayak Rental 2 hr,2025-07-15T14:45:00Z,2025-07-01T19:58:41Z,2025-07-01T19:58:41Z,LIVE,5,175.00,14.44,USD
8802036,2,2,311338,Axe Throwing 90 min,2025-07-21T18:00:00Z,2025-06-21T10:27:35Z,2025-07-01T20:01:22Z,LIVE,4,156.00,35.88,EUR
8802180,1,2,311427,Axe Throwing 60 min,2025-07-20T18:30:00Z,2025-07-01T21:15:39Z,2025-07-01T21:15:39Z,LIVE,6,174.00,40.02,EUR
8802181,1,3,311428,Half-Day River Tour,2025-07-06T13:00:00Z,2025-07-01T22:44:36Z,2025-07-01T22:44:36Z,LIVE,4,316.00,26.07,USD
8802182,1,3,311429,Sunrise Paddle,2025-07-05T15:00:00Z,2025-07-02T02:30:58Z,2025-07-02T02:30:58Z,LIVE,2,90.00,7.43,USD
8802183,1,1,311430,The Vault (60 min),2025-07-12T18:00:00Z,2025-07-02T12:08:58Z,2025-07-02T12:08:58Z,LIVE,6,150.00,30.00,GBP
8802184,1,2,311431,Axe Throwing 60 min,2025-07-02T19:15:00Z,2025-07-02T14:03:38Z,2025-07-02T14:03:38Z,LIVE,5,145.00,33.35,EUR
8802185,1,3,311276,Sunrise Paddle,2025-07-05T11:30:00Z,2025-07-02T14:25:36Z,2025-07-02T14:25:36Z,LIVE,5,225.00,18.56,USD
8802186,1,5,311432,Open Play,2025-07-06T17:00:00Z,2025-07-02T16:26:06Z,2025-07-02T16:26:06Z,LIVE,5,195.00,5.66,USD
8802187,1,5,310652,Open Play,2025-07-08T20:30:00Z,2025-07-02T20:14:51Z,2025-07-02T20:14:51Z,LIVE,7,273.00,7.92,USD
8802188,1,2,310213,Axe Throwing 60 min,2025-07-26T20:30:00Z,2025-07-02T21:27:35Z,2025-07-02T21:27:35Z,LIVE,2,58.00,13.34,EUR
8802189,1,4,311433,Kids Climb Session,2025-07-03T01:30:00Z,2025-07-03T00:10:32Z,2025-07-03T00:10:32Z,LIVE,3,72.00,7.20,AUD
8802190,1,5,311434,Open Play,2025-07-07T17:00:00Z,2025-07-03T00:14:51Z,2025-07-03T00:14:51Z,LIVE,12,468.00,13.57,USD
8802191,1,3,311435,Kayak Rental 2 hr,2025-07-03T14:00:00Z,2025-07-03T02:14:51Z,2025-07-03T02:14:51Z,LIVE,4,140.00,11.55,USD
8802192,1,2,310005,Axe Throwing 60 min,2025-07-12T19:15:00Z,2025-07-03T06:56:42Z,2025-07-03T06:56:42Z,LIVE,7,203.00,46.69,EUR
8802193,1,2,311206,Axe Throwing 90 min,2025-07-10T20:30:00Z,2025-07-03T12:18:26Z,2025-07-03T12:18:26Z,LIVE,6,234.00,53.82,EUR
8802194,1,1,310419,The Vault (60 min),2025-07-13T19:45:00Z,2025-07-03T12:35:13Z,2025-07-03T12:35:13Z,LIVE,5,125.00,25.00,GBP
8802195,1,1,310084,Asylum (60 min),2025-07-10T20:30:00Z,2025-07-03T12:50:29Z,2025-07-03T12:50:29Z,LIVE,2,56.00,11.20,GBP
8802196,1,5,311436,Private Group Game,2025-07-03T16:00:00Z,2025-07-03T13:16:19Z,2025-07-03T13:16:19Z,LIVE,9,495.00,14.36,USD
8802197,1,1,311437,Mini Mystery (30 min),2025-08-02T18:00:00Z,2025-07-03T14:38:17Z,2025-07-03T14:38:17Z,LIVE,2,30.00,6.00,GBP
8802198,1,3,311438,Sunrise Paddle,2025-07-03T15:30:00Z,2025-07-03T14:43:09Z,2025-07-03T14:43:09Z,LIVE,1,45.00,3.71,USD
8802199,1,3,311439,Half-Day River Tour,2025-07-10T18:30:00Z,2025-07-03T18:14:06Z,2025-07-03T18:14:06Z,LIVE,2,158.00,13.04,USD
8801969,2,5,310915,Open Play,2025-07-11T17:45:00Z,2025-06-15T15:11:49Z,2025-07-03T23:27:09Z,CANCELLED,4,156.00,4.52,USD
8801990,2,6,311241,Test Experience,2025-08-19T09:30:00Z,2025-06-17T20:59:56Z,2025-07-03T23:30:00Z,LIVE,3,3.00,0.60,GBP
8802075,2,2,311364,Axe Throwing 90 min,2025-07-06T19:00:00Z,2025-06-24T11:24:44Z,2025-07-04T01:55:56Z,CANCELLED,7,273.00,62.79,EUR
8802200,1,2,311440,Axe Throwing 90 min,2025-08-03T17:30:00Z,2025-07-04T10:01:03Z,2025-07-04T10:01:03Z,LIVE,5,195.00,44.85,EUR
8802201,1,1,311441,Asylum (60 min),2025-07-07T13:30:00Z,2025-07-04T10:11:15Z,2025-07-04T10:11:15Z,LIVE,4,112.00,22.40,GBP
8802202,1,1,311083,Mini Mystery (30 min),2025-07-26T19:45:00Z,2025-07-04T10:29:34Z,2025-07-04T10:29:34Z,LIVE,5,75.00,15.00,GBP
8802203,1,3,311442,Half-Day River Tour,2025-07-05T12:00:00Z,2025-07-04T15:55:56Z,2025-07-04T15:55:56Z,LIVE,2,158.00,13.04,USD
8802045,2,1,311343,The Vault (60 min),2025-07-12T17:30:00Z,2025-06-22T12:59:32Z,2025-07-04T16:53:38Z,CANCELLED,3,75.00,15.00,GBP
8802204,1,2,310264,Axe Throwing 90 min,2025-07-10T18:15:00Z,2025-07-04T17:39:38Z,2025-07-04T17:39:38Z,LIVE,2,78.00,17.94,EUR
8802205,1,3,311443,Half-Day River Tour,2025-07-12T14:30:00Z,2025-07-04T18:22:15Z,2025-07-04T18:22:15Z,LIVE,1,79.00,6.52,USD
8802206,1,5,311444,Open Play,2025-07-05T20:00:00Z,2025-07-04T20:37:56Z,2025-07-04T20:37:56Z,LIVE,10,390.00,11.31,USD
8802207,1,5,310316,Open Play,2025-07-11T17:30:00Z,2025-07-04T20:49:06Z,2025-07-04T20:49:06Z,LIVE,9,351.00,10.18,USD
8802208,1,5,311445,Private Group Game,2025-07-14T20:30:00Z,2025-07-04T22:11:38Z,2025-07-04T22:11:38Z,LIVE,4,220.00,6.38,USD
8802209,1,3,311446,Sunrise Paddle,2025-07-05T13:00:00Z,2025-07-05T01:56:13Z,2025-07-05T01:56:13Z,LIVE,5,225.00,18.56,USD
8802210,1,2,311447,Axe Throwing 90 min,2025-07-05T18:15:00Z,2025-07-05T09:01:54Z,2025-07-05T09:01:54Z,LIVE,2,78.00,17.94,EUR
8802211,1,6,310376,Test Experience,2025-07-08T10:45:00Z,2025-07-05T12:57:20Z,2025-07-05T12:57:20Z,LIVE,3,3.00,0.60,GBP
8802212,1,2,311448,Axe Throwing 60 min,2025-09-13T19:00:00Z,2025-07-05T14:47:33Z,2025-07-05T14:47:33Z,LIVE,4,116.00,26.68,EUR
8802213,1,3,310622,Half-Day River Tour,2025-07-06T14:30:00Z,2025-07-05T16:12:18Z,2025-07-05T16:12:18Z,LIVE,3,237.00,19.55,USD
8802214,1,1,311449,Asylum (60 min),2025-07-05T19:15:00Z,2025-07-05T18:06:15Z,2025-07-05T18:06:15Z,LIVE,5,140.00,28.00,GBP
8802215,1,5,311450,Open Play,2025-07-07T17:00:00Z,2025-07-05T19:13:07Z,2025-07-05T19:13:07Z,LIVE,9,351.00,10.18,USD
8802216,1,4,310170,Casual Climb,2025-07-30T09:00:00Z,2025-07-05T21:17:15Z,2025-07-05T21:17:15Z,LIVE,1,29.00,2.90,AUD
8802217,1,2,311451,Axe Throwing 60 min,2025-08-01T19:30:00Z,2025-07-05T21:23:27Z,2025-07-05T21:23:27Z,LIVE,5,145.00,33.35,EUR
8802218,1,3,311452,Kayak Rental 2 hr,2025-08-05T15:30:00Z,2025-07-05T22:49:19Z,2025-07-05T22:49:19Z,LIVE,3,105.00,8.66,USD
8802117,2,2,311386,Axe Throwing 60 min,2025-07-07T20:45:00Z,2025-06-27T12:49:39Z,2025-07-05T23:33:05Z,CANCELLED,5,145.00,33.35,EUR
8802219,1,4,311453,Kids Climb Session,2025-07-14T23:00:00Z,2025-07-06T01:39:45Z,2025-07-06T01:39:45Z,LIVE,3,72.00,7.20,AUD
8802220,1,3,311429,Kayak Rental 2 hr,2025-09-21T18:45:00Z,2025-07-06T02:18:46Z,2025-07-06T02:18:46Z,LIVE,3,105.00,8.66,USD
8802221,1,4,310011,Casual Climb,2025-07-06T06:30:00Z,2025-07-06T05:59:05Z,2025-07-06T05:59:05Z,LIVE,1,29.00,2.90,AUD
8802222,1,2,311454,Axe Throwing 90 min,2025-08-02T18:15:00Z,2025-07-06T06:22:26Z,2025-07-06T06:22:26Z,LIVE,6,234.00,53.82,EUR
8802223,1,1,311455,The Vault (60 min),2025-07-12T17:15:00Z,2025-07-06T09:55:45Z,2025-07-06T09:55:45Z,LIVE,5,125.00,25.00,GBP
8802224,1,1,311456,Asylum (60 min),2025-07-07T14:30:00Z,2025-07-06T12:37:23Z,2025-07-06T12:37:23Z,LIVE,4,112.00,22.40,GBP
8802225,1,2,311457,Axe Throwing 90 min,2025-07-08T19:30:00Z,2025-07-06T14:14:31Z,2025-07-06T14:14:31Z,LIVE,6,234.00,53.82,EUR
8802226,1,3,311458,Kayak Rental 2 hr,2025-07-31T13:30:00Z,2025-07-06T14:28:41Z,2025-07-06T14:28:41Z,LIVE,1,35.00,2.89,USD
8802201,2,1,311441,Asylum (60 min),2025-07-07T13:30:00Z,2025-07-04T10:11:15Z,2025-07-06T17:00:10Z,CANCELLED,4,112.00,22.40,GBP
8802227,1,1,310066,The Vault (60 min),2025-08-03T19:45:00Z,2025-07-06T19:44:15Z,2025-07-06T19:44:15Z,LIVE,4,100.00,20.00,GBP
8802227,1,1,310066,The Vault (60 min),2025-08-03T19:45:00Z,2025-07-06T19:44:15Z,2025-07-06T19:44:15Z,LIVE,4,100.00,20.00,GBP
8802228,1,2,311459,Axe Throwing 90 min,2025-07-12T14:00:00Z,2025-07-06T22:17:48Z,2025-07-06T22:17:48Z,LIVE,2,78.00,17.94,EUR
8802229,1,5,311460,Open Play,2025-07-11T20:30:00Z,2025-07-06T23:40:19Z,2025-07-06T23:40:19Z,LIVE,4,156.00,4.52,USD
8802169,2,2,311419,Axe Throwing 90 min,2025-07-12T12:30:00Z,2025-06-30T18:26:23Z,2025-07-06T23:49:28Z,CANCELLED,6,234.00,53.82,EUR
8802230,1,4,311461,Casual Climb,2025-07-12T07:30:00Z,2025-07-07T00:22:45Z,2025-07-07T00:22:45Z,LIVE,3,87.00,8.70,AUD
8802231,1,3,311462,Sunrise Paddle,2025-08-05T12:30:00Z,2025-07-07T04:51:11Z,2025-07-07T04:51:11Z,LIVE,5,225.00,18.56,USD
8802232,1,4,311463,Intro to Bouldering,2025-07-14T09:45:00Z,2025-07-07T05:56:16Z,2025-07-07T05:56:16Z,LIVE,1,49.00,4.90,AUD
8802233,1,1,311464,Asylum (60 min),2025-07-20T15:00:00Z,2025-07-07T07:03:02Z,2025-07-07T07:03:02Z,LIVE,3,84.00,16.80,GBP
8802234,1,1,310157,The Vault (60 min),2025-08-05T19:45:00Z,2025-07-07T08:48:29Z,2025-07-07T08:48:29Z,LIVE,2,50.00,10.00,GBP
8802235,1,2,311465,Axe Throwing 90 min,2025-07-07T18:15:00Z,2025-07-07T09:35:34Z,2025-07-07T09:35:34Z,LIVE,3,117.00,26.91,EUR
8802236,1,6,310969,Test Experience,2025-07-11T09:00:00Z,2025-07-07T10:58:59Z,2025-07-07T10:58:59Z,LIVE,1,1.00,0.20,GBP
8802237,1,1,311466,Asylum (60 min),2025-07-12T17:30:00Z,2025-07-07T11:02:42Z,2025-07-07T11:02:42Z,LIVE,6,168.00,33.60,GBP
8802235,2,2,311465,Axe Throwing 90 min,2025-07-07T18:15:00Z,2025-07-07T09:35:34Z,2025-07-07T11:21:52Z,LIVE,5,195.00,44.85,EUR
8801653,2,4,310387,Intro to Bouldering,2025-07-11T06:30:00Z,2025-05-20T06:19:57Z,2025-07-07T11:34:04Z,CANCELLED,1,49.00,4.90,AUD
8802238,1,1,311467,Mini Mystery (30 min),2025-07-07T18:45:00Z,2025-07-07T12:09:11Z,2025-07-07T12:09:11Z,LIVE,3,45.00,9.00,GBP
8802239,1,3,310139,Kayak Rental 2 hr,2025-07-29T16:30:00Z,2025-07-07T14:06:08Z,2025-07-07T14:06:08Z,LIVE,5,175.00,14.44,USD
8802240,1,3,311468,Kayak Rental 2 hr,2025-07-10T14:45:00Z,2025-07-07T14:18:28Z,2025-07-07T14:18:28Z,LIVE,5,175.00,14.44,USD
8802241,1,5,311469,Private Group Game,2025-07-18T19:30:00Z,2025-07-07T15:42:20Z,2025-07-07T15:42:20Z,LIVE,12,660.00,19.14,USD
8802242,1,6,311470,Test Experience,2025-09-26T14:00:00Z,2025-07-07T17:01:05Z,2025-07-07T17:01:05Z,LIVE,4,4.00,0.80,GBP
8802243,1,5,311471,Open Play,2025-07-07T19:30:00Z,2025-07-07T18:34:54Z,2025-07-07T18:34:54Z,LIVE,9,351.00,10.18,USD
8802244,1,2,311249,Axe Throwing 60 min,2025-08-16T20:00:00Z,2025-07-07T20:38:37Z,2025-07-07T20:38:37Z,LIVE,8,232.00,53.36,EUR
8802245,1,2,310126,Axe Throwing 90 min,2025-07-27T12:30:00Z,2025-07-07T20:46:15Z,2025-07-07T20:46:15Z,LIVE,7,273.00,62.79,EUR
8802246,1,1,311261,Asylum (60 min),2025-07-11T17:30:00Z,2025-07-07T20:54:08Z,2025-07-07T20:54:08Z,LIVE,5,140.00,28.00,GBP
8802247,1,1,310125,The Vault (60 min),2025-07-25T16:30:00Z,2025-07-07T21:55:23Z,2025-07-07T21:55:23Z,LIVE,3,75.00,15.00,GBP
8802248,1,4,310319,Intro to Bouldering,2025-08-29T05:00:00Z,2025-07-08T04:47:16Z,2025-07-08T04:47:16Z,LIVE,4,196.00,19.60,AUD
8802249,1,2,311412,Axe Throwing 60 min,2025-07-09T20:00:00Z,2025-07-08T09:27:27Z,2025-07-08T09:27:27Z,LIVE,3,87.00,20.01,EUR
8802250,1,2,311472,Axe Throwing 90 min,2025-08-23T19:30:00Z,2025-07-08T13:26:46Z,2025-07-08T13:26:46Z,LIVE,8,312.00,71.76,EUR
8802251,1,2,310726,Axe Throwing 60 min,2025-07-14T18:15:00Z,2025-07-08T14:39:16Z,2025-07-08T14:39:16Z,LIVE,2,58.00,13.34,EUR
8802252,1,5,311473,Private Group Game,2025-07-08T19:15:00Z,2025-07-08T14:47:49Z,2025-07-08T14:47:49Z,LIVE,8,440.00,12.76,USD
8802253,1,3,311474,Sunrise Paddle,2025-07-10T15:30:00Z,2025-07-08T15:50:18Z,2025-07-08T15:50:18Z,LIVE,1,45.00,3.71,USD
8802254,1,1,311475,Asylum (60 min),2025-08-01T16:30:00Z,2025-07-08T16:41:01Z,2025-07-08T16:41:01Z,LIVE,6,168.00,33.60,GBP
8802255,1,3,310587,Half-Day River Tour,2025-07-28T12:00:00Z,2025-07-08T16:41:33Z,2025-07-08T16:41:33Z,LIVE,1,79.00,6.52,USD
8802256,1,5,311476,Open Play,2025-07-15T19:00:00Z,2025-07-08T18:53:58Z,2025-07-08T18:53:58Z,LIVE,8,312.00,9.05,USD
8802257,1,1,311477,Asylum (60 min),2025-07-13T18:15:00Z,2025-07-08T19:04:56Z,2025-07-08T19:04:56Z,LIVE,3,84.00,16.80,GBP
8802258,1,5,310044,Open Play,2025-07-12T16:00:00Z,2025-07-08T19:26:26Z,2025-07-08T19:26:26Z,LIVE,4,156.00,4.52,USD
8801834,2,3,311207,Kayak Rental 2 hr,2025-07-17T15:00:00Z,2025-06-05T17:36:31Z,2025-07-08T21:01:24Z,CANCELLED,2,70.00,5.78,USD
8802259,1,4,311478,Intro to Bouldering,2025-07-15T07:30:00Z,2025-07-08T21:08:22Z,2025-07-08T21:08:22Z,LIVE,1,49.00,4.90,AUD
8802260,1,3,311479,Sunrise Paddle,2025-07-12T14:00:00Z,2025-07-09T01:11:52Z,2025-07-09T01:11:52Z,LIVE,1,45.00,3.71,USD
8802249,2,2,311412,Axe Throwing 60 min,2025-07-09T20:00:00Z,2025-07-08T09:27:27Z,2025-07-09T01:30:21Z,LIVE,5,145.00,33.35,EUR
8802261,1,4,311480,Kids Climb Session,2025-08-08T06:30:00Z,2025-07-09T03:58:56Z,2025-07-09T03:58:56Z,LIVE,4,96.00,9.60,AUD
8802229,2,5,311460,Open Play,2025-07-11T20:30:00Z,2025-07-06T23:40:19Z,2025-07-09T05:30:11Z,LIVE,6,234.00,6.79,USD
8802262,1,1,310125,The Vault (60 min),2025-07-13T15:45:00Z,2025-07-09T08:24:33Z,2025-07-09T08:24:33Z,LIVE,5,125.00,25.00,GBP
8802262,1,1,310125,The Vault (60 min),2025-07-13T15:45:00Z,2025-07-09T08:24:33Z,2025-07-09T08:24:33Z,LIVE,5,125.00,25.00,GBP
8802263,1,3,311481,Sunrise Paddle,2025-08-08T15:30:00Z,2025-07-09T14:15:24Z,2025-07-09T14:15:24Z,LIVE,1,45.00,3.71,USD
8802260,2,3,311479,Sunrise Paddle,2025-07-12T14:00:00Z,2025-07-09T01:11:52Z,2025-07-09T16:09:19Z,LIVE,3,135.00,11.14,USD
8802264,1,5,311482,Open Play,2025-07-12T22:30:00Z,2025-07-09T18:08:10Z,2025-07-09T18:08:10Z,LIVE,9,351.00,10.18,USD
8802265,1,3,311483,Sunrise Paddle,2025-07-13T14:00:00Z,2025-07-09T19:06:29Z,2025-07-09T19:06:29Z,LIVE,3,135.00,11.14,USD
8802266,1,3,311484,Sunrise Paddle,2025-07-12T14:15:00Z,2025-07-09T20:06:23Z,2025-07-09T20:06:23Z,LIVE,4,180.00,14.85,USD
8802267,1,5,311485,Private Group Game,2025-07-14T19:45:00Z,2025-07-09T20:28:29Z,2025-07-09T20:28:29Z,LIVE,9,495.00,14.36,USD
8802268,1,2,311486,Axe Throwing 90 min,2025-07-12T19:30:00Z,2025-07-09T21:59:27Z,2025-07-09T21:59:27Z,LIVE,3,117.00,26.91,EUR
8802269,1,1,310940,The Vault (60 min),2025-07-12T13:15:00Z,2025-07-09T22:49:17Z,2025-07-09T22:49:17Z,LIVE,3,75.00,15.00,GBP
8801808,2,3,311017,Kayak Rental 2 hr,2025-07-22T15:00:00Z,2025-06-04T01:18:08Z,2025-07-10T00:22:28Z,CANCELLED,4,140.00,11.55,USD
8802270,1,5,311487,Private Group Game,2025-07-10T21:15:00Z,2025-07-10T00:32:30Z,2025-07-10T00:32:30Z,LIVE,4,220.00,6.38,USD
8802271,1,3,311420,Half-Day River Tour,2025-08-03T14:30:00Z,2025-07-10T03:34:33Z,2025-07-10T03:34:33Z,LIVE,2,158.00,13.04,USD
8802272,1,5,311488,Private Group Game,2025-07-15T20:00:00Z,2025-07-10T04:48:50Z,2025-07-10T04:48:50Z,LIVE,7,385.00,11.17,USD
8802273,1,1,310491,Asylum (60 min),2025-09-23T20:45:00Z,2025-07-10T07:00:27Z,2025-07-10T07:00:27Z,LIVE,5,140.00,28.00,GBP
8802274,1,4,311489,Kids Climb Session,2025-07-12T06:45:00Z,2025-07-10T07:33:24Z,2025-07-10T07:33:24Z,LIVE,4,96.00,9.60,AUD
8802275,1,1,310066,Mini Mystery (30 min),2025-07-10T19:45:00Z,2025-07-10T10:17:12Z,2025-07-10T10:17:12Z,LIVE,5,75.00,15.00,GBP
8802276,1,3,311490,Sunrise Paddle,2025-07-12T15:30:00Z,2025-07-10T12:20:02Z,2025-07-10T12:20:02Z,LIVE,5,225.00,18.56,USD
8802277,1,1,311491,Mini Mystery (30 min),2025-07-15T16:45:00Z,2025-07-10T12:33:19Z,2025-07-10T12:33:19Z,LIVE,6,90.00,18.00,GBP
8802278,1,3,310485,Sunrise Paddle,2025-07-10T15:00:00Z,2025-07-10T12:51:11Z,2025-07-10T12:51:11Z,LIVE,5,225.00,18.56,USD
8802278,2,3,310485,Sunrise Paddle,2025-07-10T15:00:00Z,2025-07-10T12:51:11Z,2025-07-10T13:35:40Z,LIVE,6,270.00,22.28,USD
8802279,1,3,310008,Kayak Rental 2 hr,2025-07-11T12:30:00Z,2025-07-10T14:04:47Z,2025-07-10T14:04:47Z,LIVE,4,140.00,11.55,USD
8802280,1,2,311492,Axe Throwing 90 min,2025-08-01T19:15:00Z,2025-07-10T14:44:47Z,2025-07-10T14:44:47Z,LIVE,7,273.00,62.79,EUR
8802275,2,1,310066,Mini Mystery (30 min),2025-07-10T19:45:00Z,2025-07-10T10:17:12Z,2025-07-10T15:36:25Z,CANCELLED,5,75.00,15.00,GBP
8802281,1,6,311493,Test Experience,2025-08-07T14:45:00Z,2025-07-10T17:42:11Z,2025-07-10T17:42:11Z,LIVE,4,4.00,0.80,GBP
8802282,1,2,311494,Axe Throwing 60 min,2025-07-11T20:15:00Z,2025-07-10T18:33:28Z,2025-07-10T18:33:28Z,LIVE,3,87.00,20.01,EUR
8802283,1,1,311495,Mini Mystery (30 min),2025-07-11T16:45:00Z,2025-07-10T20:07:57Z,2025-07-10T20:07:57Z,LIVE,5,75.00,15.00,GBP
8802284,1,6,311496,Test Experience,2025-07-20T10:00:00Z,2025-07-10T20:23:27Z,2025-07-10T20:23:27Z,LIVE,4,4.00,0.80,GBP
8802285,1,3,311497,Sunrise Paddle,2025-07-28T15:45:00Z,2025-07-11T04:19:21Z,2025-07-11T04:19:21Z,LIVE,4,180.00,14.85,USD
8802286,1,3,311498,Kayak Rental 2 hr,2025-07-15T14:00:00Z,2025-07-11T04:19:33Z,2025-07-11T04:19:33Z,LIVE,4,140.00,11.55,USD
8802287,1,4,310305,Intro to Bouldering,2025-07-16T05:30:00Z,2025-07-11T04:47:38Z,2025-07-11T04:47:38Z,LIVE,1,49.00,4.90,AUD
8802288,1,4,310425,Kids Climb Session,2025-07-26T08:45:00Z,2025-07-11T05:30:19Z,2025-07-11T05:30:19Z,LIVE,4,96.00,9.60,AUD
8802289,1,1,311037,The Vault (60 min),2025-07-13T19:30:00Z,2025-07-11T07:54:54Z,2025-07-11T07:54:54Z,LIVE,5,125.00,25.00,GBP
8802290,1,1,311499,Mini Mystery (30 min),2025-07-19T15:30:00Z,2025-07-11T09:23:57Z,2025-07-11T09:23:57Z,LIVE,2,30.00,6.00,GBP
8802291,1,1,310111,Asylum (60 min),2025-07-11T14:15:00Z,2025-07-11T09:33:06Z,2025-07-11T09:33:06Z,LIVE,6,168.00,33.60,GBP
8802279,2,3,310008,Kayak Rental 2 hr,2025-07-11T12:30:00Z,2025-07-10T14:04:47Z,2025-07-11T10:42:05Z,CANCELLED,4,140.00,11.55,USD
8802291,2,1,310111,Asylum (60 min),2025-07-11T14:15:00Z,2025-07-11T09:33:06Z,2025-07-11T11:00:41Z,LIVE,8,224.00,44.80,GBP
8802264,2,5,311482,Open Play,2025-07-12T22:30:00Z,2025-07-09T18:08:10Z,2025-07-11T11:34:43Z,CANCELLED,9,351.00,10.18,USD
8802292,1,4,311500,Kids Climb Session,2025-07-16T07:45:00Z,2025-07-11T11:37:58Z,2025-07-11T11:37:58Z,LIVE,2,48.00,4.80,AUD
8802167,2,5,310763,Private Group Game,2025-07-12T19:45:00Z,2025-06-30T14:26:57Z,2025-07-11T12:05:22Z,CANCELLED,6,330.00,9.57,USD
8802293,1,4,310557,Casual Climb,2025-07-17T08:30:00Z,2025-07-11T12:40:09Z,2025-07-11T12:40:09Z,LIVE,1,29.00,2.90,AUD
8802294,1,2,310637,Axe Throwing 90 min,2025-07-11T16:15:00Z,2025-07-11T12:58:26Z,2025-07-11T12:58:26Z,LIVE,2,78.00,17.94,EUR
8802294,2,2,310637,Axe Throwing 90 min,2025-07-11T16:15:00Z,2025-07-11T12:58:26Z,2025-07-11T14:27:07Z,LIVE,3,117.00,26.91,EUR
8802295,1,1,310665,Mini Mystery (30 min),2025-07-26T18:45:00Z,2025-07-11T17:53:41Z,2025-07-11T17:53:41Z,LIVE,4,60.00,12.00,GBP
8802296,1,1,311501,Asylum (60 min),2025-07-26T18:30:00Z,2025-07-11T17:55:53Z,2025-07-11T17:55:53Z,LIVE,2,56.00,11.20,GBP
8802297,1,5,311502,Private Group Game,2025-07-11T21:00:00Z,2025-07-11T18:02:46Z,2025-07-11T18:02:46Z,LIVE,7,385.00,11.17,USD
8802267,2,5,311485,Private Group Game,2025-07-14T19:45:00Z,2025-07-09T20:28:29Z,2025-07-11T18:30:55Z,LIVE,10,550.00,15.95,USD
8802298,1,2,311503,Axe Throwing 90 min,2025-07-17T19:30:00Z,2025-07-11T20:11:43Z,2025-07-11T20:11:43Z,LIVE,3,117.00,26.91,EUR
8802299,1,4,311299,Kids Climb Session,2025-07-12T09:00:00Z,2025-07-11T21:14:37Z,2025-07-11T21:14:37Z,LIVE,1,24.00,2.40,AUD
8802300,1,2,311504,Axe Throwing 90 min,2025-07-18T20:45:00Z,2025-07-11T21:17:55Z,2025-07-11T21:17:55Z,LIVE,5,195.00,44.85,EUR
8802301,1,4,310134,Kids Climb Session,2025-07-12T01:00:00Z,2025-07-11T21:24:59Z,2025-07-11T21:24:59Z,LIVE,4,96.00,9.60,AUD
8802302,1,3,311216,Half-Day River Tour,2025-07-23T15:30:00Z,2025-07-11T22:05:59Z,2025-07-11T22:05:59Z,LIVE,5,395.00,32.59,USD
8802303,1,3,311505,Sunrise Paddle,2025-07-15T14:00:00Z,2025-07-11T23:50:20Z,2025-07-11T23:50:20Z,LIVE,5,225.00,18.56,USD
8802304,1,4,311506,Kids Climb Session,2025-07-27T07:00:00Z,2025-07-12T00:22:12Z,2025-07-12T00:22:12Z,LIVE,3,72.00,7.20,AUD
8802179,2,3,311426,Kayak Rental 2 hr,2025-07-15T14:45:00Z,2025-07-01T19:58:41Z,2025-07-12T03:46:28Z,CANCELLED,5,175.00,14.44,USD
8802305,1,3,310132,Kayak Rental 2 hr,2025-07-17T20:15:00Z,2025-07-12T03:48:25Z,2025-07-12T03:48:25Z,LIVE,3,105.00,8.66,USD
8802306,1,1,311507,The Vault (60 min),2025-07-12T18:00:00Z,2025-07-12T09:05:28Z,2025-07-12T09:05:28Z,LIVE,6,150.00,30.00,GBP
8802307,1,1,310087,Mini Mystery (30 min),2025-07-12T19:30:00Z,2025-07-12T09:17:07Z,2025-07-12T09:17:07Z,LIVE,4,60.00,12.00,GBP
8802308,1,3,310132,Half-Day River Tour,2025-07-12T14:00:00Z,2025-07-12T13:39:44Z,2025-07-12T13:39:44Z,LIVE,4,316.00,26.07,USD
8802309,1,5,311508,Private Group Game,2025-08-10T15:00:00Z,2025-07-12T13:50:07Z,2025-07-12T13:50:07Z,LIVE,7,385.00,11.17,USD
8802310,1,2,311509,Axe Throwing 90 min,2025-07-12T19:30:00Z,2025-07-12T15:12:10Z,2025-07-12T15:12:10Z,LIVE,6,234.00,53.82,EUR
8802262,2,1,310125,The Vault (60 min),2025-07-13T15:45:00Z,2025-07-09T08:24:33Z,2025-07-12T15:24:35Z,CANCELLED,5,125.00,25.00,GBP
8802311,1,3,311510,Half-Day River Tour,2025-09-27T14:45:00Z,2025-07-12T16:13:06Z,2025-07-12T16:13:06Z,LIVE,4,316.00,26.07,USD
8802312,1,3,311511,Half-Day River Tour,2025-07-16T12:30:00Z,2025-07-12T16:59:06Z,2025-07-12T16:59:06Z,LIVE,4,316.00,26.07,USD
8802313,1,3,311512,Half-Day River Tour,2025-07-18T15:15:00Z,2025-07-12T20:05:06Z,2025-07-12T20:05:06Z,LIVE,1,79.00,6.52,USD
8802314,1,5,310364,Open Play,2025-08-07T21:00:00Z,2025-07-12T21:26:11Z,2025-07-12T21:26:11Z,LIVE,8,312.00,9.05,USD
8802315,1,5,311513,Private Group Game,2025-07-17T19:45:00Z,2025-07-12T22:35:40Z,2025-07-12T22:35:40Z,LIVE,7,385.00,11.17,USD
8802316,1,4,311514,Kids Climb Session,2025-07-18T08:15:00Z,2025-07-12T22:50:44Z,2025-07-12T22:50:44Z,LIVE,2,48.00,4.80,AUD
8802317,1,5,310071,Private Group Game,2025-08-10T19:00:00Z,2025-07-12T23:30:29Z,2025-07-12T23:30:29Z,LIVE,7,385.00,11.17,USD
8802318,1,4,311515,Kids Climb Session,2025-07-14T23:00:00Z,2025-07-12T23:35:43Z,2025-07-12T23:35:43Z,LIVE,1,24.00,2.40,AUD
8802319,1,4,311516,Intro to Bouldering,2025-07-14T02:30:00Z,2025-07-13T05:05:07Z,2025-07-13T05:05:07Z,LIVE,1,49.00,4.90,AUD
8802320,1,4,311517,Intro to Bouldering,2025-07-14T23:30:00Z,2025-07-13T06:52:21Z,2025-07-13T06:52:21Z,LIVE,4,196.00,19.60,AUD
8802321,1,6,311518,Test Experience,2025-07-13T10:30:00Z,2025-07-13T07:50:32Z,2025-07-13T07:50:32Z,LIVE,1,1.00,0.20,GBP
8802322,1,4,311519,Intro to Bouldering,2025-08-07T05:30:00Z,2025-07-13T08:22:29Z,2025-07-13T08:22:29Z,LIVE,4,196.00,19.60,AUD
8802323,1,1,311520,Mini Mystery (30 min),2025-07-19T18:45:00Z,2025-07-13T13:59:25Z,2025-07-13T13:59:25Z,LIVE,2,30.00,6.00,GBP
8802324,1,1,311521,Mini Mystery (30 min),2025-07-19T14:30:00Z,2025-07-13T15:44:04Z,2025-07-13T15:44:04Z,LIVE,5,75.00,15.00,GBP
8802325,1,1,311522,Asylum (60 min),2025-07-20T17:00:00Z,2025-07-13T16:54:27Z,2025-07-13T16:54:27Z,LIVE,2,56.00,11.20,GBP
8802326,1,1,311523,The Vault (60 min),2025-07-13T19:00:00Z,2025-07-13T17:36:06Z,2025-07-13T17:36:06Z,LIVE,4,100.00,20.00,GBP
8802327,1,5,310798,Open Play,2025-07-20T18:30:00Z,2025-07-13T22:22:15Z,2025-07-13T22:22:15Z,LIVE,4,156.00,4.52,USD
8802328,1,3,311163,Sunrise Paddle,2025-09-06T13:30:00Z,2025-07-14T00:50:41Z,2025-07-14T00:50:41Z,LIVE,3,135.00,11.14,USD
8802329,1,5,310406,Private Group Game,2025-07-23T17:00:00Z,2025-07-14T02:27:54Z,2025-07-14T02:27:54Z,LIVE,8,440.00,12.76,USD
8802298,2,2,311503,Axe Throwing 90 min,2025-07-17T19:30:00Z,2025-07-11T20:11:43Z,2025-07-14T03:14:35Z,LIVE,5,195.00,44.85,EUR
8802176,2,2,311424,Axe Throwing 60 min,2025-08-01T19:30:00Z,2025-07-01T15:52:47Z,2025-07-14T05:28:22Z,LIVE,7,203.00,46.69,EUR
8802330,1,4,311080,Intro to Bouldering,2025-07-16T05:45:00Z,2025-07-14T09:26:11Z,2025-07-14T09:26:11Z,LIVE,3,147.00,14.70,AUD
8802331,1,2,311524,Axe Throwing 60 min,2025-07-14T16:30:00Z,2025-07-14T10:13:10Z,2025-07-14T10:13:10Z,LIVE,4,116.00,26.68,EUR
8802332,1,1,311525,Asylum (60 min),2025-07-24T17:15:00Z,2025-07-14T14:16:39Z,2025-07-14T14:16:39Z,LIVE,3,84.00,16.80,GBP
8802333,1,3,311526,Kayak Rental 2 hr,2025-08-07T11:30:00Z,2025-07-14T16:22:55Z,2025-07-14T16:22:55Z,LIVE,4,140.00,11.55,USD
8802303,2,3,311505,Sunrise Paddle,2025-07-15T14:00:00Z,2025-07-11T23:50:20Z,2025-07-14T17:15:28Z,CANCELLED,5,225.00,18.56,USD
8802334,1,5,310898,Private Group Game,2025-07-17T20:15:00Z,2025-07-14T22:12:41Z,2025-07-14T22:12:41Z,LIVE,6,330.00,9.57,USD
8802335,1,5,310980,Private Group Game,2025-08-01T21:30:00Z,2025-07-14T23:01:59Z,2025-07-14T23:01:59Z,LIVE,9,495.00,14.36,USD
8802336,1,5,311527,Open Play,2025-07-16T15:15:00Z,2025-07-15T05:30:49Z,2025-07-15T05:30:49Z,LIVE,6,234.00,6.79,USD
8802337,1,4,311528,Kids Climb Session,2025-07-19T08:00:00Z,2025-07-15T06:04:39Z,2025-07-15T06:04:39Z,LIVE,3,72.00,7.20,AUD
8802338,1,1,311529,The Vault (60 min),2025-07-16T20:30:00Z,2025-07-15T07:41:49Z,2025-07-15T07:41:49Z,LIVE,4,100.00,20.00,GBP
8802292,2,4,311500,Kids Climb Session,2025-07-16T07:45:00Z,2025-07-11T11:37:58Z,2025-07-15T08:32:50Z,CANCELLED,2,48.00,4.80,AUD
8802339,1,4,311530,Intro to Bouldering,2025-07-16T07:45:00Z,2025-07-15T08:55:47Z,2025-07-15T08:55:47Z,LIVE,4,196.00,19.60,AUD
8802340,1,2,311531,Axe Throwing 90 min,2025-08-09T18:30:00Z,2025-07-15T10:51:07Z,2025-07-15T10:51:07Z,LIVE,4,156.00,35.88,EUR
8802339,2,4,311530,Intro to Bouldering,2025-07-16T07:45:00Z,2025-07-15T08:55:47Z,2025-07-15T14:25:44Z,LIVE,6,294.00,29.40,AUD
8802341,1,5,310414,Private Group Game,2025-08-02T19:45:00Z,2025-07-15T15:22:23Z,2025-07-15T15:22:23Z,LIVE,8,440.00,12.76,USD
8802342,1,2,311532,Axe Throwing 90 min,2025-07-18T19:30:00Z,2025-07-15T17:00:04Z,2025-07-15T17:00:04Z,LIVE,5,195.00,44.85,EUR
8802343,1,3,311533,Kayak Rental 2 hr,2025-07-18T12:45:00Z,2025-07-15T17:31:18Z,2025-07-15T17:31:18Z,LIVE,2,70.00,5.78,USD
8802344,1,1,311534,The Vault (60 min),2025-09-07T19:00:00Z,2025-07-15T17:53:13Z,2025-07-15T17:53:13Z,LIVE,6,150.00,30.00,GBP
8802345,1,5,310103,Open Play,2025-08-03T19:30:00Z,2025-07-15T19:13:37Z,2025-07-15T19:13:37Z,LIVE,6,234.00,6.79,USD
8802346,1,3,311535,Sunrise Paddle,2025-07-18T15:00:00Z,2025-07-15T20:14:00Z,2025-07-15T20:14:00Z,LIVE,4,180.00,14.85,USD
8802346,1,3,311535,Sunrise Paddle,2025-07-18T15:00:00Z,2025-07-15T20:14:00Z,2025-07-15T20:14:00Z,LIVE,4,180.00,14.85,USD
8802347,1,4,310687,Casual Climb,2025-07-19T23:15:00Z,2025-07-15T22:13:25Z,2025-07-15T22:13:25Z,LIVE,4,116.00,11.60,AUD
8802348,1,4,311536,Kids Climb Session,2025-08-06T23:15:00Z,2025-07-15T22:29:40Z,2025-07-15T22:29:40Z,LIVE,2,48.00,4.80,AUD
8802349,1,4,310011,Kids Climb Session,2025-07-19T04:30:00Z,2025-07-15T23:05:15Z,2025-07-15T23:05:15Z,LIVE,4,96.00,9.60,AUD
8802350,1,3,311537,Kayak Rental 2 hr,2025-07-21T11:00:00Z,2025-07-15T23:20:45Z,2025-07-15T23:20:45Z,LIVE,2,70.00,5.78,USD
8802351,1,3,311049,Half-Day River Tour,2025-07-20T12:15:00Z,2025-07-16T03:13:12Z,2025-07-16T03:13:12Z,LIVE,3,237.00,19.55,USD
8802352,1,5,311538,Open Play,2025-09-28T17:30:00Z,2025-07-16T03:14:52Z,2025-07-16T03:14:52Z,LIVE,11,429.00,12.44,USD
8802353,1,4,311539,Kids Climb Session,2025-07-17T05:45:00Z,2025-07-16T03:21:50Z,2025-07-16T03:21:50Z,LIVE,2,48.00,4.80,AUD
8802354,1,1,311540,The Vault (60 min),2025-07-19T18:00:00Z,2025-07-16T07:28:26Z,2025-07-16T07:28:26Z,LIVE,4,100.00,20.00,GBP
8802343,2,3,311533,Kayak Rental 2 hr,2025-07-18T12:45:00Z,2025-07-15T17:31:18Z,2025-07-16T12:40:43Z,LIVE,3,105.00,8.66,USD
8802241,2,5,311469,Private Group Game,2025-07-18T19:30:00Z,2025-07-07T15:42:20Z,2025-07-16T13:56:13Z,CANCELLED,12,660.00,19.14,USD
8802355,1,5,311541,Open Play,2025-07-23T19:45:00Z,2025-07-16T17:23:20Z,2025-07-16T17:23:20Z,LIVE,12,468.00,13.57,USD
8802158,2,2,311412,Axe Throwing 90 min,2025-07-26T20:30:00Z,2025-06-29T22:26:24Z,2025-07-16T18:42:39Z,CANCELLED,6,234.00,53.82,EUR
8802356,1,4,311542,Intro to Bouldering,2025-07-17T04:00:00Z,2025-07-16T21:06:32Z,2025-07-16T21:06:32Z,LIVE,2,98.00,9.80,AUD
8802341,2,5,310414,Private Group Game,2025-08-02T19:45:00Z,2025-07-15T15:22:23Z,2025-07-17T01:40:46Z,LIVE,9,495.00,14.36,USD
8802357,1,3,310258,Half-Day River Tour,2025-07-17T14:00:00Z,2025-07-17T04:51:35Z,2025-07-17T04:51:35Z,LIVE,3,237.00,19.55,USD
8802358,1,2,310506,Axe Throwing 60 min,2025-07-22T18:30:00Z,2025-07-17T08:17:30Z,2025-07-17T08:17:30Z,LIVE,6,174.00,40.02,EUR
8802359,1,1,311543,Asylum (60 min),2025-07-20T18:30:00Z,2025-07-17T10:37:41Z,2025-07-17T10:37:41Z,LIVE,6,168.00,33.60,GBP
8802360,1,1,311521,Mini Mystery (30 min),2025-07-17T16:00:00Z,2025-07-17T10:42:01Z,2025-07-17T10:42:01Z,LIVE,4,60.00,12.00,GBP
8802361,1,1,310465,Asylum (60 min),2025-08-01T18:45:00Z,2025-07-17T10:46:22Z,2025-07-17T10:46:22Z,LIVE,3,84.00,16.80,GBP
8802362,1,1,311544,Asylum (60 min),2025-07-17T19:30:00Z,2025-07-17T11:00:55Z,2025-07-17T11:00:55Z,LIVE,2,56.00,11.20,GBP
8802363,1,2,310005,Axe Throwing 60 min,2025-08-16T19:30:00Z,2025-07-17T13:17:31Z,2025-07-17T13:17:31Z,LIVE,3,87.00,20.01,EUR
8802364,1,5,311545,Open Play,2025-07-24T16:15:00Z,2025-07-17T13:30:38Z,2025-07-17T13:30:38Z,LIVE,4,156.00,4.52,USD
8802365,1,5,311546,Private Group Game,2025-07-19T22:00:00Z,2025-07-17T13:53:43Z,2025-07-17T13:53:43Z,LIVE,10,550.00,15.95,USD
8802366,1,3,311498,Half-Day River Tour,2025-08-11T12:00:00Z,2025-07-17T14:06:26Z,2025-07-17T14:06:26Z,LIVE,3,237.00,19.55,USD
8802364,2,5,311545,Open Play,2025-07-24T16:15:00Z,2025-07-17T13:30:38Z,2025-07-17T14:18:36Z,LIVE,5,195.00,5.66,USD
8802367,1,2,311547,Axe Throwing 60 min,2025-08-08T12:15:00Z,2025-07-17T14:45:06Z,2025-07-17T14:45:06Z,LIVE,4,116.00,26.68,EUR
8802349,2,4,310011,Kids Climb Session,2025-07-19T04:30:00Z,2025-07-15T23:05:15Z,2025-07-17T15:28:02Z,CANCELLED,4,96.00,9.60,AUD
8802368,1,1,311548,Mini Mystery (30 min),2025-07-20T14:30:00Z,2025-07-17T15:48:03Z,2025-07-17T15:48:03Z,LIVE,2,30.00,6.00,GBP
8802369,1,5,310020,Open Play,2025-07-17T20:15:00Z,2025-07-17T17:33:41Z,2025-07-17T17:33:41Z,LIVE,9,351.00,10.18,USD
8802370,1,1,311549,The Vault (60 min),2025-08-16T19:45:00Z,2025-07-17T17:48:24Z,2025-07-17T17:48:24Z,LIVE,4,100.00,20.00,GBP
8802371,1,5,311550,Open Play,2025-07-17T21:00:00Z,2025-07-17T19:16:00Z,2025-07-17T19:16:00Z,LIVE,11,429.00,12.44,USD
8802372,1,6,311551,Test Experience,2025-09-23T13:15:00Z,2025-07-17T20:11:20Z,2025-07-17T20:11:20Z,LIVE,4,4.00,0.80,GBP
8802373,1,3,310004,Sunrise Paddle,2025-09-19T14:45:00Z,2025-07-18T01:36:51Z,2025-07-18T01:36:51Z,LIVE,1,45.00,3.71,USD
8802374,1,1,311552,The Vault (60 min),2025-07-23T13:45:00Z,2025-07-18T06:24:46Z,2025-07-18T06:24:46Z,LIVE,4,100.00,20.00,GBP
8802375,1,4,311553,Kids Climb Session,2025-07-26T00:00:00Z,2025-07-18T08:38:43Z,2025-07-18T08:38:43Z,LIVE,1,24.00,2.40,AUD
8802376,1,4,311554,Casual Climb,2025-07-24T07:15:00Z,2025-07-18T12:40:49Z,2025-07-18T12:40:49Z,LIVE,2,58.00,5.80,AUD
8802377,1,1,311341,Asylum (60 min),2025-07-18T18:45:00Z,2025-07-18T13:44:59Z,2025-07-18T13:44:59Z,LIVE,4,112.00,22.40,GBP
8802290,2,1,311499,Mini Mystery (30 min),2025-07-19T15:30:00Z,2025-07-11T09:23:57Z,2025-07-18T19:23:46Z,CANCELLED,2,30.00,6.00,GBP
8802284,2,6,311496,Test Experience,2025-07-20T10:00:00Z,2025-07-10T20:23:27Z,2025-07-18T19:33:55Z,CANCELLED,4,4.00,0.80,GBP
8802378,1,2,311459,Axe Throwing 60 min,2025-08-01T20:45:00Z,2025-07-18T19:47:35Z,2025-07-18T19:47:35Z,LIVE,4,116.00,26.68,EUR
8802379,1,4,311555,Kids Climb Session,2025-08-14T09:15:00Z,2025-07-18T22:55:38Z,2025-07-18T22:55:38Z,LIVE,2,48.00,4.80,AUD
8802380,1,4,310479,Casual Climb,2025-07-19T07:30:00Z,2025-07-18T23:49:43Z,2025-07-18T23:49:43Z,LIVE,4,116.00,11.60,AUD
8802381,1,5,311556,Private Group Game,2025-07-19T21:30:00Z,2025-07-19T01:18:49Z,2025-07-19T01:18:49Z,LIVE,6,330.00,9.57,USD
8802382,1,3,311557,Sunrise Paddle,2025-07-20T16:45:00Z,2025-07-19T03:48:19Z,2025-07-19T03:48:19Z,LIVE,1,45.00,3.71,USD
8802383,1,4,310164,Casual Climb,2025-07-23T04:45:00Z,2025-07-19T06:55:13Z,2025-07-19T06:55:13Z,LIVE,3,87.00,8.70,AUD
8802376,2,4,311554,Casual Climb,2025-07-24T07:15:00Z,2025-07-18T12:40:49Z,2025-07-19T09:09:24Z,LIVE,4,116.00,11.60,AUD
8802384,1,2,311459,Axe Throwing 90 min,2025-07-19T20:00:00Z,2025-07-19T09:36:29Z,2025-07-19T09:36:29Z,LIVE,6,234.00,53.82,EUR
8802385,1,3,311558,Half-Day River Tour,2025-07-20T12:00:00Z,2025-07-19T14:13:15Z,2025-07-19T14:13:15Z,LIVE,1,79.00,6.52,USD
8802386,1,2,311559,Axe Throwing 60 min,2025-07-19T17:15:00Z,2025-07-19T14:27:26Z,2025-07-19T14:27:26Z,LIVE,4,116.00,26.68,EUR
8802387,1,3,311560,Kayak Rental 2 hr,2025-07-26T11:30:00Z,2025-07-19T19:33:13Z,2025-07-19T19:33:13Z,LIVE,2,70.00,5.78,USD
8802388,1,2,311561,Axe Throwing 60 min,2025-07-20T18:30:00Z,2025-07-19T22:30:35Z,2025-07-19T22:30:35Z,LIVE,2,58.00,13.34,EUR
8802389,1,3,311562,Sunrise Paddle,2025-07-24T15:15:00Z,2025-07-20T00:26:03Z,2025-07-20T00:26:03Z,LIVE,5,225.00,18.56,USD
8802390,1,4,311514,Intro to Bouldering,2025-07-20T07:45:00Z,2025-07-20T00:38:12Z,2025-07-20T00:38:12Z,LIVE,3,147.00,14.70,AUD
8802332,2,1,311525,Asylum (60 min),2025-07-24T17:15:00Z,2025-07-14T14:16:39Z,2025-07-20T01:42:59Z,CANCELLED,3,84.00,16.80,GBP
8802391,1,5,311563,Private Group Game,2025-08-04T16:15:00Z,2025-07-20T02:37:38Z,2025-07-20T02:37:38Z,LIVE,7,385.00,11.17,USD
8802392,1,5,311564,Private Group Game,2025-07-25T20:00:00Z,2025-07-20T04:12:56Z,2025-07-20T04:12:56Z,LIVE,11,605.00,17.55,USD
8802393,1,5,311565,Open Play,2025-07-20T19:30:00Z,2025-07-20T05:12:10Z,2025-07-20T05:12:10Z,LIVE,10,390.00,11.31,USD
8802394,1,6,311566,Test Experience,2025-07-25T14:00:00Z,2025-07-20T06:25:52Z,2025-07-20T06:25:52Z,LIVE,3,3.00,0.60,GBP
8802394,1,6,311566,Test Experience,2025-07-25T14:00:00Z,2025-07-20T06:25:52Z,2025-07-20T06:25:52Z,LIVE,3,3.00,0.60,GBP
8802395,1,1,311567,Asylum (60 min),2025-07-20T18:00:00Z,2025-07-20T07:38:11Z,2025-07-20T07:38:11Z,LIVE,3,84.00,16.80,GBP
8802396,1,1,311568,The Vault (60 min),2025-07-26T18:45:00Z,2025-07-20T08:38:37Z,2025-07-20T08:38:37Z,LIVE,4,100.00,20.00,GBP
8802200,2,2,311440,Axe Throwing 90 min,2025-08-03T17:30:00Z,2025-07-04T10:01:03Z,2025-07-20T11:37:15Z,CANCELLED,5,195.00,44.85,EUR
8802397,1,3,311569,Half-Day River Tour,2025-07-20T14:00:00Z,2025-07-20T13:18:55Z,2025-07-20T13:18:55Z,LIVE,2,158.00,13.04,USD
8802388,2,2,311561,Axe Throwing 60 min,2025-07-20T18:30:00Z,2025-07-19T22:30:35Z,2025-07-20T13:25:27Z,CANCELLED,2,58.00,13.34,EUR
8802398,1,4,310849,Kids Climb Session,2025-07-27T02:00:00Z,2025-07-20T13:34:19Z,2025-07-20T13:34:19Z,LIVE,4,96.00,9.60,AUD
8802399,1,1,310300,Asylum (60 min),2025-08-10T17:30:00Z,2025-07-20T14:32:35Z,2025-07-20T14:32:35Z,LIVE,4,112.00,22.40,GBP
8802374,2,1,311552,The Vault (60 min),2025-07-23T13:45:00Z,2025-07-18T06:24:46Z,2025-07-20T16:55:40Z,LIVE,5,125.00,25.00,GBP
8802400,1,3,311570,Kayak Rental 2 hr,2025-07-25T14:00:00Z,2025-07-20T17:26:53Z,2025-07-20T17:26:53Z,LIVE,2,70.00,5.78,USD
8802401,1,1,311571,Asylum (60 min),2025-07-27T18:45:00Z,2025-07-20T17:28:33Z,2025-07-20T17:28:33Z,LIVE,4,112.00,22.40,GBP
8802402,1,2,311572,Axe Throwing 60 min,2025-07-30T18:45:00Z,2025-07-20T18:06:50Z,2025-07-20T18:06:50Z,LIVE,5,145.00,33.35,EUR
8802403,1,2,311573,Axe Throwing 60 min,2025-07-23T19:00:00Z,2025-07-20T18:10:48Z,2025-07-20T18:10:48Z,LIVE,8,232.00,53.36,EUR
8802404,1,3,311146,Kayak Rental 2 hr,2025-09-06T18:00:00Z,2025-07-20T19:22:41Z,2025-07-20T19:22:41Z,LIVE,4,140.00,11.55,USD
8802405,1,3,311574,Sunrise Paddle,2025-08-16T14:15:00Z,2025-07-20T20:08:21Z,2025-07-20T20:08:21Z,LIVE,4,180.00,14.85,USD
8802406,1,5,311575,Private Group Game,2025-09-29T18:00:00Z,2025-07-20T21:08:33Z,2025-07-20T21:08:33Z,LIVE,7,385.00,11.17,USD
8802407,1,1,310230,Mini Mystery (30 min),2025-08-10T16:00:00Z,2025-07-20T21:17:15Z,2025-07-20T21:17:15Z,LIVE,2,30.00,6.00,GBP
8802408,1,3,311576,Sunrise Paddle,2025-07-21T13:45:00Z,2025-07-20T22:50:50Z,2025-07-20T22:50:50Z,LIVE,3,135.00,11.14,USD
8802409,1,4,311577,Casual Climb,2025-07-26T06:30:00Z,2025-07-20T23:26:20Z,2025-07-20T23:26:20Z,LIVE,1,29.00,2.90,AUD
8802410,1,4,311578,Kids Climb Session,2025-07-27T04:30:00Z,2025-07-21T09:39:46Z,2025-07-21T09:39:46Z,LIVE,2,48.00,4.80,AUD
8802411,1,1,310871,Asylum (60 min),2025-07-21T17:45:00Z,2025-07-21T11:09:59Z,2025-07-21T11:09:59Z,LIVE,3,84.00,16.80,GBP
8802412,1,1,311579,The Vault (60 min),2025-07-21T20:30:00Z,2025-07-21T13:36:36Z,2025-07-21T13:36:36Z,LIVE,4,100.00,20.00,GBP
8802412,2,1,311579,The Vault (60 min),2025-07-21T20:30:00Z,2025-07-21T13:36:36Z,2025-07-21T13:45:41Z,LIVE,5,125.00,25.00,GBP
8802413,1,3,311580,Sunrise Paddle,2025-08-10T13:00:00Z,2025-07-21T15:37:10Z,2025-07-21T15:37:10Z,LIVE,3,135.00,11.14,USD
8802389,2,3,311562,Sunrise Paddle,2025-07-24T15:15:00Z,2025-07-20T00:26:03Z,2025-07-21T15:56:13Z,LIVE,7,315.00,25.99,USD
8802414,1,5,311581,Private Group Game,2025-08-20T18:30:00Z,2025-07-21T17:26:08Z,2025-07-21T17:26:08Z,LIVE,5,275.00,7.98,USD
8802415,1,5,311582,Private Group Game,2025-10-19T17:45:00Z,2025-07-21T19:21:01Z,2025-07-21T19:21:01Z,LIVE,12,660.00,19.14,USD
8802416,1,1,311583,The Vault (60 min),2025-09-19T15:30:00Z,2025-07-21T20:10:29Z,2025-07-21T20:10:29Z,LIVE,2,50.00,10.00,GBP
8802417,1,1,311341,The Vault (60 min),2025-08-17T14:00:00Z,2025-07-21T20:55:10Z,2025-07-21T20:55:10Z,LIVE,5,125.00,25.00,GBP
8802418,1,3,311584,Sunrise Paddle,2025-07-25T16:00:00Z,2025-07-22T00:24:29Z,2025-07-22T00:24:29Z,LIVE,4,180.00,14.85,USD
8802419,1,3,311585,Sunrise Paddle,2025-08-16T15:00:00Z,2025-07-22T04:57:08Z,2025-07-22T04:57:08Z,LIVE,1,45.00,3.71,USD
8802420,1,1,311586,Asylum (60 min),2025-08-17T17:00:00Z,2025-07-22T10:33:14Z,2025-07-22T10:33:14Z,LIVE,2,56.00,11.20,GBP
8802421,1,6,311587,Test Experience,2025-07-22T13:00:00Z,2025-07-22T12:22:21Z,2025-07-22T12:22:21Z,LIVE,4,4.00,0.80,GBP
8802422,1,4,311284,Kids Climb Session,2025-08-03T07:00:00Z,2025-07-22T12:28:42Z,2025-07-22T12:28:42Z,LIVE,1,24.00,2.40,AUD
8802423,1,1,310047,The Vault (60 min),2025-07-28T18:00:00Z,2025-07-22T17:56:40Z,2025-07-22T17:56:40Z,LIVE,2,50.00,10.00,GBP
8802424,1,1,311588,Mini Mystery (30 min),2025-07-24T13:00:00Z,2025-07-22T19:03:47Z,2025-07-22T19:03:47Z,LIVE,6,90.00,18.00,GBP
8802425,1,1,311589,Asylum (60 min),2025-07-27T18:00:00Z,2025-07-22T20:03:16Z,2025-07-22T20:03:16Z,LIVE,2,56.00,11.20,GBP
8802426,1,6,311590,Test Experience,2025-10-04T09:45:00Z,2025-07-22T20:22:41Z,2025-07-22T20:22:41Z,LIVE,4,4.00,0.80,GBP
8802427,1,1,310705,The Vault (60 min),2025-07-25T17:45:00Z,2025-07-22T22:34:05Z,2025-07-22T22:34:05Z,LIVE,5,125.00,25.00,GBP
8802428,1,4,311591,Intro to Bouldering,2025-07-26T01:30:00Z,2025-07-22T23:02:42Z,2025-07-22T23:02:42Z,LIVE,3,147.00,14.70,AUD
8802081,2,2,311034,Axe Throwing 90 min,2025-09-04T19:00:00Z,2025-06-24T21:48:45Z,2025-07-23T01:26:48Z,LIVE,6,234.00,53.82,EUR
8802429,1,3,311592,Sunrise Paddle,2025-08-04T12:45:00Z,2025-07-23T03:25:01Z,2025-07-23T03:25:01Z,LIVE,5,225.00,18.56,USD
8802430,1,3,311593,Half-Day River Tour,2025-07-26T15:00:00Z,2025-07-23T04:05:25Z,2025-07-23T04:05:25Z,LIVE,3,237.00,19.55,USD
8802431,1,4,311594,Casual Climb,2025-08-16T07:30:00Z,2025-07-23T06:20:25Z,2025-07-23T06:20:25Z,LIVE,3,87.00,8.70,AUD
8802432,1,2,311595,Axe Throwing 60 min,2025-08-02T19:30:00Z,2025-07-23T09:05:16Z,2025-07-23T09:05:16Z,LIVE,4,116.00,26.68,EUR
8802433,1,4,311596,Kids Climb Session,2025-09-05T09:15:00Z,2025-07-23T09:17:37Z,2025-07-23T09:17:37Z,LIVE,4,96.00,9.60,AUD
8802434,1,3,311597,Sunrise Paddle,2025-07-23T14:00:00Z,2025-07-23T12:55:38Z,2025-07-23T12:55:38Z,LIVE,3,135.00,11.14,USD
8802434,2,3,311597,Sunrise Paddle,2025-07-23T14:00:00Z,2025-07-23T12:55:38Z,2025-07-23T13:09:24Z,LIVE,5,225.00,18.56,USD
8802435,1,5,310159,Private Group Game,2025-07-23T16:30:00Z,2025-07-23T14:03:46Z,2025-07-23T14:03:46Z,LIVE,8,440.00,12.76,USD
8802436,1,5,311598,Open Play,2025-10-12T21:30:00Z,2025-07-23T15:14:44Z,2025-07-23T15:14:44Z,LIVE,5,195.00,5.66,USD
8802437,1,1,311599,The Vault (60 min),2025-07-26T18:30:00Z,2025-07-23T18:50:57Z,2025-07-23T18:50:57Z,LIVE,3,75.00,15.00,GBP
8802438,1,5,311600,Open Play,2025-07-28T17:00:00Z,2025-07-23T21:51:54Z,2025-07-23T21:51:54Z,LIVE,12,468.00,13.57,USD
8802439,1,3,311601,Sunrise Paddle,2025-07-30T15:30:00Z,2025-07-23T22:41:04Z,2025-07-23T22:41:04Z,LIVE,2,90.00,7.43,USD
8802440,1,4,310516,Kids Climb Session,2025-09-20T02:45:00Z,2025-07-23T22:49:06Z,2025-07-23T22:49:06Z,LIVE,2,48.00,4.80,AUD
8802441,1,4,310733,Intro to Bouldering,2025-07-24T08:00:00Z,2025-07-23T23:58:24Z,2025-07-23T23:58:24Z,LIVE,1,49.00,4.90,AUD
8802418,2,3,311584,Sunrise Paddle,2025-07-25T16:00:00Z,2025-07-22T00:24:29Z,2025-07-24T00:28:56Z,CANCELLED,4,180.00,14.85,USD
8802442,1,5,311602,Open Play,2025-09-27T18:30:00Z,2025-07-24T01:45:20Z,2025-07-24T01:45:20Z,LIVE,6,234.00,6.79,USD
8802443,1,5,311603,Open Play,2025-10-16T16:00:00Z,2025-07-24T02:35:59Z,2025-07-24T02:35:59Z,LIVE,11,429.00,12.44,USD
8802394,2,6,311566,Test Experience,2025-07-25T14:00:00Z,2025-07-20T06:25:52Z,2025-07-24T02:52:25Z,CANCELLED,3,3.00,0.60,GBP
8802444,1,4,311244,Kids Climb Session,2025-07-24T09:30:00Z,2025-07-24T03:32:13Z,2025-07-24T03:32:13Z,LIVE,4,96.00,9.60,AUD
8802445,1,3,310588,Sunrise Paddle,2025-07-24T16:00:00Z,2025-07-24T03:38:19Z,2025-07-24T03:38:19Z,LIVE,3,135.00,11.14,USD
8802441,2,4,310733,Intro to Bouldering,2025-07-24T08:00:00Z,2025-07-23T23:58:24Z,2025-07-24T03:48:29Z,LIVE,3,147.00,14.70,AUD
8802410,2,4,311578,Kids Climb Session,2025-07-27T04:30:00Z,2025-07-21T09:39:46Z,2025-07-24T04:35:48Z,LIVE,4,96.00,9.60,AUD
8802446,1,2,310058,Axe Throwing 90 min,2025-07-25T20:45:00Z,2025-07-24T07:43:35Z,2025-07-24T07:43:35Z,LIVE,7,273.00,62.79,EUR
8802447,1,1,311604,Mini Mystery (30 min),2025-07-27T17:45:00Z,2025-07-24T08:53:18Z,2025-07-24T08:53:18Z,LIVE,4,60.00,12.00,GBP
8802448,1,4,311605,Casual Climb,2025-08-22T07:15:00Z,2025-07-24T10:22:59Z,2025-07-24T10:22:59Z,LIVE,4,116.00,11.60,AUD
8802446,2,2,310058,Axe Throwing 90 min,2025-07-25T20:45:00Z,2025-07-24T07:43:35Z,2025-07-24T12:45:50Z,LIVE,8,312.00,71.76,EUR
8802255,2,3,310587,Half-Day River Tour,2025-07-28T12:00:00Z,2025-07-08T16:41:33Z,2025-07-24T13:07:18Z,CANCELLED,1,79.00,6.52,USD
8802449,1,3,311606,Sunrise Paddle,2025-07-25T13:15:00Z,2025-07-24T14:07:07Z,2025-07-24T14:07:07Z,LIVE,2,90.00,7.43,USD
8802450,1,3,311607,Sunrise Paddle,2025-08-08T11:00:00Z,2025-07-24T14:42:33Z,2025-07-24T14:42:33Z,LIVE,1,45.00,3.71,USD
8802451,1,3,311608,Half-Day River Tour,2025-07-29T14:45:00Z,2025-07-24T16:26:55Z,2025-07-24T16:26:55Z,LIVE,5,395.00,32.59,USD
8802428,2,4,311591,Intro to Bouldering,2025-07-26T01:30:00Z,2025-07-22T23:02:42Z,2025-07-24T19:13:56Z,CANCELLED,3,147.00,14.70,AUD
8802452,1,5,311609,Private Group Game,2025-08-22T19:30:00Z,2025-07-24T19:31:54Z,2025-07-24T19:31:54Z,LIVE,6,330.00,9.57,USD
8802398,2,4,310849,Kids Climb Session,2025-07-27T02:00:00Z,2025-07-20T13:34:19Z,2025-07-24T22:19:52Z,CANCELLED,4,96.00,9.60,AUD
8802453,1,5,311610,Private Group Game,2025-10-15T19:45:00Z,2025-07-25T01:02:50Z,2025-07-25T01:02:50Z,LIVE,8,440.00,12.76,USD
8802454,1,4,311611,Kids Climb Session,2025-08-14T00:30:00Z,2025-07-25T04:19:00Z,2025-07-25T04:19:00Z,LIVE,1,24.00,2.40,AUD
8802455,1,2,311612,Axe Throwing 90 min,2025-07-26T12:00:00Z,2025-07-25T06:02:59Z,2025-07-25T06:02:59Z,LIVE,2,78.00,17.94,EUR
8802456,1,6,311301,Test Experience,2025-07-29T09:00:00Z,2025-07-25T06:54:03Z,2025-07-25T06:54:03Z,LIVE,3,3.00,0.60,GBP
8802457,1,1,310098,Mini Mystery (30 min),2025-08-23T14:00:00Z,2025-07-25T08:02:10Z,2025-07-25T08:02:10Z,LIVE,6,90.00,18.00,GBP
8802458,1,2,311613,Axe Throwing 90 min,2025-07-25T14:30:00Z,2025-07-25T10:38:17Z,2025-07-25T10:38:17Z,LIVE,6,234.00,53.82,EUR
8802459,1,3,311214,Kayak Rental 2 hr,2025-07-25T20:15:00Z,2025-07-25T12:14:57Z,2025-07-25T12:14:57Z,LIVE,3,105.00,8.66,USD
8802439,2,3,311601,Sunrise Paddle,2025-07-30T15:30:00Z,2025-07-23T22:41:04Z,2025-07-25T12:22:27Z,LIVE,3,135.00,11.14,USD
8802460,1,1,310412,Mini Mystery (30 min),2025-07-25T14:45:00Z,2025-07-25T13:28:53Z,2025-07-25T13:28:53Z,LIVE,6,90.00,18.00,GBP
8802461,1,3,310622,Sunrise Paddle,2025-07-25T14:00:00Z,2025-07-25T13:35:23Z,2025-07-25T13:35:23Z,LIVE,4,180.00,14.85,USD
8802460,2,1,310412,Mini Mystery (30 min),2025-07-25T14:45:00Z,2025-07-25T13:28:53Z,2025-07-25T14:01:01Z,LIVE,7,105.00,21.00,GBP
8802459,2,3,311214,Kayak Rental 2 hr,2025-07-25T20:15:00Z,2025-07-25T12:14:57Z,2025-07-25T14:54:36Z,LIVE,4,140.00,11.55,USD
8802462,1,1,310160,The Vault (60 min),2025-07-26T17:30:00Z,2025-07-25T15:25:39Z,2025-07-25T15:25:39Z,LIVE,4,100.00,20.00,GBP
8802463,1,1,310567,Mini Mystery (30 min),2025-07-27T19:45:00Z,2025-07-25T15:56:58Z,2025-07-25T15:56:58Z,LIVE,2,30.00,6.00,GBP
8802464,1,1,311614,Asylum (60 min),2025-08-23T13:15:00Z,2025-07-25T18:35:19Z,2025-07-25T18:35:19Z,LIVE,5,140.00,28.00,GBP
8802465,1,3,311615,Kayak Rental 2 hr,2025-08-01T13:30:00Z,2025-07-25T23:10:39Z,2025-07-25T23:10:39Z,LIVE,1,35.00,2.89,USD
8802466,1,3,311616,Half-Day River Tour,2025-08-17T14:15:00Z,2025-07-25T23:15:10Z,2025-07-25T23:15:10Z,LIVE,5,395.00,32.59,USD
8802467,1,1,311617,Asylum (60 min),2025-08-03T19:15:00Z,2025-07-26T07:10:07Z,2025-07-26T07:10:07Z,LIVE,5,140.00,28.00,GBP
8802468,1,2,311618,Axe Throwing 60 min,2025-08-14T18:30:00Z,2025-07-26T10:04:33Z,2025-07-26T10:04:33Z,LIVE,2,58.00,13.34,EUR
8802469,1,2,311486,Axe Throwing 90 min,2025-07-26T16:45:00Z,2025-07-26T11:42:58Z,2025-07-26T11:42:58Z,LIVE,6,234.00,53.82,EUR
8802470,1,3,311619,Sunrise Paddle,2025-08-01T14:15:00Z,2025-07-26T12:17:19Z,2025-07-26T12:17:19Z,LIVE,3,135.00,11.14,USD
8802471,1,1,311620,Mini Mystery (30 min),2025-07-30T20:00:00Z,2025-07-26T12:20:47Z,2025-07-26T12:20:47Z,LIVE,4,60.00,12.00,GBP
8802472,1,3,311621,Half-Day River Tour,2025-07-26T14:45:00Z,2025-07-26T13:02:14Z,2025-07-26T13:02:14Z,LIVE,1,79.00,6.52,USD
8802473,1,3,311622,Kayak Rental 2 hr,2025-08-02T15:30:00Z,2025-07-26T14:04:17Z,2025-07-26T14:04:17Z,LIVE,1,35.00,2.89,USD
8802474,1,2,310553,Axe Throwing 60 min,2025-07-27T19:45:00Z,2025-07-26T16:23:04Z,2025-07-26T16:23:04Z,LIVE,2,58.00,13.34,EUR
8802475,1,2,311623,Axe Throwing 90 min,2025-07-26T18:00:00Z,2025-07-26T16:52:58Z,2025-07-26T16:52:58Z,LIVE,2,78.00,17.94,EUR
8802475,2,2,311623,Axe Throwing 90 min,2025-07-26T18:00:00Z,2025-07-26T16:52:58Z,2025-07-26T17:41:00Z,CANCELLED,2,78.00,17.94,EUR
8802476,1,1,311624,Mini Mystery (30 min),2025-08-04T18:30:00Z,2025-07-26T19:22:13Z,2025-07-26T19:22:13Z,LIVE,3,45.00,9.00,GBP
8802477,1,1,311625,The Vault (60 min),2025-10-18T17:15:00Z,2025-07-26T19:46:36Z,2025-07-26T19:46:36Z,LIVE,2,50.00,10.00,GBP
8802478,1,1,310336,The Vault (60 min),2025-08-22T18:00:00Z,2025-07-26T21:36:24Z,2025-07-26T21:36:24Z,LIVE,4,100.00,20.00,GBP
8802479,1,3,311626,Sunrise Paddle,2025-08-15T13:00:00Z,2025-07-27T00:08:14Z,2025-07-27T00:08:14Z,LIVE,3,135.00,11.14,USD
8802480,1,3,311627,Half-Day River Tour,2025-08-03T16:45:00Z,2025-07-27T03:53:27Z,2025-07-27T03:53:27Z,LIVE,3,237.00,19.55,USD
8802481,1,3,310883,Sunrise Paddle,2025-08-02T14:00:00Z,2025-07-27T04:07:43Z,2025-07-27T04:07:43Z,LIVE,4,180.00,14.85,USD
8802482,1,1,311417,Asylum (60 min),2025-07-27T11:45:00Z,2025-07-27T06:06:36Z,2025-07-27T06:06:36Z,LIVE,4,112.00,22.40,GBP
8802483,1,1,311628,Asylum (60 min),2025-08-12T15:30:00Z,2025-07-27T06:25:05Z,2025-07-27T06:25:05Z,LIVE,5,140.00,28.00,GBP
8802484,1,4,311113,Kids Climb Session,2025-08-19T06:00:00Z,2025-07-27T06:37:45Z,2025-07-27T06:37:45Z,LIVE,2,48.00,4.80,AUD
8802485,1,1,311629,The Vault (60 min),2025-07-30T14:00:00Z,2025-07-27T07:35:18Z,2025-07-27T07:35:18Z,LIVE,6,150.00,30.00,GBP
8802482,2,1,311417,Asylum (60 min),2025-07-27T11:45:00Z,2025-07-27T06:06:36Z,2025-07-27T08:33:00Z,LIVE,5,140.00,28.00,GBP
8802450,2,3,311607,Sunrise Paddle,2025-08-08T11:00:00Z,2025-07-24T14:42:33Z,2025-07-27T08:58:57Z,LIVE,3,135.00,11.14,USD
8802486,1,2,311630,Axe Throwing 60 min,2025-07-27T18:30:00Z,2025-07-27T13:07:00Z,2025-07-27T13:07:00Z,LIVE,5,145.00,33.35,EUR
8802487,1,3,311631,Kayak Rental 2 hr,2025-08-02T18:00:00Z,2025-07-27T14:41:41Z,2025-07-27T14:41:41Z,LIVE,2,70.00,5.78,USD
8802488,1,2,310001,Axe Throwing 60 min,2025-07-29T18:15:00Z,2025-07-27T19:53:43Z,2025-07-27T19:53:43Z,LIVE,6,174.00,40.02,EUR
8802489,1,5,310694,Open Play,2025-07-28T19:30:00Z,2025-07-27T20:44:44Z,2025-07-27T20:44:44Z,LIVE,6,234.00,6.79,USD
8802490,1,4,310018,Kids Climb Session,2025-08-25T07:00:00Z,2025-07-28T02:55:11Z,2025-07-28T02:55:11Z,LIVE,4,96.00,9.60,AUD
8802491,1,4,310636,Casual Climb,2025-08-01T07:15:00Z,2025-07-28T03:08:29Z,2025-07-28T03:08:29Z,LIVE,3,87.00,8.70,AUD
8802322,2,4,311519,Intro to Bouldering,2025-08-07T05:30:00Z,2025-07-13T08:22:29Z,2025-07-28T04:02:29Z,CANCELLED,4,196.00,19.60,AUD
8802492,1,2,310276,Axe Throwing 60 min,2025-07-28T19:45:00Z,2025-07-28T06:33:51Z,2025-07-28T06:33:51Z,LIVE,5,145.00,33.35,EUR
8802493,1,4,311632,Casual Climb,2025-08-03T07:30:00Z,2025-07-28T07:11:32Z,2025-07-28T07:11:32Z,LIVE,2,58.00,5.80,AUD
8802494,1,1,311633,The Vault (60 min),2025-09-26T18:00:00Z,2025-07-28T08:28:14Z,2025-07-28T08:28:14Z,LIVE,4,100.00,20.00,GBP
8802495,1,4,311634,Casual Climb,2025-08-08T08:00:00Z,2025-07-28T09:23:00Z,2025-07-28T09:23:00Z,LIVE,2,58.00,5.80,AUD
8802496,1,2,310755,Axe Throwing 60 min,2025-07-29T19:30:00Z,2025-07-28T10:19:41Z,2025-07-28T10:19:41Z,LIVE,5,145.00,33.35,EUR
8802497,1,3,311635,Sunrise Paddle,2025-07-30T20:45:00Z,2025-07-28T13:56:24Z,2025-07-28T13:56:24Z,LIVE,1,45.00,3.71,USD
8802498,1,1,311636,The Vault (60 min),2025-10-17T19:45:00Z,2025-07-28T14:28:07Z,2025-07-28T14:28:07Z,LIVE,2,50.00,10.00,GBP
8802499,1,2,310137,Axe Throwing 90 min,2025-07-28T20:30:00Z,2025-07-28T16:23:01Z,2025-07-28T16:23:01Z,LIVE,7,273.00,62.79,EUR
8802500,1,2,311637,Axe Throwing 90 min,2025-07-31T18:00:00Z,2025-07-28T16:37:39Z,2025-07-28T16:37:39Z,LIVE,7,273.00,62.79,EUR
8802501,1,5,311638,Private Group Game,2025-08-02T22:45:00Z,2025-07-28T18:46:00Z,2025-07-28T18:46:00Z,LIVE,5,275.00,7.98,USD
8802502,1,3,310828,Sunrise Paddle,2025-08-10T12:15:00Z,2025-07-29T02:23:54Z,2025-07-29T02:23:54Z,LIVE,5,225.00,18.56,USD
8802503,1,4,311639,Intro to Bouldering,2025-08-05T06:00:00Z,2025-07-29T04:22:59Z,2025-07-29T04:22:59Z,LIVE,2,98.00,9.80,AUD
8802504,1,1,311640,Asylum (60 min),2025-10-17T11:00:00Z,2025-07-29T08:27:13Z,2025-07-29T08:27:13Z,LIVE,3,84.00,16.80,GBP
8802505,1,1,311356,The Vault (60 min),2025-08-25T18:30:00Z,2025-07-29T09:17:44Z,2025-07-29T09:17:44Z,LIVE,6,150.00,30.00,GBP
8802506,1,3,311641,Sunrise Paddle,2025-08-11T14:00:00Z,2025-07-29T13:02:09Z,2025-07-29T13:02:09Z,LIVE,5,225.00,18.56,USD
8802507,1,3,310635,Sunrise Paddle,2025-07-29T18:30:00Z,2025-07-29T13:22:09Z,2025-07-29T13:22:09Z,LIVE,3,135.00,11.14,USD
8802508,1,1,311642,Asylum (60 min),2025-07-29T19:00:00Z,2025-07-29T13:47:12Z,2025-07-29T13:47:12Z,LIVE,3,84.00,16.80,GBP
8802509,1,1,310651,The Vault (60 min),2025-08-18T15:15:00Z,2025-07-29T13:53:32Z,2025-07-29T13:53:32Z,LIVE,4,100.00,20.00,GBP
8802510,1,2,311643,Axe Throwing 90 min,2025-08-01T17:15:00Z,2025-07-29T14:06:49Z,2025-07-29T14:06:49Z,LIVE,8,312.00,71.76,EUR
8801800,2,5,311185,Open Play,2025-08-16T15:30:00Z,2025-06-03T05:17:45Z,2025-07-29T15:13:02Z,CANCELLED,10,390.00,11.31,USD
8802511,1,2,311310,Axe Throwing 60 min,2025-09-21T19:45:00Z,2025-07-29T21:10:34Z,2025-07-29T21:10:34Z,LIVE,2,58.00,13.34,EUR
8802512,1,3,310258,Sunrise Paddle,2025-08-28T18:30:00Z,2025-07-29T21:43:09Z,2025-07-29T21:43:09Z,LIVE,5,225.00,18.56,USD
8802513,1,2,311644,Axe Throwing 90 min,2025-08-08T16:15:00Z,2025-07-29T22:10:41Z,2025-07-29T22:10:41Z,LIVE,4,156.00,35.88,EUR
8802514,1,5,311645,Private Group Game,2025-08-14T19:15:00Z,2025-07-29T23:15:49Z,2025-07-29T23:15:49Z,LIVE,7,385.00,11.17,USD
8802515,1,4,311646,Kids Climb Session,2025-08-04T07:00:00Z,2025-07-30T01:18:36Z,2025-07-30T01:18:36Z,LIVE,4,96.00,9.60,AUD
8802516,1,1,310739,Mini Mystery (30 min),2025-08-08T19:30:00Z,2025-07-30T07:51:38Z,2025-07-30T07:51:38Z,LIVE,6,90.00,18.00,GBP
8802517,1,1,310991,The Vault (60 min),2025-07-30T20:00:00Z,2025-07-30T09:10:59Z,2025-07-30T09:10:59Z,LIVE,3,75.00,15.00,GBP
8802518,1,4,311647,Casual Climb,2025-08-15T07:30:00Z,2025-07-30T09:42:31Z,2025-07-30T09:42:31Z,LIVE,1,29.00,2.90,AUD
8802519,1,1,311648,Asylum (60 min),2025-07-30T17:45:00Z,2025-07-30T10:29:23Z,2025-07-30T10:29:23Z,LIVE,6,168.00,33.60,GBP
8802520,1,5,311649,Open Play,2025-08-01T16:00:00Z,2025-07-30T15:07:07Z,2025-07-30T15:07:07Z,LIVE,6,234.00,6.79,USD
8802521,1,6,311650,Test Experience,2025-08-23T13:15:00Z,2025-07-30T18:41:23Z,2025-07-30T18:41:23Z,LIVE,3,3.00,0.60,GBP
8802522,1,3,311651,Kayak Rental 2 hr,2025-08-03T15:00:00Z,2025-07-30T18:47:49Z,2025-07-30T18:47:49Z,LIVE,3,105.00,8.66,USD
8802523,1,2,311451,Axe Throwing 90 min,2025-08-05T19:00:00Z,2025-07-30T20:24:52Z,2025-07-30T20:24:52Z,LIVE,2,78.00,17.94,EUR
8802524,1,2,311652,Axe Throwing 90 min,2025-08-04T16:45:00Z,2025-07-30T21:33:09Z,2025-07-30T21:33:09Z,LIVE,2,78.00,17.94,EUR
8802525,1,1,311653,The Vault (60 min),2025-07-31T17:00:00Z,2025-07-30T22:14:56Z,2025-07-30T22:14:56Z,LIVE,5,125.00,25.00,GBP
8802526,1,3,310962,Kayak Rental 2 hr,2025-08-17T14:00:00Z,2025-07-31T02:54:15Z,2025-07-31T02:54:15Z,LIVE,3,105.00,8.66,USD
8802527,1,4,311654,Intro to Bouldering,2025-09-24T04:15:00Z,2025-07-31T03:08:50Z,2025-07-31T03:08:50Z,LIVE,4,196.00,19.60,AUD
8802528,1,1,311579,The Vault (60 min),2025-08-23T13:00:00Z,2025-07-31T07:07:56Z,2025-07-31T07:07:56Z,LIVE,2,50.00,10.00,GBP
8802529,1,1,310611,Mini Mystery (30 min),2025-08-08T16:45:00Z,2025-07-31T08:15:43Z,2025-07-31T08:15:43Z,LIVE,4,60.00,12.00,GBP
8802530,1,4,311655,Kids Climb Session,2025-08-02T05:30:00Z,2025-07-31T08:56:56Z,2025-07-31T08:56:56Z,LIVE,3,72.00,7.20,AUD
8802531,1,4,310626,Kids Climb Session,2025-08-17T23:45:00Z,2025-07-31T13:04:29Z,2025-07-31T13:04:29Z,LIVE,4,96.00,9.60,AUD
8802532,1,3,311656,Kayak Rental 2 hr,2025-07-31T15:45:00Z,2025-07-31T13:25:13Z,2025-07-31T13:25:13Z,LIVE,2,70.00,5.78,USD
8802533,1,1,311657,Asylum (60 min),2025-08-05T19:15:00Z,2025-07-31T15:19:38Z,2025-07-31T15:19:38Z,LIVE,5,140.00,28.00,GBP
8802534,1,5,311658,Private Group Game,2025-08-17T19:45:00Z,2025-07-31T15:34:38Z,2025-07-31T15:34:38Z,LIVE,7,385.00,11.17,USD
8802535,1,1,311659,Asylum (60 min),2025-07-31T18:30:00Z,2025-07-31T15:57:59Z,2025-07-31T15:57:59Z,LIVE,6,168.00,33.60,GBP
8802536,1,2,311660,Axe Throwing 60 min,2025-08-01T18:45:00Z,2025-07-31T16:04:08Z,2025-07-31T16:04:08Z,LIVE,2,58.00,13.34,EUR
8802537,1,3,311661,Kayak Rental 2 hr,2025-08-01T13:15:00Z,2025-07-31T16:15:10Z,2025-07-31T16:15:10Z,LIVE,5,175.00,14.44,USD
8802538,1,1,311662,Mini Mystery (30 min),2025-08-26T18:45:00Z,2025-07-31T16:24:07Z,2025-07-31T16:24:07Z,LIVE,5,75.00,15.00,GBP
8802539,1,5,311663,Private Group Game,2025-08-28T22:15:00Z,2025-07-31T16:40:06Z,2025-07-31T16:40:06Z,LIVE,6,330.00,9.57,USD
8802540,1,1,311664,Asylum (60 min),2025-08-06T19:30:00Z,2025-07-31T17:26:17Z,2025-07-31T17:26:17Z,LIVE,2,56.00,11.20,GBP
8802541,1,5,311665,Private Group Game,2025-08-02T22:15:00Z,2025-07-31T17:37:50Z,2025-07-31T17:37:50Z,LIVE,5,275.00,7.98,USD
8802542,1,1,311666,Mini Mystery (30 min),2025-08-21T18:00:00Z,2025-07-31T19:50:01Z,2025-07-31T19:50:01Z,LIVE,5,75.00,15.00,GBP
8802543,1,2,311227,Axe Throwing 60 min,2025-08-01T14:45:00Z,2025-07-31T21:02:59Z,2025-07-31T21:02:59Z,LIVE,8,232.00,53.36,EUR
8802544,1,5,311667,Open Play,2025-08-16T18:45:00Z,2025-07-31T21:16:16Z,2025-07-31T21:16:16Z,LIVE,8,312.00,9.05,USD
8802545,1,3,311668,Half-Day River Tour,2025-10-18T18:30:00Z,2025-07-31T23:08:49Z,2025-07-31T23:08:49Z,LIVE,1,79.00,6.52,USD
8802546,1,4,311669,Casual Climb,2025-08-07T06:00:00Z,2025-07-31T23:40:37Z,2025-07-31T23:40:37Z,LIVE,4,116.00,11.60,AUD
8802547,1,5,311670,Open Play,2025-08-03T15:00:00Z,2025-07-31T23:44:04Z,2025-07-31T23:44:04Z,LIVE,8,312.00,9.05,USD
8802548,1,5,311671,Open Play,2025-08-01T19:15:00Z,2025-08-01T04:55:26Z,2025-08-01T04:55:26Z,LIVE,6,234.00,6.79,USD
8802549,1,3,311672,Kayak Rental 2 hr,2025-08-01T14:15:00Z,2025-08-01T04:58:23Z,2025-08-01T04:58:23Z,LIVE,2,70.00,5.78,USD
8802413,2,3,311580,Sunrise Paddle,2025-08-10T13:00:00Z,2025-07-21T15:37:10Z,2025-08-01T07:26:00Z,CANCELLED,3,135.00,11.14,USD
8802550,1,2,311673,Axe Throwing 60 min,2025-08-02T19:00:00Z,2025-08-01T09:23:42Z,2025-08-01T09:23:42Z,LIVE,7,203.00,46.69,EUR
8802551,1,2,310803,Axe Throwing 90 min,2025-08-05T20:30:00Z,2025-08-01T11:41:35Z,2025-08-01T11:41:35Z,LIVE,2,78.00,17.94,EUR
8802552,1,1,311674,The Vault (60 min),2025-08-08T18:30:00Z,2025-08-01T12:07:10Z,2025-08-01T12:07:10Z,LIVE,3,75.00,15.00,GBP
8802553,1,5,311675,Open Play,2025-08-12T19:30:00Z,2025-08-01T13:50:31Z,2025-08-01T13:50:31Z,LIVE,6,234.00,6.79,USD
8802548,2,5,311671,Open Play,2025-08-01T19:15:00Z,2025-08-01T04:55:26Z,2025-08-01T15:18:56Z,CANCELLED,6,234.00,6.79,USD
8802554,1,1,311676,The Vault (60 min),2025-08-07T16:15:00Z,2025-08-01T16:06:10Z,2025-08-01T16:06:10Z,LIVE,2,50.00,10.00,GBP
8802555,1,2,311677,Axe Throwing 60 min,2025-08-22T18:30:00Z,2025-08-01T17:14:10Z,2025-08-01T17:14:10Z,LIVE,3,87.00,20.01,EUR
8802556,1,3,311678,Half-Day River Tour,2025-08-02T14:30:00Z,2025-08-01T17:42:15Z,2025-08-01T17:42:15Z,LIVE,4,316.00,26.07,USD
8802557,1,3,311679,Kayak Rental 2 hr,2025-08-09T14:00:00Z,2025-08-01T18:14:51Z,2025-08-01T18:14:51Z,LIVE,3,105.00,8.66,USD
8802556,2,3,311678,Half-Day River Tour,2025-08-02T14:30:00Z,2025-08-01T17:42:15Z,2025-08-01T18:42:39Z,LIVE,6,474.00,39.11,USD
8802558,1,5,311680,Private Group Game,2025-08-29T17:30:00Z,2025-08-01T22:16:06Z,2025-08-01T22:16:06Z,LIVE,12,660.00,19.14,USD
8802559,1,4,311681,Casual Climb,2025-08-09T02:00:00Z,2025-08-01T23:49:43Z,2025-08-01T23:49:43Z,LIVE,4,116.00,11.60,AUD
8802560,1,4,311682,Kids Climb Session,2025-08-02T02:45:00Z,2025-08-02T01:09:55Z,2025-08-02T01:09:55Z,LIVE,1,24.00,2.40,AUD
8802561,1,3,311683,Half-Day River Tour,2025-08-12T11:15:00Z,2025-08-02T01:54:29Z,2025-08-02T01:54:29Z,LIVE,4,316.00,26.07,USD
8802562,1,1,311684,Mini Mystery (30 min),2025-08-23T18:30:00Z,2025-08-02T06:15:05Z,2025-08-02T06:15:05Z,LIVE,4,60.00,12.00,GBP
8802563,1,2,310725,Axe Throwing 60 min,2025-08-03T14:00:00Z,2025-08-02T07:34:24Z,2025-08-02T07:34:24Z,LIVE,8,232.00,53.36,EUR
8802564,1,1,311685,Asylum (60 min),2025-08-02T18:30:00Z,2025-08-02T08:16:15Z,2025-08-02T08:16:15Z,LIVE,2,56.00,11.20,GBP
8802533,2,1,311657,Asylum (60 min),2025-08-05T19:15:00Z,2025-07-31T15:19:38Z,2025-08-02T16:24:36Z,LIVE,6,168.00,33.60,GBP
8802565,1,2,311686,Axe Throwing 60 min,2025-08-03T16:00:00Z,2025-08-02T16:48:02Z,2025-08-02T16:48:02Z,LIVE,6,174.00,40.02,EUR
8802399,2,1,310300,Asylum (60 min),2025-08-10T17:30:00Z,2025-07-20T14:32:35Z,2025-08-02T17:22:19Z,CANCELLED,4,112.00,22.40,GBP
8802566,1,2,310213,Axe Throwing 60 min,2025-08-18T19:45:00Z,2025-08-02T22:06:27Z,2025-08-02T22:06:27Z,LIVE,8,232.00,53.36,EUR
8802567,1,4,311687,Casual Climb,2025-08-09T08:00:00Z,2025-08-02T22:35:58Z,2025-08-02T22:35:58Z,LIVE,1,29.00,2.90,AUD
8802568,1,3,310914,Sunrise Paddle,2025-08-30T15:00:00Z,2025-08-02T23:54:00Z,2025-08-02T23:54:00Z,LIVE,2,90.00,7.43,USD
8802457,2,1,310098,Mini Mystery (30 min),2025-08-23T14:00:00Z,2025-07-25T08:02:10Z,2025-08-03T00:19:12Z,LIVE,7,105.00,21.00,GBP
8802569,1,3,311307,Sunrise Paddle,2025-08-30T16:00:00Z,2025-08-03T00:41:06Z,2025-08-03T00:41:06Z,LIVE,2,90.00,7.43,USD
8802565,2,2,311686,Axe Throwing 60 min,2025-08-03T16:00:00Z,2025-08-02T16:48:02Z,2025-08-03T01:42:43Z,LIVE,7,203.00,46.69,EUR
8802522,2,3,311651,Kayak Rental 2 hr,2025-08-03T15:00:00Z,2025-07-30T18:47:49Z,2025-08-03T01:53:25Z,CANCELLED,3,105.00,8.66,USD
8802570,1,3,311688,Sunrise Paddle,2025-08-09T14:45:00Z,2025-08-03T03:01:20Z,2025-08-03T03:01:20Z,LIVE,1,45.00,3.71,USD
8802480,2,3,311627,Half-Day River Tour,2025-08-03T16:45:00Z,2025-07-27T03:53:27Z,2025-08-03T05:43:24Z,CANCELLED,3,237.00,19.55,USD
8802571,1,2,311689,Axe Throwing 90 min,2025-08-23T18:30:00Z,2025-08-03T06:23:28Z,2025-08-03T06:23:28Z,LIVE,3,117.00,26.91,EUR
8802557,2,3,311679,Kayak Rental 2 hr,2025-08-09T14:00:00Z,2025-08-01T18:14:51Z,2025-08-03T06:42:26Z,LIVE,4,140.00,11.55,USD
8802572,1,1,311690,Asylum (60 min),2025-08-09T19:45:00Z,2025-08-03T09:36:23Z,2025-08-03T09:36:23Z,LIVE,2,56.00,11.20,GBP
8802573,1,4,310353,Intro to Bouldering,2025-08-23T08:30:00Z,2025-08-03T11:35:30Z,2025-08-03T11:35:30Z,LIVE,1,49.00,4.90,AUD
8802574,1,2,311691,Axe Throwing 60 min,2025-08-03T18:45:00Z,2025-08-03T11:36:49Z,2025-08-03T11:36:49Z,LIVE,4,116.00,26.68,EUR
8802575,1,2,311692,Axe Throwing 90 min,2025-08-03T19:15:00Z,2025-08-03T11:47:10Z,2025-08-03T11:47:10Z,LIVE,5,195.00,44.85,EUR
8802576,1,2,311693,Axe Throwing 90 min,2025-08-03T16:00:00Z,2025-08-03T11:55:03Z,2025-08-03T11:55:03Z,LIVE,2,78.00,17.94,EUR
8802577,1,4,311694,Intro to Bouldering,2025-08-17T09:00:00Z,2025-08-03T12:32:04Z,2025-08-03T12:32:04Z,LIVE,1,49.00,4.90,AUD
8802578,1,1,310429,Asylum (60 min),2025-08-06T17:30:00Z,2025-08-03T12:34:41Z,2025-08-03T12:34:41Z,LIVE,5,140.00,28.00,GBP
8802576,2,2,311693,Axe Throwing 90 min,2025-08-03T16:00:00Z,2025-08-03T11:55:03Z,2025-08-03T13:30:42Z,LIVE,3,117.00,26.91,EUR
8802579,1,4,311695,Casual Climb,2025-08-18T00:30:00Z,2025-08-03T13:38:44Z,2025-08-03T13:38:44Z,LIVE,4,116.00,11.60,AUD
8802540,2,1,311664,Asylum (60 min),2025-08-06T19:30:00Z,2025-07-31T17:26:17Z,2025-08-03T15:05:08Z,LIVE,4,112.00,22.40,GBP
8802580,1,2,311696,Axe Throwing 90 min,2025-08-08T18:00:00Z,2025-08-03T15:13:45Z,2025-08-03T15:13:45Z,LIVE,5,195.00,44.85,EUR
8802581,1,5,310458,Private Group Game,2025-08-03T19:15:00Z,2025-08-03T15:56:45Z,2025-08-03T15:56:45Z,LIVE,9,495.00,14.36,USD
8802581,2,5,310458,Private Group Game,2025-08-03T19:15:00Z,2025-08-03T15:56:45Z,2025-08-03T16:09:50Z,LIVE,10,550.00,15.95,USD
8801670,3,1,310454,Mini Mystery (30 min),2025-08-10T13:30:00Z,2025-05-22T08:47:12Z,2025-08-03T16:49:25Z,CANCELLED,8,120.00,24.00,GBP
8802582,1,4,311697,Kids Climb Session,2025-08-04T01:30:00Z,2025-08-04T00:32:55Z,2025-08-04T00:32:55Z,LIVE,1,24.00,2.40,AUD
8802583,1,4,310387,Kids Climb Session,2025-10-25T23:15:00Z,2025-08-04T01:40:15Z,2025-08-04T01:40:15Z,LIVE,1,24.00,2.40,AUD
8802407,2,1,310230,Mini Mystery (30 min),2025-08-10T16:00:00Z,2025-07-20T21:17:15Z,2025-08-04T02:52:37Z,CANCELLED,2,30.00,6.00,GBP
8802584,1,1,311698,Mini Mystery (30 min),2025-08-08T13:30:00Z,2025-08-04T06:05:28Z,2025-08-04T06:05:28Z,LIVE,6,90.00,18.00,GBP
8802585,1,1,310846,Mini Mystery (30 min),2025-08-29T14:45:00Z,2025-08-04T06:13:50Z,2025-08-04T06:13:50Z,LIVE,3,45.00,9.00,GBP
8802586,1,1,311699,The Vault (60 min),2025-08-04T17:00:00Z,2025-08-04T06:51:20Z,2025-08-04T06:51:20Z,LIVE,4,100.00,20.00,GBP
8802527,2,4,311654,Intro to Bouldering,2025-09-24T04:15:00Z,2025-07-31T03:08:50Z,2025-08-04T09:17:42Z,LIVE,6,294.00,29.40,AUD
8802587,1,2,311700,Axe Throwing 90 min,2025-09-01T19:30:00Z,2025-08-04T10:34:31Z,2025-08-04T10:34:31Z,LIVE,5,195.00,44.85,EUR
8802588,1,2,310224,Axe Throwing 90 min,2025-08-04T19:45:00Z,2025-08-04T11:09:37Z,2025-08-04T11:09:37Z,LIVE,6,234.00,53.82,EUR
8802363,2,2,310005,Axe Throwing 60 min,2025-08-16T19:30:00Z,2025-07-17T13:17:31Z,2025-08-04T11:25:01Z,CANCELLED,3,87.00,20.01,EUR
8802589,1,3,311701,Sunrise Paddle,2025-08-04T15:30:00Z,2025-08-04T12:00:05Z,2025-08-04T12:00:05Z,LIVE,5,225.00,18.56,USD
8802590,1,3,311702,Half-Day River Tour,2025-08-06T12:30:00Z,2025-08-04T14:53:47Z,2025-08-04T14:53:47Z,LIVE,3,237.00,19.55,USD
8802591,1,1,311703,The Vault (60 min),2025-08-31T18:45:00Z,2025-08-04T20:25:19Z,2025-08-04T20:25:19Z,LIVE,2,50.00,10.00,GBP
8802592,1,4,311002,Casual Climb,2025-08-04T23:30:00Z,2025-08-04T22:07:58Z,2025-08-04T22:07:58Z,LIVE,4,116.00,11.60,AUD
8802593,1,3,310905,Sunrise Paddle,2025-08-16T14:30:00Z,2025-08-04T22:39:11Z,2025-08-04T22:39:11Z,LIVE,5,225.00,18.56,USD
8802594,1,5,310992,Open Play,2025-08-09T20:45:00Z,2025-08-04T22:44:46Z,2025-08-04T22:44:46Z,LIVE,11,429.00,12.44,USD
8802595,1,4,311704,Kids Climb Session,2025-08-05T04:45:00Z,2025-08-05T01:00:11Z,2025-08-05T01:00:11Z,LIVE,2,48.00,4.80,AUD
8802595,2,4,311704,Kids Climb Session,2025-08-05T04:45:00Z,2025-08-05T01:00:11Z,2025-08-05T02:28:19Z,LIVE,3,72.00,7.20,AUD
8802596,1,4,311705,Kids Climb Session,2025-10-04T06:45:00Z,2025-08-05T03:12:57Z,2025-08-05T03:12:57Z,LIVE,1,24.00,2.40,AUD
8802597,1,4,310284,Intro to Bouldering,2025-08-05T06:30:00Z,2025-08-05T04:59:09Z,2025-08-05T04:59:09Z,LIVE,1,49.00,4.90,AUD
8802598,1,1,311706,Asylum (60 min),2025-08-22T15:30:00Z,2025-08-05T06:29:07Z,2025-08-05T06:29:07Z,LIVE,4,112.00,22.40,GBP
8802248,2,4,310319,Intro to Bouldering,2025-08-29T05:00:00Z,2025-07-08T04:47:16Z,2025-08-05T08:03:41Z,CANCELLED,4,196.00,19.60,AUD
8802599,1,2,311707,Axe Throwing 90 min,2025-08-11T17:00:00Z,2025-08-05T09:08:41Z,2025-08-05T09:08:41Z,LIVE,8,312.00,71.76,EUR
8802600,1,2,310698,Axe Throwing 60 min,2025-08-19T17:45:00Z,2025-08-05T11:46:52Z,2025-08-05T11:46:52Z,LIVE,2,58.00,13.34,EUR
8802601,1,2,311708,Axe Throwing 60 min,2025-08-05T18:00:00Z,2025-08-05T17:26:11Z,2025-08-05T17:26:11Z,LIVE,5,145.00,33.35,EUR
8802602,1,1,311709,Asylum (60 min),2025-08-12T18:45:00Z,2025-08-05T18:10:28Z,2025-08-05T18:10:28Z,LIVE,4,112.00,22.40,GBP
8802603,1,1,311710,Asylum (60 min),2025-09-02T18:00:00Z,2025-08-05T20:03:58Z,2025-08-05T20:03:58Z,LIVE,5,140.00,28.00,GBP
8802604,1,3,310588,Sunrise Paddle,2025-08-12T15:30:00Z,2025-08-05T21:32:09Z,2025-08-05T21:32:09Z,LIVE,4,180.00,14.85,USD
8802605,1,3,311711,Half-Day River Tour,2025-08-07T15:15:00Z,2025-08-06T00:07:25Z,2025-08-06T00:07:25Z,LIVE,3,237.00,19.55,USD
8802606,1,5,310809,Open Play,2025-09-01T17:45:00Z,2025-08-06T00:10:33Z,2025-08-06T00:10:33Z,LIVE,4,156.00,4.52,USD
8802607,1,4,310855,Kids Climb Session,2025-08-31T06:30:00Z,2025-08-06T01:11:21Z,2025-08-06T01:11:21Z,LIVE,3,72.00,7.20,AUD
8802417,2,1,311341,The Vault (60 min),2025-08-17T14:00:00Z,2025-07-21T20:55:10Z,2025-08-06T01:16:00Z,CANCELLED,5,125.00,25.00,GBP
8802608,1,5,310159,Private Group Game,2025-08-07T21:00:00Z,2025-08-06T03:16:15Z,2025-08-06T03:16:15Z,LIVE,5,275.00,7.98,USD
8802609,1,2,310199,Axe Throwing 90 min,2025-08-06T18:45:00Z,2025-08-06T07:14:41Z,2025-08-06T07:14:41Z,LIVE,7,273.00,62.79,EUR
8802610,1,1,311712,The Vault (60 min),2025-08-06T19:30:00Z,2025-08-06T13:55:41Z,2025-08-06T13:55:41Z,LIVE,6,150.00,30.00,GBP
8802611,1,2,311713,Axe Throwing 90 min,2025-08-09T18:15:00Z,2025-08-06T15:21:01Z,2025-08-06T15:21:01Z,LIVE,6,234.00,53.82,EUR
8802612,1,5,311714,Private Group Game,2025-08-29T19:30:00Z,2025-08-06T16:11:01Z,2025-08-06T16:11:01Z,LIVE,12,660.00,19.14,USD
8802608,2,5,310159,Private Group Game,2025-08-07T21:00:00Z,2025-08-06T03:16:15Z,2025-08-06T17:28:50Z,LIVE,7,385.00,11.17,USD
8802613,1,4,311715,Intro to Bouldering,2025-08-09T07:45:00Z,2025-08-06T23:23:33Z,2025-08-06T23:23:33Z,LIVE,2,98.00,9.80,AUD
8801864,2,4,311230,Kids Climb Session,2025-08-11T08:45:00Z,2025-06-06T23:16:23Z,2025-08-07T00:36:00Z,CANCELLED,1,24.00,2.40,AUD
8802614,1,5,311716,Open Play,2025-08-29T16:00:00Z,2025-08-07T01:36:57Z,2025-08-07T01:36:57Z,LIVE,11,429.00,12.44,USD
8802615,1,4,310389,Casual Climb,2025-08-10T08:30:00Z,2025-08-07T02:17:30Z,2025-08-07T02:17:30Z,LIVE,1,29.00,2.90,AUD
8802616,1,4,311717,Intro to Bouldering,2025-10-12T06:00:00Z,2025-08-07T02:18:53Z,2025-08-07T02:18:53Z,LIVE,2,98.00,9.80,AUD
8802495,2,4,311634,Casual Climb,2025-08-08T08:00:00Z,2025-07-28T09:23:00Z,2025-08-07T02:51:54Z,CANCELLED,2,58.00,5.80,AUD
8802617,1,5,311718,Private Group Game,2025-08-12T18:30:00Z,2025-08-07T04:11:50Z,2025-08-07T04:11:50Z,LIVE,11,605.00,17.55,USD
8802618,1,5,311719,Private Group Game,2025-08-23T18:30:00Z,2025-08-07T04:36:07Z,2025-08-07T04:36:07Z,LIVE,4,220.00,6.38,USD
8802594,2,5,310992,Open Play,2025-08-09T20:45:00Z,2025-08-04T22:44:46Z,2025-08-07T04:38:24Z,LIVE,13,507.00,14.70,USD
8802611,2,2,311713,Axe Throwing 90 min,2025-08-09T18:15:00Z,2025-08-06T15:21:01Z,2025-08-07T05:15:43Z,LIVE,7,273.00,62.79,EUR
8802619,1,5,311720,Private Group Game,2025-08-11T19:30:00Z,2025-08-07T05:23:37Z,2025-08-07T05:23:37Z,LIVE,6,330.00,9.57,USD
8802620,1,2,311721,Axe Throwing 90 min,2025-08-07T16:30:00Z,2025-08-07T07:52:27Z,2025-08-07T07:52:27Z,LIVE,2,78.00,17.94,EUR
8802621,1,4,311722,Kids Climb Session,2025-08-09T07:15:00Z,2025-08-07T08:20:18Z,2025-08-07T08:20:18Z,LIVE,1,24.00,2.40,AUD
8802622,1,4,311723,Casual Climb,2025-08-09T08:00:00Z,2025-08-07T08:37:09Z,2025-08-07T08:37:09Z,LIVE,4,116.00,11.60,AUD
8802623,1,1,311724,The Vault (60 min),2025-08-11T19:00:00Z,2025-08-07T09:21:32Z,2025-08-07T09:21:32Z,LIVE,3,75.00,15.00,GBP
8802624,1,4,310389,Casual Climb,2025-08-15T07:30:00Z,2025-08-07T09:27:56Z,2025-08-07T09:27:56Z,LIVE,4,116.00,11.60,AUD
8802625,1,1,310938,The Vault (60 min),2025-08-22T15:00:00Z,2025-08-07T09:55:47Z,2025-08-07T09:55:47Z,LIVE,6,150.00,30.00,GBP
8802626,1,1,310385,Asylum (60 min),2025-08-23T16:00:00Z,2025-08-07T12:14:16Z,2025-08-07T12:14:16Z,LIVE,6,168.00,33.60,GBP
8802627,1,3,310958,Sunrise Paddle,2025-08-08T12:00:00Z,2025-08-07T12:47:24Z,2025-08-07T12:47:24Z,LIVE,5,225.00,18.56,USD
8802621,2,4,311722,Kids Climb Session,2025-08-09T07:15:00Z,2025-08-07T08:20:18Z,2025-08-07T14:54:48Z,LIVE,3,72.00,7.20,AUD
8802628,1,3,310958,Kayak Rental 2 hr,2025-09-26T18:00:00Z,2025-08-07T15:12:01Z,2025-08-07T15:12:01Z,LIVE,2,70.00,5.78,USD
8802629,1,2,311725,Axe Throwing 90 min,2025-08-12T18:45:00Z,2025-08-07T20:33:45Z,2025-08-07T20:33:45Z,LIVE,7,273.00,62.79,EUR
8802630,1,2,311726,Axe Throwing 60 min,2025-08-14T16:00:00Z,2025-08-07T20:41:00Z,2025-08-07T20:41:00Z,LIVE,3,87.00,20.01,EUR
8802631,1,2,311727,Axe Throwing 90 min,2025-08-09T18:30:00Z,2025-08-07T21:14:56Z,2025-08-07T21:14:56Z,LIVE,4,156.00,35.88,EUR
8802619,2,5,311720,Private Group Game,2025-08-11T19:30:00Z,2025-08-07T05:23:37Z,2025-08-07T21:26:16Z,LIVE,7,385.00,11.17,USD
8802632,1,3,311728,Sunrise Paddle,2025-09-04T15:00:00Z,2025-08-07T23:13:33Z,2025-08-07T23:13:33Z,LIVE,5,225.00,18.56,USD
8802633,1,5,310730,Private Group Game,2025-08-10T19:15:00Z,2025-08-07T23:53:17Z,2025-08-07T23:53:17Z,LIVE,12,660.00,19.14,USD
8802634,1,4,311729,Kids Climb Session,2025-08-21T02:30:00Z,2025-08-08T03:37:46Z,2025-08-08T03:37:46Z,LIVE,3,72.00,7.20,AUD
8802635,1,1,311073,The Vault (60 min),2025-11-02T18:45:00Z,2025-08-08T06:16:40Z,2025-08-08T06:16:40Z,LIVE,5,125.00,25.00,GBP
8802635,1,1,311073,The Vault (60 min),2025-11-02T18:45:00Z,2025-08-08T06:16:40Z,2025-08-08T06:16:40Z,LIVE,5,125.00,25.00,GBP
8802636,1,2,311730,Axe Throwing 60 min,2025-08-08T19:00:00Z,2025-08-08T09:26:51Z,2025-08-08T09:26:51Z,LIVE,6,174.00,40.02,EUR
8802416,2,1,311583,The Vault (60 min),2025-09-19T15:30:00Z,2025-07-21T20:10:29Z,2025-08-08T11:52:50Z,LIVE,3,75.00,15.00,GBP
8802637,1,1,311731,Asylum (60 min),2025-08-08T19:30:00Z,2025-08-08T16:06:59Z,2025-08-08T16:06:59Z,LIVE,3,84.00,16.80,GBP
8802638,1,6,311732,Test Experience,2025-10-09T14:45:00Z,2025-08-08T16:23:41Z,2025-08-08T16:23:41Z,LIVE,2,2.00,0.40,GBP
8802639,1,3,311032,Sunrise Paddle,2025-10-22T14:00:00Z,2025-08-08T18:33:23Z,2025-08-08T18:33:23Z,LIVE,1,45.00,3.71,USD
8802640,1,1,311733,The Vault (60 min),2025-08-19T19:00:00Z,2025-08-08T18:34:25Z,2025-08-08T18:34:25Z,LIVE,5,125.00,25.00,GBP
8802641,1,1,311734,Asylum (60 min),2025-08-10T18:30:00Z,2025-08-08T19:07:59Z,2025-08-08T19:07:59Z,LIVE,6,168.00,33.60,GBP
8802642,1,2,311735,Axe Throwing 90 min,2025-08-15T17:15:00Z,2025-08-08T20:41:46Z,2025-08-08T20:41:46Z,LIVE,3,117.00,26.91,EUR
8802643,1,4,311736,Kids Climb Session,2025-08-08T23:30:00Z,2025-08-08T21:32:19Z,2025-08-08T21:32:19Z,LIVE,1,24.00,2.40,AUD
8802644,1,3,311737,Kayak Rental 2 hr,2025-08-16T18:30:00Z,2025-08-08T21:46:52Z,2025-08-08T21:46:52Z,LIVE,3,105.00,8.66,USD
8802645,1,4,311738,Intro to Bouldering,2025-08-15T23:30:00Z,2025-08-08T21:48:09Z,2025-08-08T21:48:09Z,LIVE,3,147.00,14.70,AUD
8802646,1,3,310549,Sunrise Paddle,2025-08-15T14:15:00Z,2025-08-09T00:11:01Z,2025-08-09T00:11:01Z,LIVE,5,225.00,18.56,USD
8802647,1,4,311739,Casual Climb,2025-08-09T05:00:00Z,2025-08-09T00:19:17Z,2025-08-09T00:19:17Z,LIVE,1,29.00,2.90,AUD
8802648,1,3,311740,Half-Day River Tour,2025-08-09T13:45:00Z,2025-08-09T02:34:56Z,2025-08-09T02:34:56Z,LIVE,1,79.00,6.52,USD
8802649,1,5,311741,Open Play,2025-08-10T16:30:00Z,2025-08-09T02:48:54Z,2025-08-09T02:48:54Z,LIVE,9,351.00,10.18,USD
8802650,1,3,310043,Kayak Rental 2 hr,2025-08-21T14:30:00Z,2025-08-09T03:36:15Z,2025-08-09T03:36:15Z,LIVE,3,105.00,8.66,USD
8802622,2,4,311723,Casual Climb,2025-08-09T08:00:00Z,2025-08-07T08:37:09Z,2025-08-09T04:06:00Z,CANCELLED,4,116.00,11.60,AUD
8802651,1,3,311601,Kayak Rental 2 hr,2025-08-10T18:30:00Z,2025-08-09T04:24:36Z,2025-08-09T04:24:36Z,LIVE,3,105.00,8.66,USD
8802652,1,5,311176,Open Play,2025-08-09T20:30:00Z,2025-08-09T04:25:56Z,2025-08-09T04:25:56Z,LIVE,12,468.00,13.57,USD
8802653,1,2,311742,Axe Throwing 90 min,2025-08-16T18:00:00Z,2025-08-09T06:16:40Z,2025-08-09T06:16:40Z,LIVE,5,195.00,44.85,EUR
8802654,1,1,311604,The Vault (60 min),2025-08-16T19:00:00Z,2025-08-09T06:17:12Z,2025-08-09T06:17:12Z,LIVE,3,75.00,15.00,GBP
8802655,1,2,310411,Axe Throwing 60 min,2025-08-09T18:45:00Z,2025-08-09T06:29:12Z,2025-08-09T06:29:12Z,LIVE,4,116.00,26.68,EUR
8802553,2,5,311675,Open Play,2025-08-12T19:30:00Z,2025-08-01T13:50:31Z,2025-08-09T07:05:23Z,CANCELLED,6,234.00,6.79,USD
8802655,2,2,310411,Axe Throwing 60 min,2025-08-09T18:45:00Z,2025-08-09T06:29:12Z,2025-08-09T08:01:38Z,LIVE,6,174.00,40.02,EUR
8802648,2,3,311740,Half-Day River Tour,2025-08-09T13:45:00Z,2025-08-09T02:34:56Z,2025-08-09T11:31:55Z,CANCELLED,1,79.00,6.52,USD
8802656,1,1,311743,Asylum (60 min),2025-08-14T18:30:00Z,2025-08-09T12:08:10Z,2025-08-09T12:08:10Z,LIVE,6,168.00,33.60,GBP
8802657,1,3,310132,Half-Day River Tour,2025-08-16T14:00:00Z,2025-08-09T12:45:59Z,2025-08-09T12:45:59Z,LIVE,5,395.00,32.59,USD
8802151,2,5,311408,Open Play,2025-08-16T22:15:00Z,2025-06-29T03:38:30Z,2025-08-09T15:55:00Z,CANCELLED,8,312.00,9.05,USD
8802658,1,1,311119,Asylum (60 min),2025-08-16T20:15:00Z,2025-08-09T15:58:43Z,2025-08-09T15:58:43Z,LIVE,4,112.00,22.40,GBP
8802659,1,5,311744,Open Play,2025-08-10T19:00:00Z,2025-08-09T18:34:24Z,2025-08-09T18:34:24Z,LIVE,7,273.00,7.92,USD
8802660,1,3,311745,Kayak Rental 2 hr,2025-08-27T12:30:00Z,2025-08-09T19:08:06Z,2025-08-09T19:08:06Z,LIVE,4,140.00,11.55,USD
8802661,1,2,311746,Axe Throwing 60 min,2025-09-28T16:00:00Z,2025-08-09T21:45:45Z,2025-08-09T21:45:45Z,LIVE,7,203.00,46.69,EUR
8802662,1,1,311747,Asylum (60 min),2025-08-15T18:00:00Z,2025-08-09T21:58:34Z,2025-08-09T21:58:34Z,LIVE,3,84.00,16.80,GBP
8802658,2,1,311119,Asylum (60 min),2025-08-16T20:15:00Z,2025-08-09T15:58:43Z,2025-08-10T00:06:43Z,LIVE,5,140.00,28.00,GBP
8802663,1,4,310444,Intro to Bouldering,2025-08-22T23:30:00Z,2025-08-10T00:47:17Z,2025-08-10T00:47:17Z,LIVE,4,196.00,19.60,AUD
8802646,2,3,310549,Sunrise Paddle,2025-08-15T14:15:00Z,2025-08-09T00:11:01Z,2025-08-10T02:15:43Z,LIVE,7,315.00,25.99,USD
8802664,1,4,311748,Kids Climb Session,2025-08-30T23:30:00Z,2025-08-10T02:30:17Z,2025-08-10T02:30:17Z,LIVE,4,96.00,9.60,AUD
8802641,2,1,311734,Asylum (60 min),2025-08-10T18:30:00Z,2025-08-08T19:07:59Z,2025-08-10T07:43:53Z,CANCELLED,6,168.00,33.60,GBP
8802665,1,2,311300,Axe Throwing 60 min,2025-08-16T14:15:00Z,2025-08-10T09:52:22Z,2025-08-10T09:52:22Z,LIVE,3,87.00,20.01,EUR
8802666,1,1,311749,Asylum (60 min),2025-08-10T16:45:00Z,2025-08-10T12:07:00Z,2025-08-10T12:07:00Z,LIVE,3,84.00,16.80,GBP
8802667,1,3,311750,Kayak Rental 2 hr,2025-08-10T20:00:00Z,2025-08-10T15:02:19Z,2025-08-10T15:02:19Z,LIVE,2,70.00,5.78,USD
8802668,1,1,310868,The Vault (60 min),2025-08-10T20:00:00Z,2025-08-10T16:04:39Z,2025-08-10T16:04:39Z,LIVE,2,50.00,10.00,GBP
8802669,1,2,311751,Axe Throwing 90 min,2025-11-07T17:30:00Z,2025-08-10T17:52:28Z,2025-08-10T17:52:28Z,LIVE,5,195.00,44.85,EUR
8802662,2,1,311747,Asylum (60 min),2025-08-15T18:00:00Z,2025-08-09T21:58:34Z,2025-08-10T18:08:30Z,LIVE,5,140.00,28.00,GBP
8802670,1,2,311752,Axe Throwing 90 min,2025-08-28T17:00:00Z,2025-08-10T19:22:51Z,2025-08-10T19:22:51Z,LIVE,3,117.00,26.91,EUR
8802671,1,1,311269,The Vault (60 min),2025-08-29T17:15:00Z,2025-08-10T21:07:02Z,2025-08-10T21:07:02Z,LIVE,3,75.00,15.00,GBP
8802672,1,2,310024,Axe Throwing 90 min,2025-08-29T18:30:00Z,2025-08-10T21:10:14Z,2025-08-10T21:10:14Z,LIVE,8,312.00,71.76,EUR
8802673,1,1,311753,The Vault (60 min),2025-08-31T19:30:00Z,2025-08-10T21:59:25Z,2025-08-10T21:59:25Z,LIVE,3,75.00,15.00,GBP
8802674,1,4,311754,Intro to Bouldering,2025-09-09T06:30:00Z,2025-08-10T22:55:50Z,2025-08-10T22:55:50Z,LIVE,1,49.00,4.90,AUD
8802675,1,3,311679,Kayak Rental 2 hr,2025-08-17T15:15:00Z,2025-08-10T22:59:22Z,2025-08-10T22:59:22Z,LIVE,1,35.00,2.89,USD
8802676,1,4,311755,Intro to Bouldering,2025-08-12T00:00:00Z,2025-08-11T06:15:30Z,2025-08-11T06:15:30Z,LIVE,3,147.00,14.70,AUD
8802604,2,3,310588,Sunrise Paddle,2025-08-12T15:30:00Z,2025-08-05T21:32:09Z,2025-08-11T06:15:35Z,CANCELLED,4,180.00,14.85,USD
8802677,1,4,311756,Kids Climb Session,2025-08-26T07:30:00Z,2025-08-11T08:48:47Z,2025-08-11T08:48:47Z,LIVE,3,72.00,7.20,AUD
8802678,1,2,311757,Axe Throwing 60 min,2025-08-13T19:00:00Z,2025-08-11T09:44:22Z,2025-08-11T09:44:22Z,LIVE,6,174.00,40.02,EUR
8802614,2,5,311716,Open Play,2025-08-29T16:00:00Z,2025-08-07T01:36:57Z,2025-08-11T09:49:01Z,LIVE,13,507.00,14.70,USD
8802679,1,4,311758,Kids Climb Session,2025-08-26T08:30:00Z,2025-08-11T11:15:30Z,2025-08-11T11:15:30Z,LIVE,3,72.00,7.20,AUD
8802679,2,4,311758,Kids Climb Session,2025-08-26T08:30:00Z,2025-08-11T11:15:30Z,2025-08-11T12:24:00Z,LIVE,4,96.00,9.60,AUD
8802680,1,4,311759,Intro to Bouldering,2025-10-19T08:45:00Z,2025-08-11T12:24:51Z,2025-08-11T12:24:51Z,LIVE,2,98.00,9.80,AUD
8802479,2,3,311626,Sunrise Paddle,2025-08-15T13:00:00Z,2025-07-27T00:08:14Z,2025-08-11T12:33:13Z,CANCELLED,3,135.00,11.14,USD
8802566,2,2,310213,Axe Throwing 60 min,2025-08-18T19:45:00Z,2025-08-02T22:06:27Z,2025-08-11T12:57:14Z,CANCELLED,8,232.00,53.36,EUR
8802681,1,3,311498,Half-Day River Tour,2025-09-13T12:30:00Z,2025-08-11T14:31:36Z,2025-08-11T14:31:36Z,LIVE,5,395.00,32.59,USD
8802682,1,5,311760,Open Play,2025-08-11T21:00:00Z,2025-08-11T14:58:13Z,2025-08-11T14:58:13Z,LIVE,7,273.00,7.92,USD
8802683,1,1,311761,Mini Mystery (30 min),2025-08-16T18:30:00Z,2025-08-11T17:19:39Z,2025-08-11T17:19:39Z,LIVE,4,60.00,12.00,GBP
8802684,1,2,310254,Axe Throwing 90 min,2025-08-15T17:15:00Z,2025-08-11T17:26:40Z,2025-08-11T17:26:40Z,LIVE,8,312.00,71.76,EUR
8802685,1,3,311762,Sunrise Paddle,2025-08-12T11:00:00Z,2025-08-11T19:32:26Z,2025-08-11T19:32:26Z,LIVE,5,225.00,18.56,USD
8802686,1,5,310782,Open Play,2025-08-16T17:00:00Z,2025-08-11T20:15:24Z,2025-08-11T20:15:24Z,LIVE,10,390.00,11.31,USD
8802585,2,1,310846,Mini Mystery (30 min),2025-08-29T14:45:00Z,2025-08-04T06:13:50Z,2025-08-11T20:26:33Z,LIVE,4,60.00,12.00,GBP
8802531,2,4,310626,Kids Climb Session,2025-08-17T23:45:00Z,2025-07-31T13:04:29Z,2025-08-11T22:10:54Z,CANCELLED,4,96.00,9.60,AUD
8802685,2,3,311762,Sunrise Paddle,2025-08-12T11:00:00Z,2025-08-11T19:32:26Z,2025-08-12T01:30:44Z,LIVE,7,315.00,25.99,USD
8802665,2,2,311300,Axe Throwing 60 min,2025-08-16T14:15:00Z,2025-08-10T09:52:22Z,2025-08-12T03:10:13Z,LIVE,5,145.00,33.35,EUR
8802593,2,3,310905,Sunrise Paddle,2025-08-16T14:30:00Z,2025-08-04T22:39:11Z,2025-08-12T03:59:36Z,CANCELLED,5,225.00,18.56,USD
8802687,1,4,311763,Casual Climb,2025-08-15T05:00:00Z,2025-08-12T05:31:21Z,2025-08-12T05:31:21Z,LIVE,2,58.00,5.80,AUD
8802688,1,4,310284,Kids Climb Session,2025-09-22T05:15:00Z,2025-08-12T07:26:39Z,2025-08-12T07:26:39Z,LIVE,4,96.00,9.60,AUD
8802689,1,2,311764,Axe Throwing 60 min,2025-08-12T18:00:00Z,2025-08-12T07:27:43Z,2025-08-12T07:27:43Z,LIVE,7,203.00,46.69,EUR
8802690,1,4,311068,Casual Climb,2025-08-23T06:30:00Z,2025-08-12T10:02:13Z,2025-08-12T10:02:13Z,LIVE,3,87.00,8.70,AUD
8802691,1,2,311765,Axe Throwing 90 min,2025-08-13T17:30:00Z,2025-08-12T10:41:25Z,2025-08-12T10:41:25Z,LIVE,3,117.00,26.91,EUR
8802692,1,1,311422,Asylum (60 min),2025-08-30T18:00:00Z,2025-08-12T12:12:32Z,2025-08-12T12:12:32Z,LIVE,4,112.00,22.40,GBP
8802693,1,1,311766,Asylum (60 min),2025-09-07T18:00:00Z,2025-08-12T12:31:20Z,2025-08-12T12:31:20Z,LIVE,4,112.00,22.40,GBP
8802694,1,1,311335,Mini Mystery (30 min),2025-08-22T16:00:00Z,2025-08-12T12:38:54Z,2025-08-12T12:38:54Z,LIVE,4,60.00,12.00,GBP
8802695,1,5,311767,Open Play,2025-09-02T18:30:00Z,2025-08-12T13:44:01Z,2025-08-12T13:44:01Z,LIVE,10,390.00,11.31,USD
8802696,1,1,311768,Mini Mystery (30 min),2025-08-13T17:00:00Z,2025-08-12T13:57:00Z,2025-08-12T13:57:00Z,LIVE,4,60.00,12.00,GBP
8802697,1,1,310229,Asylum (60 min),2025-08-31T18:00:00Z,2025-08-12T14:08:35Z,2025-08-12T14:08:35Z,LIVE,5,140.00,28.00,GBP
8802698,1,5,310414,Open Play,2025-08-12T21:00:00Z,2025-08-12T15:02:34Z,2025-08-12T15:02:34Z,LIVE,12,468.00,13.57,USD
8802699,1,2,310038,Axe Throwing 60 min,2025-08-15T17:00:00Z,2025-08-12T15:23:34Z,2025-08-12T15:23:34Z,LIVE,3,87.00,20.01,EUR
8802700,1,3,311769,Sunrise Paddle,2025-09-06T11:30:00Z,2025-08-12T19:19:20Z,2025-08-12T19:19:20Z,LIVE,2,90.00,7.43,USD
8802678,2,2,311757,Axe Throwing 60 min,2025-08-13T19:00:00Z,2025-08-11T09:44:22Z,2025-08-12T20:34:37Z,CANCELLED,6,174.00,40.02,EUR
8802701,1,1,311770,The Vault (60 min),2025-08-17T19:30:00Z,2025-08-12T21:55:24Z,2025-08-12T21:55:24Z,LIVE,2,50.00,10.00,GBP
8802702,1,2,311771,Axe Throwing 90 min,2025-08-17T19:45:00Z,2025-08-12T22:30:15Z,2025-08-12T22:30:15Z,LIVE,8,312.00,71.76,EUR
8802703,1,2,311772,Axe Throwing 90 min,2025-08-24T14:30:00Z,2025-08-12T22:45:38Z,2025-08-12T22:45:38Z,LIVE,4,156.00,35.88,EUR
8802704,1,5,310071,Open Play,2025-08-17T20:00:00Z,2025-08-13T01:04:41Z,2025-08-13T01:04:41Z,LIVE,8,312.00,9.05,USD
8802705,1,3,311773,Half-Day River Tour,2025-08-13T13:30:00Z,2025-08-13T01:32:16Z,2025-08-13T01:32:16Z,LIVE,2,158.00,13.04,USD
8802706,1,5,311774,Private Group Game,2025-08-31T16:00:00Z,2025-08-13T02:43:40Z,2025-08-13T02:43:40Z,LIVE,4,220.00,6.38,USD
8802707,1,1,311401,Mini Mystery (30 min),2025-08-15T18:30:00Z,2025-08-13T07:51:54Z,2025-08-13T07:51:54Z,LIVE,2,30.00,6.00,GBP
8802708,1,2,311775,Axe Throwing 90 min,2025-08-19T17:30:00Z,2025-08-13T08:40:21Z,2025-08-13T08:40:21Z,LIVE,7,273.00,62.79,EUR
8802706,2,5,311774,Private Group Game,2025-08-31T16:00:00Z,2025-08-13T02:43:40Z,2025-08-13T09:04:29Z,LIVE,5,275.00,7.98,USD
8802709,1,4,311776,Intro to Bouldering,2025-08-17T00:45:00Z,2025-08-13T09:06:44Z,2025-08-13T09:06:44Z,LIVE,4,196.00,19.60,AUD
8802709,1,4,311776,Intro to Bouldering,2025-08-17T00:45:00Z,2025-08-13T09:06:44Z,2025-08-13T09:06:44Z,LIVE,4,196.00,19.60,AUD
8802710,1,1,310847,The Vault (60 min),2025-08-16T18:00:00Z,2025-08-13T10:17:57Z,2025-08-13T10:17:57Z,LIVE,2,50.00,10.00,GBP
8802705,2,3,311773,Half-Day River Tour,2025-08-13T13:30:00Z,2025-08-13T01:32:16Z,2025-08-13T11:06:24Z,CANCELLED,2,158.00,13.04,USD
8802711,1,2,311777,Axe Throwing 90 min,2025-08-14T17:30:00Z,2025-08-13T11:34:40Z,2025-08-13T11:34:40Z,LIVE,2,78.00,17.94,EUR
8802691,2,2,311765,Axe Throwing 90 min,2025-08-13T17:30:00Z,2025-08-12T10:41:25Z,2025-08-13T13:18:19Z,CANCELLED,3,117.00,26.91,EUR
8802642,2,2,311735,Axe Throwing 90 min,2025-08-15T17:15:00Z,2025-08-08T20:41:46Z,2025-08-13T13:22:58Z,CANCELLED,3,117.00,26.91,EUR
8802712,1,5,311298,Open Play,2025-08-13T20:30:00Z,2025-08-13T14:09:33Z,2025-08-13T14:09:33Z,LIVE,9,351.00,10.18,USD
8802713,1,2,311778,Axe Throwing 60 min,2025-08-14T20:45:00Z,2025-08-13T18:37:25Z,2025-08-13T18:37:25Z,LIVE,3,87.00,20.01,EUR
8802714,1,2,311779,Axe Throwing 90 min,2025-08-24T19:30:00Z,2025-08-13T21:14:08Z,2025-08-13T21:14:08Z,LIVE,5,195.00,44.85,EUR
8802715,1,4,311780,Kids Climb Session,2025-09-07T05:00:00Z,2025-08-13T23:28:31Z,2025-08-13T23:28:31Z,LIVE,4,96.00,9.60,AUD
8802700,2,3,311769,Sunrise Paddle,2025-09-06T11:30:00Z,2025-08-12T19:19:20Z,2025-08-14T01:07:30Z,LIVE,4,180.00,14.85,USD
8802699,2,2,310038,Axe Throwing 60 min,2025-08-15T17:00:00Z,2025-08-12T15:23:34Z,2025-08-14T02:05:42Z,LIVE,4,116.00,26.68,EUR
8802716,1,4,311781,Kids Climb Session,2025-09-13T01:00:00Z,2025-08-14T05:38:42Z,2025-08-14T05:38:42Z,LIVE,3,72.00,7.20,AUD
8802717,1,2,311782,Axe Throwing 60 min,2025-08-21T20:45:00Z,2025-08-14T08:14:36Z,2025-08-14T08:14:36Z,LIVE,8,232.00,53.36,EUR
8802718,1,1,311699,Asylum (60 min),2025-08-19T16:30:00Z,2025-08-14T08:18:31Z,2025-08-14T08:18:31Z,LIVE,5,140.00,28.00,GBP
8802719,1,2,311783,Axe Throwing 90 min,2025-08-30T17:00:00Z,2025-08-14T08:34:29Z,2025-08-14T08:34:29Z,LIVE,2,78.00,17.94,EUR
8802720,1,1,311784,Mini Mystery (30 min),2025-08-14T20:15:00Z,2025-08-14T09:39:13Z,2025-08-14T09:39:13Z,LIVE,2,30.00,6.00,GBP
8802721,1,3,311055,Half-Day River Tour,2025-09-10T13:15:00Z,2025-08-14T13:58:24Z,2025-08-14T13:58:24Z,LIVE,3,237.00,19.55,USD
8802722,1,1,311785,The Vault (60 min),2025-08-14T18:15:00Z,2025-08-14T14:16:34Z,2025-08-14T14:16:34Z,LIVE,5,125.00,25.00,GBP
8802723,1,1,311786,Asylum (60 min),2025-08-14T17:15:00Z,2025-08-14T15:11:39Z,2025-08-14T15:11:39Z,LIVE,6,168.00,33.60,GBP
8802646,3,3,310549,Sunrise Paddle,2025-08-15T14:15:00Z,2025-08-09T00:11:01Z,2025-08-14T15:26:03Z,CANCELLED,7,315.00,25.99,USD
8802724,1,2,311787,Axe Throwing 90 min,2025-08-19T16:15:00Z,2025-08-14T16:03:41Z,2025-08-14T16:03:41Z,LIVE,3,117.00,26.91,EUR
8802725,1,5,311788,Private Group Game,2025-09-07T21:00:00Z,2025-08-14T23:01:55Z,2025-08-14T23:01:55Z,LIVE,9,495.00,14.36,USD
8802726,1,3,310972,Kayak Rental 2 hr,2025-08-17T16:15:00Z,2025-08-14T23:41:35Z,2025-08-14T23:41:35Z,LIVE,1,35.00,2.89,USD
8802600,2,2,310698,Axe Throwing 60 min,2025-08-19T17:45:00Z,2025-08-05T11:46:52Z,2025-08-15T01:29:39Z,CANCELLED,2,58.00,13.34,EUR
8802727,1,5,311789,Private Group Game,2025-08-21T22:00:00Z,2025-08-15T02:11:06Z,2025-08-15T02:11:06Z,LIVE,5,275.00,7.98,USD
8802709,2,4,311776,Intro to Bouldering,2025-08-17T00:45:00Z,2025-08-13T09:06:44Z,2025-08-15T04:48:01Z,LIVE,6,294.00,29.40,AUD
8802728,1,5,311790,Private Group Game,2025-08-16T20:00:00Z,2025-08-15T05:27:19Z,2025-08-15T05:27:19Z,LIVE,5,275.00,7.98,USD
8802729,1,1,310567,The Vault (60 min),2025-08-15T16:45:00Z,2025-08-15T08:28:48Z,2025-08-15T08:28:48Z,LIVE,5,125.00,25.00,GBP
8802730,1,2,310131,Axe Throwing 90 min,2025-08-30T19:00:00Z,2025-08-15T08:38:56Z,2025-08-15T08:38:56Z,LIVE,8,312.00,71.76,EUR
8802731,1,1,311791,The Vault (60 min),2025-08-15T16:00:00Z,2025-08-15T11:55:39Z,2025-08-15T11:55:39Z,LIVE,3,75.00,15.00,GBP
8802732,1,3,311792,Half-Day River Tour,2025-08-15T16:30:00Z,2025-08-15T12:57:18Z,2025-08-15T12:57:18Z,LIVE,4,316.00,26.07,USD
8802733,1,5,311225,Private Group Game,2025-08-15T18:30:00Z,2025-08-15T14:06:42Z,2025-08-15T14:06:42Z,LIVE,5,275.00,7.98,USD
8802734,1,5,311793,Open Play,2025-08-30T22:15:00Z,2025-08-15T14:55:32Z,2025-08-15T14:55:32Z,LIVE,11,429.00,12.44,USD
8802735,1,2,311794,Axe Throwing 90 min,2025-09-05T12:15:00Z,2025-08-15T14:58:53Z,2025-08-15T14:58:53Z,LIVE,3,117.00,26.91,EUR
8802736,1,2,311795,Axe Throwing 90 min,2025-08-16T16:30:00Z,2025-08-15T15:19:05Z,2025-08-15T15:19:05Z,LIVE,8,312.00,71.76,EUR
8802736,2,2,311795,Axe Throwing 90 min,2025-08-16T16:30:00Z,2025-08-15T15:19:05Z,2025-08-15T15:38:17Z,LIVE,9,351.00,80.73,EUR
8802737,1,1,310336,Mini Mystery (30 min),2025-08-22T20:00:00Z,2025-08-15T15:52:16Z,2025-08-15T15:52:16Z,LIVE,6,90.00,18.00,GBP
8802738,1,5,311796,Private Group Game,2025-08-15T19:15:00Z,2025-08-15T17:20:08Z,2025-08-15T17:20:08Z,LIVE,6,330.00,9.57,USD
8802739,1,5,311797,Private Group Game,2025-08-15T19:45:00Z,2025-08-15T18:27:53Z,2025-08-15T18:27:53Z,LIVE,10,550.00,15.95,USD
8802740,1,5,311798,Private Group Game,2025-08-16T21:30:00Z,2025-08-15T21:47:20Z,2025-08-15T21:47:20Z,LIVE,9,495.00,14.36,USD
8802741,1,1,310331,The Vault (60 min),2025-08-30T14:15:00Z,2025-08-15T22:22:32Z,2025-08-15T22:22:32Z,LIVE,2,50.00,10.00,GBP
8802742,1,2,310488,Axe Throwing 90 min,2025-08-17T19:15:00Z,2025-08-16T08:41:05Z,2025-08-16T08:41:05Z,LIVE,6,234.00,53.82,EUR
8802743,1,1,310638,Asylum (60 min),2025-08-16T16:00:00Z,2025-08-16T09:58:58Z,2025-08-16T09:58:58Z,LIVE,2,56.00,11.20,GBP
8802744,1,4,311799,Casual Climb,2025-08-30T09:30:00Z,2025-08-16T12:06:30Z,2025-08-16T12:06:30Z,LIVE,1,29.00,2.90,AUD
8802745,1,5,311788,Open Play,2025-08-16T16:30:00Z,2025-08-16T13:44:16Z,2025-08-16T13:44:16Z,LIVE,5,195.00,5.66,USD
8802746,1,3,310831,Sunrise Paddle,2025-08-31T11:15:00Z,2025-08-16T13:52:35Z,2025-08-16T13:52:35Z,LIVE,5,225.00,18.56,USD
8802747,1,5,311800,Private Group Game,2025-08-16T19:30:00Z,2025-08-16T14:10:40Z,2025-08-16T14:10:40Z,LIVE,6,330.00,9.57,USD
8802748,1,2,310276,Axe Throwing 60 min,2025-08-22T19:00:00Z,2025-08-16T15:07:25Z,2025-08-16T15:07:25Z,LIVE,4,116.00,26.68,EUR
8802749,1,3,311801,Sunrise Paddle,2025-08-29T20:15:00Z,2025-08-17T00:49:21Z,2025-08-17T00:49:21Z,LIVE,3,135.00,11.14,USD
8802750,1,5,311802,Private Group Game,2025-09-09T20:00:00Z,2025-08-17T01:54:02Z,2025-08-17T01:54:02Z,LIVE,12,660.00,19.14,USD
8802751,1,5,311803,Private Group Game,2025-08-21T16:00:00Z,2025-08-17T04:13:00Z,2025-08-17T04:13:00Z,LIVE,12,660.00,19.14,USD
8802752,1,4,310135,Intro to Bouldering,2025-08-31T06:00:00Z,2025-08-17T05:07:56Z,2025-08-17T05:07:56Z,LIVE,1,49.00,4.90,AUD
8802753,1,4,311097,Intro to Bouldering,2025-08-17T07:00:00Z,2025-08-17T05:12:41Z,2025-08-17T05:12:41Z,LIVE,2,98.00,9.80,AUD
8802505,2,1,311356,The Vault (60 min),2025-08-25T18:30:00Z,2025-07-29T09:17:44Z,2025-08-17T07:11:11Z,CANCELLED,6,150.00,30.00,GBP
8802618,2,5,311719,Private Group Game,2025-08-23T18:30:00Z,2025-08-07T04:36:07Z,2025-08-17T07:47:12Z,CANCELLED,4,220.00,6.38,USD
8802724,2,2,311787,Axe Throwing 90 min,2025-08-19T16:15:00Z,2025-08-14T16:03:41Z,2025-08-17T09:14:38Z,CANCELLED,3,117.00,26.91,EUR
8802754,1,2,310535,Axe Throwing 90 min,2025-08-23T19:00:00Z,2025-08-17T10:53:55Z,2025-08-17T10:53:55Z,LIVE,8,312.00,71.76,EUR
8802147,2,1,311405,The Vault (60 min),2025-09-13T18:45:00Z,2025-06-28T19:44:05Z,2025-08-17T11:07:55Z,CANCELLED,6,150.00,30.00,GBP
8802755,1,4,311804,Kids Climb Session,2025-08-24T01:15:00Z,2025-08-17T11:28:10Z,2025-08-17T11:28:10Z,LIVE,4,96.00,9.60,AUD
8802756,1,4,311805,Intro to Bouldering,2025-08-18T07:30:00Z,2025-08-17T11:58:45Z,2025-08-17T11:58:45Z,LIVE,3,147.00,14.70,AUD
8802757,1,3,311806,Kayak Rental 2 hr,2025-10-24T20:45:00Z,2025-08-17T14:58:05Z,2025-08-17T14:58:05Z,LIVE,5,175.00,14.44,USD
8802758,1,2,311807,Axe Throwing 60 min,2025-09-05T18:00:00Z,2025-08-17T15:28:26Z,2025-08-17T15:28:26Z,LIVE,2,58.00,13.34,EUR
8802759,1,1,311734,Asylum (60 min),2025-08-17T19:30:00Z,2025-08-17T15:58:44Z,2025-08-17T15:58:44Z,LIVE,4,112.00,22.40,GBP
8802759,1,1,311734,Asylum (60 min),2025-08-17T19:30:00Z,2025-08-17T15:58:44Z,2025-08-17T15:58:44Z,LIVE,4,112.00,22.40,GBP
8802760,1,3,310009,Sunrise Paddle,2025-08-30T14:45:00Z,2025-08-17T21:02:07Z,2025-08-17T21:02:07Z,LIVE,4,180.00,14.85,USD
8802761,1,5,311808,Open Play,2025-08-28T19:00:00Z,2025-08-17T21:39:11Z,2025-08-17T21:39:11Z,LIVE,5,195.00,5.66,USD
8802762,1,5,311809,Private Group Game,2025-09-23T21:30:00Z,2025-08-17T22:03:27Z,2025-08-17T22:03:27Z,LIVE,12,660.00,19.14,USD
8802763,1,3,310793,Half-Day River Tour,2025-08-20T12:30:00Z,2025-08-17T22:16:48Z,2025-08-17T22:16:48Z,LIVE,2,158.00,13.04,USD
8802764,1,5,310015,Open Play,2025-08-19T20:00:00Z,2025-08-17T22:20:33Z,2025-08-17T22:20:33Z,LIVE,6,234.00,6.79,USD
8802765,1,1,310333,Mini Mystery (30 min),2025-08-19T19:15:00Z,2025-08-17T22:38:18Z,2025-08-17T22:38:18Z,LIVE,5,75.00,15.00,GBP
8802672,2,2,310024,Axe Throwing 90 min,2025-08-29T18:30:00Z,2025-08-10T21:10:14Z,2025-08-17T23:34:45Z,LIVE,9,351.00,80.73,EUR
8802766,1,4,311810,Casual Climb,2025-08-24T07:45:00Z,2025-08-18T04:14:55Z,2025-08-18T04:14:55Z,LIVE,4,116.00,11.60,AUD
8802767,1,5,310529,Open Play,2025-09-11T18:00:00Z,2025-08-18T16:41:16Z,2025-08-18T16:41:16Z,LIVE,8,312.00,9.05,USD
8802768,1,3,311367,Sunrise Paddle,2025-08-23T12:00:00Z,2025-08-18T17:04:35Z,2025-08-18T17:04:35Z,LIVE,2,90.00,7.43,USD
8802769,1,3,311811,Kayak Rental 2 hr,2025-08-29T14:30:00Z,2025-08-18T18:26:23Z,2025-08-18T18:26:23Z,LIVE,3,105.00,8.66,USD
8802770,1,1,310228,Mini Mystery (30 min),2025-10-28T21:30:00Z,2025-08-18T19:40:58Z,2025-08-18T19:40:58Z,LIVE,5,75.00,15.00,GBP
8802771,1,3,311812,Kayak Rental 2 hr,2025-10-26T15:00:00Z,2025-08-18T19:44:05Z,2025-08-18T19:44:05Z,LIVE,2,70.00,5.78,USD
8802772,1,3,310608,Kayak Rental 2 hr,2025-08-22T15:30:00Z,2025-08-18T20:23:45Z,2025-08-18T20:23:45Z,LIVE,4,140.00,11.55,USD
8802773,1,4,310387,Kids Climb Session,2025-09-05T08:00:00Z,2025-08-19T00:42:09Z,2025-08-19T00:42:09Z,LIVE,4,96.00,9.60,AUD
8802774,1,3,311813,Sunrise Paddle,2025-08-29T16:30:00Z,2025-08-19T00:51:27Z,2025-08-19T00:51:27Z,LIVE,3,135.00,11.14,USD
8802775,1,4,311814,Intro to Bouldering,2025-08-27T07:00:00Z,2025-08-19T01:35:46Z,2025-08-19T01:35:46Z,LIVE,4,196.00,19.60,AUD
8802776,1,3,311815,Half-Day River Tour,2025-08-20T14:00:00Z,2025-08-19T02:20:52Z,2025-08-19T02:20:52Z,LIVE,4,316.00,26.07,USD
8802777,1,3,311816,Sunrise Paddle,2025-08-25T14:15:00Z,2025-08-19T03:37:58Z,2025-08-19T03:37:58Z,LIVE,1,45.00,3.71,USD
8802778,1,5,310647,Open Play,2025-10-09T15:45:00Z,2025-08-19T05:30:45Z,2025-08-19T05:30:45Z,LIVE,9,351.00,10.18,USD
8802779,1,4,311817,Kids Climb Session,2025-09-05T07:45:00Z,2025-08-19T09:59:37Z,2025-08-19T09:59:37Z,LIVE,4,96.00,9.60,AUD
8802768,2,3,311367,Sunrise Paddle,2025-08-23T12:00:00Z,2025-08-18T17:04:35Z,2025-08-19T15:27:24Z,LIVE,3,135.00,11.14,USD
8802780,1,2,311818,Axe Throwing 90 min,2025-08-21T19:00:00Z,2025-08-19T16:27:12Z,2025-08-19T16:27:12Z,LIVE,6,234.00,53.82,EUR
8802781,1,5,310713,Open Play,2025-09-07T20:00:00Z,2025-08-19T17:48:59Z,2025-08-19T17:48:59Z,LIVE,12,468.00,13.57,USD
8802782,1,1,311819,The Vault (60 min),2025-08-22T16:30:00Z,2025-08-19T20:28:55Z,2025-08-19T20:28:55Z,LIVE,3,75.00,15.00,GBP
8802703,2,2,311772,Axe Throwing 90 min,2025-08-24T14:30:00Z,2025-08-12T22:45:38Z,2025-08-19T23:59:50Z,CANCELLED,4,156.00,35.88,EUR
8802783,1,4,310124,Kids Climb Session,2025-08-22T04:30:00Z,2025-08-20T00:03:11Z,2025-08-20T00:03:11Z,LIVE,3,72.00,7.20,AUD
8802737,2,1,310336,Mini Mystery (30 min),2025-08-22T20:00:00Z,2025-08-15T15:52:16Z,2025-08-20T00:09:21Z,CANCELLED,6,90.00,18.00,GBP
8802784,1,5,311485,Private Group Game,2025-09-18T19:00:00Z,2025-08-20T02:31:18Z,2025-08-20T02:31:18Z,LIVE,9,495.00,14.36,USD
8802785,1,2,310097,Axe Throwing 90 min,2025-08-20T19:30:00Z,2025-08-20T09:20:13Z,2025-08-20T09:20:13Z,LIVE,7,273.00,62.79,EUR
8802786,1,2,311820,Axe Throwing 90 min,2025-08-20T14:15:00Z,2025-08-20T10:45:03Z,2025-08-20T10:45:03Z,LIVE,7,273.00,62.79,EUR
8802787,1,3,311458,Sunrise Paddle,2025-08-20T16:30:00Z,2025-08-20T12:28:35Z,2025-08-20T12:28:35Z,LIVE,2,90.00,7.43,USD
8802311,2,3,311510,Half-Day River Tour,2025-09-27T14:45:00Z,2025-07-12T16:13:06Z,2025-08-20T12:48:12Z,CANCELLED,4,316.00,26.07,USD
8802788,1,5,311821,Open Play,2025-08-20T18:00:00Z,2025-08-20T14:22:02Z,2025-08-20T14:22:02Z,LIVE,8,312.00,9.05,USD
8802789,1,5,311822,Private Group Game,2025-11-08T22:45:00Z,2025-08-20T15:13:52Z,2025-08-20T15:13:52Z,LIVE,4,220.00,6.38,USD
8802790,1,2,311823,Axe Throwing 90 min,2025-09-14T16:15:00Z,2025-08-20T15:36:53Z,2025-08-20T15:36:53Z,LIVE,5,195.00,44.85,EUR
8802791,1,3,311128,Kayak Rental 2 hr,2025-08-21T11:00:00Z,2025-08-20T17:23:30Z,2025-08-20T17:23:30Z,LIVE,5,175.00,14.44,USD
8802792,1,1,311824,Mini Mystery (30 min),2025-08-21T17:30:00Z,2025-08-20T18:25:38Z,2025-08-20T18:25:38Z,LIVE,4,60.00,12.00,GBP
8802793,1,5,310345,Private Group Game,2025-08-23T15:00:00Z,2025-08-20T20:03:00Z,2025-08-20T20:03:00Z,LIVE,7,385.00,11.17,USD
8802794,1,3,311825,Kayak Rental 2 hr,2025-10-05T14:15:00Z,2025-08-20T21:19:46Z,2025-08-20T21:19:46Z,LIVE,1,35.00,2.89,USD
8802794,1,3,311825,Kayak Rental 2 hr,2025-10-05T14:15:00Z,2025-08-20T21:19:46Z,2025-08-20T21:19:46Z,LIVE,1,35.00,2.89,USD
8802250,2,2,311472,Axe Throwing 90 min,2025-08-23T19:30:00Z,2025-07-08T13:26:46Z,2025-08-21T00:28:23Z,CANCELLED,8,312.00,71.76,EUR
8802242,2,6,311470,Test Experience,2025-09-26T14:00:00Z,2025-07-07T17:01:05Z,2025-08-21T02:21:33Z,CANCELLED,4,4.00,0.80,GBP
8802795,1,4,310589,Intro to Bouldering,2025-08-24T00:30:00Z,2025-08-21T06:35:19Z,2025-08-21T06:35:19Z,LIVE,2,98.00,9.80,AUD
8802796,1,2,311826,Axe Throwing 60 min,2025-08-21T17:00:00Z,2025-08-21T07:38:14Z,2025-08-21T07:38:14Z,LIVE,2,58.00,13.34,EUR
8802797,1,1,310629,Mini Mystery (30 min),2025-08-28T16:45:00Z,2025-08-21T08:17:51Z,2025-08-21T08:17:51Z,LIVE,6,90.00,18.00,GBP
8802798,1,1,311073,Mini Mystery (30 min),2025-08-21T20:30:00Z,2025-08-21T10:35:17Z,2025-08-21T10:35:17Z,LIVE,4,60.00,12.00,GBP
8802799,1,1,311203,The Vault (60 min),2025-09-20T16:30:00Z,2025-08-21T11:08:34Z,2025-08-21T11:08:34Z,LIVE,5,125.00,25.00,GBP
8802800,1,2,310218,Axe Throwing 90 min,2025-08-27T19:30:00Z,2025-08-21T11:17:04Z,2025-08-21T11:17:04Z,LIVE,3,117.00,26.91,EUR
8802801,1,1,311827,Asylum (60 min),2025-08-21T17:30:00Z,2025-08-21T12:10:40Z,2025-08-21T12:10:40Z,LIVE,5,140.00,28.00,GBP
8802802,1,5,311485,Open Play,2025-09-03T16:00:00Z,2025-08-21T13:22:19Z,2025-08-21T13:22:19Z,LIVE,9,351.00,10.18,USD
8802803,1,2,310215,Axe Throwing 60 min,2025-08-24T19:00:00Z,2025-08-21T13:24:33Z,2025-08-21T13:24:33Z,LIVE,6,174.00,40.02,EUR
8802804,1,5,310879,Private Group Game,2025-08-24T17:30:00Z,2025-08-21T13:47:49Z,2025-08-21T13:47:49Z,LIVE,8,440.00,12.76,USD
8802805,1,3,311801,Half-Day River Tour,2025-08-23T12:30:00Z,2025-08-21T14:11:52Z,2025-08-21T14:11:52Z,LIVE,5,395.00,32.59,USD
8802806,1,5,311828,Open Play,2025-09-07T17:00:00Z,2025-08-21T16:15:39Z,2025-08-21T16:15:39Z,LIVE,5,195.00,5.66,USD
8802807,1,5,311829,Private Group Game,2025-08-21T19:30:00Z,2025-08-21T16:25:54Z,2025-08-21T16:25:54Z,LIVE,5,275.00,7.98,USD
8802808,1,5,311830,Open Play,2025-08-21T19:45:00Z,2025-08-21T17:10:55Z,2025-08-21T17:10:55Z,LIVE,7,273.00,7.92,USD
8802809,1,3,311084,Sunrise Paddle,2025-08-31T14:15:00Z,2025-08-21T17:25:24Z,2025-08-21T17:25:24Z,LIVE,1,45.00,3.71,USD
8802810,1,5,311078,Open Play,2025-09-13T19:45:00Z,2025-08-21T17:49:49Z,2025-08-21T17:49:49Z,LIVE,6,234.00,6.79,USD
8802811,1,3,311831,Half-Day River Tour,2025-08-22T11:30:00Z,2025-08-21T18:26:17Z,2025-08-21T18:26:17Z,LIVE,5,395.00,32.59,USD
8802812,1,2,310864,Axe Throwing 60 min,2025-08-23T17:00:00Z,2025-08-21T19:29:16Z,2025-08-21T19:29:16Z,LIVE,5,145.00,33.35,EUR
8802813,1,5,311832,Open Play,2025-08-30T20:30:00Z,2025-08-21T21:07:28Z,2025-08-21T21:07:28Z,LIVE,4,156.00,4.52,USD
8802814,1,4,310309,Kids Climb Session,2025-08-23T06:15:00Z,2025-08-21T21:16:01Z,2025-08-21T21:16:01Z,LIVE,3,72.00,7.20,AUD
8802815,1,3,310139,Half-Day River Tour,2025-08-28T12:30:00Z,2025-08-21T21:41:06Z,2025-08-21T21:41:06Z,LIVE,1,79.00,6.52,USD
8802816,1,1,310830,The Vault (60 min),2025-08-26T14:00:00Z,2025-08-21T22:21:41Z,2025-08-21T22:21:41Z,LIVE,3,75.00,15.00,GBP
8802817,1,4,311833,Casual Climb,2025-08-22T06:15:00Z,2025-08-21T23:49:43Z,2025-08-21T23:49:43Z,LIVE,4,116.00,11.60,AUD
8802818,1,5,311834,Private Group Game,2025-11-06T18:00:00Z,2025-08-22T00:25:39Z,2025-08-22T00:25:39Z,LIVE,9,495.00,14.36,USD
8802819,1,4,310052,Casual Climb,2025-08-22T07:30:00Z,2025-08-22T01:31:00Z,2025-08-22T01:31:00Z,LIVE,1,29.00,2.90,AUD
8802820,1,3,311835,Kayak Rental 2 hr,2025-08-23T15:45:00Z,2025-08-22T01:37:01Z,2025-08-22T01:37:01Z,LIVE,2,70.00,5.78,USD
8802821,1,4,311836,Casual Climb,2025-09-20T06:45:00Z,2025-08-22T02:14:22Z,2025-08-22T02:14:22Z,LIVE,2,58.00,5.80,AUD
8802822,1,4,311837,Intro to Bouldering,2025-08-30T07:45:00Z,2025-08-22T03:12:49Z,2025-08-22T03:12:49Z,LIVE,3,147.00,14.70,AUD
8802823,1,4,311838,Casual Climb,2025-08-23T05:30:00Z,2025-08-22T03:56:05Z,2025-08-22T03:56:05Z,LIVE,3,87.00,8.70,AUD
8802824,1,3,311839,Half-Day River Tour,2025-08-22T13:00:00Z,2025-08-22T04:48:33Z,2025-08-22T04:48:33Z,LIVE,4,316.00,26.07,USD
8802766,2,4,311810,Casual Climb,2025-08-24T07:45:00Z,2025-08-18T04:14:55Z,2025-08-22T05:38:49Z,CANCELLED,4,116.00,11.60,AUD
8802558,2,5,311680,Private Group Game,2025-08-29T17:30:00Z,2025-08-01T22:16:06Z,2025-08-22T08:22:00Z,CANCELLED,12,660.00,19.14,USD
8802825,1,1,311296,The Vault (60 min),2025-08-28T20:00:00Z,2025-08-22T12:12:55Z,2025-08-22T12:12:55Z,LIVE,5,125.00,25.00,GBP
8802826,1,1,310667,Asylum (60 min),2025-08-23T17:30:00Z,2025-08-22T12:25:46Z,2025-08-22T12:25:46Z,LIVE,4,112.00,22.40,GBP
8802827,1,3,311840,Sunrise Paddle,2025-09-19T13:15:00Z,2025-08-22T13:25:03Z,2025-08-22T13:25:03Z,LIVE,1,45.00,3.71,USD
8802828,1,3,311841,Half-Day River Tour,2025-08-23T13:30:00Z,2025-08-22T15:02:10Z,2025-08-22T15:02:10Z,LIVE,1,79.00,6.52,USD
8802829,1,2,311842,Axe Throwing 90 min,2025-08-23T19:30:00Z,2025-08-22T17:19:03Z,2025-08-22T17:19:03Z,LIVE,2,78.00,17.94,EUR
8802735,2,2,311794,Axe Throwing 90 min,2025-09-05T12:15:00Z,2025-08-15T14:58:53Z,2025-08-22T17:51:09Z,LIVE,5,195.00,44.85,EUR
8802830,1,5,311843,Private Group Game,2025-08-24T18:30:00Z,2025-08-22T20:08:07Z,2025-08-22T20:08:07Z,LIVE,8,440.00,12.76,USD
8802831,1,4,310273,Kids Climb Session,2025-09-10T09:30:00Z,2025-08-22T21:18:19Z,2025-08-22T21:18:19Z,LIVE,2,48.00,4.80,AUD
8802832,1,5,310094,Private Group Game,2025-09-20T19:00:00Z,2025-08-22T22:22:23Z,2025-08-22T22:22:23Z,LIVE,6,330.00,9.57,USD
8802774,2,3,311813,Sunrise Paddle,2025-08-29T16:30:00Z,2025-08-19T00:51:27Z,2025-08-22T23:40:33Z,LIVE,5,225.00,18.56,USD
8802719,2,2,311783,Axe Throwing 90 min,2025-08-30T17:00:00Z,2025-08-14T08:34:29Z,2025-08-23T00:34:02Z,CANCELLED,2,78.00,17.94,EUR
8802833,1,4,310040,Casual Climb,2025-08-23T04:00:00Z,2025-08-23T03:04:26Z,2025-08-23T03:04:26Z,LIVE,3,87.00,8.70,AUD
8802834,1,3,311844,Sunrise Paddle,2025-08-24T14:00:00Z,2025-08-23T03:27:03Z,2025-08-23T03:27:03Z,LIVE,5,225.00,18.56,USD
8802797,2,1,310629,Mini Mystery (30 min),2025-08-28T16:45:00Z,2025-08-21T08:17:51Z,2025-08-23T07:14:13Z,LIVE,8,120.00,24.00,GBP
8802835,1,4,311845,Intro to Bouldering,2025-09-06T06:15:00Z,2025-08-23T08:53:35Z,2025-08-23T08:53:35Z,LIVE,2,98.00,9.80,AUD
8802836,1,1,310385,Asylum (60 min),2025-08-31T15:45:00Z,2025-08-23T11:26:41Z,2025-08-23T11:26:41Z,LIVE,3,84.00,16.80,GBP
8802837,1,1,311846,Mini Mystery (30 min),2025-08-23T15:30:00Z,2025-08-23T13:19:08Z,2025-08-23T13:19:08Z,LIVE,5,75.00,15.00,GBP
8802838,1,2,311847,Axe Throwing 60 min,2025-08-23T18:00:00Z,2025-08-23T13:26:31Z,2025-08-23T13:26:31Z,LIVE,2,58.00,13.34,EUR
8802839,1,2,310200,Axe Throwing 90 min,2025-08-23T19:30:00Z,2025-08-23T16:28:00Z,2025-08-23T16:28:00Z,LIVE,4,156.00,35.88,EUR
8802840,1,3,311848,Sunrise Paddle,2025-09-18T14:15:00Z,2025-08-23T17:08:39Z,2025-08-23T17:08:39Z,LIVE,2,90.00,7.43,USD
8802841,1,3,311849,Sunrise Paddle,2025-08-23T20:30:00Z,2025-08-23T17:57:25Z,2025-08-23T17:57:25Z,LIVE,2,90.00,7.43,USD
8802830,2,5,311843,Private Group Game,2025-08-24T18:30:00Z,2025-08-22T20:08:07Z,2025-08-23T20:16:30Z,CANCELLED,8,440.00,12.76,USD
8802842,1,5,311850,Private Group Game,2025-08-29T15:00:00Z,2025-08-23T23:53:39Z,2025-08-23T23:53:39Z,LIVE,8,440.00,12.76,USD
8802843,1,3,311851,Sunrise Paddle,2025-08-28T15:15:00Z,2025-08-24T00:00:22Z,2025-08-24T00:00:22Z,LIVE,1,45.00,3.71,USD
8802844,1,3,311852,Kayak Rental 2 hr,2025-11-13T17:00:00Z,2025-08-24T00:01:22Z,2025-08-24T00:01:22Z,LIVE,1,35.00,2.89,USD
8802433,2,4,311596,Kids Climb Session,2025-09-05T09:15:00Z,2025-07-23T09:17:37Z,2025-08-24T00:35:51Z,CANCELLED,4,96.00,9.60,AUD
8802845,1,4,311853,Kids Climb Session,2025-08-30T05:15:00Z,2025-08-24T00:44:14Z,2025-08-24T00:44:14Z,LIVE,3,72.00,7.20,AUD
8802846,1,4,311854,Intro to Bouldering,2025-08-24T02:30:00Z,2025-08-24T01:41:17Z,2025-08-24T01:41:17Z,LIVE,4,196.00,19.60,AUD
8802846,2,4,311854,Intro to Bouldering,2025-08-24T02:30:00Z,2025-08-24T01:41:17Z,2025-08-24T01:57:22Z,LIVE,5,245.00,24.50,AUD
8802847,1,4,311239,Casual Climb,2025-08-27T08:00:00Z,2025-08-24T04:07:37Z,2025-08-24T04:07:37Z,LIVE,4,116.00,11.60,AUD
8802848,1,5,310093,Open Play,2025-08-28T19:30:00Z,2025-08-24T04:22:32Z,2025-08-24T04:22:32Z,LIVE,6,234.00,6.79,USD
8802848,1,5,310093,Open Play,2025-08-28T19:30:00Z,2025-08-24T04:22:32Z,2025-08-24T04:22:32Z,LIVE,6,234.00,6.79,USD
8802849,1,4,311855,Kids Climb Session,2025-08-24T06:00:00Z,2025-08-24T04:36:52Z,2025-08-24T04:36:52Z,LIVE,3,72.00,7.20,AUD
8802850,1,1,311856,Asylum (60 min),2025-09-21T17:00:00Z,2025-08-24T06:52:37Z,2025-08-24T06:52:37Z,LIVE,5,140.00,28.00,GBP
8802851,1,2,311559,Axe Throwing 90 min,2025-08-24T19:30:00Z,2025-08-24T07:33:59Z,2025-08-24T07:33:59Z,LIVE,3,117.00,26.91,EUR
8802852,1,1,311857,The Vault (60 min),2025-08-24T16:00:00Z,2025-08-24T09:55:27Z,2025-08-24T09:55:27Z,LIVE,2,50.00,10.00,GBP
8802853,1,2,311660,Axe Throwing 90 min,2025-09-21T19:00:00Z,2025-08-24T10:20:54Z,2025-08-24T10:20:54Z,LIVE,7,273.00,62.79,EUR
8802854,1,1,311437,Asylum (60 min),2025-08-24T19:30:00Z,2025-08-24T10:49:53Z,2025-08-24T10:49:53Z,LIVE,6,168.00,33.60,GBP
8802855,1,3,311029,Kayak Rental 2 hr,2025-08-24T14:00:00Z,2025-08-24T13:11:35Z,2025-08-24T13:11:35Z,LIVE,2,70.00,5.78,USD
8802856,1,2,311168,Axe Throwing 60 min,2025-08-30T16:30:00Z,2025-08-24T13:40:38Z,2025-08-24T13:40:38Z,LIVE,7,203.00,46.69,EUR
8802857,1,3,311435,Half-Day River Tour,2025-08-30T18:00:00Z,2025-08-24T15:47:34Z,2025-08-24T15:47:34Z,LIVE,3,237.00,19.55,USD
8802858,1,3,311858,Half-Day River Tour,2025-08-30T13:00:00Z,2025-08-24T19:08:13Z,2025-08-24T19:08:13Z,LIVE,3,237.00,19.55,USD
8802859,1,2,310001,Axe Throwing 60 min,2025-10-17T19:30:00Z,2025-08-24T20:32:38Z,2025-08-24T20:32:38Z,LIVE,5,145.00,33.35,EUR
8802860,1,4,310011,Kids Climb Session,2025-08-29T08:00:00Z,2025-08-24T21:09:08Z,2025-08-24T21:09:08Z,LIVE,1,24.00,2.40,AUD
8802861,1,5,310794,Private Group Game,2025-08-30T17:00:00Z,2025-08-25T01:07:48Z,2025-08-25T01:07:48Z,LIVE,5,275.00,7.98,USD
8802862,1,3,310953,Kayak Rental 2 hr,2025-09-04T14:30:00Z,2025-08-25T04:19:37Z,2025-08-25T04:19:37Z,LIVE,3,105.00,8.66,USD
8802863,1,1,311859,Mini Mystery (30 min),2025-08-30T19:00:00Z,2025-08-25T06:01:27Z,2025-08-25T06:01:27Z,LIVE,4,60.00,12.00,GBP
8802864,1,2,311643,Axe Throwing 60 min,2025-09-05T19:30:00Z,2025-08-25T07:24:39Z,2025-08-25T07:24:39Z,LIVE,2,58.00,13.34,EUR
8802865,1,4,311860,Intro to Bouldering,2025-09-05T08:15:00Z,2025-08-25T08:04:11Z,2025-08-25T08:04:11Z,LIVE,1,49.00,4.90,AUD
8802866,1,2,310114,Axe Throwing 90 min,2025-09-15T17:00:00Z,2025-08-25T09:55:24Z,2025-08-25T09:55:24Z,LIVE,2,78.00,17.94,EUR
8802867,1,5,310208,Open Play,2025-08-31T20:30:00Z,2025-08-25T13:10:40Z,2025-08-25T13:10:40Z,LIVE,8,312.00,9.05,USD
8802868,1,4,311861,Casual Climb,2025-10-19T00:45:00Z,2025-08-25T13:44:51Z,2025-08-25T13:44:51Z,LIVE,1,29.00,2.90,AUD
8802591,2,1,311703,The Vault (60 min),2025-08-31T18:45:00Z,2025-08-04T20:25:19Z,2025-08-25T15:09:55Z,CANCELLED,2,50.00,10.00,GBP
8802869,1,2,311862,Axe Throwing 60 min,2025-09-13T20:00:00Z,2025-08-25T16:32:49Z,2025-08-25T16:32:49Z,LIVE,7,203.00,46.69,EUR
8802870,1,2,310514,Axe Throwing 60 min,2025-09-19T20:00:00Z,2025-08-25T18:06:08Z,2025-08-25T18:06:08Z,LIVE,5,145.00,33.35,EUR
8802871,1,6,310447,Test Experience,2025-09-01T13:30:00Z,2025-08-25T21:33:43Z,2025-08-25T21:33:43Z,LIVE,3,3.00,0.60,GBP
8802872,1,5,311863,Private Group Game,2025-11-21T18:15:00Z,2025-08-25T23:44:44Z,2025-08-25T23:44:44Z,LIVE,4,220.00,6.38,USD
8802802,2,5,311485,Open Play,2025-09-03T16:00:00Z,2025-08-21T13:22:19Z,2025-08-26T00:44:52Z,LIVE,11,429.00,12.44,USD
8802873,1,3,311864,Sunrise Paddle,2025-08-29T14:30:00Z,2025-08-26T04:06:47Z,2025-08-26T04:06:47Z,LIVE,2,90.00,7.43,USD
8802874,1,2,311865,Axe Throwing 90 min,2025-08-31T16:15:00Z,2025-08-26T06:14:11Z,2025-08-26T06:14:11Z,LIVE,8,312.00,71.76,EUR
8802875,1,1,311866,The Vault (60 min),2025-09-02T13:45:00Z,2025-08-26T06:32:11Z,2025-08-26T06:32:11Z,LIVE,6,150.00,30.00,GBP
8802876,1,1,311867,The Vault (60 min),2025-09-04T19:00:00Z,2025-08-26T15:59:39Z,2025-08-26T15:59:39Z,LIVE,2,50.00,10.00,GBP
8802877,1,4,311705,Intro to Bouldering,2025-08-26T23:30:00Z,2025-08-26T22:07:38Z,2025-08-26T22:07:38Z,LIVE,3,147.00,14.70,AUD
8802877,2,4,311705,Intro to Bouldering,2025-08-26T23:30:00Z,2025-08-26T22:07:38Z,2025-08-26T22:42:18Z,LIVE,5,245.00,24.50,AUD
8802878,1,1,311868,The Vault (60 min),2025-10-21T18:45:00Z,2025-08-26T22:45:36Z,2025-08-26T22:45:36Z,LIVE,5,125.00,25.00,GBP
8802879,1,3,311869,Kayak Rental 2 hr,2025-08-27T13:30:00Z,2025-08-26T23:07:45Z,2025-08-26T23:07:45Z,LIVE,2,70.00,5.78,USD
8802797,3,1,310629,Mini Mystery (30 min),2025-08-28T16:45:00Z,2025-08-21T08:17:51Z,2025-08-27T00:07:02Z,CANCELLED,8,120.00,24.00,GBP
8802880,1,4,311478,Kids Climb Session,2025-08-27T07:15:00Z,2025-08-27T02:25:42Z,2025-08-27T02:25:42Z,LIVE,1,24.00,2.40,AUD
8802881,1,5,310208,Open Play,2025-08-31T16:30:00Z,2025-08-27T04:37:38Z,2025-08-27T04:37:38Z,LIVE,11,429.00,12.44,USD
8802842,2,5,311850,Private Group Game,2025-08-29T15:00:00Z,2025-08-23T23:53:39Z,2025-08-27T05:38:30Z,CANCELLED,8,440.00,12.76,USD
8802835,2,4,311845,Intro to Bouldering,2025-09-06T06:15:00Z,2025-08-23T08:53:35Z,2025-08-27T06:04:38Z,LIVE,3,147.00,14.70,AUD
8802882,1,2,311870,Axe Throwing 60 min,2025-09-02T14:15:00Z,2025-08-27T06:38:16Z,2025-08-27T06:38:16Z,LIVE,4,116.00,26.68,EUR
8802673,2,1,311753,The Vault (60 min),2025-08-31T19:30:00Z,2025-08-10T21:59:25Z,2025-08-27T07:13:45Z,CANCELLED,3,75.00,15.00,GBP
8802883,1,1,311871,Mini Mystery (30 min),2025-08-30T14:45:00Z,2025-08-27T09:52:56Z,2025-08-27T09:52:56Z,LIVE,3,45.00,9.00,GBP
8802884,1,4,310306,Kids Climb Session,2025-08-30T00:00:00Z,2025-08-27T10:27:20Z,2025-08-27T10:27:20Z,LIVE,4,96.00,9.60,AUD
8802885,1,2,311872,Axe Throwing 60 min,2025-09-22T17:15:00Z,2025-08-27T10:42:52Z,2025-08-27T10:42:52Z,LIVE,3,87.00,20.01,EUR
8802886,1,2,311415,Axe Throwing 60 min,2025-09-05T17:45:00Z,2025-08-27T14:17:37Z,2025-08-27T14:17:37Z,LIVE,2,58.00,13.34,EUR
8802887,1,3,311873,Kayak Rental 2 hr,2025-08-28T11:15:00Z,2025-08-27T17:36:16Z,2025-08-27T17:36:16Z,LIVE,5,175.00,14.44,USD
8802888,1,2,311874,Axe Throwing 60 min,2025-08-30T12:15:00Z,2025-08-27T17:43:43Z,2025-08-27T17:43:43Z,LIVE,7,203.00,46.69,EUR
8802889,1,3,310881,Half-Day River Tour,2025-09-16T14:00:00Z,2025-08-27T17:49:36Z,2025-08-27T17:49:36Z,LIVE,5,395.00,32.59,USD
8802890,1,4,311875,Intro to Bouldering,2025-09-27T00:15:00Z,2025-08-27T22:20:05Z,2025-08-27T22:20:05Z,LIVE,3,147.00,14.70,AUD
8802891,1,5,311876,Private Group Game,2025-08-31T19:45:00Z,2025-08-27T22:59:22Z,2025-08-27T22:59:22Z,LIVE,7,385.00,11.17,USD
8802892,1,3,310704,Sunrise Paddle,2025-08-30T13:30:00Z,2025-08-28T00:44:57Z,2025-08-28T00:44:57Z,LIVE,2,90.00,7.43,USD
8802893,1,3,311877,Half-Day River Tour,2025-09-02T12:00:00Z,2025-08-28T04:59:12Z,2025-08-28T04:59:12Z,LIVE,2,158.00,13.04,USD
8802894,1,1,311878,The Vault (60 min),2025-09-26T18:15:00Z,2025-08-28T08:47:49Z,2025-08-28T08:47:49Z,LIVE,2,50.00,10.00,GBP
8802895,1,6,311879,Test Experience,2025-08-28T13:45:00Z,2025-08-28T09:55:36Z,2025-08-28T09:55:36Z,LIVE,1,1.00,0.20,GBP
8802896,1,4,310733,Intro to Bouldering,2025-09-01T07:30:00Z,2025-08-28T12:31:09Z,2025-08-28T12:31:09Z,LIVE,3,147.00,14.70,AUD
8802897,1,2,311880,Axe Throwing 60 min,2025-09-17T12:30:00Z,2025-08-28T13:38:59Z,2025-08-28T13:38:59Z,LIVE,6,174.00,40.02,EUR
8802898,1,2,310199,Axe Throwing 90 min,2025-09-02T16:30:00Z,2025-08-28T18:14:20Z,2025-08-28T18:14:20Z,LIVE,2,78.00,17.94,EUR
8802899,1,1,310765,The Vault (60 min),2025-09-06T16:00:00Z,2025-08-28T19:38:34Z,2025-08-28T19:38:34Z,LIVE,2,50.00,10.00,GBP
8802900,1,3,311881,Kayak Rental 2 hr,2025-09-02T14:30:00Z,2025-08-28T21:12:23Z,2025-08-28T21:12:23Z,LIVE,4,140.00,11.55,USD
8802901,1,1,311119,Mini Mystery (30 min),2025-08-31T17:00:00Z,2025-08-28T22:44:05Z,2025-08-28T22:44:05Z,LIVE,3,45.00,9.00,GBP
8802902,1,4,311095,Kids Climb Session,2025-09-13T04:30:00Z,2025-08-29T01:59:28Z,2025-08-29T01:59:28Z,LIVE,2,48.00,4.80,AUD
8802903,1,3,311882,Kayak Rental 2 hr,2025-08-31T18:30:00Z,2025-08-29T02:53:09Z,2025-08-29T02:53:09Z,LIVE,4,140.00,11.55,USD
8802904,1,5,311832,Private Group Game,2025-10-31T21:30:00Z,2025-08-29T02:59:53Z,2025-08-29T02:59:53Z,LIVE,6,330.00,9.57,USD
8802905,1,4,311883,Casual Climb,2025-08-29T07:00:00Z,2025-08-29T04:23:57Z,2025-08-29T04:23:57Z,LIVE,3,87.00,8.70,AUD
8802906,1,2,311884,Axe Throwing 60 min,2025-09-06T14:00:00Z,2025-08-29T06:27:00Z,2025-08-29T06:27:00Z,LIVE,2,58.00,13.34,EUR
8802907,1,4,310166,Kids Climb Session,2025-08-31T00:15:00Z,2025-08-29T07:29:37Z,2025-08-29T07:29:37Z,LIVE,2,48.00,4.80,AUD
8802907,1,4,310166,Kids Climb Session,2025-08-31T00:15:00Z,2025-08-29T07:29:37Z,2025-08-29T07:29:37Z,LIVE,2,48.00,4.80,AUD
8802074,2,1,311363,Mini Mystery (30 min),2025-09-06T18:45:00Z,2025-06-24T09:15:13Z,2025-08-29T09:11:59Z,CANCELLED,3,45.00,9.00,GBP
8802908,1,4,311885,Casual Climb,2025-09-06T05:00:00Z,2025-08-29T10:15:35Z,2025-08-29T10:15:35Z,LIVE,4,116.00,11.60,AUD
8802909,1,1,311073,Asylum (60 min),2025-10-23T18:00:00Z,2025-08-29T10:24:39Z,2025-08-29T10:24:39Z,LIVE,6,168.00,33.60,GBP
8802910,1,1,310385,Mini Mystery (30 min),2025-08-30T19:30:00Z,2025-08-29T11:12:21Z,2025-08-29T11:12:21Z,LIVE,4,60.00,12.00,GBP
8802911,1,4,311886,Casual Climb,2025-09-21T09:45:00Z,2025-08-29T12:44:11Z,2025-08-29T12:44:11Z,LIVE,1,29.00,2.90,AUD
8802912,1,3,311887,Kayak Rental 2 hr,2025-08-29T14:00:00Z,2025-08-29T13:24:28Z,2025-08-29T13:24:28Z,LIVE,5,175.00,14.44,USD
8802913,1,3,311888,Half-Day River Tour,2025-08-29T18:00:00Z,2025-08-29T13:41:05Z,2025-08-29T13:41:05Z,LIVE,1,79.00,6.52,USD
8802914,1,3,311889,Half-Day River Tour,2025-08-29T15:00:00Z,2025-08-29T13:50:44Z,2025-08-29T13:50:44Z,LIVE,2,158.00,13.04,USD
8802915,1,1,311710,Asylum (60 min),2025-09-30T18:00:00Z,2025-08-29T14:29:40Z,2025-08-29T14:29:40Z,LIVE,4,112.00,22.40,GBP
8802916,1,2,310129,Axe Throwing 90 min,2025-08-30T19:00:00Z,2025-08-29T15:58:48Z,2025-08-29T15:58:48Z,LIVE,6,234.00,53.82,EUR
8802917,1,2,311890,Axe Throwing 60 min,2025-08-30T19:30:00Z,2025-08-29T22:15:31Z,2025-08-29T22:15:31Z,LIVE,4,116.00,26.68,EUR
8802918,1,3,311891,Half-Day River Tour,2025-09-02T15:00:00Z,2025-08-30T04:31:04Z,2025-08-30T04:31:04Z,LIVE,4,316.00,26.07,USD
8802862,2,3,310953,Kayak Rental 2 hr,2025-09-04T14:30:00Z,2025-08-25T04:19:37Z,2025-08-30T05:06:35Z,LIVE,4,140.00,11.55,USD
8802919,1,4,311892,Kids Climb Session,2025-09-04T09:00:00Z,2025-08-30T06:09:32Z,2025-08-30T06:09:32Z,LIVE,4,96.00,9.60,AUD
8802920,1,4,310167,Kids Climb Session,2025-08-30T09:15:00Z,2025-08-30T07:11:16Z,2025-08-30T07:11:16Z,LIVE,1,24.00,2.40,AUD
8802921,1,1,311893,The Vault (60 min),2025-08-30T13:30:00Z,2025-08-30T07:27:50Z,2025-08-30T07:27:50Z,LIVE,5,125.00,25.00,GBP
8802920,2,4,310167,Kids Climb Session,2025-08-30T09:15:00Z,2025-08-30T07:11:16Z,2025-08-30T08:17:42Z,CANCELLED,1,24.00,2.40,AUD
8802922,1,2,311894,Axe Throwing 90 min,2025-09-05T16:45:00Z,2025-08-30T09:44:53Z,2025-08-30T09:44:53Z,LIVE,7,273.00,62.79,EUR
8802921,2,1,311893,The Vault (60 min),2025-08-30T13:30:00Z,2025-08-30T07:27:50Z,2025-08-30T10:00:51Z,LIVE,6,150.00,30.00,GBP
8802606,2,5,310809,Open Play,2025-09-01T17:45:00Z,2025-08-06T00:10:33Z,2025-08-30T11:27:22Z,CANCELLED,4,156.00,4.52,USD
8802923,1,3,311895,Sunrise Paddle,2025-08-30T14:30:00Z,2025-08-30T12:39:53Z,2025-08-30T12:39:53Z,LIVE,4,180.00,14.85,USD
8802924,1,1,311896,The Vault (60 min),2025-08-30T18:00:00Z,2025-08-30T12:58:09Z,2025-08-30T12:58:09Z,LIVE,6,150.00,30.00,GBP
8802925,1,5,310989,Private Group Game,2025-09-13T16:30:00Z,2025-08-30T14:51:05Z,2025-08-30T14:51:05Z,LIVE,10,550.00,15.95,USD
8802917,2,2,311890,Axe Throwing 60 min,2025-08-30T19:30:00Z,2025-08-29T22:15:31Z,2025-08-30T15:12:11Z,CANCELLED,4,116.00,26.68,EUR
8802750,2,5,311802,Private Group Game,2025-09-09T20:00:00Z,2025-08-17T01:54:02Z,2025-08-30T15:45:01Z,CANCELLED,12,660.00,19.14,USD
8802926,1,5,310584,Private Group Game,2025-08-30T20:30:00Z,2025-08-30T16:07:31Z,2025-08-30T16:07:31Z,LIVE,12,660.00,19.14,USD
8802927,1,5,311897,Private Group Game,2025-10-04T17:30:00Z,2025-08-30T16:50:57Z,2025-08-30T16:50:57Z,LIVE,5,275.00,7.98,USD
8802928,1,1,311898,Asylum (60 min),2025-08-31T19:00:00Z,2025-08-30T20:09:30Z,2025-08-30T20:09:30Z,LIVE,2,56.00,11.20,GBP
8802862,3,3,310953,Kayak Rental 2 hr,2025-09-04T14:30:00Z,2025-08-25T04:19:37Z,2025-08-31T02:14:00Z,CANCELLED,4,140.00,11.55,USD
8802929,1,4,311899,Casual Climb,2025-08-31T07:30:00Z,2025-08-31T04:18:59Z,2025-08-31T04:18:59Z,LIVE,3,87.00,8.70,AUD
8802930,1,1,311900,Asylum (60 min),2025-08-31T15:30:00Z,2025-08-31T07:47:07Z,2025-08-31T07:47:07Z,LIVE,2,56.00,11.20,GBP
8802931,1,1,310336,Mini Mystery (30 min),2025-09-05T13:00:00Z,2025-08-31T11:18:57Z,2025-08-31T11:18:57Z,LIVE,4,60.00,12.00,GBP
8802373,2,3,310004,Sunrise Paddle,2025-09-19T14:45:00Z,2025-07-18T01:36:51Z,2025-08-31T11:24:25Z,CANCELLED,1,45.00,3.71,USD
8802901,2,1,311119,Mini Mystery (30 min),2025-08-31T17:00:00Z,2025-08-28T22:44:05Z,2025-08-31T12:05:06Z,CANCELLED,3,45.00,9.00,GBP
8802932,1,5,311901,Private Group Game,2025-09-04T18:45:00Z,2025-08-31T13:18:03Z,2025-08-31T13:18:03Z,LIVE,5,275.00,7.98,USD
8802802,3,5,311485,Open Play,2025-09-03T16:00:00Z,2025-08-21T13:22:19Z,2025-08-31T21:35:02Z,CANCELLED,11,429.00,12.44,USD
8802933,1,1,311902,The Vault (60 min),2025-09-06T15:45:00Z,2025-08-31T22:17:42Z,2025-08-31T22:17:42Z,LIVE,3,75.00,15.00,GBP
8802781,2,5,310713,Open Play,2025-09-07T20:00:00Z,2025-08-19T17:48:59Z,2025-08-31T22:18:06Z,CANCELLED,12,468.00,13.57,USD
8802934,1,3,310421,Sunrise Paddle,2025-11-15T14:00:00Z,2025-08-31T22:48:40Z,2025-08-31T22:48:40Z,LIVE,1,45.00,3.71,USD
8802934,1,3,310421,Sunrise Paddle,2025-11-15T14:00:00Z,2025-08-31T22:48:40Z,2025-08-31T22:48:40Z,LIVE,1,45.00,3.71,USD
8802935,1,5,311903,Open Play,2025-09-02T19:00:00Z,2025-08-31T23:09:50Z,2025-08-31T23:09:50Z,LIVE,11,429.00,12.44,USD
8802936,1,5,311054,Open Play,2025-09-21T19:00:00Z,2025-08-31T23:38:54Z,2025-08-31T23:38:54Z,LIVE,4,156.00,4.52,USD
8802937,1,2,310726,Axe Throwing 90 min,2025-09-21T19:15:00Z,2025-09-01T07:21:39Z,2025-09-01T07:21:39Z,LIVE,2,78.00,17.94,EUR
8802938,1,4,311904,Intro to Bouldering,2025-09-05T08:45:00Z,2025-09-01T08:49:47Z,2025-09-01T08:49:47Z,LIVE,2,98.00,9.80,AUD
8802821,2,4,311836,Casual Climb,2025-09-20T06:45:00Z,2025-08-22T02:14:22Z,2025-09-01T09:29:55Z,LIVE,4,116.00,11.60,AUD
8802939,1,2,311905,Axe Throwing 90 min,2025-09-02T20:30:00Z,2025-09-01T10:36:02Z,2025-09-01T10:36:02Z,LIVE,7,273.00,62.79,EUR
8802940,1,1,311906,The Vault (60 min),2025-09-27T17:00:00Z,2025-09-01T13:48:16Z,2025-09-01T13:48:16Z,LIVE,3,75.00,15.00,GBP
8802941,1,6,311907,Test Experience,2025-11-05T11:00:00Z,2025-09-01T16:37:41Z,2025-09-01T16:37:41Z,LIVE,1,1.00,0.20,GBP
8802942,1,2,310885,Axe Throwing 60 min,2025-09-17T18:15:00Z,2025-09-01T18:16:27Z,2025-09-01T18:16:27Z,LIVE,2,58.00,13.34,EUR
8802943,1,5,311908,Private Group Game,2025-10-18T17:00:00Z,2025-09-01T20:10:30Z,2025-09-01T20:10:30Z,LIVE,6,330.00,9.57,USD
8802944,1,4,311723,Kids Climb Session,2025-09-06T07:00:00Z,2025-09-01T23:19:16Z,2025-09-01T23:19:16Z,LIVE,2,48.00,4.80,AUD
8802945,1,4,310128,Casual Climb,2025-09-05T02:00:00Z,2025-09-02T02:09:09Z,2025-09-02T02:09:09Z,LIVE,2,58.00,5.80,AUD
8802946,1,5,311909,Open Play,2025-09-05T20:15:00Z,2025-09-02T02:26:32Z,2025-09-02T02:26:32Z,LIVE,12,468.00,13.57,USD
8802947,1,4,311910,Casual Climb,2025-09-13T00:30:00Z,2025-09-02T04:22:45Z,2025-09-02T04:22:45Z,LIVE,1,29.00,2.90,AUD
8802948,1,4,310075,Casual Climb,2025-09-27T00:00:00Z,2025-09-02T06:39:39Z,2025-09-02T06:39:39Z,LIVE,2,58.00,5.80,AUD
8802949,1,4,311911,Intro to Bouldering,2025-09-05T06:30:00Z,2025-09-02T12:56:15Z,2025-09-02T12:56:15Z,LIVE,3,147.00,14.70,AUD
8802950,1,3,311912,Half-Day River Tour,2025-09-03T11:30:00Z,2025-09-02T17:21:29Z,2025-09-02T17:21:29Z,LIVE,3,237.00,19.55,USD
8802951,1,3,311913,Half-Day River Tour,2025-09-05T16:15:00Z,2025-09-02T18:28:56Z,2025-09-02T18:28:56Z,LIVE,4,316.00,26.07,USD
8802952,1,5,311914,Open Play,2025-09-05T19:00:00Z,2025-09-03T00:18:34Z,2025-09-03T00:18:34Z,LIVE,4,156.00,4.52,USD
8802953,1,4,311915,Kids Climb Session,2025-09-03T07:30:00Z,2025-09-03T01:50:44Z,2025-09-03T01:50:44Z,LIVE,4,96.00,9.60,AUD
8802072,2,5,310560,Open Play,2025-09-13T21:30:00Z,2025-06-24T05:09:08Z,2025-09-03T03:41:46Z,CANCELLED,11,429.00,12.44,USD
8802954,1,2,311916,Axe Throwing 60 min,2025-11-27T18:15:00Z,2025-09-03T06:44:15Z,2025-09-03T06:44:15Z,LIVE,6,174.00,40.02,EUR
8802906,2,2,311884,Axe Throwing 60 min,2025-09-06T14:00:00Z,2025-08-29T06:27:00Z,2025-09-03T08:31:22Z,CANCELLED,2,58.00,13.34,EUR
8802955,1,1,310430,Mini Mystery (30 min),2025-10-10T19:45:00Z,2025-09-03T09:05:29Z,2025-09-03T09:05:29Z,LIVE,5,75.00,15.00,GBP
8802956,1,2,311917,Axe Throwing 90 min,2025-09-05T18:15:00Z,2025-09-03T10:08:14Z,2025-09-03T10:08:14Z,LIVE,3,117.00,26.91,EUR
8802957,1,2,311918,Axe Throwing 90 min,2025-09-03T19:15:00Z,2025-09-03T11:01:03Z,2025-09-03T11:01:03Z,LIVE,6,234.00,53.82,EUR
8802957,1,2,311918,Axe Throwing 90 min,2025-09-03T19:15:00Z,2025-09-03T11:01:03Z,2025-09-03T11:01:03Z,LIVE,6,234.00,53.82,EUR
8802958,1,2,311919,Axe Throwing 60 min,2025-09-08T17:00:00Z,2025-09-03T11:05:04Z,2025-09-03T11:05:04Z,LIVE,5,145.00,33.35,EUR
8802959,1,1,311920,The Vault (60 min),2025-09-03T17:30:00Z,2025-09-03T12:45:37Z,2025-09-03T12:45:37Z,LIVE,3,75.00,15.00,GBP
8802960,1,5,311921,Open Play,2025-09-10T20:30:00Z,2025-09-03T13:02:33Z,2025-09-03T13:02:33Z,LIVE,7,273.00,7.92,USD
8802957,2,2,311918,Axe Throwing 90 min,2025-09-03T19:15:00Z,2025-09-03T11:01:03Z,2025-09-03T13:23:10Z,LIVE,8,312.00,71.76,EUR
8802961,1,6,311922,Test Experience,2025-09-19T14:30:00Z,2025-09-03T13:28:02Z,2025-09-03T13:28:02Z,LIVE,2,2.00,0.40,GBP
8802962,1,2,310221,Axe Throwing 60 min,2025-09-10T18:30:00Z,2025-09-03T14:20:18Z,2025-09-03T14:20:18Z,LIVE,8,232.00,53.36,EUR
8802963,1,3,311923,Half-Day River Tour,2025-09-07T15:15:00Z,2025-09-03T14:32:11Z,2025-09-03T14:32:11Z,LIVE,1,79.00,6.52,USD
8802964,1,3,311924,Half-Day River Tour,2025-09-05T18:45:00Z,2025-09-03T14:34:18Z,2025-09-03T14:34:18Z,LIVE,1,79.00,6.52,USD
8802965,1,5,310722,Open Play,2025-09-03T20:45:00Z,2025-09-03T15:23:40Z,2025-09-03T15:23:40Z,LIVE,12,468.00,13.57,USD
8802966,1,1,311925,The Vault (60 min),2025-10-03T19:45:00Z,2025-09-03T21:17:32Z,2025-09-03T21:17:32Z,LIVE,6,150.00,30.00,GBP
8802758,2,2,311807,Axe Throwing 60 min,2025-09-05T18:00:00Z,2025-08-17T15:28:26Z,2025-09-04T01:27:30Z,CANCELLED,2,58.00,13.34,EUR
8802967,1,2,310129,Axe Throwing 90 min,2025-09-28T19:45:00Z,2025-09-04T09:13:56Z,2025-09-04T09:13:56Z,LIVE,6,234.00,53.82,EUR
8802944,2,4,311723,Kids Climb Session,2025-09-06T07:00:00Z,2025-09-01T23:19:16Z,2025-09-04T14:07:39Z,CANCELLED,2,48.00,4.80,AUD
8802949,2,4,311911,Intro to Bouldering,2025-09-05T06:30:00Z,2025-09-02T12:56:15Z,2025-09-04T17:14:46Z,CANCELLED,3,147.00,14.70,AUD
8802968,1,3,311926,Half-Day River Tour,2025-09-05T13:45:00Z,2025-09-04T18:05:49Z,2025-09-04T18:05:49Z,LIVE,5,395.00,32.59,USD
8802969,1,3,311891,Half-Day River Tour,2025-09-22T14:30:00Z,2025-09-04T21:12:01Z,2025-09-04T21:12:01Z,LIVE,3,237.00,19.55,USD
8802938,2,4,311904,Intro to Bouldering,2025-09-05T08:45:00Z,2025-09-01T08:49:47Z,2025-09-05T02:20:00Z,CANCELLED,2,98.00,9.80,AUD
8802970,1,1,311927,The Vault (60 min),2025-09-05T16:45:00Z,2025-09-05T06:44:07Z,2025-09-05T06:44:07Z,LIVE,5,125.00,25.00,GBP
8802925,2,5,310989,Private Group Game,2025-09-13T16:30:00Z,2025-08-30T14:51:05Z,2025-09-05T07:39:55Z,LIVE,12,660.00,19.14,USD
8802971,1,1,311928,Asylum (60 min),2025-10-31T21:30:00Z,2025-09-05T09:28:42Z,2025-09-05T09:28:42Z,LIVE,2,56.00,11.20,GBP
8802972,1,6,311929,Test Experience,2025-09-12T09:00:00Z,2025-09-05T09:39:07Z,2025-09-05T09:39:07Z,LIVE,2,2.00,0.40,GBP
8802973,1,6,311930,Test Experience,2025-09-24T10:30:00Z,2025-09-05T11:29:08Z,2025-09-05T11:29:08Z,LIVE,4,4.00,0.80,GBP
8802974,1,2,310784,Axe Throwing 90 min,2025-09-06T18:00:00Z,2025-09-05T11:35:37Z,2025-09-05T11:35:37Z,LIVE,4,156.00,35.88,EUR
8802975,1,3,311931,Kayak Rental 2 hr,2025-09-05T18:30:00Z,2025-09-05T13:29:55Z,2025-09-05T13:29:55Z,LIVE,2,70.00,5.78,USD
8802976,1,3,311932,Half-Day River Tour,2025-09-21T11:15:00Z,2025-09-05T17:22:11Z,2025-09-05T17:22:11Z,LIVE,3,237.00,19.55,USD
8802975,2,3,311931,Kayak Rental 2 hr,2025-09-05T18:30:00Z,2025-09-05T13:29:55Z,2025-09-05T17:23:03Z,CANCELLED,2,70.00,5.78,USD
8802977,1,5,311933,Open Play,2025-09-12T17:30:00Z,2025-09-05T18:24:29Z,2025-09-05T18:24:29Z,LIVE,7,273.00,7.92,USD
8802978,1,2,311613,Axe Throwing 90 min,2025-09-08T19:30:00Z,2025-09-05T19:59:36Z,2025-09-05T19:59:36Z,LIVE,6,234.00,53.82,EUR
8802911,2,4,311886,Casual Climb,2025-09-21T09:45:00Z,2025-08-29T12:44:11Z,2025-09-06T03:58:01Z,LIVE,2,58.00,5.80,AUD
8802947,2,4,311910,Casual Climb,2025-09-13T00:30:00Z,2025-09-02T04:22:45Z,2025-09-06T04:00:15Z,LIVE,2,58.00,5.80,AUD
8802979,1,1,311335,Asylum (60 min),2025-09-06T16:00:00Z,2025-09-06T07:09:14Z,2025-09-06T07:09:14Z,LIVE,6,168.00,33.60,GBP
8802980,1,4,310473,Intro to Bouldering,2025-11-12T05:00:00Z,2025-09-06T09:49:00Z,2025-09-06T09:49:00Z,LIVE,2,98.00,9.80,AUD
8802981,1,2,311934,Axe Throwing 60 min,2025-09-13T19:30:00Z,2025-09-06T09:58:52Z,2025-09-06T09:58:52Z,LIVE,5,145.00,33.35,EUR
8802982,1,1,311935,Asylum (60 min),2025-10-17T19:45:00Z,2025-09-06T12:07:04Z,2025-09-06T12:07:04Z,LIVE,2,56.00,11.20,GBP
8802983,1,5,311808,Private Group Game,2025-09-07T19:30:00Z,2025-09-06T14:03:39Z,2025-09-06T14:03:39Z,LIVE,5,275.00,7.98,USD
8802984,1,2,311936,Axe Throwing 60 min,2025-09-13T19:15:00Z,2025-09-06T18:46:56Z,2025-09-06T18:46:56Z,LIVE,5,145.00,33.35,EUR
8802985,1,6,311937,Test Experience,2025-09-10T13:45:00Z,2025-09-06T19:09:13Z,2025-09-06T19:09:13Z,LIVE,4,4.00,0.80,GBP
8802986,1,1,311122,Asylum (60 min),2025-10-16T19:15:00Z,2025-09-06T20:44:24Z,2025-09-06T20:44:24Z,LIVE,5,140.00,28.00,GBP
8802987,1,2,311938,Axe Throwing 60 min,2025-09-18T17:15:00Z,2025-09-06T20:56:41Z,2025-09-06T20:56:41Z,LIVE,4,116.00,26.68,EUR
8802988,1,1,311939,Asylum (60 min),2025-09-26T19:15:00Z,2025-09-06T21:11:30Z,2025-09-06T21:11:30Z,LIVE,6,168.00,33.60,GBP
8802989,1,2,311940,Axe Throwing 60 min,2025-10-07T16:00:00Z,2025-09-06T21:49:16Z,2025-09-06T21:49:16Z,LIVE,8,232.00,53.36,EUR
8802978,2,2,311613,Axe Throwing 90 min,2025-09-08T19:30:00Z,2025-09-05T19:59:36Z,2025-09-06T22:18:32Z,LIVE,7,273.00,62.79,EUR
8802990,1,4,311755,Casual Climb,2025-09-07T08:15:00Z,2025-09-06T23:13:08Z,2025-09-06T23:13:08Z,LIVE,2,58.00,5.80,AUD
8802991,1,3,311941,Kayak Rental 2 hr,2025-09-11T16:15:00Z,2025-09-07T03:37:14Z,2025-09-07T03:37:14Z,LIVE,4,140.00,11.55,USD
8802992,1,1,311405,Mini Mystery (30 min),2025-09-13T18:30:00Z,2025-09-07T10:45:06Z,2025-09-07T10:45:06Z,LIVE,2,30.00,6.00,GBP
8802993,1,2,311942,Axe Throwing 90 min,2025-09-10T19:45:00Z,2025-09-07T11:02:39Z,2025-09-07T11:02:39Z,LIVE,3,117.00,26.91,EUR
8802993,2,2,311942,Axe Throwing 90 min,2025-09-10T19:45:00Z,2025-09-07T11:02:39Z,2025-09-07T11:44:55Z,LIVE,4,156.00,35.88,EUR
8802994,1,5,311943,Open Play,2025-09-07T20:00:00Z,2025-09-07T14:24:07Z,2025-09-07T14:24:07Z,LIVE,6,234.00,6.79,USD
8802994,2,5,311943,Open Play,2025-09-07T20:00:00Z,2025-09-07T14:24:07Z,2025-09-07T15:14:16Z,LIVE,8,312.00,9.05,USD
8802995,1,2,311944,Axe Throwing 90 min,2025-09-14T17:30:00Z,2025-09-07T18:30:18Z,2025-09-07T18:30:18Z,LIVE,2,78.00,17.94,EUR
8802996,1,1,311945,The Vault (60 min),2025-10-04T18:45:00Z,2025-09-07T20:50:19Z,2025-09-07T20:50:19Z,LIVE,2,50.00,10.00,GBP
8802997,1,1,311016,Asylum (60 min),2025-09-12T20:15:00Z,2025-09-07T21:52:34Z,2025-09-07T21:52:34Z,LIVE,5,140.00,28.00,GBP
8802998,1,3,310022,Half-Day River Tour,2025-09-08T12:00:00Z,2025-09-08T01:47:59Z,2025-09-08T01:47:59Z,LIVE,2,158.00,13.04,USD
8802999,1,3,311946,Sunrise Paddle,2025-09-14T20:00:00Z,2025-09-08T02:15:53Z,2025-09-08T02:15:53Z,LIVE,1,45.00,3.71,USD
8803000,1,4,311947,Casual Climb,2025-09-15T06:45:00Z,2025-09-08T02:20:56Z,2025-09-08T02:20:56Z,LIVE,2,58.00,5.80,AUD
8803001,1,5,311948,Private Group Game,2025-09-21T15:30:00Z,2025-09-08T02:35:47Z,2025-09-08T02:35:47Z,LIVE,4,220.00,6.38,USD
8803002,1,5,311949,Open Play,2025-09-09T16:30:00Z,2025-09-08T04:00:20Z,2025-09-08T04:00:20Z,LIVE,7,273.00,7.92,USD
8802909,2,1,311073,Asylum (60 min),2025-10-23T18:00:00Z,2025-08-29T10:24:39Z,2025-09-08T09:01:03Z,LIVE,8,224.00,44.80,GBP
8803003,1,4,310769,Kids Climb Session,2025-09-13T07:00:00Z,2025-09-08T12:30:29Z,2025-09-08T12:30:29Z,LIVE,4,96.00,9.60,AUD
8803004,1,3,311129,Sunrise Paddle,2025-09-13T16:00:00Z,2025-09-08T12:40:54Z,2025-09-08T12:40:54Z,LIVE,2,90.00,7.43,USD
8803005,1,1,311501,Asylum (60 min),2025-09-12T19:45:00Z,2025-09-08T16:48:52Z,2025-09-08T16:48:52Z,LIVE,2,56.00,11.20,GBP
8803006,1,2,311950,Axe Throwing 90 min,2025-09-12T19:00:00Z,2025-09-08T20:38:19Z,2025-09-08T20:38:19Z,LIVE,5,195.00,44.85,EUR
8802984,2,2,311936,Axe Throwing 60 min,2025-09-13T19:15:00Z,2025-09-06T18:46:56Z,2025-09-08T21:34:52Z,LIVE,7,203.00,46.69,EUR
8803007,1,3,311951,Sunrise Paddle,2025-09-16T11:30:00Z,2025-09-08T22:58:30Z,2025-09-08T22:58:30Z,LIVE,4,180.00,14.85,USD
8802925,3,5,310989,Private Group Game,2025-09-13T16:30:00Z,2025-08-30T14:51:05Z,2025-09-09T00:01:54Z,CANCELLED,12,660.00,19.14,USD
8802511,2,2,311310,Axe Throwing 60 min,2025-09-21T19:45:00Z,2025-07-29T21:10:34Z,2025-09-09T04:35:45Z,CANCELLED,2,58.00,13.34,EUR
8803008,1,3,311952,Kayak Rental 2 hr,2025-09-09T16:00:00Z,2025-09-09T13:09:35Z,2025-09-09T13:09:35Z,LIVE,5,175.00,14.44,USD
8803009,1,3,311953,Kayak Rental 2 hr,2025-09-09T14:00:00Z,2025-09-09T13:54:47Z,2025-09-09T13:54:47Z,LIVE,1,35.00,2.89,USD
8803010,1,5,311954,Open Play,2025-11-17T20:15:00Z,2025-09-09T15:17:29Z,2025-09-09T15:17:29Z,LIVE,11,429.00,12.44,USD
8803011,1,5,311955,Open Play,2025-09-21T19:45:00Z,2025-09-09T15:49:45Z,2025-09-09T15:49:45Z,LIVE,9,351.00,10.18,USD
8803012,1,3,311956,Half-Day River Tour,2025-10-05T15:00:00Z,2025-09-09T19:09:44Z,2025-09-09T19:09:44Z,LIVE,2,158.00,13.04,USD
8803013,1,3,311957,Kayak Rental 2 hr,2025-09-12T20:00:00Z,2025-09-09T19:42:17Z,2025-09-09T19:42:17Z,LIVE,2,70.00,5.78,USD
8802987,2,2,311938,Axe Throwing 60 min,2025-09-18T17:15:00Z,2025-09-06T20:56:41Z,2025-09-09T23:05:52Z,LIVE,6,174.00,40.02,EUR
8803014,1,5,311830,Open Play,2025-09-20T19:00:00Z,2025-09-10T01:01:22Z,2025-09-10T01:01:22Z,LIVE,8,312.00,9.05,USD
8803015,1,1,311958,Mini Mystery (30 min),2025-09-12T19:00:00Z,2025-09-10T07:28:08Z,2025-09-10T07:28:08Z,LIVE,6,90.00,18.00,GBP
8803016,1,4,311959,Casual Climb,2025-09-13T05:30:00Z,2025-09-10T10:51:41Z,2025-09-10T10:51:41Z,LIVE,1,29.00,2.90,AUD
8803017,1,1,311960,Mini Mystery (30 min),2025-09-10T16:30:00Z,2025-09-10T11:54:26Z,2025-09-10T11:54:26Z,LIVE,2,30.00,6.00,GBP
8803018,1,1,311961,Asylum (60 min),2025-10-02T19:15:00Z,2025-09-10T18:21:12Z,2025-09-10T18:21:12Z,LIVE,5,140.00,28.00,GBP
8803019,1,3,310258,Half-Day River Tour,2025-09-13T18:30:00Z,2025-09-10T21:28:32Z,2025-09-10T21:28:32Z,LIVE,3,237.00,19.55,USD
8803020,1,4,311962,Casual Climb,2025-10-08T23:15:00Z,2025-09-11T02:01:31Z,2025-09-11T02:01:31Z,LIVE,2,58.00,5.80,AUD
8803021,1,4,311963,Kids Climb Session,2025-09-13T05:45:00Z,2025-09-11T02:27:45Z,2025-09-11T02:27:45Z,LIVE,4,96.00,9.60,AUD
8803022,1,3,310258,Kayak Rental 2 hr,2025-09-12T14:15:00Z,2025-09-11T04:34:28Z,2025-09-11T04:34:28Z,LIVE,3,105.00,8.66,USD
8803023,1,1,311893,Mini Mystery (30 min),2025-09-30T19:00:00Z,2025-09-11T09:27:13Z,2025-09-11T09:27:13Z,LIVE,5,75.00,15.00,GBP
8803024,1,1,311964,Mini Mystery (30 min),2025-09-18T20:30:00Z,2025-09-11T10:42:22Z,2025-09-11T10:42:22Z,LIVE,5,75.00,15.00,GBP
8803025,1,2,311965,Axe Throwing 90 min,2025-09-26T20:00:00Z,2025-09-11T10:56:37Z,2025-09-11T10:56:37Z,LIVE,7,273.00,62.79,EUR
8803026,1,2,310446,Axe Throwing 60 min,2025-09-20T20:30:00Z,2025-09-11T10:58:10Z,2025-09-11T10:58:10Z,LIVE,3,87.00,20.01,EUR
8803027,1,5,311966,Open Play,2025-09-21T20:30:00Z,2025-09-11T19:03:56Z,2025-09-11T19:03:56Z,LIVE,6,234.00,6.79,USD
8803028,1,6,311967,Test Experience,2025-11-04T11:30:00Z,2025-09-11T20:47:28Z,2025-09-11T20:47:28Z,LIVE,3,3.00,0.60,GBP
8803029,1,3,311968,Half-Day River Tour,2025-09-14T13:30:00Z,2025-09-11T20:59:22Z,2025-09-11T20:59:22Z,LIVE,2,158.00,13.04,USD
8803019,2,3,310258,Half-Day River Tour,2025-09-13T18:30:00Z,2025-09-10T21:28:32Z,2025-09-12T00:58:49Z,LIVE,5,395.00,32.59,USD
8803030,1,5,311969,Open Play,2025-09-28T21:45:00Z,2025-09-12T05:08:52Z,2025-09-12T05:08:52Z,LIVE,12,468.00,13.57,USD
8803031,1,4,310816,Intro to Bouldering,2025-09-19T07:45:00Z,2025-09-12T06:26:42Z,2025-09-12T06:26:42Z,LIVE,3,147.00,14.70,AUD
8803032,1,4,311970,Intro to Bouldering,2025-09-20T07:15:00Z,2025-09-12T07:29:10Z,2025-09-12T07:29:10Z,LIVE,4,196.00,19.60,AUD
8803033,1,1,311971,Mini Mystery (30 min),2025-09-27T18:00:00Z,2025-09-12T11:14:04Z,2025-09-12T11:14:04Z,LIVE,2,30.00,6.00,GBP
8803034,1,3,311972,Kayak Rental 2 hr,2025-09-12T15:30:00Z,2025-09-12T14:37:18Z,2025-09-12T14:37:18Z,LIVE,4,140.00,11.55,USD
8803035,1,1,311973,Asylum (60 min),2025-10-05T15:30:00Z,2025-09-12T17:30:13Z,2025-09-12T17:30:13Z,LIVE,2,56.00,11.20,GBP
8803021,2,4,311963,Kids Climb Session,2025-09-13T05:45:00Z,2025-09-11T02:27:45Z,2025-09-12T19:46:32Z,CANCELLED,4,96.00,9.60,AUD
8803036,1,3,311139,Half-Day River Tour,2025-09-15T11:30:00Z,2025-09-12T20:34:25Z,2025-09-12T20:34:25Z,LIVE,4,316.00,26.07,USD
8803037,1,3,311317,Half-Day River Tour,2025-09-13T11:30:00Z,2025-09-13T01:00:09Z,2025-09-13T01:00:09Z,LIVE,5,395.00,32.59,USD
8803011,2,5,311955,Open Play,2025-09-21T19:45:00Z,2025-09-09T15:49:45Z,2025-09-13T03:39:07Z,LIVE,11,429.00,12.44,USD
8803038,1,4,311974,Casual Climb,2025-11-24T22:00:00Z,2025-09-13T04:40:46Z,2025-09-13T04:40:46Z,LIVE,4,116.00,11.60,AUD
8802942,2,2,310885,Axe Throwing 60 min,2025-09-17T18:15:00Z,2025-09-01T18:16:27Z,2025-09-13T06:27:27Z,CANCELLED,2,58.00,13.34,EUR
8803036,2,3,311139,Half-Day River Tour,2025-09-15T11:30:00Z,2025-09-12T20:34:25Z,2025-09-13T07:47:47Z,LIVE,6,474.00,39.11,USD
8803039,1,2,310380,Axe Throwing 90 min,2025-09-13T14:30:00Z,2025-09-13T08:38:08Z,2025-09-13T08:38:08Z,LIVE,3,117.00,26.91,EUR
8802889,2,3,310881,Half-Day River Tour,2025-09-16T14:00:00Z,2025-08-27T17:49:36Z,2025-09-13T10:39:59Z,CANCELLED,5,395.00,32.59,USD
8803040,1,4,311975,Kids Climb Session,2025-12-05T07:15:00Z,2025-09-13T11:52:42Z,2025-09-13T11:52:42Z,LIVE,3,72.00,7.20,AUD
8803041,1,1,311976,Mini Mystery (30 min),2025-09-13T16:45:00Z,2025-09-13T14:55:34Z,2025-09-13T14:55:34Z,LIVE,5,75.00,15.00,GBP
8803042,1,2,311977,Axe Throwing 60 min,2025-09-19T19:00:00Z,2025-09-13T19:08:02Z,2025-09-13T19:08:02Z,LIVE,6,174.00,40.02,EUR
8802969,2,3,311891,Half-Day River Tour,2025-09-22T14:30:00Z,2025-09-04T21:12:01Z,2025-09-13T22:15:28Z,CANCELLED,3,237.00,19.55,USD
8803043,1,4,311978,Casual Climb,2025-09-18T04:45:00Z,2025-09-14T03:51:46Z,2025-09-14T03:51:46Z,LIVE,4,116.00,11.60,AUD
8803044,1,5,311979,Open Play,2025-09-20T20:30:00Z,2025-09-14T04:35:35Z,2025-09-14T04:35:35Z,LIVE,11,429.00,12.44,USD
8803045,1,5,311980,Open Play,2025-09-20T19:30:00Z,2025-09-14T04:59:02Z,2025-09-14T04:59:02Z,LIVE,6,234.00,6.79,USD
8803046,1,4,311981,Intro to Bouldering,2025-09-26T07:45:00Z,2025-09-14T09:22:10Z,2025-09-14T09:22:10Z,LIVE,2,98.00,9.80,AUD
8803047,1,2,310813,Axe Throwing 90 min,2025-10-14T20:30:00Z,2025-09-14T10:14:44Z,2025-09-14T10:14:44Z,LIVE,6,234.00,53.82,EUR
8803048,1,1,310252,Mini Mystery (30 min),2025-09-14T19:30:00Z,2025-09-14T10:23:22Z,2025-09-14T10:23:22Z,LIVE,6,90.00,18.00,GBP
8803049,1,3,311982,Half-Day River Tour,2025-09-17T14:30:00Z,2025-09-14T12:34:17Z,2025-09-14T12:34:17Z,LIVE,3,237.00,19.55,USD
8803050,1,5,310340,Private Group Game,2025-09-14T15:30:00Z,2025-09-14T14:05:45Z,2025-09-14T14:05:45Z,LIVE,6,330.00,9.57,USD
8803051,1,3,310415,Sunrise Paddle,2025-09-16T20:30:00Z,2025-09-14T18:29:43Z,2025-09-14T18:29:43Z,LIVE,5,225.00,18.56,USD
8802859,2,2,310001,Axe Throwing 60 min,2025-10-17T19:30:00Z,2025-08-24T20:32:38Z,2025-09-14T18:46:00Z,LIVE,6,174.00,40.02,EUR
8803052,1,1,311983,The Vault (60 min),2025-09-22T19:30:00Z,2025-09-14T22:40:06Z,2025-09-14T22:40:06Z,LIVE,3,75.00,15.00,GBP
8803053,1,5,311984,Private Group Game,2025-10-29T19:30:00Z,2025-09-14T22:48:15Z,2025-09-14T22:48:15Z,LIVE,10,550.00,15.95,USD
8803054,1,5,311985,Open Play,2025-11-02T23:30:00Z,2025-09-15T03:32:40Z,2025-09-15T03:32:40Z,LIVE,7,273.00,7.92,USD
8803055,1,4,311986,Intro to Bouldering,2025-09-26T04:45:00Z,2025-09-15T11:07:16Z,2025-09-15T11:07:16Z,LIVE,2,98.00,9.80,AUD
8803056,1,2,311987,Axe Throwing 60 min,2025-09-20T17:15:00Z,2025-09-15T14:51:55Z,2025-09-15T14:51:55Z,LIVE,3,87.00,20.01,EUR
8803057,1,2,311988,Axe Throwing 90 min,2025-11-02T17:30:00Z,2025-09-15T18:07:22Z,2025-09-15T18:07:22Z,LIVE,4,156.00,35.88,EUR
8803058,1,2,310726,Axe Throwing 90 min,2025-09-22T19:30:00Z,2025-09-15T21:55:08Z,2025-09-15T21:55:08Z,LIVE,7,273.00,62.79,EUR
8803059,1,3,311989,Kayak Rental 2 hr,2025-09-16T15:30:00Z,2025-09-15T21:57:18Z,2025-09-15T21:57:18Z,LIVE,2,70.00,5.78,USD
8803060,1,3,311601,Kayak Rental 2 hr,2025-10-13T14:45:00Z,2025-09-16T00:21:03Z,2025-09-16T00:21:03Z,LIVE,5,175.00,14.44,USD
8802406,2,5,311575,Private Group Game,2025-09-29T18:00:00Z,2025-07-20T21:08:33Z,2025-09-16T01:56:39Z,CANCELLED,7,385.00,11.17,USD
8803061,1,1,311990,The Vault (60 min),2025-09-20T13:00:00Z,2025-09-16T06:33:26Z,2025-09-16T06:33:26Z,LIVE,5,125.00,25.00,GBP
8803062,1,4,311991,Casual Climb,2025-09-23T08:00:00Z,2025-09-16T07:03:46Z,2025-09-16T07:03:46Z,LIVE,4,116.00,11.60,AUD
8803063,1,3,311678,Half-Day River Tour,2025-10-02T13:15:00Z,2025-09-16T12:34:05Z,2025-09-16T12:34:05Z,LIVE,4,316.00,26.07,USD
8803064,1,5,311992,Private Group Game,2025-09-16T15:15:00Z,2025-09-16T14:14:21Z,2025-09-16T14:14:21Z,LIVE,5,275.00,7.98,USD
8803065,1,3,311194,Kayak Rental 2 hr,2025-09-19T18:30:00Z,2025-09-16T14:19:12Z,2025-09-16T14:19:12Z,LIVE,1,35.00,2.89,USD
8803066,1,1,310491,The Vault (60 min),2025-09-19T19:00:00Z,2025-09-16T14:38:45Z,2025-09-16T14:38:45Z,LIVE,5,125.00,25.00,GBP
8803067,1,3,311616,Sunrise Paddle,2025-09-16T15:45:00Z,2025-09-16T14:43:47Z,2025-09-16T14:43:47Z,LIVE,4,180.00,14.85,USD
8803068,1,2,311993,Axe Throwing 90 min,2025-09-21T18:30:00Z,2025-09-16T20:42:44Z,2025-09-16T20:42:44Z,LIVE,5,195.00,44.85,EUR
8803069,1,5,311994,Open Play,2025-10-05T15:45:00Z,2025-09-17T00:01:44Z,2025-09-17T00:01:44Z,LIVE,4,156.00,4.52,USD
8803070,1,3,311995,Half-Day River Tour,2025-10-07T13:00:00Z,2025-09-17T00:53:51Z,2025-09-17T00:53:51Z,LIVE,2,158.00,13.04,USD
8803071,1,3,311996,Sunrise Paddle,2025-09-17T16:30:00Z,2025-09-17T02:50:00Z,2025-09-17T02:50:00Z,LIVE,1,45.00,3.71,USD
8803072,1,3,311593,Half-Day River Tour,2025-09-18T13:30:00Z,2025-09-17T03:34:31Z,2025-09-17T03:34:31Z,LIVE,3,237.00,19.55,USD
8803072,2,3,311593,Half-Day River Tour,2025-09-18T13:30:00Z,2025-09-17T03:34:31Z,2025-09-17T04:22:44Z,LIVE,4,316.00,26.07,USD
8803073,1,2,310222,Axe Throwing 60 min,2025-09-17T17:30:00Z,2025-09-17T09:50:14Z,2025-09-17T09:50:14Z,LIVE,6,174.00,40.02,EUR
8803074,1,4,310089,Kids Climb Session,2025-09-21T09:15:00Z,2025-09-17T11:32:49Z,2025-09-17T11:32:49Z,LIVE,3,72.00,7.20,AUD
8803075,1,1,310612,Asylum (60 min),2025-10-10T17:00:00Z,2025-09-17T11:36:07Z,2025-09-17T11:36:07Z,LIVE,4,112.00,22.40,GBP
8802794,2,3,311825,Kayak Rental 2 hr,2025-10-05T14:15:00Z,2025-08-20T21:19:46Z,2025-09-17T18:50:41Z,CANCELLED,1,35.00,2.89,USD
8803076,1,1,311393,Asylum (60 min),2025-09-19T18:30:00Z,2025-09-17T21:56:29Z,2025-09-17T21:56:29Z,LIVE,4,112.00,22.40,GBP
8802352,2,5,311538,Open Play,2025-09-28T17:30:00Z,2025-07-16T03:14:52Z,2025-09-18T00:01:42Z,CANCELLED,11,429.00,12.44,USD
8803077,1,2,311997,Axe Throwing 90 min,2025-10-10T17:30:00Z,2025-09-18T08:53:59Z,2025-09-18T08:53:59Z,LIVE,5,195.00,44.85,EUR
8803078,1,1,311998,Asylum (60 min),2025-09-18T14:15:00Z,2025-09-18T11:08:32Z,2025-09-18T11:08:32Z,LIVE,5,140.00,28.00,GBP
8803079,1,2,311999,Axe Throwing 60 min,2025-09-22T19:45:00Z,2025-09-18T12:20:56Z,2025-09-18T12:20:56Z,LIVE,7,203.00,46.69,EUR
8803080,1,3,312000,Sunrise Paddle,2025-10-15T16:15:00Z,2025-09-18T20:54:41Z,2025-09-18T20:54:41Z,LIVE,1,45.00,3.71,USD
8803081,1,4,311230,Kids Climb Session,2025-09-25T00:45:00Z,2025-09-18T22:06:49Z,2025-09-18T22:06:49Z,LIVE,3,72.00,7.20,AUD
8803082,1,4,310849,Intro to Bouldering,2025-09-27T07:15:00Z,2025-09-19T03:10:30Z,2025-09-19T03:10:30Z,LIVE,4,196.00,19.60,AUD
8803083,1,4,310462,Intro to Bouldering,2025-09-21T23:30:00Z,2025-09-19T03:47:21Z,2025-09-19T03:47:21Z,LIVE,1,49.00,4.90,AUD
8803084,1,3,312001,Half-Day River Tour,2025-09-21T12:30:00Z,2025-09-19T04:03:01Z,2025-09-19T04:03:01Z,LIVE,2,158.00,13.04,USD
8803085,1,3,312002,Kayak Rental 2 hr,2025-09-24T20:45:00Z,2025-09-19T04:27:33Z,2025-09-19T04:27:33Z,LIVE,1,35.00,2.89,USD
8803086,1,2,312003,Axe Throwing 60 min,2025-09-19T18:30:00Z,2025-09-19T08:32:49Z,2025-09-19T08:32:49Z,LIVE,6,174.00,40.02,EUR
8803087,1,4,310105,Kids Climb Session,2025-09-21T07:30:00Z,2025-09-19T11:40:55Z,2025-09-19T11:40:55Z,LIVE,1,24.00,2.40,AUD
8803088,1,3,311055,Half-Day River Tour,2025-09-19T15:30:00Z,2025-09-19T13:45:50Z,2025-09-19T13:45:50Z,LIVE,3,237.00,19.55,USD
8803089,1,4,310075,Intro to Bouldering,2025-09-20T09:45:00Z,2025-09-19T13:50:18Z,2025-09-19T13:50:18Z,LIVE,3,147.00,14.70,AUD
8803090,1,1,311768,Mini Mystery (30 min),2025-11-13T19:15:00Z,2025-09-19T14:56:40Z,2025-09-19T14:56:40Z,LIVE,3,45.00,9.00,GBP
8803091,1,1,310084,Mini Mystery (30 min),2025-09-20T13:00:00Z,2025-09-19T15:29:35Z,2025-09-19T15:29:35Z,LIVE,6,90.00,18.00,GBP
8803092,1,6,310447,Test Experience,2025-09-20T09:15:00Z,2025-09-19T15:47:18Z,2025-09-19T15:47:18Z,LIVE,3,3.00,0.60,GBP
8803093,1,3,311956,Half-Day River Tour,2025-09-19T18:30:00Z,2025-09-19T16:39:26Z,2025-09-19T16:39:26Z,LIVE,5,395.00,32.59,USD
8803094,1,2,312004,Axe Throwing 60 min,2025-10-04T19:30:00Z,2025-09-19T17:22:30Z,2025-09-19T17:22:30Z,LIVE,5,145.00,33.35,EUR
8803095,1,3,312005,Kayak Rental 2 hr,2025-09-20T14:30:00Z,2025-09-19T18:24:09Z,2025-09-19T18:24:09Z,LIVE,2,70.00,5.78,USD
8803096,1,1,312006,The Vault (60 min),2025-09-23T18:00:00Z,2025-09-19T21:57:50Z,2025-09-19T21:57:50Z,LIVE,3,75.00,15.00,GBP
8803097,1,3,310481,Sunrise Paddle,2025-09-23T13:00:00Z,2025-09-20T01:56:28Z,2025-09-20T01:56:28Z,LIVE,5,225.00,18.56,USD
8803098,1,5,312007,Open Play,2025-09-26T15:00:00Z,2025-09-20T02:18:14Z,2025-09-20T02:18:14Z,LIVE,9,351.00,10.18,USD
8803091,2,1,310084,Mini Mystery (30 min),2025-09-20T13:00:00Z,2025-09-19T15:29:35Z,2025-09-20T07:40:35Z,CANCELLED,6,90.00,18.00,GBP
8803099,1,3,312008,Half-Day River Tour,2025-09-20T14:30:00Z,2025-09-20T12:50:28Z,2025-09-20T12:50:28Z,LIVE,2,158.00,13.04,USD
8803100,1,1,311295,Asylum (60 min),2025-10-25T14:30:00Z,2025-09-20T16:01:51Z,2025-09-20T16:01:51Z,LIVE,6,168.00,33.60,GBP
8803101,1,1,310740,Asylum (60 min),2025-09-20T17:15:00Z,2025-09-20T16:31:24Z,2025-09-20T16:31:24Z,LIVE,3,84.00,16.80,GBP
8803102,1,5,312009,Private Group Game,2025-09-21T18:15:00Z,2025-09-21T00:37:31Z,2025-09-21T00:37:31Z,LIVE,9,495.00,14.36,USD
8803103,1,3,311138,Half-Day River Tour,2025-10-18T20:00:00Z,2025-09-21T00:45:39Z,2025-09-21T00:45:39Z,LIVE,3,237.00,19.55,USD
8803104,1,6,312010,Test Experience,2025-09-21T10:15:00Z,2025-09-21T07:33:31Z,2025-09-21T07:33:31Z,LIVE,4,4.00,0.80,GBP
8803105,1,2,312011,Axe Throwing 90 min,2025-09-27T17:45:00Z,2025-09-21T08:54:51Z,2025-09-21T08:54:51Z,LIVE,2,78.00,17.94,EUR
8803106,1,2,310439,Axe Throwing 90 min,2025-09-21T14:30:00Z,2025-09-21T08:57:07Z,2025-09-21T08:57:07Z,LIVE,2,78.00,17.94,EUR
8803107,1,4,310284,Intro to Bouldering,2025-09-23T06:30:00Z,2025-09-21T11:53:16Z,2025-09-21T11:53:16Z,LIVE,2,98.00,9.80,AUD
8803108,1,2,311047,Axe Throwing 60 min,2025-09-27T19:45:00Z,2025-09-21T12:27:10Z,2025-09-21T12:27:10Z,LIVE,6,174.00,40.02,EUR
8803109,1,3,310760,Kayak Rental 2 hr,2025-09-21T15:00:00Z,2025-09-21T13:07:14Z,2025-09-21T13:07:14Z,LIVE,2,70.00,5.78,USD
8803110,1,3,310972,Sunrise Paddle,2025-09-21T14:00:00Z,2025-09-21T13:18:07Z,2025-09-21T13:18:07Z,LIVE,4,180.00,14.85,USD
8803111,1,1,311375,The Vault (60 min),2025-09-27T11:30:00Z,2025-09-21T16:44:14Z,2025-09-21T16:44:14Z,LIVE,6,150.00,30.00,GBP
8803112,1,1,311064,Mini Mystery (30 min),2025-09-24T18:00:00Z,2025-09-22T06:45:18Z,2025-09-22T06:45:18Z,LIVE,5,75.00,15.00,GBP
8803113,1,1,312012,Mini Mystery (30 min),2025-09-26T18:30:00Z,2025-09-22T07:58:07Z,2025-09-22T07:58:07Z,LIVE,2,30.00,6.00,GBP
8803107,2,4,310284,Intro to Bouldering,2025-09-23T06:30:00Z,2025-09-21T11:53:16Z,2025-09-22T12:14:22Z,CANCELLED,2,98.00,9.80,AUD
8803114,1,5,312013,Private Group Game,2025-09-22T17:15:00Z,2025-09-22T13:53:09Z,2025-09-22T13:53:09Z,LIVE,12,660.00,19.14,USD
8803114,2,5,312013,Private Group Game,2025-09-22T17:15:00Z,2025-09-22T13:53:09Z,2025-09-22T15:17:43Z,LIVE,13,715.00,20.74,USD
8803115,1,5,311396,Private Group Game,2025-10-19T20:00:00Z,2025-09-22T19:08:03Z,2025-09-22T19:08:03Z,LIVE,9,495.00,14.36,USD
8803116,1,1,310699,Asylum (60 min),2025-10-04T15:00:00Z,2025-09-22T22:55:07Z,2025-09-22T22:55:07Z,LIVE,3,84.00,16.80,GBP
8803117,1,4,312014,Intro to Bouldering,2025-09-23T00:30:00Z,2025-09-22T23:50:14Z,2025-09-22T23:50:14Z,LIVE,2,98.00,9.80,AUD
8803118,1,3,310466,Sunrise Paddle,2025-09-29T13:15:00Z,2025-09-23T03:05:23Z,2025-09-23T03:05:23Z,LIVE,5,225.00,18.56,USD
8803112,2,1,311064,Mini Mystery (30 min),2025-09-24T18:00:00Z,2025-09-22T06:45:18Z,2025-09-23T05:00:08Z,LIVE,6,90.00,18.00,GBP
8803119,1,4,312015,Casual Climb,2025-12-20T07:30:00Z,2025-09-23T05:16:54Z,2025-09-23T05:16:54Z,LIVE,1,29.00,2.90,AUD
8803120,1,4,312016,Casual Climb,2025-12-04T06:00:00Z,2025-09-23T05:23:17Z,2025-09-23T05:23:17Z,LIVE,2,58.00,5.80,AUD
8803121,1,2,312017,Axe Throwing 60 min,2025-09-30T19:15:00Z,2025-09-23T06:21:19Z,2025-09-23T06:21:19Z,LIVE,3,87.00,20.01,EUR
8803122,1,4,312018,Casual Climb,2025-09-25T07:45:00Z,2025-09-23T08:40:33Z,2025-09-23T08:40:33Z,LIVE,2,58.00,5.80,AUD
8803123,1,4,312019,Kids Climb Session,2025-10-01T06:30:00Z,2025-09-23T12:39:18Z,2025-09-23T12:39:18Z,LIVE,3,72.00,7.20,AUD
8803124,1,2,312020,Axe Throwing 60 min,2025-10-13T19:30:00Z,2025-09-23T13:28:53Z,2025-09-23T13:28:53Z,LIVE,5,145.00,33.35,EUR
8803125,1,3,311946,Half-Day River Tour,2025-09-29T16:00:00Z,2025-09-23T14:55:33Z,2025-09-23T14:55:33Z,LIVE,2,158.00,13.04,USD
8803126,1,1,310582,Asylum (60 min),2025-09-23T17:00:00Z,2025-09-23T14:59:24Z,2025-09-23T14:59:24Z,LIVE,6,168.00,33.60,GBP
8803127,1,1,310065,Asylum (60 min),2025-09-29T16:15:00Z,2025-09-23T16:18:52Z,2025-09-23T16:18:52Z,LIVE,2,56.00,11.20,GBP
8803128,1,3,312021,Kayak Rental 2 hr,2025-11-01T13:15:00Z,2025-09-23T17:14:09Z,2025-09-23T17:14:09Z,LIVE,5,175.00,14.44,USD
8803129,1,1,312022,The Vault (60 min),2025-10-03T18:45:00Z,2025-09-23T17:35:27Z,2025-09-23T17:35:27Z,LIVE,2,50.00,10.00,GBP
8803130,1,5,310848,Open Play,2025-09-29T22:00:00Z,2025-09-23T20:27:42Z,2025-09-23T20:27:42Z,LIVE,5,195.00,5.66,USD
8803131,1,5,312023,Private Group Game,2025-09-28T20:15:00Z,2025-09-24T00:14:22Z,2025-09-24T00:14:22Z,LIVE,4,220.00,6.38,USD
8803132,1,3,312024,Half-Day River Tour,2025-09-26T15:15:00Z,2025-09-24T01:33:17Z,2025-09-24T01:33:17Z,LIVE,3,237.00,19.55,USD
8803133,1,4,312025,Casual Climb,2025-09-24T06:00:00Z,2025-09-24T02:09:44Z,2025-09-24T02:09:44Z,LIVE,2,58.00,5.80,AUD
8803133,2,4,312025,Casual Climb,2025-09-24T06:00:00Z,2025-09-24T02:09:44Z,2025-09-24T03:42:46Z,LIVE,3,87.00,8.70,AUD
8803134,1,3,310680,Sunrise Paddle,2025-09-30T14:30:00Z,2025-09-24T04:49:52Z,2025-09-24T04:49:52Z,LIVE,4,180.00,14.85,USD
8803135,1,2,312026,Axe Throwing 60 min,2025-09-24T12:45:00Z,2025-09-24T06:57:03Z,2025-09-24T06:57:03Z,LIVE,7,203.00,46.69,EUR
8803136,1,4,312027,Kids Climb Session,2025-10-03T23:00:00Z,2025-09-24T11:04:01Z,2025-09-24T11:04:01Z,LIVE,1,24.00,2.40,AUD
8803137,1,2,310471,Axe Throwing 60 min,2025-09-25T18:00:00Z,2025-09-24T11:43:31Z,2025-09-24T11:43:31Z,LIVE,7,203.00,46.69,EUR
8803138,1,6,312028,Test Experience,2025-09-25T09:45:00Z,2025-09-24T13:42:51Z,2025-09-24T13:42:51Z,LIVE,2,2.00,0.40,GBP
8803139,1,3,312029,Half-Day River Tour,2025-09-27T13:00:00Z,2025-09-24T17:56:19Z,2025-09-24T17:56:19Z,LIVE,2,158.00,13.04,USD
8803140,1,2,310126,Axe Throwing 90 min,2025-11-26T19:45:00Z,2025-09-24T19:40:08Z,2025-09-24T19:40:08Z,LIVE,5,195.00,44.85,EUR
8803141,1,3,312030,Sunrise Paddle,2025-10-24T14:45:00Z,2025-09-24T20:08:59Z,2025-09-24T20:08:59Z,LIVE,5,225.00,18.56,USD
8803046,2,4,311981,Intro to Bouldering,2025-09-26T07:45:00Z,2025-09-14T09:22:10Z,2025-09-25T01:49:48Z,CANCELLED,2,98.00,9.80,AUD
8803142,1,3,312031,Sunrise Paddle,2025-09-29T13:30:00Z,2025-09-25T02:23:39Z,2025-09-25T02:23:39Z,LIVE,3,135.00,11.14,USD
8803143,1,4,311756,Intro to Bouldering,2025-09-25T07:00:00Z,2025-09-25T02:58:45Z,2025-09-25T02:58:45Z,LIVE,2,98.00,9.80,AUD
8803144,1,4,310849,Kids Climb Session,2025-09-27T06:00:00Z,2025-09-25T04:57:01Z,2025-09-25T04:57:01Z,LIVE,3,72.00,7.20,AUD
8802996,2,1,311945,The Vault (60 min),2025-10-04T18:45:00Z,2025-09-07T20:50:19Z,2025-09-25T08:20:37Z,CANCELLED,2,50.00,10.00,GBP
8803145,1,4,312032,Casual Climb,2025-09-26T09:30:00Z,2025-09-25T09:38:21Z,2025-09-25T09:38:21Z,LIVE,2,58.00,5.80,AUD
8803146,1,1,312033,The Vault (60 min),2025-09-25T17:00:00Z,2025-09-25T10:02:26Z,2025-09-25T10:02:26Z,LIVE,2,50.00,10.00,GBP
8803147,1,5,312034,Open Play,2025-10-25T16:30:00Z,2025-09-25T13:53:44Z,2025-09-25T13:53:44Z,LIVE,6,234.00,6.79,USD
8803148,1,2,310698,Axe Throwing 60 min,2025-10-25T19:00:00Z,2025-09-25T14:52:35Z,2025-09-25T14:52:35Z,LIVE,4,116.00,26.68,EUR
8802596,2,4,311705,Kids Climb Session,2025-10-04T06:45:00Z,2025-08-05T03:12:57Z,2025-09-25T15:20:57Z,CANCELLED,1,24.00,2.40,AUD
8803123,2,4,312019,Kids Climb Session,2025-10-01T06:30:00Z,2025-09-23T12:39:18Z,2025-09-25T16:05:00Z,LIVE,4,96.00,9.60,AUD
8803149,1,3,312035,Half-Day River Tour,2025-10-24T14:15:00Z,2025-09-25T16:42:32Z,2025-09-25T16:42:32Z,LIVE,4,316.00,26.07,USD
8803150,1,2,312036,Axe Throwing 60 min,2025-09-25T18:30:00Z,2025-09-25T17:15:39Z,2025-09-25T17:15:39Z,LIVE,8,232.00,53.36,EUR
8803151,1,1,312037,Asylum (60 min),2025-10-08T17:15:00Z,2025-09-25T18:10:47Z,2025-09-25T18:10:47Z,LIVE,4,112.00,22.40,GBP
8803152,1,2,312038,Axe Throwing 90 min,2025-10-19T19:30:00Z,2025-09-25T19:14:37Z,2025-09-25T19:14:37Z,LIVE,8,312.00,71.76,EUR
8803153,1,4,310010,Intro to Bouldering,2025-09-26T07:00:00Z,2025-09-26T02:48:46Z,2025-09-26T02:48:46Z,LIVE,4,196.00,19.60,AUD
8803154,1,4,310010,Intro to Bouldering,2025-10-05T08:00:00Z,2025-09-26T04:10:45Z,2025-09-26T04:10:45Z,LIVE,1,49.00,4.90,AUD
8803145,2,4,312032,Casual Climb,2025-09-26T09:30:00Z,2025-09-25T09:38:21Z,2025-09-26T05:05:38Z,CANCELLED,2,58.00,5.80,AUD
8803155,1,2,312039,Axe Throwing 60 min,2025-09-27T14:00:00Z,2025-09-26T06:09:54Z,2025-09-26T06:09:54Z,LIVE,8,232.00,53.36,EUR
8803156,1,2,312040,Axe Throwing 90 min,2025-09-26T19:45:00Z,2025-09-26T06:48:30Z,2025-09-26T06:48:30Z,LIVE,5,195.00,44.85,EUR
8803157,1,1,310162,Mini Mystery (30 min),2025-09-28T16:30:00Z,2025-09-26T07:24:04Z,2025-09-26T07:24:04Z,LIVE,2,30.00,6.00,GBP
8803158,1,2,312041,Axe Throwing 90 min,2025-10-15T18:30:00Z,2025-09-26T08:35:55Z,2025-09-26T08:35:55Z,LIVE,2,78.00,17.94,EUR
8803159,1,1,312042,Mini Mystery (30 min),2025-09-26T11:30:00Z,2025-09-26T10:41:22Z,2025-09-26T10:41:22Z,LIVE,4,60.00,12.00,GBP
8803160,1,4,311514,Intro to Bouldering,2025-12-02T06:30:00Z,2025-09-26T11:23:38Z,2025-09-26T11:23:38Z,LIVE,1,49.00,4.90,AUD
8803161,1,1,310257,Asylum (60 min),2025-10-04T18:00:00Z,2025-09-26T11:48:12Z,2025-09-26T11:48:12Z,LIVE,6,168.00,33.60,GBP
8803162,1,3,310004,Half-Day River Tour,2025-09-26T16:15:00Z,2025-09-26T15:01:53Z,2025-09-26T15:01:53Z,LIVE,3,237.00,19.55,USD
8803163,1,2,312043,Axe Throwing 90 min,2025-11-29T20:30:00Z,2025-09-26T18:06:50Z,2025-09-26T18:06:50Z,LIVE,5,195.00,44.85,EUR
8803144,2,4,310849,Kids Climb Session,2025-09-27T06:00:00Z,2025-09-25T04:57:01Z,2025-09-26T18:42:11Z,CANCELLED,3,72.00,7.20,AUD
8803164,1,5,310763,Open Play,2025-12-01T19:00:00Z,2025-09-26T18:49:08Z,2025-09-26T18:49:08Z,LIVE,4,156.00,4.52,USD
8803157,2,1,310162,Mini Mystery (30 min),2025-09-28T16:30:00Z,2025-09-26T07:24:04Z,2025-09-26T20:32:33Z,LIVE,4,60.00,12.00,GBP
8803165,1,5,312044,Private Group Game,2025-09-29T15:45:00Z,2025-09-26T21:23:07Z,2025-09-26T21:23:07Z,LIVE,4,220.00,6.38,USD
8803166,1,3,312045,Half-Day River Tour,2025-10-05T12:45:00Z,2025-09-26T21:30:03Z,2025-09-26T21:30:03Z,LIVE,2,158.00,13.04,USD
8803167,1,4,312046,Casual Climb,2025-10-16T03:15:00Z,2025-09-26T22:44:34Z,2025-09-26T22:44:34Z,LIVE,1,29.00,2.90,AUD
8803139,2,3,312029,Half-Day River Tour,2025-09-27T13:00:00Z,2025-09-24T17:56:19Z,2025-09-27T05:02:45Z,CANCELLED,2,158.00,13.04,USD
8803142,2,3,312031,Sunrise Paddle,2025-09-29T13:30:00Z,2025-09-25T02:23:39Z,2025-09-27T09:36:37Z,CANCELLED,3,135.00,11.14,USD
8803168,1,1,310627,The Vault (60 min),2025-09-27T19:45:00Z,2025-09-27T10:43:34Z,2025-09-27T10:43:34Z,LIVE,6,150.00,30.00,GBP
8803169,1,2,312047,Axe Throwing 60 min,2025-09-27T16:30:00Z,2025-09-27T12:17:53Z,2025-09-27T12:17:53Z,LIVE,4,116.00,26.68,EUR
8803170,1,3,312048,Kayak Rental 2 hr,2025-09-27T15:00:00Z,2025-09-27T14:48:20Z,2025-09-27T14:48:20Z,LIVE,2,70.00,5.78,USD
8803171,1,3,312049,Kayak Rental 2 hr,2025-10-13T14:30:00Z,2025-09-27T15:23:09Z,2025-09-27T15:23:09Z,LIVE,3,105.00,8.66,USD
8803172,1,1,312050,Mini Mystery (30 min),2025-11-15T12:30:00Z,2025-09-27T15:32:20Z,2025-09-27T15:32:20Z,LIVE,3,45.00,9.00,GBP
8803173,1,5,311802,Open Play,2025-09-27T20:45:00Z,2025-09-27T16:46:59Z,2025-09-27T16:46:59Z,LIVE,11,429.00,12.44,USD
8803174,1,3,310808,Sunrise Paddle,2025-10-22T14:00:00Z,2025-09-27T17:59:31Z,2025-09-27T17:59:31Z,LIVE,3,135.00,11.14,USD
8803175,1,1,311768,The Vault (60 min),2025-09-27T20:15:00Z,2025-09-27T19:42:17Z,2025-09-27T19:42:17Z,LIVE,6,150.00,30.00,GBP
8803176,1,4,312051,Casual Climb,2025-09-28T07:15:00Z,2025-09-27T21:49:00Z,2025-09-27T21:49:00Z,LIVE,3,87.00,8.70,AUD
8803165,2,5,312044,Private Group Game,2025-09-29T15:45:00Z,2025-09-26T21:23:07Z,2025-09-28T03:03:47Z,LIVE,6,330.00,9.57,USD
8803177,1,2,312052,Axe Throwing 90 min,2025-10-30T21:15:00Z,2025-09-28T09:53:57Z,2025-09-28T09:53:57Z,LIVE,2,78.00,17.94,EUR
8803178,1,1,312053,The Vault (60 min),2025-10-12T17:45:00Z,2025-09-28T12:59:29Z,2025-09-28T12:59:29Z,LIVE,4,100.00,20.00,GBP
8803179,1,1,310839,Asylum (60 min),2025-10-03T19:15:00Z,2025-09-28T13:10:20Z,2025-09-28T13:10:20Z,LIVE,4,112.00,22.40,GBP
8803180,1,4,312054,Intro to Bouldering,2025-11-08T06:30:00Z,2025-09-28T13:18:21Z,2025-09-28T13:18:21Z,LIVE,2,98.00,9.80,AUD
8803181,1,3,312055,Sunrise Paddle,2025-10-24T20:30:00Z,2025-09-28T13:19:28Z,2025-09-28T13:19:28Z,LIVE,4,180.00,14.85,USD
8803182,1,2,312056,Axe Throwing 90 min,2025-10-04T18:15:00Z,2025-09-28T14:00:53Z,2025-09-28T14:00:53Z,LIVE,6,234.00,53.82,EUR
8803183,1,2,312057,Axe Throwing 90 min,2025-11-04T18:45:00Z,2025-09-28T15:36:36Z,2025-09-28T15:36:36Z,LIVE,2,78.00,17.94,EUR
8803184,1,3,311941,Half-Day River Tour,2025-12-24T21:00:00Z,2025-09-28T17:00:40Z,2025-09-28T17:00:40Z,LIVE,4,316.00,26.07,USD
8803185,1,1,310237,Asylum (60 min),2025-10-03T11:00:00Z,2025-09-28T17:07:54Z,2025-09-28T17:07:54Z,LIVE,2,56.00,11.20,GBP
8803158,2,2,312041,Axe Throwing 90 min,2025-10-15T18:30:00Z,2025-09-26T08:35:55Z,2025-09-28T20:42:19Z,LIVE,3,117.00,26.91,EUR
8803165,3,5,312044,Private Group Game,2025-09-29T15:45:00Z,2025-09-26T21:23:07Z,2025-09-28T22:20:40Z,CANCELLED,6,330.00,9.57,USD
8803186,1,3,312058,Half-Day River Tour,2025-10-28T11:30:00Z,2025-09-28T22:36:07Z,2025-09-28T22:36:07Z,LIVE,1,79.00,6.52,USD
8803187,1,2,312059,Axe Throwing 90 min,2025-10-01T18:00:00Z,2025-09-28T22:42:49Z,2025-09-28T22:42:49Z,LIVE,6,234.00,53.82,EUR
8803188,1,4,312060,Kids Climb Session,2025-10-19T04:45:00Z,2025-09-28T23:41:05Z,2025-09-28T23:41:05Z,LIVE,1,24.00,2.40,AUD
8803189,1,4,312061,Casual Climb,2025-11-27T01:45:00Z,2025-09-29T03:01:00Z,2025-09-29T03:01:00Z,LIVE,2,58.00,5.80,AUD
8803190,1,4,312062,Intro to Bouldering,2025-10-15T22:45:00Z,2025-09-29T05:33:28Z,2025-09-29T05:33:28Z,LIVE,3,147.00,14.70,AUD
8803191,1,1,312063,Mini Mystery (30 min),2025-10-04T11:45:00Z,2025-09-29T07:01:38Z,2025-09-29T07:01:38Z,LIVE,6,90.00,18.00,GBP
8803192,1,2,312064,Axe Throwing 60 min,2025-09-29T18:00:00Z,2025-09-29T08:53:32Z,2025-09-29T08:53:32Z,LIVE,2,58.00,13.34,EUR
8803193,1,4,310530,Kids Climb Session,2025-10-17T07:00:00Z,2025-09-29T09:04:38Z,2025-09-29T09:04:38Z,LIVE,3,72.00,7.20,AUD
8803192,2,2,312064,Axe Throwing 60 min,2025-09-29T18:00:00Z,2025-09-29T08:53:32Z,2025-09-29T10:19:50Z,LIVE,3,87.00,20.01,EUR
8803194,1,1,312065,Asylum (60 min),2025-12-19T15:30:00Z,2025-09-29T10:53:21Z,2025-09-29T10:53:21Z,LIVE,6,168.00,33.60,GBP
8803195,1,5,312066,Private Group Game,2025-10-04T19:00:00Z,2025-09-29T15:05:00Z,2025-09-29T15:05:00Z,LIVE,7,385.00,11.17,USD
8803196,1,2,310079,Axe Throwing 60 min,2025-10-03T20:30:00Z,2025-09-29T16:09:40Z,2025-09-29T16:09:40Z,LIVE,8,232.00,53.36,EUR
8803179,2,1,310839,Asylum (60 min),2025-10-03T19:15:00Z,2025-09-28T13:10:20Z,2025-09-29T17:25:40Z,LIVE,5,140.00,28.00,GBP
8803197,1,2,312067,Axe Throwing 60 min,2025-12-28T20:15:00Z,2025-09-29T18:04:30Z,2025-09-29T18:04:30Z,LIVE,7,203.00,46.69,EUR
8803178,2,1,312053,The Vault (60 min),2025-10-12T17:45:00Z,2025-09-28T12:59:29Z,2025-09-29T19:19:15Z,LIVE,5,125.00,25.00,GBP
8803198,1,5,311948,Private Group Game,2025-10-02T21:15:00Z,2025-09-29T19:58:21Z,2025-09-29T19:58:21Z,LIVE,11,605.00,17.55,USD
8803172,2,1,312050,Mini Mystery (30 min),2025-11-15T12:30:00Z,2025-09-27T15:32:20Z,2025-09-29T21:05:38Z,LIVE,5,75.00,15.00,GBP
8803199,1,4,312068,Casual Climb,2025-09-30T05:00:00Z,2025-09-29T21:51:27Z,2025-09-29T21:51:27Z,LIVE,4,116.00,11.60,AUD
8803200,1,5,310158,Private Group Game,2025-10-25T18:30:00Z,2025-09-30T01:15:51Z,2025-09-30T01:15:51Z,LIVE,10,550.00,15.95,USD
8803182,2,2,312056,Axe Throwing 90 min,2025-10-04T18:15:00Z,2025-09-28T14:00:53Z,2025-09-30T01:53:52Z,LIVE,7,273.00,62.79,EUR
8803201,1,4,310483,Intro to Bouldering,2025-10-07T07:15:00Z,2025-09-30T05:57:43Z,2025-09-30T05:57:43Z,LIVE,2,98.00,9.80,AUD
8803202,1,4,310452,Casual Climb,2025-10-24T05:30:00Z,2025-09-30T11:08:18Z,2025-09-30T11:08:18Z,LIVE,1,29.00,2.90,AUD
8803203,1,2,312069,Axe Throwing 60 min,2025-10-22T19:00:00Z,2025-09-30T12:45:36Z,2025-09-30T12:45:36Z,LIVE,8,232.00,53.36,EUR
8803204,1,3,312070,Sunrise Paddle,2025-10-11T18:45:00Z,2025-09-30T12:52:20Z,2025-09-30T12:52:20Z,LIVE,2,90.00,7.43,USD
8803205,1,1,312071,The Vault (60 min),2025-10-09T18:30:00Z,2025-09-30T13:16:28Z,2025-09-30T13:16:28Z,LIVE,3,75.00,15.00,GBP
8803206,1,3,312072,Kayak Rental 2 hr,2025-10-04T18:30:00Z,2025-09-30T17:22:26Z,2025-09-30T17:22:26Z,LIVE,4,140.00,11.55,USD
8803207,1,5,312073,Open Play,2025-10-04T20:45:00Z,2025-09-30T20:26:03Z,2025-09-30T20:26:03Z,LIVE,9,351.00,10.18,USD
8803208,1,3,311215,Kayak Rental 2 hr,2025-10-01T14:30:00Z,2025-09-30T21:02:59Z,2025-09-30T21:02:59Z,LIVE,3,105.00,8.66,USD
8803209,1,3,312074,Half-Day River Tour,2025-10-18T15:30:00Z,2025-09-30T21:25:58Z,2025-09-30T21:25:58Z,LIVE,2,158.00,13.04,USD
8803210,1,4,311001,Casual Climb,2025-10-04T06:45:00Z,2025-09-30T21:41:24Z,2025-09-30T21:41:24Z,LIVE,2,58.00,5.80,AUD
8803211,1,1,310598,Mini Mystery (30 min),2025-11-30T20:15:00Z,2025-09-30T22:33:22Z,2025-09-30T22:33:22Z,LIVE,3,45.00,9.00,GBP
8803208,2,3,311215,Kayak Rental 2 hr,2025-10-01T14:30:00Z,2025-09-30T21:02:59Z,2025-09-30T22:59:11Z,LIVE,4,140.00,11.55,USD
8803136,2,4,312027,Kids Climb Session,2025-10-03T23:00:00Z,2025-09-24T11:04:01Z,2025-09-30T23:32:46Z,CANCELLED,1,24.00,2.40,AUD
8803212,1,3,312075,Half-Day River Tour,2025-10-05T14:00:00Z,2025-09-30T23:53:17Z,2025-09-30T23:53:17Z,LIVE,2,158.00,13.04,USD
8803213,1,3,312076,Half-Day River Tour,2025-12-22T13:45:00Z,2025-10-01T01:44:40Z,2025-10-01T01:44:40Z,LIVE,1,79.00,6.52,USD
8803214,1,4,310135,Kids Climb Session,2025-12-03T05:15:00Z,2025-10-01T07:57:17Z,2025-10-01T07:57:17Z,LIVE,2,48.00,4.80,AUD
8803215,1,4,312077,Kids Climb Session,2025-10-07T06:45:00Z,2025-10-01T09:03:22Z,2025-10-01T09:03:22Z,LIVE,1,24.00,2.40,AUD
8803216,1,1,312078,Asylum (60 min),2025-11-29T19:00:00Z,2025-10-01T12:21:40Z,2025-10-01T12:21:40Z,LIVE,4,112.00,22.40,GBP
8803217,1,1,310238,The Vault (60 min),2025-10-31T21:30:00Z,2025-10-01T14:08:05Z,2025-10-01T14:08:05Z,LIVE,5,125.00,25.00,GBP
8803218,1,3,312079,Kayak Rental 2 hr,2025-10-01T18:00:00Z,2025-10-01T16:27:52Z,2025-10-01T16:27:52Z,LIVE,4,140.00,11.55,USD
8803219,1,1,310949,The Vault (60 min),2025-12-11T17:30:00Z,2025-10-01T18:28:25Z,2025-10-01T18:28:25Z,LIVE,3,75.00,15.00,GBP
8803220,1,3,312080,Half-Day River Tour,2025-10-26T20:00:00Z,2025-10-01T20:10:18Z,2025-10-01T20:10:18Z,LIVE,3,237.00,19.55,USD
8803221,1,2,312081,Axe Throwing 90 min,2025-10-30T19:15:00Z,2025-10-01T21:50:48Z,2025-10-01T21:50:48Z,LIVE,8,312.00,71.76,EUR
8803222,1,3,312082,Half-Day River Tour,2025-10-11T15:00:00Z,2025-10-01T22:22:50Z,2025-10-01T22:22:50Z,LIVE,5,395.00,32.59,USD
8803223,1,5,310865,Private Group Game,2025-11-01T21:30:00Z,2025-10-02T01:32:22Z,2025-10-02T01:32:22Z,LIVE,7,385.00,11.17,USD
8803217,2,1,310238,The Vault (60 min),2025-10-31T21:30:00Z,2025-10-01T14:08:05Z,2025-10-02T03:21:09Z,LIVE,6,150.00,30.00,GBP
8803224,1,3,312083,Half-Day River Tour,2025-12-21T19:30:00Z,2025-10-02T03:56:58Z,2025-10-02T03:56:58Z,LIVE,4,316.00,26.07,USD
8803225,1,3,312084,Kayak Rental 2 hr,2025-12-19T21:00:00Z,2025-10-02T04:21:40Z,2025-10-02T04:21:40Z,LIVE,5,175.00,14.44,USD
8803075,2,1,310612,Asylum (60 min),2025-10-10T17:00:00Z,2025-09-17T11:36:07Z,2025-10-02T09:06:38Z,CANCELLED,4,112.00,22.40,GBP
8803226,1,1,312085,Mini Mystery (30 min),2025-10-25T15:45:00Z,2025-10-02T11:28:06Z,2025-10-02T11:28:06Z,LIVE,6,90.00,18.00,GBP
8803227,1,4,310166,Intro to Bouldering,2025-10-09T00:00:00Z,2025-10-02T12:43:42Z,2025-10-02T12:43:42Z,LIVE,3,147.00,14.70,AUD
8803228,1,2,312086,Axe Throwing 90 min,2025-10-02T17:30:00Z,2025-10-02T13:19:57Z,2025-10-02T13:19:57Z,LIVE,7,273.00,62.79,EUR
8803229,1,2,312087,Axe Throwing 60 min,2025-10-22T19:45:00Z,2025-10-02T14:35:07Z,2025-10-02T14:35:07Z,LIVE,6,174.00,40.02,EUR
8803205,2,1,312071,The Vault (60 min),2025-10-09T18:30:00Z,2025-09-30T13:16:28Z,2025-10-02T15:18:56Z,LIVE,5,125.00,25.00,GBP
8803230,1,5,312088,Open Play,2025-10-02T18:00:00Z,2025-10-02T16:37:45Z,2025-10-02T16:37:45Z,LIVE,4,156.00,4.52,USD
8803231,1,4,312089,Intro to Bouldering,2025-11-08T07:15:00Z,2025-10-02T21:14:23Z,2025-10-02T21:14:23Z,LIVE,2,98.00,9.80,AUD
8803232,1,3,310914,Half-Day River Tour,2025-10-09T14:00:00Z,2025-10-02T22:49:18Z,2025-10-02T22:49:18Z,LIVE,3,237.00,19.55,USD
8803233,1,4,310062,Kids Climb Session,2025-10-07T22:15:00Z,2025-10-02T23:44:56Z,2025-10-02T23:44:56Z,LIVE,1,24.00,2.40,AUD
8803234,1,4,312090,Kids Climb Session,2025-10-05T08:15:00Z,2025-10-03T03:11:23Z,2025-10-03T03:11:23Z,LIVE,2,48.00,4.80,AUD
8803235,1,5,312091,Private Group Game,2025-10-04T17:30:00Z,2025-10-03T05:21:55Z,2025-10-03T05:21:55Z,LIVE,5,275.00,7.98,USD
8803236,1,2,310628,Axe Throwing 90 min,2025-11-01T19:45:00Z,2025-10-03T12:05:31Z,2025-10-03T12:05:31Z,LIVE,8,312.00,71.76,EUR
8803237,1,3,312092,Half-Day River Tour,2025-10-18T11:30:00Z,2025-10-03T12:48:44Z,2025-10-03T12:48:44Z,LIVE,5,395.00,32.59,USD
8803238,1,2,312093,Axe Throwing 90 min,2025-10-03T19:30:00Z,2025-10-03T14:01:42Z,2025-10-03T14:01:42Z,LIVE,4,156.00,35.88,EUR
8803239,1,5,312094,Private Group Game,2025-10-03T22:30:00Z,2025-10-03T15:43:46Z,2025-10-03T15:43:46Z,LIVE,12,660.00,19.14,USD
8803240,1,1,312095,Asylum (60 min),2025-10-03T19:15:00Z,2025-10-03T17:48:56Z,2025-10-03T17:48:56Z,LIVE,4,112.00,22.40,GBP
8803241,1,5,312096,Private Group Game,2025-10-14T20:00:00Z,2025-10-03T19:05:40Z,2025-10-03T19:05:40Z,LIVE,6,330.00,9.57,USD
8803242,1,5,312097,Private Group Game,2025-10-18T18:30:00Z,2025-10-03T20:23:46Z,2025-10-03T20:23:46Z,LIVE,8,440.00,12.76,USD
8803243,1,4,312098,Intro to Bouldering,2025-10-03T23:30:00Z,2025-10-03T22:05:46Z,2025-10-03T22:05:46Z,LIVE,3,147.00,14.70,AUD
8803244,1,4,312099,Kids Climb Session,2025-10-04T05:30:00Z,2025-10-03T23:55:24Z,2025-10-03T23:55:24Z,LIVE,1,24.00,2.40,AUD
8803245,1,4,310303,Intro to Bouldering,2025-10-04T07:45:00Z,2025-10-04T01:17:08Z,2025-10-04T01:17:08Z,LIVE,4,196.00,19.60,AUD
8803246,1,5,312100,Private Group Game,2025-10-05T15:30:00Z,2025-10-04T02:45:28Z,2025-10-04T02:45:28Z,LIVE,11,605.00,17.55,USD
8803247,1,4,311113,Intro to Bouldering,2025-10-25T08:45:00Z,2025-10-04T06:43:13Z,2025-10-04T06:43:13Z,LIVE,2,98.00,9.80,AUD
8803248,1,4,312101,Kids Climb Session,2025-10-11T06:45:00Z,2025-10-04T07:04:49Z,2025-10-04T07:04:49Z,LIVE,1,24.00,2.40,AUD
8803248,1,4,312101,Kids Climb Session,2025-10-11T06:45:00Z,2025-10-04T07:04:49Z,2025-10-04T07:04:49Z,LIVE,1,24.00,2.40,AUD
8803249,1,2,312102,Axe Throwing 60 min,2025-10-07T17:00:00Z,2025-10-04T11:33:29Z,2025-10-04T11:33:29Z,LIVE,5,145.00,33.35,EUR
8803250,1,5,312103,Open Play,2025-10-05T20:00:00Z,2025-10-04T14:05:09Z,2025-10-04T14:05:09Z,LIVE,5,195.00,5.66,USD
8803215,2,4,312077,Kids Climb Session,2025-10-07T06:45:00Z,2025-10-01T09:03:22Z,2025-10-04T16:23:03Z,CANCELLED,1,24.00,2.40,AUD
8803251,1,5,312104,Open Play,2025-10-04T19:45:00Z,2025-10-04T18:20:00Z,2025-10-04T18:20:00Z,LIVE,6,234.00,6.79,USD
8803233,2,4,310062,Kids Climb Session,2025-10-07T22:15:00Z,2025-10-02T23:44:56Z,2025-10-04T18:41:39Z,LIVE,3,72.00,7.20,AUD
8802943,2,5,311908,Private Group Game,2025-10-18T17:00:00Z,2025-09-01T20:10:30Z,2025-10-04T19:49:10Z,CANCELLED,6,330.00,9.57,USD
8803252,1,5,312105,Private Group Game,2025-10-25T19:00:00Z,2025-10-04T19:50:50Z,2025-10-04T19:50:50Z,LIVE,6,330.00,9.57,USD
8803253,1,4,310134,Kids Climb Session,2025-10-05T00:30:00Z,2025-10-04T20:53:07Z,2025-10-04T20:53:07Z,LIVE,4,96.00,9.60,AUD
8803253,2,4,310134,Kids Climb Session,2025-10-05T00:30:00Z,2025-10-04T20:53:07Z,2025-10-04T21:27:33Z,LIVE,5,120.00,12.00,AUD
8803254,1,4,310474,Kids Climb Session,2025-10-26T05:15:00Z,2025-10-04T23:01:01Z,2025-10-04T23:01:01Z,LIVE,1,24.00,2.40,AUD
8803255,1,3,312106,Sunrise Paddle,2025-10-26T13:15:00Z,2025-10-05T01:17:40Z,2025-10-05T01:17:40Z,LIVE,5,225.00,18.56,USD
8803256,1,3,312107,Kayak Rental 2 hr,2025-10-17T16:30:00Z,2025-10-05T01:44:13Z,2025-10-05T01:44:13Z,LIVE,5,175.00,14.44,USD
8803201,2,4,310483,Intro to Bouldering,2025-10-07T07:15:00Z,2025-09-30T05:57:43Z,2025-10-05T03:36:06Z,CANCELLED,2,98.00,9.80,AUD
8803257,1,3,312108,Half-Day River Tour,2025-10-12T14:30:00Z,2025-10-05T04:03:11Z,2025-10-05T04:03:11Z,LIVE,4,316.00,26.07,USD
8803258,1,4,312109,Casual Climb,2025-10-05T08:00:00Z,2025-10-05T04:57:16Z,2025-10-05T04:57:16Z,LIVE,4,116.00,11.60,AUD
8803259,1,2,311779,Axe Throwing 90 min,2025-10-05T20:30:00Z,2025-10-05T06:24:06Z,2025-10-05T06:24:06Z,LIVE,5,195.00,44.85,EUR
8803200,2,5,310158,Private Group Game,2025-10-25T18:30:00Z,2025-09-30T01:15:51Z,2025-10-05T16:40:58Z,LIVE,12,660.00,19.14,USD
8803260,1,4,312110,Intro to Bouldering,2025-11-01T07:15:00Z,2025-10-05T20:53:43Z,2025-10-05T20:53:43Z,LIVE,1,49.00,4.90,AUD
8803261,1,6,312111,Test Experience,2025-10-10T13:30:00Z,2025-10-05T22:22:31Z,2025-10-05T22:22:31Z,LIVE,4,4.00,0.80,GBP
8803262,1,5,312112,Open Play,2025-10-09T21:15:00Z,2025-10-05T22:43:08Z,2025-10-05T22:43:08Z,LIVE,8,312.00,9.05,USD
8803263,1,1,310385,Mini Mystery (30 min),2025-10-24T19:00:00Z,2025-10-06T06:14:06Z,2025-10-06T06:14:06Z,LIVE,5,75.00,15.00,GBP
8803264,1,2,310143,Axe Throwing 90 min,2025-11-01T21:00:00Z,2025-10-06T11:14:40Z,2025-10-06T11:14:40Z,LIVE,8,312.00,71.76,EUR
8803265,1,4,312113,Casual Climb,2025-10-10T07:00:00Z,2025-10-06T11:32:21Z,2025-10-06T11:32:21Z,LIVE,3,87.00,8.70,AUD
8803248,2,4,312101,Kids Climb Session,2025-10-11T06:45:00Z,2025-10-04T07:04:49Z,2025-10-06T13:44:15Z,LIVE,3,72.00,7.20,AUD
8803266,1,1,312114,The Vault (60 min),2025-12-06T16:30:00Z,2025-10-06T18:37:41Z,2025-10-06T18:37:41Z,LIVE,5,125.00,25.00,GBP
8803267,1,1,310711,Asylum (60 min),2025-10-12T19:30:00Z,2025-10-06T19:14:39Z,2025-10-06T19:14:39Z,LIVE,3,84.00,16.80,GBP
8803268,1,4,312115,Intro to Bouldering,2025-12-25T08:15:00Z,2025-10-07T01:46:31Z,2025-10-07T01:46:31Z,LIVE,3,147.00,14.70,AUD
8803269,1,5,312116,Private Group Game,2025-11-22T20:30:00Z,2025-10-07T02:57:10Z,2025-10-07T02:57:10Z,LIVE,10,550.00,15.95,USD
8803270,1,3,312117,Half-Day River Tour,2025-10-08T15:15:00Z,2025-10-07T04:46:55Z,2025-10-07T04:46:55Z,LIVE,3,237.00,19.55,USD
8803271,1,6,312118,Test Experience,2025-10-07T10:00:00Z,2025-10-07T09:37:54Z,2025-10-07T09:37:54Z,LIVE,4,4.00,0.80,GBP
8803272,1,1,312119,The Vault (60 min),2026-01-04T21:00:00Z,2025-10-07T14:22:48Z,2025-10-07T14:22:48Z,LIVE,4,100.00,20.00,GBP
8803273,1,5,312120,Private Group Game,2025-10-09T19:45:00Z,2025-10-07T14:55:42Z,2025-10-07T14:55:42Z,LIVE,4,220.00,6.38,USD
8803274,1,1,312121,The Vault (60 min),2025-10-09T17:00:00Z,2025-10-07T15:00:32Z,2025-10-07T15:00:32Z,LIVE,5,125.00,25.00,GBP
8803275,1,5,312122,Open Play,2025-10-09T17:00:00Z,2025-10-07T16:53:15Z,2025-10-07T16:53:15Z,LIVE,8,312.00,9.05,USD
8803276,1,3,312123,Half-Day River Tour,2025-10-11T16:15:00Z,2025-10-07T19:43:20Z,2025-10-07T19:43:20Z,LIVE,3,237.00,19.55,USD
8803277,1,1,311898,Mini Mystery (30 min),2025-11-03T19:30:00Z,2025-10-07T20:28:08Z,2025-10-07T20:28:08Z,LIVE,3,45.00,9.00,GBP
8803278,1,1,310210,Asylum (60 min),2025-10-12T18:15:00Z,2025-10-07T22:54:58Z,2025-10-07T22:54:58Z,LIVE,6,168.00,33.60,GBP
8803279,1,4,312124,Kids Climb Session,2025-10-22T01:00:00Z,2025-10-07T22:55:46Z,2025-10-07T22:55:46Z,LIVE,1,24.00,2.40,AUD
8803280,1,4,310537,Casual Climb,2025-10-11T06:30:00Z,2025-10-07T23:38:04Z,2025-10-07T23:38:04Z,LIVE,3,87.00,8.70,AUD
8803281,1,3,311651,Half-Day River Tour,2025-10-26T13:30:00Z,2025-10-08T02:18:59Z,2025-10-08T02:18:59Z,LIVE,2,158.00,13.04,USD
8803282,1,3,310258,Sunrise Paddle,2025-10-08T13:30:00Z,2025-10-08T02:26:45Z,2025-10-08T02:26:45Z,LIVE,4,180.00,14.85,USD
8803283,1,4,312125,Casual Climb,2025-10-10T23:45:00Z,2025-10-08T02:53:04Z,2025-10-08T02:53:04Z,LIVE,2,58.00,5.80,AUD
8803242,2,5,312097,Private Group Game,2025-10-18T18:30:00Z,2025-10-03T20:23:46Z,2025-10-08T06:19:33Z,LIVE,9,495.00,14.36,USD
8803284,1,2,312126,Axe Throwing 60 min,2025-10-12T18:45:00Z,2025-10-08T06:22:20Z,2025-10-08T06:22:20Z,LIVE,3,87.00,20.01,EUR
8803267,2,1,310711,Asylum (60 min),2025-10-12T19:30:00Z,2025-10-06T19:14:39Z,2025-10-08T06:28:38Z,LIVE,5,140.00,28.00,GBP
8803262,2,5,312112,Open Play,2025-10-09T21:15:00Z,2025-10-05T22:43:08Z,2025-10-08T06:35:36Z,CANCELLED,8,312.00,9.05,USD
8803285,1,2,312127,Axe Throwing 90 min,2025-10-13T18:15:00Z,2025-10-08T07:23:29Z,2025-10-08T07:23:29Z,LIVE,2,78.00,17.94,EUR
8803286,1,2,312128,Axe Throwing 60 min,2025-10-15T19:45:00Z,2025-10-08T08:23:58Z,2025-10-08T08:23:58Z,LIVE,8,232.00,53.36,EUR
8803287,1,2,310439,Axe Throwing 90 min,2025-10-14T18:30:00Z,2025-10-08T11:35:49Z,2025-10-08T11:35:49Z,LIVE,4,156.00,35.88,EUR
8803288,1,1,312129,Mini Mystery (30 min),2025-12-01T19:00:00Z,2025-10-08T11:49:06Z,2025-10-08T11:49:06Z,LIVE,4,60.00,12.00,GBP
8803289,1,3,312130,Kayak Rental 2 hr,2025-10-25T14:30:00Z,2025-10-08T12:34:52Z,2025-10-08T12:34:52Z,LIVE,5,175.00,14.44,USD
8803290,1,3,311169,Kayak Rental 2 hr,2025-10-08T15:15:00Z,2025-10-08T12:58:21Z,2025-10-08T12:58:21Z,LIVE,5,175.00,14.44,USD
8803280,2,4,310537,Casual Climb,2025-10-11T06:30:00Z,2025-10-07T23:38:04Z,2025-10-08T13:21:32Z,LIVE,4,116.00,11.60,AUD
8803291,1,2,312131,Axe Throwing 60 min,2025-10-15T18:00:00Z,2025-10-08T13:25:05Z,2025-10-08T13:25:05Z,LIVE,4,116.00,26.68,EUR
8803292,1,2,312132,Axe Throwing 90 min,2025-10-19T18:00:00Z,2025-10-08T17:18:04Z,2025-10-08T17:18:04Z,LIVE,6,234.00,53.82,EUR
8803293,1,4,312133,Intro to Bouldering,2025-10-14T00:00:00Z,2025-10-08T20:28:39Z,2025-10-08T20:28:39Z,LIVE,1,49.00,4.90,AUD
8803294,1,2,312134,Axe Throwing 60 min,2025-10-11T14:00:00Z,2025-10-08T21:30:40Z,2025-10-08T21:30:40Z,LIVE,8,232.00,53.36,EUR
8803295,1,1,312135,Asylum (60 min),2025-10-10T11:15:00Z,2025-10-08T22:07:06Z,2025-10-08T22:07:06Z,LIVE,5,140.00,28.00,GBP
8803296,1,3,312136,Kayak Rental 2 hr,2025-10-14T13:00:00Z,2025-10-09T01:56:50Z,2025-10-09T01:56:50Z,LIVE,3,105.00,8.66,USD
8803297,1,3,312137,Kayak Rental 2 hr,2026-01-03T15:30:00Z,2025-10-09T02:47:19Z,2025-10-09T02:47:19Z,LIVE,2,70.00,5.78,USD
8803298,1,1,312138,Asylum (60 min),2025-11-27T19:00:00Z,2025-10-09T06:18:31Z,2025-10-09T06:18:31Z,LIVE,5,140.00,28.00,GBP
8803299,1,4,312139,Intro to Bouldering,2025-12-11T23:45:00Z,2025-10-09T10:00:46Z,2025-10-09T10:00:46Z,LIVE,1,49.00,4.90,AUD
8803300,1,2,312140,Axe Throwing 90 min,2025-10-11T19:00:00Z,2025-10-09T12:15:43Z,2025-10-09T12:15:43Z,LIVE,5,195.00,44.85,EUR
8803301,1,4,311754,Intro to Bouldering,2025-10-14T03:00:00Z,2025-10-09T12:42:20Z,2025-10-09T12:42:20Z,LIVE,4,196.00,19.60,AUD
8803302,1,5,311260,Open Play,2025-12-03T21:00:00Z,2025-10-09T15:07:22Z,2025-10-09T15:07:22Z,LIVE,12,468.00,13.57,USD
8803273,2,5,312120,Private Group Game,2025-10-09T19:45:00Z,2025-10-07T14:55:42Z,2025-10-09T15:46:40Z,CANCELLED,4,220.00,6.38,USD
8803303,1,2,312141,Axe Throwing 60 min,2025-10-18T12:30:00Z,2025-10-09T16:44:52Z,2025-10-09T16:44:52Z,LIVE,4,116.00,26.68,EUR
8803193,2,4,310530,Kids Climb Session,2025-10-17T07:00:00Z,2025-09-29T09:04:38Z,2025-10-10T00:30:52Z,CANCELLED,3,72.00,7.20,AUD
8803300,2,2,312140,Axe Throwing 90 min,2025-10-11T19:00:00Z,2025-10-09T12:15:43Z,2025-10-10T01:28:37Z,LIVE,7,273.00,62.79,EUR
8803304,1,4,312142,Casual Climb,2025-11-01T07:00:00Z,2025-10-10T06:55:29Z,2025-10-10T06:55:29Z,LIVE,4,116.00,11.60,AUD
8803305,1,2,312143,Axe Throwing 60 min,2025-10-26T18:00:00Z,2025-10-10T08:47:14Z,2025-10-10T08:47:14Z,LIVE,3,87.00,20.01,EUR
8803115,2,5,311396,Private Group Game,2025-10-19T20:00:00Z,2025-09-22T19:08:03Z,2025-10-10T10:32:59Z,CANCELLED,9,495.00,14.36,USD
8803306,1,4,312144,Intro to Bouldering,2025-11-01T01:30:00Z,2025-10-10T11:47:00Z,2025-10-10T11:47:00Z,LIVE,3,147.00,14.70,AUD
8803307,1,2,311742,Axe Throwing 90 min,2025-12-31T21:30:00Z,2025-10-10T12:00:52Z,2025-10-10T12:00:52Z,LIVE,6,234.00,53.82,EUR
8803308,1,4,312145,Kids Climb Session,2025-10-10T23:00:00Z,2025-10-10T12:58:31Z,2025-10-10T12:58:31Z,LIVE,4,96.00,9.60,AUD
8803309,1,5,312146,Open Play,2025-11-03T17:00:00Z,2025-10-10T17:03:53Z,2025-10-10T17:03:53Z,LIVE,12,468.00,13.57,USD
8803310,1,5,312147,Open Play,2025-10-10T20:15:00Z,2025-10-10T17:03:58Z,2025-10-10T17:03:58Z,LIVE,9,351.00,10.18,USD
8803311,1,1,312148,Asylum (60 min),2025-11-03T19:15:00Z,2025-10-10T19:15:55Z,2025-10-10T19:15:55Z,LIVE,3,84.00,16.80,GBP
8803312,1,2,312149,Axe Throwing 60 min,2025-10-15T16:30:00Z,2025-10-10T20:06:09Z,2025-10-10T20:06:09Z,LIVE,8,232.00,53.36,EUR
8803313,1,2,312150,Axe Throwing 90 min,2025-10-14T20:30:00Z,2025-10-10T20:08:28Z,2025-10-10T20:08:28Z,LIVE,2,78.00,17.94,EUR
8803314,1,1,312151,The Vault (60 min),2025-10-11T18:00:00Z,2025-10-10T20:51:10Z,2025-10-10T20:51:10Z,LIVE,3,75.00,15.00,GBP
8803315,1,3,311125,Half-Day River Tour,2025-10-11T11:00:00Z,2025-10-10T21:03:30Z,2025-10-10T21:03:30Z,LIVE,1,79.00,6.52,USD
8803316,1,1,312152,Mini Mystery (30 min),2025-10-11T17:30:00Z,2025-10-10T21:39:08Z,2025-10-10T21:39:08Z,LIVE,6,90.00,18.00,GBP
8803317,1,3,312153,Kayak Rental 2 hr,2025-12-06T14:45:00Z,2025-10-11T02:12:33Z,2025-10-11T02:12:33Z,LIVE,3,105.00,8.66,USD
8803301,2,4,311754,Intro to Bouldering,2025-10-14T03:00:00Z,2025-10-09T12:42:20Z,2025-10-11T02:42:16Z,LIVE,5,245.00,24.50,AUD
8803318,1,4,312154,Casual Climb,2025-11-09T06:00:00Z,2025-10-11T03:03:18Z,2025-10-11T03:03:18Z,LIVE,3,87.00,8.70,AUD
8803319,1,4,310985,Intro to Bouldering,2025-10-11T06:45:00Z,2025-10-11T05:10:01Z,2025-10-11T05:10:01Z,LIVE,4,196.00,19.60,AUD
8803267,3,1,310711,Asylum (60 min),2025-10-12T19:30:00Z,2025-10-06T19:14:39Z,2025-10-11T05:13:28Z,CANCELLED,5,140.00,28.00,GBP
8803320,1,2,312086,Axe Throwing 60 min,2025-10-11T19:00:00Z,2025-10-11T07:01:59Z,2025-10-11T07:01:59Z,LIVE,4,116.00,26.68,EUR
8803321,1,1,312155,The Vault (60 min),2025-10-12T20:45:00Z,2025-10-11T07:02:26Z,2025-10-11T07:02:26Z,LIVE,2,50.00,10.00,GBP
8803322,1,2,312156,Axe Throwing 60 min,2025-10-12T19:00:00Z,2025-10-11T07:33:48Z,2025-10-11T07:33:48Z,LIVE,7,203.00,46.69,EUR
8803323,1,4,310574,Kids Climb Session,2025-10-18T06:15:00Z,2025-10-11T09:26:13Z,2025-10-11T09:26:13Z,LIVE,4,96.00,9.60,AUD
8803324,1,1,312157,The Vault (60 min),2025-10-11T19:00:00Z,2025-10-11T09:27:05Z,2025-10-11T09:27:05Z,LIVE,2,50.00,10.00,GBP
8803188,2,4,312060,Kids Climb Session,2025-10-19T04:45:00Z,2025-09-28T23:41:05Z,2025-10-11T11:48:18Z,CANCELLED,1,24.00,2.40,AUD
8803325,1,5,312158,Open Play,2025-10-11T17:15:00Z,2025-10-11T15:47:39Z,2025-10-11T15:47:39Z,LIVE,9,351.00,10.18,USD
8803326,1,5,310256,Open Play,2025-10-11T18:45:00Z,2025-10-11T16:30:41Z,2025-10-11T16:30:41Z,LIVE,9,351.00,10.18,USD
8803327,1,1,312159,Mini Mystery (30 min),2025-10-12T15:30:00Z,2025-10-11T18:23:59Z,2025-10-11T18:23:59Z,LIVE,3,45.00,9.00,GBP
8803286,2,2,312128,Axe Throwing 60 min,2025-10-15T19:45:00Z,2025-10-08T08:23:58Z,2025-10-11T19:04:05Z,LIVE,10,290.00,66.70,EUR
8803328,1,5,312160,Private Group Game,2025-10-18T21:00:00Z,2025-10-11T20:19:39Z,2025-10-11T20:19:39Z,LIVE,9,495.00,14.36,USD
8803329,1,2,311486,Axe Throwing 60 min,2025-10-18T17:45:00Z,2025-10-11T22:32:25Z,2025-10-11T22:32:25Z,LIVE,6,174.00,40.02,EUR
8803124,2,2,312020,Axe Throwing 60 min,2025-10-13T19:30:00Z,2025-09-23T13:28:53Z,2025-10-12T03:12:40Z,CANCELLED,5,145.00,33.35,EUR
8803330,1,1,312161,The Vault (60 min),2025-11-03T21:45:00Z,2025-10-12T08:57:42Z,2025-10-12T08:57:42Z,LIVE,2,50.00,10.00,GBP
8803255,2,3,312106,Sunrise Paddle,2025-10-26T13:15:00Z,2025-10-05T01:17:40Z,2025-10-12T09:48:04Z,LIVE,7,315.00,25.99,USD
8803247,2,4,311113,Intro to Bouldering,2025-10-25T08:45:00Z,2025-10-04T06:43:13Z,2025-10-12T12:15:57Z,LIVE,4,196.00,19.60,AUD
8803331,1,5,310044,Private Group Game,2025-10-14T20:15:00Z,2025-10-12T17:34:04Z,2025-10-12T17:34:04Z,LIVE,11,605.00,17.55,USD
8803313,2,2,312150,Axe Throwing 90 min,2025-10-14T20:30:00Z,2025-10-10T20:08:28Z,2025-10-12T18:57:58Z,LIVE,4,156.00,35.88,EUR
8803332,1,1,312162,Mini Mystery (30 min),2025-11-07T21:30:00Z,2025-10-12T20:51:34Z,2025-10-12T20:51:34Z,LIVE,2,30.00,6.00,GBP
8803333,1,1,310157,The Vault (60 min),2025-12-12T20:45:00Z,2025-10-12T21:31:17Z,2025-10-12T21:31:17Z,LIVE,2,50.00,10.00,GBP
8803334,1,5,310169,Open Play,2025-10-17T21:30:00Z,2025-10-12T23:58:16Z,2025-10-12T23:58:16Z,LIVE,9,351.00,10.18,USD
8803335,1,3,312163,Sunrise Paddle,2025-10-16T14:45:00Z,2025-10-13T00:36:26Z,2025-10-13T00:36:26Z,LIVE,1,45.00,3.71,USD
8803336,1,5,311581,Private Group Game,2025-10-14T21:45:00Z,2025-10-13T03:23:37Z,2025-10-13T03:23:37Z,LIVE,4,220.00,6.38,USD
8803053,2,5,311984,Private Group Game,2025-10-29T19:30:00Z,2025-09-14T22:48:15Z,2025-10-13T06:32:00Z,CANCELLED,10,550.00,15.95,USD
8803337,1,1,312164,The Vault (60 min),2025-10-13T13:00:00Z,2025-10-13T07:47:51Z,2025-10-13T07:47:51Z,LIVE,6,150.00,30.00,GBP
8803338,1,1,312165,Mini Mystery (30 min),2025-10-13T18:00:00Z,2025-10-13T09:33:39Z,2025-10-13T09:33:39Z,LIVE,5,75.00,15.00,GBP
8803338,2,1,312165,Mini Mystery (30 min),2025-10-13T18:00:00Z,2025-10-13T09:33:39Z,2025-10-13T13:42:44Z,LIVE,6,90.00,18.00,GBP
8803339,1,3,311895,Kayak Rental 2 hr,2025-10-26T15:15:00Z,2025-10-13T17:02:41Z,2025-10-13T17:02:41Z,LIVE,3,105.00,8.66,USD
8803340,1,1,312166,Mini Mystery (30 min),2025-10-23T13:00:00Z,2025-10-13T17:02:58Z,2025-10-13T17:02:58Z,LIVE,2,30.00,6.00,GBP
8803341,1,3,312167,Kayak Rental 2 hr,2025-10-14T11:30:00Z,2025-10-13T20:43:44Z,2025-10-13T20:43:44Z,LIVE,4,140.00,11.55,USD
8803342,1,1,312168,The Vault (60 min),2025-11-04T19:30:00Z,2025-10-13T21:50:05Z,2025-10-13T21:50:05Z,LIVE,2,50.00,10.00,GBP
8803343,1,4,312169,Intro to Bouldering,2025-10-26T04:00:00Z,2025-10-14T01:24:17Z,2025-10-14T01:24:17Z,LIVE,4,196.00,19.60,AUD
8803344,1,5,312170,Private Group Game,2025-10-17T16:00:00Z,2025-10-14T03:13:49Z,2025-10-14T03:13:49Z,LIVE,6,330.00,9.57,USD
8803345,1,4,312171,Kids Climb Session,2025-10-19T04:00:00Z,2025-10-14T07:56:15Z,2025-10-14T07:56:15Z,LIVE,3,72.00,7.20,AUD
8803346,1,2,310001,Axe Throwing 60 min,2025-11-08T20:15:00Z,2025-10-14T10:43:41Z,2025-10-14T10:43:41Z,LIVE,2,58.00,13.34,EUR
8803347,1,3,312172,Kayak Rental 2 hr,2025-12-11T15:00:00Z,2025-10-14T12:00:27Z,2025-10-14T12:00:27Z,LIVE,2,70.00,5.78,USD
8803348,1,3,311208,Kayak Rental 2 hr,2025-10-14T14:45:00Z,2025-10-14T13:35:53Z,2025-10-14T13:35:53Z,LIVE,1,35.00,2.89,USD
8803348,2,3,311208,Kayak Rental 2 hr,2025-10-14T14:45:00Z,2025-10-14T13:35:53Z,2025-10-14T13:45:43Z,LIVE,3,105.00,8.66,USD
8803349,1,3,312173,Half-Day River Tour,2025-10-17T15:00:00Z,2025-10-14T19:29:51Z,2025-10-14T19:29:51Z,LIVE,2,158.00,13.04,USD
8803350,1,2,312174,Axe Throwing 60 min,2025-10-16T17:00:00Z,2025-10-14T22:46:55Z,2025-10-14T22:46:55Z,LIVE,4,116.00,26.68,EUR
8803351,1,3,312175,Sunrise Paddle,2026-01-06T15:15:00Z,2025-10-15T01:01:11Z,2025-10-15T01:01:11Z,LIVE,4,180.00,14.85,USD
8803352,1,5,312176,Open Play,2025-10-16T15:00:00Z,2025-10-15T03:24:03Z,2025-10-15T03:24:03Z,LIVE,5,195.00,5.66,USD
8803147,2,5,312034,Open Play,2025-10-25T16:30:00Z,2025-09-25T13:53:44Z,2025-10-15T04:03:43Z,CANCELLED,6,234.00,6.79,USD
8803353,1,5,312177,Private Group Game,2025-10-26T19:30:00Z,2025-10-15T05:49:53Z,2025-10-15T05:49:53Z,LIVE,8,440.00,12.76,USD
8803354,1,2,310964,Axe Throwing 90 min,2025-10-15T20:00:00Z,2025-10-15T06:14:24Z,2025-10-15T06:14:24Z,LIVE,5,195.00,44.85,EUR
8803355,1,2,312178,Axe Throwing 60 min,2025-10-16T19:15:00Z,2025-10-15T11:00:13Z,2025-10-15T11:00:13Z,LIVE,2,58.00,13.34,EUR
8803356,1,2,312179,Axe Throwing 90 min,2025-10-15T19:45:00Z,2025-10-15T11:13:40Z,2025-10-15T11:13:40Z,LIVE,2,78.00,17.94,EUR
8803357,1,1,311642,The Vault (60 min),2025-10-17T18:00:00Z,2025-10-15T11:16:30Z,2025-10-15T11:16:30Z,LIVE,6,150.00,30.00,GBP
8803358,1,5,312180,Open Play,2025-12-06T18:00:00Z,2025-10-15T15:15:46Z,2025-10-15T15:15:46Z,LIVE,12,468.00,13.57,USD
8803203,2,2,312069,Axe Throwing 60 min,2025-10-22T19:00:00Z,2025-09-30T12:45:36Z,2025-10-15T16:53:23Z,CANCELLED,8,232.00,53.36,EUR
8803345,2,4,312171,Kids Climb Session,2025-10-19T04:00:00Z,2025-10-14T07:56:15Z,2025-10-15T18:23:55Z,LIVE,4,96.00,9.60,AUD
8803359,1,1,312181,Mini Mystery (30 min),2025-10-15T20:00:00Z,2025-10-15T18:43:51Z,2025-10-15T18:43:51Z,LIVE,3,45.00,9.00,GBP
8803360,1,5,312182,Open Play,2025-10-18T19:30:00Z,2025-10-15T19:17:28Z,2025-10-15T19:17:28Z,LIVE,10,390.00,11.31,USD
8803361,1,2,312183,Axe Throwing 90 min,2025-11-06T21:30:00Z,2025-10-15T21:43:27Z,2025-10-15T21:43:27Z,LIVE,6,234.00,53.82,EUR
8803362,1,4,311021,Kids Climb Session,2025-10-18T05:15:00Z,2025-10-16T00:29:27Z,2025-10-16T00:29:27Z,LIVE,3,72.00,7.20,AUD
8803363,1,5,310317,Open Play,2025-10-31T18:00:00Z,2025-10-16T02:29:14Z,2025-10-16T02:29:14Z,LIVE,5,195.00,5.66,USD
8803335,2,3,312163,Sunrise Paddle,2025-10-16T14:45:00Z,2025-10-13T00:36:26Z,2025-10-16T05:50:30Z,CANCELLED,1,45.00,3.71,USD
8803364,1,2,312184,Axe Throwing 60 min,2025-11-10T13:15:00Z,2025-10-16T10:34:49Z,2025-10-16T10:34:49Z,LIVE,4,116.00,26.68,EUR
8803365,1,1,312185,The Vault (60 min),2025-10-16T17:30:00Z,2025-10-16T14:29:30Z,2025-10-16T14:29:30Z,LIVE,3,75.00,15.00,GBP
8803366,1,1,310336,Asylum (60 min),2025-11-16T17:30:00Z,2025-10-16T18:13:56Z,2025-10-16T18:13:56Z,LIVE,4,112.00,22.40,GBP
8803367,1,3,312186,Sunrise Paddle,2025-10-31T14:30:00Z,2025-10-16T20:31:37Z,2025-10-16T20:31:37Z,LIVE,4,180.00,14.85,USD
8803368,1,2,312187,Axe Throwing 90 min,2025-10-18T16:15:00Z,2025-10-16T21:05:43Z,2025-10-16T21:05:43Z,LIVE,5,195.00,44.85,EUR
8803369,1,3,312188,Half-Day River Tour,2025-10-18T12:30:00Z,2025-10-16T21:45:46Z,2025-10-16T21:45:46Z,LIVE,1,79.00,6.52,USD
8803370,1,4,310405,Kids Climb Session,2025-11-15T07:15:00Z,2025-10-16T22:09:12Z,2025-10-16T22:09:12Z,LIVE,3,72.00,7.20,AUD
8803371,1,5,312189,Open Play,2025-10-20T21:15:00Z,2025-10-17T02:16:56Z,2025-10-17T02:16:56Z,LIVE,10,390.00,11.31,USD
8803372,1,2,310199,Axe Throwing 90 min,2025-10-17T19:45:00Z,2025-10-17T07:33:05Z,2025-10-17T07:33:05Z,LIVE,2,78.00,17.94,EUR
8803373,1,2,312190,Axe Throwing 90 min,2025-10-17T18:00:00Z,2025-10-17T09:36:32Z,2025-10-17T09:36:32Z,LIVE,3,117.00,26.91,EUR
8803374,1,2,311689,Axe Throwing 60 min,2025-10-20T19:00:00Z,2025-10-17T10:22:30Z,2025-10-17T10:22:30Z,LIVE,4,116.00,26.68,EUR
8803375,1,2,312191,Axe Throwing 90 min,2025-11-12T19:45:00Z,2025-10-17T14:08:40Z,2025-10-17T14:08:40Z,LIVE,3,117.00,26.91,EUR
8803376,1,5,310865,Open Play,2025-10-18T20:30:00Z,2025-10-17T15:07:32Z,2025-10-17T15:07:32Z,LIVE,8,312.00,9.05,USD
8803377,1,5,312192,Open Play,2025-10-25T19:30:00Z,2025-10-17T18:05:27Z,2025-10-17T18:05:27Z,LIVE,5,195.00,5.66,USD
8803378,1,4,312193,Kids Climb Session,2025-10-18T06:30:00Z,2025-10-17T20:04:19Z,2025-10-17T20:04:19Z,LIVE,3,72.00,7.20,AUD
8803379,1,4,311331,Casual Climb,2025-10-18T04:00:00Z,2025-10-17T21:01:32Z,2025-10-17T21:01:32Z,LIVE,2,58.00,5.80,AUD
8803379,2,4,311331,Casual Climb,2025-10-18T04:00:00Z,2025-10-17T21:01:32Z,2025-10-17T21:12:20Z,LIVE,3,87.00,8.70,AUD
8803380,1,5,312194,Private Group Game,2025-11-01T19:30:00Z,2025-10-17T21:57:12Z,2025-10-17T21:57:12Z,LIVE,5,275.00,7.98,USD
8803378,2,4,312193,Kids Climb Session,2025-10-18T06:30:00Z,2025-10-17T20:04:19Z,2025-10-17T22:15:44Z,LIVE,4,96.00,9.60,AUD
8803183,2,2,312057,Axe Throwing 90 min,2025-11-04T18:45:00Z,2025-09-28T15:36:36Z,2025-10-18T00:12:28Z,CANCELLED,2,78.00,17.94,EUR
8803381,1,3,311420,Sunrise Paddle,2025-10-22T14:30:00Z,2025-10-18T01:04:39Z,2025-10-18T01:04:39Z,LIVE,3,135.00,11.14,USD
8803382,1,3,310481,Sunrise Paddle,2025-10-18T11:45:00Z,2025-10-18T03:21:01Z,2025-10-18T03:21:01Z,LIVE,5,225.00,18.56,USD
8803383,1,4,310280,Casual Climb,2025-10-19T05:15:00Z,2025-10-18T03:59:28Z,2025-10-18T03:59:28Z,LIVE,3,87.00,8.70,AUD
8803100,2,1,311295,Asylum (60 min),2025-10-25T14:30:00Z,2025-09-20T16:01:51Z,2025-10-18T07:06:37Z,CANCELLED,6,168.00,33.60,GBP
8803384,1,2,311410,Axe Throwing 90 min,2025-10-20T17:30:00Z,2025-10-18T10:22:28Z,2025-10-18T10:22:28Z,LIVE,7,273.00,62.79,EUR
8803385,1,1,312195,The Vault (60 min),2025-10-18T18:30:00Z,2025-10-18T12:05:37Z,2025-10-18T12:05:37Z,LIVE,2,50.00,10.00,GBP
8803385,2,1,312195,The Vault (60 min),2025-10-18T18:30:00Z,2025-10-18T12:05:37Z,2025-10-18T12:17:50Z,LIVE,4,100.00,20.00,GBP
8803386,1,3,310122,Kayak Rental 2 hr,2025-10-18T15:15:00Z,2025-10-18T14:20:41Z,2025-10-18T14:20:41Z,LIVE,3,105.00,8.66,USD
8803386,2,3,310122,Kayak Rental 2 hr,2025-10-18T15:15:00Z,2025-10-18T14:20:41Z,2025-10-18T14:23:10Z,LIVE,4,140.00,11.55,USD
8803387,1,3,311189,Half-Day River Tour,2025-10-18T15:30:00Z,2025-10-18T14:32:18Z,2025-10-18T14:32:18Z,LIVE,1,79.00,6.52,USD
8803388,1,2,311333,Axe Throwing 60 min,2025-10-18T18:30:00Z,2025-10-18T17:30:51Z,2025-10-18T17:30:51Z,LIVE,2,58.00,13.34,EUR
8803389,1,2,310058,Axe Throwing 90 min,2025-10-26T20:15:00Z,2025-10-18T17:51:34Z,2025-10-18T17:51:34Z,LIVE,4,156.00,35.88,EUR
8803390,1,4,312196,Casual Climb,2025-10-26T06:15:00Z,2025-10-19T00:54:25Z,2025-10-19T00:54:25Z,LIVE,3,87.00,8.70,AUD
8803391,1,1,312197,The Vault (60 min),2025-10-28T19:30:00Z,2025-10-19T06:43:14Z,2025-10-19T06:43:14Z,LIVE,3,75.00,15.00,GBP
8803392,1,2,310114,Axe Throwing 90 min,2025-10-19T17:00:00Z,2025-10-19T10:02:07Z,2025-10-19T10:02:07Z,LIVE,7,273.00,62.79,EUR
8803393,1,4,310272,Casual Climb,2025-11-15T00:15:00Z,2025-10-19T11:28:12Z,2025-10-19T11:28:12Z,LIVE,1,29.00,2.90,AUD
8803394,1,2,312198,Axe Throwing 90 min,2025-10-19T19:30:00Z,2025-10-19T13:39:20Z,2025-10-19T13:39:20Z,LIVE,8,312.00,71.76,EUR
8803395,1,1,312199,Asylum (60 min),2025-10-19T18:00:00Z,2025-10-19T16:01:33Z,2025-10-19T16:01:33Z,LIVE,2,56.00,11.20,GBP
8803396,1,3,312200,Sunrise Paddle,2025-11-09T15:45:00Z,2025-10-19T16:35:32Z,2025-10-19T16:35:32Z,LIVE,4,180.00,14.85,USD
8803311,2,1,312148,Asylum (60 min),2025-11-03T19:15:00Z,2025-10-10T19:15:55Z,2025-10-19T18:18:57Z,LIVE,5,140.00,28.00,GBP
8803397,1,1,312201,Asylum (60 min),2025-10-26T17:00:00Z,2025-10-19T19:05:03Z,2025-10-19T19:05:03Z,LIVE,3,84.00,16.80,GBP
8803398,1,1,310108,The Vault (60 min),2025-10-20T18:00:00Z,2025-10-19T19:47:06Z,2025-10-19T19:47:06Z,LIVE,4,100.00,20.00,GBP
8803399,1,1,310084,Mini Mystery (30 min),2026-01-08T20:15:00Z,2025-10-19T20:21:04Z,2025-10-19T20:21:04Z,LIVE,5,75.00,15.00,GBP
8803400,1,1,310611,The Vault (60 min),2025-11-09T14:30:00Z,2025-10-19T21:12:02Z,2025-10-19T21:12:02Z,LIVE,2,50.00,10.00,GBP
8803401,1,3,312202,Kayak Rental 2 hr,2025-11-14T15:45:00Z,2025-10-20T00:31:38Z,2025-10-20T00:31:38Z,LIVE,4,140.00,11.55,USD
8803402,1,3,312203,Sunrise Paddle,2025-10-29T15:30:00Z,2025-10-20T00:58:10Z,2025-10-20T00:58:10Z,LIVE,1,45.00,3.71,USD
8803277,2,1,311898,Mini Mystery (30 min),2025-11-03T19:30:00Z,2025-10-07T20:28:08Z,2025-10-20T09:04:35Z,LIVE,4,60.00,12.00,GBP
8803403,1,2,311486,Axe Throwing 60 min,2025-10-24T18:30:00Z,2025-10-20T14:35:57Z,2025-10-20T14:35:57Z,LIVE,6,174.00,40.02,EUR
8803404,1,2,312204,Axe Throwing 60 min,2025-10-25T19:00:00Z,2025-10-20T15:35:54Z,2025-10-20T15:35:54Z,LIVE,7,203.00,46.69,EUR
8803405,1,2,312187,Axe Throwing 60 min,2025-10-20T19:00:00Z,2025-10-20T15:50:24Z,2025-10-20T15:50:24Z,LIVE,2,58.00,13.34,EUR
8803406,1,3,310691,Sunrise Paddle,2025-10-22T12:45:00Z,2025-10-20T17:02:10Z,2025-10-20T17:02:10Z,LIVE,3,135.00,11.14,USD
8803407,1,1,312022,Mini Mystery (30 min),2025-10-22T18:45:00Z,2025-10-20T17:04:14Z,2025-10-20T17:04:14Z,LIVE,4,60.00,12.00,GBP
8803405,2,2,312187,Axe Throwing 60 min,2025-10-20T19:00:00Z,2025-10-20T15:50:24Z,2025-10-20T18:02:36Z,CANCELLED,2,58.00,13.34,EUR
8803408,1,4,311594,Intro to Bouldering,2025-10-26T03:45:00Z,2025-10-21T00:51:04Z,2025-10-21T00:51:04Z,LIVE,4,196.00,19.60,AUD
8803407,2,1,312022,Mini Mystery (30 min),2025-10-22T18:45:00Z,2025-10-20T17:04:14Z,2025-10-21T00:52:13Z,LIVE,6,90.00,18.00,GBP
8803409,1,3,312205,Half-Day River Tour,2025-10-27T15:30:00Z,2025-10-21T01:16:06Z,2025-10-21T01:16:06Z,LIVE,1,79.00,6.52,USD
8803410,1,4,311237,Kids Climb Session,2025-11-20T06:15:00Z,2025-10-21T02:56:32Z,2025-10-21T02:56:32Z,LIVE,4,96.00,9.60,AUD
8803411,1,5,312206,Open Play,2025-10-30T16:00:00Z,2025-10-21T04:41:27Z,2025-10-21T04:41:27Z,LIVE,11,429.00,12.44,USD
8803412,1,6,311025,Test Experience,2025-10-25T09:00:00Z,2025-10-21T06:40:40Z,2025-10-21T06:40:40Z,LIVE,2,2.00,0.40,GBP
8803413,1,2,310222,Axe Throwing 60 min,2025-10-21T19:45:00Z,2025-10-21T07:21:30Z,2025-10-21T07:21:30Z,LIVE,4,116.00,26.68,EUR
8803414,1,2,312204,Axe Throwing 60 min,2025-10-23T18:00:00Z,2025-10-21T12:00:13Z,2025-10-21T12:00:13Z,LIVE,6,174.00,40.02,EUR
8803415,1,5,310742,Open Play,2025-10-21T19:00:00Z,2025-10-21T14:12:35Z,2025-10-21T14:12:35Z,LIVE,5,195.00,5.66,USD
8803416,1,1,312207,Mini Mystery (30 min),2025-10-28T19:45:00Z,2025-10-21T14:46:16Z,2025-10-21T14:46:16Z,LIVE,2,30.00,6.00,GBP
8803417,1,2,312208,Axe Throwing 90 min,2025-10-27T20:15:00Z,2025-10-21T16:45:11Z,2025-10-21T16:45:11Z,LIVE,5,195.00,44.85,EUR
8803418,1,2,312209,Axe Throwing 90 min,2025-12-21T18:00:00Z,2025-10-21T17:34:47Z,2025-10-21T17:34:47Z,LIVE,8,312.00,71.76,EUR
8803419,1,5,310504,Private Group Game,2025-10-26T15:15:00Z,2025-10-21T18:01:40Z,2025-10-21T18:01:40Z,LIVE,4,220.00,6.38,USD
8803420,1,3,312210,Half-Day River Tour,2025-10-23T20:45:00Z,2025-10-21T21:00:53Z,2025-10-21T21:00:53Z,LIVE,3,237.00,19.55,USD
8803420,1,3,312210,Half-Day River Tour,2025-10-23T20:45:00Z,2025-10-21T21:00:53Z,2025-10-21T21:00:53Z,LIVE,3,237.00,19.55,USD
8803421,1,4,312211,Intro to Bouldering,2025-10-22T07:15:00Z,2025-10-22T01:37:40Z,2025-10-22T01:37:40Z,LIVE,3,147.00,14.70,AUD
8803422,1,4,312212,Casual Climb,2025-11-06T03:00:00Z,2025-10-22T01:57:41Z,2025-10-22T01:57:41Z,LIVE,2,58.00,5.80,AUD
8803252,2,5,312105,Private Group Game,2025-10-25T19:00:00Z,2025-10-04T19:50:50Z,2025-10-22T03:04:11Z,CANCELLED,6,330.00,9.57,USD
8803421,2,4,312211,Intro to Bouldering,2025-10-22T07:15:00Z,2025-10-22T01:37:40Z,2025-10-22T06:32:36Z,CANCELLED,3,147.00,14.70,AUD
8803423,1,1,312213,Asylum (60 min),2025-10-28T21:15:00Z,2025-10-22T09:35:41Z,2025-10-22T09:35:41Z,LIVE,5,140.00,28.00,GBP
8803424,1,1,312214,Asylum (60 min),2025-10-22T20:00:00Z,2025-10-22T10:57:00Z,2025-10-22T10:57:00Z,LIVE,2,56.00,11.20,GBP
8803425,1,4,311244,Intro to Bouldering,2026-01-04T00:15:00Z,2025-10-22T11:59:33Z,2025-10-22T11:59:33Z,LIVE,2,98.00,9.80,AUD
8803426,1,5,312215,Open Play,2025-11-21T20:00:00Z,2025-10-22T15:06:45Z,2025-10-22T15:06:45Z,LIVE,12,468.00,13.57,USD
8803427,1,5,312216,Private Group Game,2025-10-22T17:30:00Z,2025-10-22T15:12:30Z,2025-10-22T15:12:30Z,LIVE,5,275.00,7.98,USD
8803428,1,5,310915,Open Play,2025-10-24T21:00:00Z,2025-10-22T16:08:55Z,2025-10-22T16:08:55Z,LIVE,10,390.00,11.31,USD
8803429,1,2,312217,Axe Throwing 60 min,2025-11-01T21:30:00Z,2025-10-22T20:19:05Z,2025-10-22T20:19:05Z,LIVE,8,232.00,53.36,EUR
8803430,1,5,310158,Open Play,2025-10-25T17:00:00Z,2025-10-22T23:01:52Z,2025-10-22T23:01:52Z,LIVE,9,351.00,10.18,USD
8803431,1,3,311946,Half-Day River Tour,2025-10-24T14:15:00Z,2025-10-23T02:04:51Z,2025-10-23T02:04:51Z,LIVE,5,395.00,32.59,USD
8803432,1,4,312218,Kids Climb Session,2025-10-25T04:45:00Z,2025-10-23T04:41:07Z,2025-10-23T04:41:07Z,LIVE,1,24.00,2.40,AUD
8803433,1,4,312219,Intro to Bouldering,2025-11-16T05:00:00Z,2025-10-23T04:41:21Z,2025-10-23T04:41:21Z,LIVE,4,196.00,19.60,AUD
8803434,1,2,311735,Axe Throwing 90 min,2025-10-23T19:30:00Z,2025-10-23T06:50:33Z,2025-10-23T06:50:33Z,LIVE,3,117.00,26.91,EUR
8803435,1,1,312220,Asylum (60 min),2025-11-02T20:15:00Z,2025-10-23T08:25:32Z,2025-10-23T08:25:32Z,LIVE,5,140.00,28.00,GBP
8803436,1,4,312221,Intro to Bouldering,2026-01-04T23:00:00Z,2025-10-23T08:28:52Z,2025-10-23T08:28:52Z,LIVE,4,196.00,19.60,AUD
8803437,1,1,310438,Mini Mystery (30 min),2025-10-23T18:45:00Z,2025-10-23T08:51:09Z,2025-10-23T08:51:09Z,LIVE,2,30.00,6.00,GBP
8803438,1,1,311064,The Vault (60 min),2025-10-27T20:30:00Z,2025-10-23T09:24:58Z,2025-10-23T09:24:58Z,LIVE,2,50.00,10.00,GBP
8803439,1,5,312222,Open Play,2025-12-21T18:00:00Z,2025-10-23T14:31:44Z,2025-10-23T14:31:44Z,LIVE,8,312.00,9.05,USD
8803440,1,5,312223,Open Play,2025-11-21T21:15:00Z,2025-10-23T18:35:06Z,2025-10-23T18:35:06Z,LIVE,11,429.00,12.44,USD
8803428,2,5,310915,Open Play,2025-10-24T21:00:00Z,2025-10-22T16:08:55Z,2025-10-23T20:11:09Z,CANCELLED,10,390.00,11.31,USD
8803441,1,2,310121,Axe Throwing 60 min,2025-10-29T20:15:00Z,2025-10-23T22:53:02Z,2025-10-23T22:53:02Z,LIVE,5,145.00,33.35,EUR
8803442,1,3,312224,Sunrise Paddle,2025-10-30T14:00:00Z,2025-10-23T22:53:54Z,2025-10-23T22:53:54Z,LIVE,5,225.00,18.56,USD
8803443,1,3,312225,Sunrise Paddle,2025-10-24T12:30:00Z,2025-10-24T00:21:00Z,2025-10-24T00:21:00Z,LIVE,5,225.00,18.56,USD
8803396,2,3,312200,Sunrise Paddle,2025-11-09T15:45:00Z,2025-10-19T16:35:32Z,2025-10-24T06:03:35Z,LIVE,5,225.00,18.56,USD
8803430,2,5,310158,Open Play,2025-10-25T17:00:00Z,2025-10-22T23:01:52Z,2025-10-24T11:07:42Z,CANCELLED,9,351.00,10.18,USD
8803389,2,2,310058,Axe Throwing 90 min,2025-10-26T20:15:00Z,2025-10-18T17:51:34Z,2025-10-24T14:50:48Z,CANCELLED,4,156.00,35.88,EUR
8803444,1,4,312226,Intro to Bouldering,2025-10-24T23:00:00Z,2025-10-24T20:38:46Z,2025-10-24T20:38:46Z,LIVE,3,147.00,14.70,AUD
8803445,1,2,310919,Axe Throwing 90 min,2025-11-01T20:15:00Z,2025-10-24T21:06:35Z,2025-10-24T21:06:35Z,LIVE,5,195.00,44.85,EUR
8803446,1,3,312227,Kayak Rental 2 hr,2025-11-23T13:30:00Z,2025-10-25T00:24:02Z,2025-10-25T00:24:02Z,LIVE,3,105.00,8.66,USD
8803447,1,3,312228,Half-Day River Tour,2025-10-25T12:00:00Z,2025-10-25T04:45:46Z,2025-10-25T04:45:46Z,LIVE,4,316.00,26.07,USD
8803346,2,2,310001,Axe Throwing 60 min,2025-11-08T20:15:00Z,2025-10-14T10:43:41Z,2025-10-25T05:01:47Z,LIVE,3,87.00,20.01,EUR
8803448,1,4,311097,Kids Climb Session,2025-10-25T07:30:00Z,2025-10-25T05:09:33Z,2025-10-25T05:09:33Z,LIVE,3,72.00,7.20,AUD
8803449,1,2,312229,Axe Throwing 60 min,2025-11-01T18:45:00Z,2025-10-25T06:10:21Z,2025-10-25T06:10:21Z,LIVE,3,87.00,20.01,EUR
8803450,1,1,311122,Asylum (60 min),2025-11-01T19:15:00Z,2025-10-25T06:22:37Z,2025-10-25T06:22:37Z,LIVE,3,84.00,16.80,GBP
8803451,1,1,310027,The Vault (60 min),2025-10-25T15:30:00Z,2025-10-25T06:26:03Z,2025-10-25T06:26:03Z,LIVE,4,100.00,20.00,GBP
8803452,1,1,312230,Mini Mystery (30 min),2025-11-01T20:30:00Z,2025-10-25T06:31:21Z,2025-10-25T06:31:21Z,LIVE,3,45.00,9.00,GBP
8803453,1,2,312132,Axe Throwing 90 min,2025-12-08T18:30:00Z,2025-10-25T08:50:52Z,2025-10-25T08:50:52Z,LIVE,2,78.00,17.94,EUR
8803454,1,4,311478,Kids Climb Session,2025-10-28T07:30:00Z,2025-10-25T10:28:40Z,2025-10-25T10:28:40Z,LIVE,4,96.00,9.60,AUD
8803353,2,5,312177,Private Group Game,2025-10-26T19:30:00Z,2025-10-15T05:49:53Z,2025-10-25T10:50:49Z,CANCELLED,8,440.00,12.76,USD
8803455,1,1,312231,Asylum (60 min),2025-10-25T16:15:00Z,2025-10-25T14:09:54Z,2025-10-25T14:09:54Z,LIVE,4,112.00,22.40,GBP
8803417,2,2,312208,Axe Throwing 90 min,2025-10-27T20:15:00Z,2025-10-21T16:45:11Z,2025-10-25T16:34:55Z,CANCELLED,5,195.00,44.85,EUR
8803456,1,2,311249,Axe Throwing 90 min,2025-10-26T21:00:00Z,2025-10-25T20:33:48Z,2025-10-25T20:33:48Z,LIVE,3,117.00,26.91,EUR
8803457,1,1,312232,The Vault (60 min),2025-11-07T21:15:00Z,2025-10-25T21:14:49Z,2025-10-25T21:14:49Z,LIVE,2,50.00,10.00,GBP
8803458,1,4,312233,Kids Climb Session,2025-10-31T06:30:00Z,2025-10-26T00:04:49Z,2025-10-26T00:04:49Z,LIVE,2,48.00,4.80,AUD
8803459,1,4,312046,Casual Climb,2025-11-20T04:30:00Z,2025-10-26T07:27:18Z,2025-10-26T07:27:18Z,LIVE,1,29.00,2.90,AUD
8803460,1,1,312234,The Vault (60 min),2025-11-03T20:30:00Z,2025-10-26T10:51:35Z,2025-10-26T10:51:35Z,LIVE,6,150.00,30.00,GBP
8803461,1,1,312235,Mini Mystery (30 min),2025-10-26T21:00:00Z,2025-10-26T12:00:51Z,2025-10-26T12:00:51Z,LIVE,5,75.00,15.00,GBP
8803462,1,4,310589,Intro to Bouldering,2025-10-31T07:00:00Z,2025-10-26T12:18:59Z,2025-10-26T12:18:59Z,LIVE,3,147.00,14.70,AUD
8803463,1,3,311388,Kayak Rental 2 hr,2025-11-09T13:00:00Z,2025-10-26T12:21:09Z,2025-10-26T12:21:09Z,LIVE,1,35.00,2.89,USD
8803464,1,3,310481,Half-Day River Tour,2025-10-26T15:15:00Z,2025-10-26T14:05:22Z,2025-10-26T14:05:22Z,LIVE,3,237.00,19.55,USD
8803401,2,3,312202,Kayak Rental 2 hr,2025-11-14T15:45:00Z,2025-10-20T00:31:38Z,2025-10-26T17:00:34Z,LIVE,5,175.00,14.44,USD
8803465,1,6,312236,Test Experience,2025-11-18T11:00:00Z,2025-10-26T18:45:45Z,2025-10-26T18:45:45Z,LIVE,2,2.00,0.40,GBP
8803466,1,3,312237,Half-Day River Tour,2025-10-28T11:00:00Z,2025-10-26T20:28:21Z,2025-10-26T20:28:21Z,LIVE,2,158.00,13.04,USD
8803467,1,4,312238,Kids Climb Session,2025-11-16T07:15:00Z,2025-10-27T01:24:24Z,2025-10-27T01:24:24Z,LIVE,3,72.00,7.20,AUD
8803468,1,4,310171,Casual Climb,2025-11-14T07:45:00Z,2025-10-27T02:53:18Z,2025-10-27T02:53:18Z,LIVE,3,87.00,8.70,AUD
8803469,1,2,312239,Axe Throwing 90 min,2025-11-01T20:15:00Z,2025-10-27T14:05:43Z,2025-10-27T14:05:43Z,LIVE,4,156.00,35.88,EUR
8803470,1,2,312240,Axe Throwing 90 min,2025-12-07T18:00:00Z,2025-10-27T14:16:24Z,2025-10-27T14:16:24Z,LIVE,8,312.00,71.76,EUR
8803471,1,5,312241,Private Group Game,2025-10-28T19:00:00Z,2025-10-27T16:36:29Z,2025-10-27T16:36:29Z,LIVE,10,550.00,15.95,USD
8803472,1,5,310572,Open Play,2025-11-01T16:00:00Z,2025-10-27T21:21:18Z,2025-10-27T21:21:18Z,LIVE,9,351.00,10.18,USD
8803473,1,4,312242,Casual Climb,2025-12-20T07:00:00Z,2025-10-27T23:43:17Z,2025-10-27T23:43:17Z,LIVE,3,87.00,8.70,AUD
8803474,1,4,312212,Kids Climb Session,2025-10-31T22:30:00Z,2025-10-28T04:58:10Z,2025-10-28T04:58:10Z,LIVE,1,24.00,2.40,AUD
8803475,1,2,311041,Axe Throwing 60 min,2025-11-23T19:00:00Z,2025-10-28T08:36:43Z,2025-10-28T08:36:43Z,LIVE,4,116.00,26.68,EUR
8803449,2,2,312229,Axe Throwing 60 min,2025-11-01T18:45:00Z,2025-10-25T06:10:21Z,2025-10-28T15:20:39Z,LIVE,4,116.00,26.68,EUR
8803476,1,1,312243,Mini Mystery (30 min),2025-10-28T19:30:00Z,2025-10-28T15:25:05Z,2025-10-28T15:25:05Z,LIVE,5,75.00,15.00,GBP
8803477,1,5,312244,Open Play,2025-10-29T16:30:00Z,2025-10-28T15:42:39Z,2025-10-28T15:42:39Z,LIVE,4,156.00,4.52,USD
8803471,2,5,312241,Private Group Game,2025-10-28T19:00:00Z,2025-10-27T16:36:29Z,2025-10-28T15:48:19Z,CANCELLED,10,550.00,15.95,USD
8803478,1,1,312245,The Vault (60 min),2025-11-20T20:45:00Z,2025-10-28T17:01:00Z,2025-10-28T17:01:00Z,LIVE,6,150.00,30.00,GBP
8803479,1,2,312246,Axe Throwing 90 min,2025-11-29T18:15:00Z,2025-10-28T18:16:19Z,2025-10-28T18:16:19Z,LIVE,5,195.00,44.85,EUR
8803480,1,1,312247,The Vault (60 min),2025-11-02T16:30:00Z,2025-10-28T20:45:42Z,2025-10-28T20:45:42Z,LIVE,4,100.00,20.00,GBP
8803481,1,2,312248,Axe Throwing 90 min,2025-11-01T19:45:00Z,2025-10-28T22:54:32Z,2025-10-28T22:54:32Z,LIVE,3,117.00,26.91,EUR
8803482,1,1,311676,Mini Mystery (30 min),2025-10-30T21:30:00Z,2025-10-28T22:56:13Z,2025-10-28T22:56:13Z,LIVE,4,60.00,12.00,GBP
8803483,1,4,310473,Intro to Bouldering,2025-11-22T06:30:00Z,2025-10-29T01:57:22Z,2025-10-29T01:57:22Z,LIVE,2,98.00,9.80,AUD
8803484,1,4,312249,Intro to Bouldering,2025-12-06T06:00:00Z,2025-10-29T05:02:57Z,2025-10-29T05:02:57Z,LIVE,4,196.00,19.60,AUD
8803460,2,1,312234,The Vault (60 min),2025-11-03T20:30:00Z,2025-10-26T10:51:35Z,2025-10-29T06:14:14Z,LIVE,7,175.00,35.00,GBP
8803485,1,2,312250,Axe Throwing 60 min,2025-10-29T21:00:00Z,2025-10-29T07:07:31Z,2025-10-29T07:07:31Z,LIVE,7,203.00,46.69,EUR
8803486,1,2,312251,Axe Throwing 90 min,2025-11-27T17:15:00Z,2025-10-29T11:00:31Z,2025-10-29T11:00:31Z,LIVE,3,117.00,26.91,EUR
8803487,1,2,312252,Axe Throwing 90 min,2025-11-01T20:30:00Z,2025-10-29T11:20:48Z,2025-10-29T11:20:48Z,LIVE,7,273.00,62.79,EUR
8802844,2,3,311852,Kayak Rental 2 hr,2025-11-13T17:00:00Z,2025-08-24T00:01:22Z,2025-10-29T12:12:46Z,CANCELLED,1,35.00,2.89,USD
8803488,1,2,312253,Axe Throwing 90 min,2025-10-29T21:15:00Z,2025-10-29T16:18:10Z,2025-10-29T16:18:10Z,LIVE,5,195.00,44.85,EUR
8803488,2,2,312253,Axe Throwing 90 min,2025-10-29T21:15:00Z,2025-10-29T16:18:10Z,2025-10-29T17:07:25Z,LIVE,7,273.00,62.79,EUR
8803489,1,1,312254,Asylum (60 min),2025-10-31T15:45:00Z,2025-10-29T17:33:25Z,2025-10-29T17:33:25Z,LIVE,4,112.00,22.40,GBP
8803490,1,1,312255,The Vault (60 min),2025-11-23T18:30:00Z,2025-10-29T19:56:18Z,2025-10-29T19:56:18Z,LIVE,3,75.00,15.00,GBP
8803491,1,2,312131,Axe Throwing 60 min,2025-12-07T19:15:00Z,2025-10-29T20:11:32Z,2025-10-29T20:11:32Z,LIVE,6,174.00,40.02,EUR
8803492,1,3,312256,Half-Day River Tour,2025-11-14T16:30:00Z,2025-10-29T21:25:55Z,2025-10-29T21:25:55Z,LIVE,4,316.00,26.07,USD
8803493,1,2,312257,Axe Throwing 60 min,2025-11-01T20:00:00Z,2025-10-29T22:23:15Z,2025-10-29T22:23:15Z,LIVE,4,116.00,26.68,EUR
8803494,1,4,310585,Intro to Bouldering,2025-10-29T23:00:00Z,2025-10-29T22:26:55Z,2025-10-29T22:26:55Z,LIVE,4,196.00,19.60,AUD
8803481,2,2,312248,Axe Throwing 90 min,2025-11-01T19:45:00Z,2025-10-28T22:54:32Z,2025-10-30T05:47:14Z,LIVE,4,156.00,35.88,EUR
8802818,2,5,311834,Private Group Game,2025-11-06T18:00:00Z,2025-08-22T00:25:39Z,2025-10-30T05:58:25Z,CANCELLED,9,495.00,14.36,USD
8803495,1,2,310374,Axe Throwing 90 min,2026-01-10T21:15:00Z,2025-10-30T08:50:47Z,2025-10-30T08:50:47Z,LIVE,3,117.00,26.91,EUR
8803482,2,1,311676,Mini Mystery (30 min),2025-10-30T21:30:00Z,2025-10-28T22:56:13Z,2025-10-30T09:20:21Z,CANCELLED,4,60.00,12.00,GBP
8803496,1,6,311100,Test Experience,2025-10-30T14:00:00Z,2025-10-30T12:25:20Z,2025-10-30T12:25:20Z,LIVE,1,1.00,0.20,GBP
8803497,1,1,312258,Mini Mystery (30 min),2025-10-31T19:30:00Z,2025-10-30T12:50:25Z,2025-10-30T12:50:25Z,LIVE,2,30.00,6.00,GBP
8803498,1,5,312259,Open Play,2025-10-30T15:45:00Z,2025-10-30T13:30:57Z,2025-10-30T13:30:57Z,LIVE,11,429.00,12.44,USD
8803498,1,5,312259,Open Play,2025-10-30T15:45:00Z,2025-10-30T13:30:57Z,2025-10-30T13:30:57Z,LIVE,11,429.00,12.44,USD
8803499,1,2,310058,Axe Throwing 90 min,2025-10-31T20:15:00Z,2025-10-30T17:24:07Z,2025-10-30T17:24:07Z,LIVE,5,195.00,44.85,EUR
8803500,1,1,312260,The Vault (60 min),2025-10-30T19:30:00Z,2025-10-30T18:03:15Z,2025-10-30T18:03:15Z,LIVE,5,125.00,25.00,GBP
8803501,1,2,311227,Axe Throwing 90 min,2025-11-17T20:30:00Z,2025-10-30T19:03:33Z,2025-10-30T19:03:33Z,LIVE,7,273.00,62.79,EUR
8803499,2,2,310058,Axe Throwing 90 min,2025-10-31T20:15:00Z,2025-10-30T17:24:07Z,2025-10-30T21:55:46Z,LIVE,6,234.00,53.82,EUR
8803480,2,1,312247,The Vault (60 min),2025-11-02T16:30:00Z,2025-10-28T20:45:42Z,2025-10-31T12:36:57Z,CANCELLED,4,100.00,20.00,GBP
8803380,2,5,312194,Private Group Game,2025-11-01T19:30:00Z,2025-10-17T21:57:12Z,2025-10-31T15:35:39Z,CANCELLED,5,275.00,7.98,USD
8803502,1,5,312261,Private Group Game,2025-10-31T19:00:00Z,2025-10-31T17:06:21Z,2025-10-31T17:06:21Z,LIVE,5,275.00,7.98,USD
8803503,1,4,312262,Casual Climb,2025-11-01T08:00:00Z,2025-10-31T20:06:05Z,2025-10-31T20:06:05Z,LIVE,2,58.00,5.80,AUD
8803504,1,4,312263,Intro to Bouldering,2025-11-01T00:00:00Z,2025-10-31T21:04:46Z,2025-10-31T21:04:46Z,LIVE,4,196.00,19.60,AUD
8803505,1,1,310930,Asylum (60 min),2025-11-29T15:30:00Z,2025-11-01T09:34:06Z,2025-11-01T09:34:06Z,LIVE,5,140.00,28.00,GBP
8803506,1,1,312264,The Vault (60 min),2025-11-01T14:15:00Z,2025-11-01T10:10:15Z,2025-11-01T10:10:15Z,LIVE,4,100.00,20.00,GBP
8803507,1,1,312265,The Vault (60 min),2025-11-02T19:30:00Z,2025-11-01T12:51:40Z,2025-11-01T12:51:40Z,LIVE,5,125.00,25.00,GBP
8803508,1,5,311800,Private Group Game,2025-11-01T20:15:00Z,2025-11-01T13:20:13Z,2025-11-01T13:20:13Z,LIVE,12,660.00,19.14,USD
8803509,1,5,311078,Open Play,2025-11-28T21:30:00Z,2025-11-01T14:19:52Z,2025-11-01T14:19:52Z,LIVE,6,234.00,6.79,USD
8803510,1,1,311394,The Vault (60 min),2025-11-07T15:15:00Z,2025-11-01T14:38:14Z,2025-11-01T14:38:14Z,LIVE,2,50.00,10.00,GBP
8803511,1,5,312266,Open Play,2025-11-01T17:15:00Z,2025-11-01T15:15:23Z,2025-11-01T15:15:23Z,LIVE,5,195.00,5.66,USD
8803512,1,1,312267,Mini Mystery (30 min),2025-11-19T18:30:00Z,2025-11-01T18:30:36Z,2025-11-01T18:30:36Z,LIVE,2,30.00,6.00,GBP
8803513,1,2,312268,Axe Throwing 90 min,2025-11-08T18:00:00Z,2025-11-01T20:08:36Z,2025-11-01T20:08:36Z,LIVE,5,195.00,44.85,EUR
8803366,2,1,310336,Asylum (60 min),2025-11-16T17:30:00Z,2025-10-16T18:13:56Z,2025-11-01T22:40:04Z,CANCELLED,4,112.00,22.40,GBP
8803514,1,5,312269,Open Play,2025-11-03T21:30:00Z,2025-11-01T23:45:29Z,2025-11-01T23:45:29Z,LIVE,5,195.00,5.66,USD
8803515,1,4,312270,Intro to Bouldering,2025-11-02T07:00:00Z,2025-11-02T00:29:02Z,2025-11-02T00:29:02Z,LIVE,4,196.00,19.60,AUD
8803516,1,4,312271,Intro to Bouldering,2025-12-19T00:30:00Z,2025-11-02T02:34:08Z,2025-11-02T02:34:08Z,LIVE,3,147.00,14.70,AUD
8803517,1,3,312272,Kayak Rental 2 hr,2025-11-25T12:00:00Z,2025-11-02T04:46:58Z,2025-11-02T04:46:58Z,LIVE,5,175.00,14.44,USD
8803518,1,4,312273,Casual Climb,2025-11-02T06:30:00Z,2025-11-02T04:50:24Z,2025-11-02T04:50:24Z,LIVE,4,116.00,11.60,AUD
8803519,1,1,311177,Mini Mystery (30 min),2025-11-02T21:15:00Z,2025-11-02T12:55:39Z,2025-11-02T12:55:39Z,LIVE,5,75.00,15.00,GBP
8803520,1,3,311094,Sunrise Paddle,2025-11-05T15:30:00Z,2025-11-02T14:33:42Z,2025-11-02T14:33:42Z,LIVE,2,90.00,7.43,USD
8803519,2,1,311177,Mini Mystery (30 min),2025-11-02T21:15:00Z,2025-11-02T12:55:39Z,2025-11-02T16:30:22Z,LIVE,7,105.00,21.00,GBP
8803521,1,1,312274,Asylum (60 min),2025-11-29T19:30:00Z,2025-11-02T16:52:19Z,2025-11-02T16:52:19Z,LIVE,2,56.00,11.20,GBP
8803522,1,2,312275,Axe Throwing 90 min,2025-11-05T18:45:00Z,2025-11-02T17:16:32Z,2025-11-02T17:16:32Z,LIVE,8,312.00,71.76,EUR
8803523,1,3,311382,Sunrise Paddle,2025-11-07T14:30:00Z,2025-11-02T23:07:40Z,2025-11-02T23:07:40Z,LIVE,1,45.00,3.71,USD
8803524,1,3,312276,Half-Day River Tour,2025-11-22T16:15:00Z,2025-11-02T23:49:39Z,2025-11-02T23:49:39Z,LIVE,5,395.00,32.59,USD
8803525,1,5,310345,Private Group Game,2025-11-03T22:00:00Z,2025-11-03T02:58:14Z,2025-11-03T02:58:14Z,LIVE,6,330.00,9.57,USD
8803526,1,1,310438,Mini Mystery (30 min),2025-11-09T20:00:00Z,2025-11-03T08:02:22Z,2025-11-03T08:02:22Z,LIVE,2,30.00,6.00,GBP
8803527,1,1,312277,Asylum (60 min),2025-11-09T20:00:00Z,2025-11-03T10:34:04Z,2025-11-03T10:34:04Z,LIVE,4,112.00,22.40,GBP
8803528,1,4,312278,Kids Climb Session,2025-11-08T06:00:00Z,2025-11-03T11:34:12Z,2025-11-03T11:34:12Z,LIVE,4,96.00,9.60,AUD
8803172,3,1,312050,Mini Mystery (30 min),2025-11-15T12:30:00Z,2025-09-27T15:32:20Z,2025-11-03T13:11:45Z,CANCELLED,5,75.00,15.00,GBP
8803400,2,1,310611,The Vault (60 min),2025-11-09T14:30:00Z,2025-10-19T21:12:02Z,2025-11-03T16:52:47Z,CANCELLED,2,50.00,10.00,GBP
8803529,1,1,312279,Asylum (60 min),2026-01-10T20:00:00Z,2025-11-03T21:23:24Z,2025-11-03T21:23:24Z,LIVE,5,140.00,28.00,GBP
8803530,1,5,312116,Private Group Game,2025-11-24T20:00:00Z,2025-11-03T23:22:59Z,2025-11-03T23:22:59Z,LIVE,12,660.00,19.14,USD
8803531,1,4,310283,Intro to Bouldering,2025-12-28T05:30:00Z,2025-11-04T01:07:29Z,2025-11-04T01:07:29Z,LIVE,3,147.00,14.70,AUD
8803532,1,1,312280,The Vault (60 min),2025-11-04T17:30:00Z,2025-11-04T11:02:47Z,2025-11-04T11:02:47Z,LIVE,5,125.00,25.00,GBP
8803532,2,1,312280,The Vault (60 min),2025-11-04T17:30:00Z,2025-11-04T11:02:47Z,2025-11-04T12:06:41Z,LIVE,6,150.00,30.00,GBP
8803533,1,1,312281,The Vault (60 min),2025-11-09T19:45:00Z,2025-11-04T13:27:44Z,2025-11-04T13:27:44Z,LIVE,6,150.00,30.00,GBP
8803534,1,1,312282,Mini Mystery (30 min),2025-11-09T18:00:00Z,2025-11-04T18:25:47Z,2025-11-04T18:25:47Z,LIVE,3,45.00,9.00,GBP
8803535,1,2,310005,Axe Throwing 60 min,2025-11-07T19:30:00Z,2025-11-04T18:28:41Z,2025-11-04T18:28:41Z,LIVE,5,145.00,33.35,EUR
8803536,1,5,310364,Open Play,2025-11-04T23:00:00Z,2025-11-04T19:11:07Z,2025-11-04T19:11:07Z,LIVE,11,429.00,12.44,USD
8803537,1,4,312283,Casual Climb,2025-11-05T06:30:00Z,2025-11-04T20:00:10Z,2025-11-04T20:00:10Z,LIVE,1,29.00,2.90,AUD
8803538,1,4,312284,Kids Climb Session,2025-11-08T05:45:00Z,2025-11-04T20:51:16Z,2025-11-04T20:51:16Z,LIVE,1,24.00,2.40,AUD
8803539,1,4,312285,Intro to Bouldering,2025-11-08T01:15:00Z,2025-11-04T21:23:21Z,2025-11-04T21:23:21Z,LIVE,2,98.00,9.80,AUD
8803540,1,4,311042,Intro to Bouldering,2025-12-05T01:15:00Z,2025-11-04T23:16:20Z,2025-11-04T23:16:20Z,LIVE,3,147.00,14.70,AUD
8803541,1,4,312286,Intro to Bouldering,2025-12-06T06:00:00Z,2025-11-05T06:14:08Z,2025-11-05T06:14:08Z,LIVE,3,147.00,14.70,AUD
8803542,1,2,312287,Axe Throwing 90 min,2025-11-16T21:00:00Z,2025-11-05T14:33:05Z,2025-11-05T14:33:05Z,LIVE,2,78.00,17.94,EUR
8803543,1,5,310685,Private Group Game,2025-11-11T16:00:00Z,2025-11-05T16:49:57Z,2025-11-05T16:49:57Z,LIVE,5,275.00,7.98,USD
8803544,1,6,312288,Test Experience,2025-11-08T11:45:00Z,2025-11-05T17:32:28Z,2025-11-05T17:32:28Z,LIVE,2,2.00,0.40,GBP
8803545,1,1,311567,Asylum (60 min),2025-11-28T16:45:00Z,2025-11-05T18:21:14Z,2025-11-05T18:21:14Z,LIVE,6,168.00,33.60,GBP
8803546,1,6,310028,Test Experience,2025-11-18T14:00:00Z,2025-11-05T19:36:39Z,2025-11-05T19:36:39Z,LIVE,1,1.00,0.20,GBP
8803547,1,1,312289,Asylum (60 min),2025-11-09T16:00:00Z,2025-11-05T21:20:31Z,2025-11-05T21:20:31Z,LIVE,3,84.00,16.80,GBP
8803548,1,4,312290,Casual Climb,2025-11-19T07:15:00Z,2025-11-05T23:02:48Z,2025-11-05T23:02:48Z,LIVE,3,87.00,8.70,AUD
8803549,1,4,312291,Intro to Bouldering,2026-01-10T06:30:00Z,2025-11-06T08:33:38Z,2025-11-06T08:33:38Z,LIVE,2,98.00,9.80,AUD
8803550,1,1,312292,Mini Mystery (30 min),2025-11-06T20:15:00Z,2025-11-06T12:10:02Z,2025-11-06T12:10:02Z,LIVE,3,45.00,9.00,GBP
8803486,2,2,312251,Axe Throwing 90 min,2025-11-27T17:15:00Z,2025-10-29T11:00:31Z,2025-11-06T16:22:55Z,LIVE,5,195.00,44.85,EUR
8803551,1,1,312293,Asylum (60 min),2025-11-09T20:00:00Z,2025-11-06T19:20:31Z,2025-11-06T19:20:31Z,LIVE,3,84.00,16.80,GBP
8803552,1,4,312294,Kids Climb Session,2025-12-14T03:30:00Z,2025-11-06T21:18:34Z,2025-11-06T21:18:34Z,LIVE,2,48.00,4.80,AUD
8803446,2,3,312227,Kayak Rental 2 hr,2025-11-23T13:30:00Z,2025-10-25T00:24:02Z,2025-11-06T22:10:21Z,LIVE,4,140.00,11.55,USD
8803553,1,4,311020,Kids Climb Session,2025-11-08T06:00:00Z,2025-11-06T23:50:05Z,2025-11-06T23:50:05Z,LIVE,1,24.00,2.40,AUD
8803554,1,3,312295,Kayak Rental 2 hr,2025-11-28T12:15:00Z,2025-11-07T01:03:08Z,2025-11-07T01:03:08Z,LIVE,4,140.00,11.55,USD
8803555,1,1,310765,Asylum (60 min),2025-11-14T18:15:00Z,2025-11-07T10:47:44Z,2025-11-07T10:47:44Z,LIVE,2,56.00,11.20,GBP
8803396,3,3,312200,Sunrise Paddle,2025-11-09T15:45:00Z,2025-10-19T16:35:32Z,2025-11-07T10:52:09Z,CANCELLED,5,225.00,18.56,USD
8803556,1,2,312296,Axe Throwing 60 min,2025-11-22T21:00:00Z,2025-11-07T12:02:21Z,2025-11-07T12:02:21Z,LIVE,7,203.00,46.69,EUR
8803557,1,3,312297,Kayak Rental 2 hr,2025-11-07T16:30:00Z,2025-11-07T13:25:50Z,2025-11-07T13:25:50Z,LIVE,3,105.00,8.66,USD
8803558,1,2,310885,Axe Throwing 90 min,2025-12-05T20:30:00Z,2025-11-07T16:21:24Z,2025-11-07T16:21:24Z,LIVE,6,234.00,53.82,EUR
8803559,1,3,310873,Kayak Rental 2 hr,2025-11-08T12:00:00Z,2025-11-07T19:22:59Z,2025-11-07T19:22:59Z,LIVE,1,35.00,2.89,USD
8803560,1,2,312298,Axe Throwing 60 min,2025-11-16T21:00:00Z,2025-11-07T20:05:32Z,2025-11-07T20:05:32Z,LIVE,8,232.00,53.36,EUR
8803538,2,4,312284,Kids Climb Session,2025-11-08T05:45:00Z,2025-11-04T20:51:16Z,2025-11-07T21:49:57Z,CANCELLED,1,24.00,2.40,AUD
8803561,1,1,312299,The Vault (60 min),2025-12-02T16:00:00Z,2025-11-07T22:07:12Z,2025-11-07T22:07:12Z,LIVE,5,125.00,25.00,GBP
8803562,1,6,312300,Test Experience,2026-01-10T14:00:00Z,2025-11-07T22:21:52Z,2025-11-07T22:21:52Z,LIVE,1,1.00,0.20,GBP
8803563,1,2,312301,Axe Throwing 60 min,2025-11-14T20:00:00Z,2025-11-07T23:32:49Z,2025-11-07T23:32:49Z,LIVE,3,87.00,20.01,EUR
8803433,2,4,312219,Intro to Bouldering,2025-11-16T05:00:00Z,2025-10-23T04:41:21Z,2025-11-08T05:44:36Z,CANCELLED,4,196.00,19.60,AUD
8803163,2,2,312043,Axe Throwing 90 min,2025-11-29T20:30:00Z,2025-09-26T18:06:50Z,2025-11-08T09:59:57Z,CANCELLED,5,195.00,44.85,EUR
8803564,1,4,312302,Intro to Bouldering,2025-11-15T01:30:00Z,2025-11-08T10:20:27Z,2025-11-08T10:20:27Z,LIVE,2,98.00,9.80,AUD
8803565,1,4,311133,Kids Climb Session,2025-12-01T07:00:00Z,2025-11-08T12:03:47Z,2025-11-08T12:03:47Z,LIVE,4,96.00,9.60,AUD
8803566,1,2,312303,Axe Throwing 90 min,2025-11-08T20:00:00Z,2025-11-08T13:18:14Z,2025-11-08T13:18:14Z,LIVE,6,234.00,53.82,EUR
8803567,1,1,310465,Mini Mystery (30 min),2025-11-08T21:00:00Z,2025-11-08T13:49:16Z,2025-11-08T13:49:16Z,LIVE,3,45.00,9.00,GBP
8803568,1,3,310914,Sunrise Paddle,2025-11-08T15:30:00Z,2025-11-08T14:54:54Z,2025-11-08T14:54:54Z,LIVE,4,180.00,14.85,USD
8803569,1,5,310015,Private Group Game,2025-11-08T17:45:00Z,2025-11-08T15:57:07Z,2025-11-08T15:57:07Z,LIVE,5,275.00,7.98,USD
8803570,1,4,311516,Kids Climb Session,2025-11-14T06:30:00Z,2025-11-08T20:19:53Z,2025-11-08T20:19:53Z,LIVE,2,48.00,4.80,AUD
8803571,1,5,312304,Private Group Game,2025-11-15T17:30:00Z,2025-11-08T21:23:00Z,2025-11-08T21:23:00Z,LIVE,6,330.00,9.57,USD
8803548,2,4,312290,Casual Climb,2025-11-19T07:15:00Z,2025-11-05T23:02:48Z,2025-11-09T00:14:27Z,LIVE,5,145.00,14.50,AUD
8803572,1,4,311506,Intro to Bouldering,2025-11-23T01:45:00Z,2025-11-09T00:22:14Z,2025-11-09T00:22:14Z,LIVE,3,147.00,14.70,AUD
8803446,3,3,312227,Kayak Rental 2 hr,2025-11-23T13:30:00Z,2025-10-25T00:24:02Z,2025-11-09T00:25:18Z,CANCELLED,4,140.00,11.55,USD
8803573,1,4,312305,Casual Climb,2025-11-14T23:30:00Z,2025-11-09T01:53:52Z,2025-11-09T01:53:52Z,LIVE,3,87.00,8.70,AUD
8803574,1,4,312306,Kids Climb Session,2025-12-06T07:15:00Z,2025-11-09T04:37:54Z,2025-11-09T04:37:54Z,LIVE,4,96.00,9.60,AUD
8803575,1,4,312307,Intro to Bouldering,2025-11-30T01:15:00Z,2025-11-09T08:51:28Z,2025-11-09T08:51:28Z,LIVE,1,49.00,4.90,AUD
8803576,1,1,311642,Asylum (60 min),2025-11-09T21:15:00Z,2025-11-09T11:52:41Z,2025-11-09T11:52:41Z,LIVE,3,84.00,16.80,GBP
8803577,1,2,311938,Axe Throwing 60 min,2025-12-30T17:30:00Z,2025-11-09T14:38:40Z,2025-11-09T14:38:40Z,LIVE,5,145.00,33.35,EUR
8803578,1,2,310313,Axe Throwing 90 min,2025-11-09T18:30:00Z,2025-11-09T15:03:16Z,2025-11-09T15:03:16Z,LIVE,2,78.00,17.94,EUR
8803579,1,5,311796,Private Group Game,2025-11-09T18:00:00Z,2025-11-09T15:20:01Z,2025-11-09T15:20:01Z,LIVE,10,550.00,15.95,USD
8803580,1,3,312308,Sunrise Paddle,2025-11-09T19:15:00Z,2025-11-09T15:38:00Z,2025-11-09T15:38:00Z,LIVE,3,135.00,11.14,USD
8803581,1,4,312309,Intro to Bouldering,2025-11-28T22:30:00Z,2025-11-09T22:23:49Z,2025-11-09T22:23:49Z,LIVE,3,147.00,14.70,AUD
8803582,1,4,312310,Intro to Bouldering,2025-11-17T06:30:00Z,2025-11-10T02:37:46Z,2025-11-10T02:37:46Z,LIVE,2,98.00,9.80,AUD
8803583,1,2,312311,Axe Throwing 60 min,2025-11-15T20:30:00Z,2025-11-10T08:39:31Z,2025-11-10T08:39:31Z,LIVE,3,87.00,20.01,EUR
8803584,1,4,312312,Intro to Bouldering,2025-12-22T06:00:00Z,2025-11-10T11:15:25Z,2025-11-10T11:15:25Z,LIVE,3,147.00,14.70,AUD
8803585,1,1,310961,Mini Mystery (30 min),2025-11-12T19:00:00Z,2025-11-10T14:17:54Z,2025-11-10T14:17:54Z,LIVE,6,90.00,18.00,GBP
8803586,1,1,312313,Mini Mystery (30 min),2025-11-16T20:00:00Z,2025-11-10T21:35:50Z,2025-11-10T21:35:50Z,LIVE,4,60.00,12.00,GBP
8803375,2,2,312191,Axe Throwing 90 min,2025-11-12T19:45:00Z,2025-10-17T14:08:40Z,2025-11-11T01:08:36Z,CANCELLED,3,117.00,26.91,EUR
8803587,1,4,311781,Kids Climb Session,2025-11-11T07:30:00Z,2025-11-11T04:11:51Z,2025-11-11T04:11:51Z,LIVE,1,24.00,2.40,AUD
8803588,1,6,312314,Test Experience,2025-11-14T11:30:00Z,2025-11-11T07:12:34Z,2025-11-11T07:12:34Z,LIVE,3,3.00,0.60,GBP
8803588,1,6,312314,Test Experience,2025-11-14T11:30:00Z,2025-11-11T07:12:34Z,2025-11-11T07:12:34Z,LIVE,3,3.00,0.60,GBP
8803589,1,1,312315,Asylum (60 min),2025-11-18T19:15:00Z,2025-11-11T09:07:35Z,2025-11-11T09:07:35Z,LIVE,4,112.00,22.40,GBP
8803590,1,1,312033,Mini Mystery (30 min),2025-12-10T18:00:00Z,2025-11-11T15:17:31Z,2025-11-11T15:17:31Z,LIVE,3,45.00,9.00,GBP
8803573,2,4,312305,Casual Climb,2025-11-14T23:30:00Z,2025-11-09T01:53:52Z,2025-11-11T19:20:10Z,LIVE,4,116.00,11.60,AUD
8803591,1,5,312316,Open Play,2025-11-16T21:30:00Z,2025-11-11T19:32:06Z,2025-11-11T19:32:06Z,LIVE,6,234.00,6.79,USD
8803592,1,4,312317,Intro to Bouldering,2025-11-30T04:00:00Z,2025-11-11T21:33:04Z,2025-11-11T21:33:04Z,LIVE,2,98.00,9.80,AUD
8803593,1,5,312318,Private Group Game,2025-11-12T19:30:00Z,2025-11-11T22:16:36Z,2025-11-11T22:16:36Z,LIVE,11,605.00,17.55,USD
8803594,1,3,312319,Sunrise Paddle,2025-12-09T15:00:00Z,2025-11-11T22:40:45Z,2025-11-11T22:40:45Z,LIVE,4,180.00,14.85,USD
8803595,1,4,311304,Casual Climb,2025-11-15T06:45:00Z,2025-11-11T22:45:30Z,2025-11-11T22:45:30Z,LIVE,2,58.00,5.80,AUD
8803596,1,4,311272,Kids Climb Session,2025-11-16T08:30:00Z,2025-11-11T23:09:46Z,2025-11-11T23:09:46Z,LIVE,3,72.00,7.20,AUD
8803597,1,1,312320,Mini Mystery (30 min),2025-11-29T19:15:00Z,2025-11-11T23:51:22Z,2025-11-11T23:51:22Z,LIVE,4,60.00,12.00,GBP
8803598,1,4,312321,Intro to Bouldering,2025-11-13T23:15:00Z,2025-11-12T02:39:55Z,2025-11-12T02:39:55Z,LIVE,1,49.00,4.90,AUD
8803599,1,1,311676,Mini Mystery (30 min),2025-11-16T19:00:00Z,2025-11-12T09:04:59Z,2025-11-12T09:04:59Z,LIVE,5,75.00,15.00,GBP
8803600,1,1,312322,Asylum (60 min),2025-11-12T18:00:00Z,2025-11-12T09:18:01Z,2025-11-12T09:18:01Z,LIVE,3,84.00,16.80,GBP
8803601,1,1,311135,Asylum (60 min),2025-11-15T19:30:00Z,2025-11-12T11:12:01Z,2025-11-12T11:12:01Z,LIVE,3,84.00,16.80,GBP
8803602,1,4,310353,Intro to Bouldering,2025-11-15T06:45:00Z,2025-11-12T12:00:47Z,2025-11-12T12:00:47Z,LIVE,1,49.00,4.90,AUD
8803573,3,4,312305,Casual Climb,2025-11-14T23:30:00Z,2025-11-09T01:53:52Z,2025-11-12T12:23:46Z,CANCELLED,4,116.00,11.60,AUD
8803603,1,3,311816,Sunrise Paddle,2025-12-06T13:30:00Z,2025-11-12T13:13:01Z,2025-11-12T13:13:01Z,LIVE,1,45.00,3.71,USD
8803604,1,5,312323,Private Group Game,2025-11-12T17:45:00Z,2025-11-12T14:00:39Z,2025-11-12T14:00:39Z,LIVE,4,220.00,6.38,USD
8803605,1,5,311667,Private Group Game,2025-11-12T17:30:00Z,2025-11-12T16:05:39Z,2025-11-12T16:05:39Z,LIVE,6,330.00,9.57,USD
8803492,2,3,312256,Half-Day River Tour,2025-11-14T16:30:00Z,2025-10-29T21:25:55Z,2025-11-13T09:49:54Z,CANCELLED,4,316.00,26.07,USD
8803606,1,1,312324,Mini Mystery (30 min),2025-11-16T18:30:00Z,2025-11-13T12:24:45Z,2025-11-13T12:24:45Z,LIVE,6,90.00,18.00,GBP
8803607,1,1,312325,Asylum (60 min),2025-12-12T21:30:00Z,2025-11-13T15:21:55Z,2025-11-13T15:21:55Z,LIVE,3,84.00,16.80,GBP
8803608,1,5,312326,Open Play,2025-11-15T20:00:00Z,2025-11-13T17:28:15Z,2025-11-13T17:28:15Z,LIVE,8,312.00,9.05,USD
8803609,1,4,310650,Intro to Bouldering,2025-11-15T06:45:00Z,2025-11-14T00:11:50Z,2025-11-14T00:11:50Z,LIVE,1,49.00,4.90,AUD
8803610,1,5,312327,Open Play,2025-11-19T19:30:00Z,2025-11-14T01:07:50Z,2025-11-14T01:07:50Z,LIVE,11,429.00,12.44,USD
8803611,1,2,311142,Axe Throwing 60 min,2025-12-07T19:00:00Z,2025-11-14T07:08:06Z,2025-11-14T07:08:06Z,LIVE,7,203.00,46.69,EUR
8803612,1,1,311119,The Vault (60 min),2025-11-18T18:30:00Z,2025-11-14T07:55:01Z,2025-11-14T07:55:01Z,LIVE,2,50.00,10.00,GBP
8803613,1,4,312328,Intro to Bouldering,2025-11-15T07:00:00Z,2025-11-14T08:18:33Z,2025-11-14T08:18:33Z,LIVE,4,196.00,19.60,AUD
8803614,1,1,310839,Mini Mystery (30 min),2025-11-27T21:30:00Z,2025-11-14T08:20:08Z,2025-11-14T08:20:08Z,LIVE,5,75.00,15.00,GBP
8803615,1,5,312329,Open Play,2025-12-06T20:00:00Z,2025-11-14T18:28:39Z,2025-11-14T18:28:39Z,LIVE,6,234.00,6.79,USD
8803616,1,2,312141,Axe Throwing 90 min,2025-12-12T21:00:00Z,2025-11-14T20:10:41Z,2025-11-14T20:10:41Z,LIVE,7,273.00,62.79,EUR
8803617,1,3,312330,Sunrise Paddle,2025-12-12T17:00:00Z,2025-11-15T05:47:34Z,2025-11-15T05:47:34Z,LIVE,1,45.00,3.71,USD
8803618,1,4,312331,Intro to Bouldering,2025-12-05T05:15:00Z,2025-11-15T06:12:49Z,2025-11-15T06:12:49Z,LIVE,4,196.00,19.60,AUD
8803619,1,1,310077,Asylum (60 min),2025-11-29T19:00:00Z,2025-11-15T07:10:20Z,2025-11-15T07:10:20Z,LIVE,6,168.00,33.60,GBP
8803620,1,2,312332,Axe Throwing 60 min,2025-11-15T20:30:00Z,2025-11-15T08:55:42Z,2025-11-15T08:55:42Z,LIVE,8,232.00,53.36,EUR
8803621,1,1,312333,Asylum (60 min),2025-11-15T19:30:00Z,2025-11-15T09:31:08Z,2025-11-15T09:31:08Z,LIVE,3,84.00,16.80,GBP
8803622,1,2,310072,Axe Throwing 90 min,2025-11-15T20:15:00Z,2025-11-15T11:26:05Z,2025-11-15T11:26:05Z,LIVE,3,117.00,26.91,EUR
8803120,2,4,312016,Casual Climb,2025-12-04T06:00:00Z,2025-09-23T05:23:17Z,2025-11-15T12:16:09Z,CANCELLED,2,58.00,5.80,AUD
8803623,1,2,312334,Axe Throwing 90 min,2025-11-20T18:15:00Z,2025-11-15T13:22:42Z,2025-11-15T13:22:42Z,LIVE,6,234.00,53.82,EUR
8803624,1,1,311203,The Vault (60 min),2025-11-16T19:15:00Z,2025-11-15T13:26:27Z,2025-11-15T13:26:27Z,LIVE,6,150.00,30.00,GBP
8803625,1,1,312335,Mini Mystery (30 min),2025-11-15T16:45:00Z,2025-11-15T13:30:57Z,2025-11-15T13:30:57Z,LIVE,3,45.00,9.00,GBP
8803626,1,3,312336,Sunrise Paddle,2025-11-15T15:30:00Z,2025-11-15T14:52:29Z,2025-11-15T14:52:29Z,LIVE,5,225.00,18.56,USD
8803627,1,5,312337,Private Group Game,2025-11-27T21:00:00Z,2025-11-15T15:05:43Z,2025-11-15T15:05:43Z,LIVE,8,440.00,12.76,USD
8803628,1,2,312338,Axe Throwing 90 min,2025-11-15T19:15:00Z,2025-11-15T16:50:53Z,2025-11-15T16:50:53Z,LIVE,8,312.00,71.76,EUR
8803628,2,2,312338,Axe Throwing 90 min,2025-11-15T19:15:00Z,2025-11-15T16:50:53Z,2025-11-15T16:57:01Z,LIVE,10,390.00,89.70,EUR
8803629,1,1,312339,The Vault (60 min),2025-11-30T16:00:00Z,2025-11-15T20:14:36Z,2025-11-15T20:14:36Z,LIVE,2,50.00,10.00,GBP
8803410,2,4,311237,Kids Climb Session,2025-11-20T06:15:00Z,2025-10-21T02:56:32Z,2025-11-15T20:43:10Z,CANCELLED,4,96.00,9.60,AUD
8803630,1,5,310782,Open Play,2025-11-18T18:00:00Z,2025-11-15T21:55:20Z,2025-11-15T21:55:20Z,LIVE,8,312.00,9.05,USD
8803631,1,1,312340,Asylum (60 min),2025-12-11T18:30:00Z,2025-11-15T22:03:58Z,2025-11-15T22:03:58Z,LIVE,2,56.00,11.20,GBP
8803632,1,4,310512,Kids Climb Session,2025-11-24T05:15:00Z,2025-11-15T22:41:58Z,2025-11-15T22:41:58Z,LIVE,1,24.00,2.40,AUD
8803633,1,3,312341,Half-Day River Tour,2025-11-16T13:15:00Z,2025-11-16T02:05:45Z,2025-11-16T02:05:45Z,LIVE,2,158.00,13.04,USD
8803634,1,4,310204,Casual Climb,2025-11-21T03:00:00Z,2025-11-16T02:13:26Z,2025-11-16T02:13:26Z,LIVE,3,87.00,8.70,AUD
8803635,1,5,310020,Open Play,2025-11-21T20:00:00Z,2025-11-16T05:00:25Z,2025-11-16T05:00:25Z,LIVE,5,195.00,5.66,USD
8803636,1,5,310675,Open Play,2025-11-25T21:15:00Z,2025-11-16T05:06:54Z,2025-11-16T05:06:54Z,LIVE,6,234.00,6.79,USD
8803637,1,6,312342,Test Experience,2025-12-24T14:00:00Z,2025-11-16T07:23:23Z,2025-11-16T07:23:23Z,LIVE,4,4.00,0.80,GBP
8803638,1,6,312343,Test Experience,2025-11-16T11:00:00Z,2025-11-16T09:37:45Z,2025-11-16T09:37:45Z,LIVE,2,2.00,0.40,GBP
8803509,2,5,311078,Open Play,2025-11-28T21:30:00Z,2025-11-01T14:19:52Z,2025-11-16T10:49:53Z,CANCELLED,6,234.00,6.79,USD
8803639,1,1,312344,Asylum (60 min),2025-12-19T15:15:00Z,2025-11-16T13:30:19Z,2025-11-16T13:30:19Z,LIVE,6,168.00,33.60,GBP
8803640,1,3,312345,Half-Day River Tour,2025-11-16T15:30:00Z,2025-11-16T13:38:33Z,2025-11-16T13:38:33Z,LIVE,4,316.00,26.07,USD
8803641,1,3,310752,Kayak Rental 2 hr,2026-01-11T12:00:00Z,2025-11-16T14:28:59Z,2025-11-16T14:28:59Z,LIVE,1,35.00,2.89,USD
8803219,2,1,310949,The Vault (60 min),2025-12-11T17:30:00Z,2025-10-01T18:28:25Z,2025-11-16T20:04:51Z,CANCELLED,3,75.00,15.00,GBP
8803642,1,4,310650,Casual Climb,2025-11-24T08:45:00Z,2025-11-16T21:02:53Z,2025-11-16T21:02:53Z,LIVE,4,116.00,11.60,AUD
8803643,1,1,310217,The Vault (60 min),2025-11-22T12:30:00Z,2025-11-16T21:33:57Z,2025-11-16T21:33:57Z,LIVE,4,100.00,20.00,GBP
8803644,1,4,310105,Kids Climb Session,2025-12-10T03:00:00Z,2025-11-16T22:23:46Z,2025-11-16T22:23:46Z,LIVE,2,48.00,4.80,AUD
8803614,2,1,310839,Mini Mystery (30 min),2025-11-27T21:30:00Z,2025-11-14T08:20:08Z,2025-11-16T22:48:07Z,LIVE,7,105.00,21.00,GBP
8803645,1,4,312346,Intro to Bouldering,2025-11-23T05:00:00Z,2025-11-17T02:23:01Z,2025-11-17T02:23:01Z,LIVE,1,49.00,4.90,AUD
8803646,1,4,312347,Casual Climb,2025-12-10T08:30:00Z,2025-11-17T11:31:06Z,2025-11-17T11:31:06Z,LIVE,1,29.00,2.90,AUD
8803647,1,1,312348,Asylum (60 min),2025-11-18T20:00:00Z,2025-11-17T17:42:29Z,2025-11-17T17:42:29Z,LIVE,4,112.00,22.40,GBP
8803648,1,6,312349,Test Experience,2025-11-25T11:45:00Z,2025-11-17T20:13:31Z,2025-11-17T20:13:31Z,LIVE,2,2.00,0.40,GBP
8803649,1,3,311926,Half-Day River Tour,2025-11-24T14:30:00Z,2025-11-17T21:42:01Z,2025-11-17T21:42:01Z,LIVE,3,237.00,19.55,USD
8803650,1,3,312350,Half-Day River Tour,2025-11-23T16:00:00Z,2025-11-18T02:16:46Z,2025-11-18T02:16:46Z,LIVE,1,79.00,6.52,USD
8803651,1,3,312049,Kayak Rental 2 hr,2025-12-04T14:15:00Z,2025-11-18T05:20:45Z,2025-11-18T05:20:45Z,LIVE,4,140.00,11.55,USD
8803652,1,2,310250,Axe Throwing 90 min,2025-12-14T20:15:00Z,2025-11-18T09:52:11Z,2025-11-18T09:52:11Z,LIVE,8,312.00,71.76,EUR
8803653,1,1,312351,Asylum (60 min),2025-11-24T21:45:00Z,2025-11-18T10:37:51Z,2025-11-18T10:37:51Z,LIVE,5,140.00,28.00,GBP
8803654,1,2,312352,Axe Throwing 60 min,2025-11-18T17:00:00Z,2025-11-18T14:37:50Z,2025-11-18T14:37:50Z,LIVE,5,145.00,33.35,EUR
8803655,1,5,312353,Open Play,2025-11-22T18:30:00Z,2025-11-18T16:10:10Z,2025-11-18T16:10:10Z,LIVE,6,234.00,6.79,USD
8803617,2,3,312330,Sunrise Paddle,2025-12-12T17:00:00Z,2025-11-15T05:47:34Z,2025-11-18T18:13:25Z,LIVE,3,135.00,11.14,USD
8803656,1,3,312354,Half-Day River Tour,2025-11-21T17:30:00Z,2025-11-18T20:34:50Z,2025-11-18T20:34:50Z,LIVE,5,395.00,32.59,USD
8803657,1,2,312355,Axe Throwing 90 min,2025-12-11T15:15:00Z,2025-11-18T22:09:13Z,2025-11-18T22:09:13Z,LIVE,2,78.00,17.94,EUR
8803658,1,5,312356,Private Group Game,2026-01-04T20:00:00Z,2025-11-18T23:32:28Z,2025-11-18T23:32:28Z,LIVE,7,385.00,11.17,USD
8803658,2,5,312356,Private Group Game,2026-01-04T20:00:00Z,2025-11-18T23:32:28Z,2025-11-19T00:30:38Z,LIVE,9,495.00,14.36,USD
8803659,1,1,310006,Asylum (60 min),2025-12-22T20:15:00Z,2025-11-19T08:35:00Z,2025-11-19T08:35:00Z,LIVE,6,168.00,33.60,GBP
8803660,1,1,311269,Asylum (60 min),2025-11-19T17:00:00Z,2025-11-19T10:01:33Z,2025-11-19T10:01:33Z,LIVE,2,56.00,11.20,GBP
8803661,1,2,310721,Axe Throwing 60 min,2025-11-19T17:30:00Z,2025-11-19T12:16:05Z,2025-11-19T12:16:05Z,LIVE,8,232.00,53.36,EUR
8803662,1,5,312357,Private Group Game,2026-01-06T18:30:00Z,2025-11-19T17:30:26Z,2025-11-19T17:30:26Z,LIVE,8,440.00,12.76,USD
8803663,1,2,312358,Axe Throwing 90 min,2025-12-30T18:30:00Z,2025-11-19T20:17:07Z,2025-11-19T20:17:07Z,LIVE,4,156.00,35.88,EUR
8803664,1,2,312359,Axe Throwing 90 min,2025-12-26T20:15:00Z,2025-11-19T21:46:10Z,2025-11-19T21:46:10Z,LIVE,7,273.00,62.79,EUR
8803665,1,1,312360,Mini Mystery (30 min),2025-12-06T20:00:00Z,2025-11-19T22:00:19Z,2025-11-19T22:00:19Z,LIVE,4,60.00,12.00,GBP
8803666,1,4,312361,Casual Climb,2025-11-28T05:15:00Z,2025-11-19T22:22:37Z,2025-11-19T22:22:37Z,LIVE,1,29.00,2.90,AUD
8803657,2,2,312355,Axe Throwing 90 min,2025-12-11T15:15:00Z,2025-11-18T22:09:13Z,2025-11-19T22:36:26Z,LIVE,4,156.00,35.88,EUR
8803667,1,3,312362,Kayak Rental 2 hr,2025-11-22T12:15:00Z,2025-11-19T23:28:10Z,2025-11-19T23:28:10Z,LIVE,2,70.00,5.78,USD
8803668,1,3,312024,Half-Day River Tour,2025-11-20T12:15:00Z,2025-11-19T23:28:49Z,2025-11-19T23:28:49Z,LIVE,5,395.00,32.59,USD
8803669,1,4,312363,Kids Climb Session,2025-11-23T08:00:00Z,2025-11-20T04:08:29Z,2025-11-20T04:08:29Z,LIVE,1,24.00,2.40,AUD
8803645,2,4,312346,Intro to Bouldering,2025-11-23T05:00:00Z,2025-11-17T02:23:01Z,2025-11-20T08:16:22Z,CANCELLED,1,49.00,4.90,AUD
8803670,1,2,312364,Axe Throwing 90 min,2025-11-24T19:15:00Z,2025-11-20T08:45:14Z,2025-11-20T08:45:14Z,LIVE,3,117.00,26.91,EUR
8803671,1,1,312365,Mini Mystery (30 min),2025-11-21T19:15:00Z,2025-11-20T10:59:33Z,2025-11-20T10:59:33Z,LIVE,2,30.00,6.00,GBP
8803672,1,1,312366,Asylum (60 min),2025-12-14T19:30:00Z,2025-11-20T15:14:30Z,2025-11-20T15:14:30Z,LIVE,6,168.00,33.60,GBP
8803673,1,2,310386,Axe Throwing 90 min,2025-11-22T20:45:00Z,2025-11-20T16:47:15Z,2025-11-20T16:47:15Z,LIVE,3,117.00,26.91,EUR
8803674,1,2,311613,Axe Throwing 60 min,2025-12-10T17:00:00Z,2025-11-20T16:53:25Z,2025-11-20T16:53:25Z,LIVE,8,232.00,53.36,EUR
8803675,1,6,312118,Test Experience,2025-11-23T15:00:00Z,2025-11-20T17:15:14Z,2025-11-20T17:15:14Z,LIVE,2,2.00,0.40,GBP
8803676,1,1,312367,Asylum (60 min),2025-11-24T19:45:00Z,2025-11-20T20:29:55Z,2025-11-20T20:29:55Z,LIVE,2,56.00,11.20,GBP
8803677,1,1,312368,Mini Mystery (30 min),2025-12-06T21:30:00Z,2025-11-20T20:38:08Z,2025-11-20T20:38:08Z,LIVE,6,90.00,18.00,GBP
8803678,1,5,311027,Open Play,2025-11-25T22:30:00Z,2025-11-20T23:32:09Z,2025-11-20T23:32:09Z,LIVE,7,273.00,7.92,USD
8803679,1,3,311162,Half-Day River Tour,2025-11-27T15:30:00Z,2025-11-20T23:38:42Z,2025-11-20T23:38:42Z,LIVE,3,237.00,19.55,USD
8803680,1,4,312171,Casual Climb,2026-01-10T01:45:00Z,2025-11-21T06:43:49Z,2025-11-21T06:43:49Z,LIVE,2,58.00,5.80,AUD
8803681,1,2,312369,Axe Throwing 90 min,2025-11-28T19:30:00Z,2025-11-21T07:20:10Z,2025-11-21T07:20:10Z,LIVE,5,195.00,44.85,EUR
8803682,1,2,312370,Axe Throwing 60 min,2026-01-11T17:00:00Z,2025-11-21T09:55:38Z,2025-11-21T09:55:38Z,LIVE,3,87.00,20.01,EUR
8803683,1,4,310105,Intro to Bouldering,2025-11-29T06:30:00Z,2025-11-21T12:00:07Z,2025-11-21T12:00:07Z,LIVE,2,98.00,9.80,AUD
8803684,1,2,310628,Axe Throwing 60 min,2025-12-06T13:30:00Z,2025-11-21T17:03:50Z,2025-11-21T17:03:50Z,LIVE,6,174.00,40.02,EUR
8803685,1,4,312371,Casual Climb,2025-11-24T01:00:00Z,2025-11-21T20:35:20Z,2025-11-21T20:35:20Z,LIVE,1,29.00,2.90,AUD
8803686,1,5,312372,Open Play,2025-12-13T19:15:00Z,2025-11-21T21:18:27Z,2025-11-21T21:18:27Z,LIVE,11,429.00,12.44,USD
8803302,2,5,311260,Open Play,2025-12-03T21:00:00Z,2025-10-09T15:07:22Z,2025-11-21T22:16:36Z,CANCELLED,12,468.00,13.57,USD
8803687,1,6,310447,Test Experience,2025-11-22T10:30:00Z,2025-11-22T08:35:55Z,2025-11-22T08:35:55Z,LIVE,4,4.00,0.80,GBP
8803681,2,2,312369,Axe Throwing 90 min,2025-11-28T19:30:00Z,2025-11-21T07:20:10Z,2025-11-22T09:56:58Z,LIVE,7,273.00,62.79,EUR
8803673,2,2,310386,Axe Throwing 90 min,2025-11-22T20:45:00Z,2025-11-20T16:47:15Z,2025-11-22T12:56:33Z,CANCELLED,3,117.00,26.91,EUR
8803688,1,2,312373,Axe Throwing 60 min,2025-11-26T15:15:00Z,2025-11-22T13:15:41Z,2025-11-22T13:15:41Z,LIVE,8,232.00,53.36,EUR
8803689,1,2,312374,Axe Throwing 60 min,2025-11-29T20:45:00Z,2025-11-22T14:03:14Z,2025-11-22T14:03:14Z,LIVE,5,145.00,33.35,EUR
8803690,1,3,312375,Kayak Rental 2 hr,2025-12-14T13:45:00Z,2025-11-22T16:05:10Z,2025-11-22T16:05:10Z,LIVE,2,70.00,5.78,USD
8803691,1,3,312376,Kayak Rental 2 hr,2025-11-29T16:45:00Z,2025-11-22T19:57:54Z,2025-11-22T19:57:54Z,LIVE,1,35.00,2.89,USD
8803692,1,4,312377,Intro to Bouldering,2025-11-22T23:00:00Z,2025-11-22T20:12:59Z,2025-11-22T20:12:59Z,LIVE,1,49.00,4.90,AUD
8803693,1,2,312378,Axe Throwing 60 min,2025-11-23T20:30:00Z,2025-11-22T20:25:58Z,2025-11-22T20:25:58Z,LIVE,6,174.00,40.02,EUR
8803693,2,2,312378,Axe Throwing 60 min,2025-11-23T20:30:00Z,2025-11-22T20:25:58Z,2025-11-22T20:51:05Z,LIVE,8,232.00,53.36,EUR
8803694,1,2,310767,Axe Throwing 90 min,2025-12-16T15:00:00Z,2025-11-23T07:19:11Z,2025-11-23T07:19:11Z,LIVE,5,195.00,44.85,EUR
8803648,2,6,312349,Test Experience,2025-11-25T11:45:00Z,2025-11-17T20:13:31Z,2025-11-23T07:19:59Z,CANCELLED,2,2.00,0.40,GBP
8803695,1,2,312379,Axe Throwing 60 min,2025-11-24T20:30:00Z,2025-11-23T08:30:32Z,2025-11-23T08:30:32Z,LIVE,4,116.00,26.68,EUR
8803696,1,6,310193,Test Experience,2025-11-28T14:00:00Z,2025-11-23T09:24:49Z,2025-11-23T09:24:49Z,LIVE,3,3.00,0.60,GBP
8803696,1,6,310193,Test Experience,2025-11-28T14:00:00Z,2025-11-23T09:24:49Z,2025-11-23T09:24:49Z,LIVE,3,3.00,0.60,GBP
8803697,1,1,310487,The Vault (60 min),2025-11-23T16:30:00Z,2025-11-23T12:52:30Z,2025-11-23T12:52:30Z,LIVE,6,150.00,30.00,GBP
8803698,1,3,310022,Sunrise Paddle,2025-11-23T15:30:00Z,2025-11-23T13:03:06Z,2025-11-23T13:03:06Z,LIVE,1,45.00,3.71,USD
8803699,1,1,312380,Mini Mystery (30 min),2025-12-23T19:00:00Z,2025-11-23T15:02:11Z,2025-11-23T15:02:11Z,LIVE,3,45.00,9.00,GBP
8803700,1,2,312381,Axe Throwing 90 min,2025-11-29T21:00:00Z,2025-11-23T17:28:23Z,2025-11-23T17:28:23Z,LIVE,4,156.00,35.88,EUR
8803701,1,5,312382,Open Play,2025-11-23T19:00:00Z,2025-11-23T18:56:04Z,2025-11-23T18:56:04Z,LIVE,10,390.00,11.31,USD
8803702,1,2,312040,Axe Throwing 60 min,2025-11-26T18:15:00Z,2025-11-23T20:09:58Z,2025-11-23T20:09:58Z,LIVE,3,87.00,20.01,EUR
8803703,1,4,312383,Kids Climb Session,2025-12-07T22:00:00Z,2025-11-24T00:31:23Z,2025-11-24T00:31:23Z,LIVE,4,96.00,9.60,AUD
8803704,1,5,312384,Open Play,2025-12-05T20:15:00Z,2025-11-24T02:14:35Z,2025-11-24T02:14:35Z,LIVE,7,273.00,7.92,USD
8803705,1,4,310761,Kids Climb Session,2025-12-22T07:30:00Z,2025-11-24T09:43:51Z,2025-11-24T09:43:51Z,LIVE,4,96.00,9.60,AUD
8803184,2,3,311941,Half-Day River Tour,2025-12-24T21:00:00Z,2025-09-28T17:00:40Z,2025-11-24T10:32:26Z,CANCELLED,4,316.00,26.07,USD
8803505,2,1,310930,Asylum (60 min),2025-11-29T15:30:00Z,2025-11-01T09:34:06Z,2025-11-24T12:40:40Z,CANCELLED,5,140.00,28.00,GBP
8803333,2,1,310157,The Vault (60 min),2025-12-12T20:45:00Z,2025-10-12T21:31:17Z,2025-11-24T14:09:51Z,CANCELLED,2,50.00,10.00,GBP
8803706,1,3,312385,Sunrise Paddle,2025-11-24T19:15:00Z,2025-11-24T18:02:15Z,2025-11-24T18:02:15Z,LIVE,1,45.00,3.71,USD
8803707,1,2,312386,Axe Throwing 60 min,2025-11-29T20:15:00Z,2025-11-24T20:04:23Z,2025-11-24T20:04:23Z,LIVE,5,145.00,33.35,EUR
8803708,1,1,312387,The Vault (60 min),2025-11-25T19:30:00Z,2025-11-24T20:10:37Z,2025-11-24T20:10:37Z,LIVE,3,75.00,15.00,GBP
8803709,1,1,311731,Asylum (60 min),2025-11-29T19:00:00Z,2025-11-24T20:37:18Z,2025-11-24T20:37:18Z,LIVE,4,112.00,22.40,GBP
8803710,1,1,312388,Mini Mystery (30 min),2025-11-29T21:00:00Z,2025-11-24T22:31:23Z,2025-11-24T22:31:23Z,LIVE,5,75.00,15.00,GBP
8803711,1,1,312389,Mini Mystery (30 min),2025-11-27T20:00:00Z,2025-11-24T22:33:06Z,2025-11-24T22:33:06Z,LIVE,2,30.00,6.00,GBP
8803712,1,4,312390,Casual Climb,2025-12-17T08:00:00Z,2025-11-24T22:36:00Z,2025-11-24T22:36:00Z,LIVE,2,58.00,5.80,AUD
8803713,1,4,310368,Casual Climb,2025-12-06T06:00:00Z,2025-11-25T02:51:21Z,2025-11-25T02:51:21Z,LIVE,4,116.00,11.60,AUD
8803714,1,4,312391,Intro to Bouldering,2025-11-27T01:00:00Z,2025-11-25T08:21:47Z,2025-11-25T08:21:47Z,LIVE,2,98.00,9.80,AUD
8803715,1,4,312392,Kids Climb Session,2025-12-11T06:30:00Z,2025-11-25T09:06:18Z,2025-11-25T09:06:18Z,LIVE,3,72.00,7.20,AUD
8803716,1,5,312393,Open Play,2025-11-28T22:30:00Z,2025-11-25T15:26:23Z,2025-11-25T15:26:23Z,LIVE,6,234.00,6.79,USD
8803717,1,2,312394,Axe Throwing 90 min,2025-12-02T19:00:00Z,2025-11-25T16:35:31Z,2025-11-25T16:35:31Z,LIVE,3,117.00,26.91,EUR
8803486,3,2,312251,Axe Throwing 90 min,2025-11-27T17:15:00Z,2025-10-29T11:00:31Z,2025-11-25T16:48:31Z,CANCELLED,5,195.00,44.85,EUR
8803718,1,4,312395,Casual Climb,2025-11-25T23:00:00Z,2025-11-25T21:52:54Z,2025-11-25T21:52:54Z,LIVE,4,116.00,11.60,AUD
8803719,1,4,312396,Casual Climb,2025-12-10T22:15:00Z,2025-11-26T01:42:16Z,2025-11-26T01:42:16Z,LIVE,2,58.00,5.80,AUD
8803720,1,4,312397,Kids Climb Session,2025-12-12T06:30:00Z,2025-11-26T09:43:59Z,2025-11-26T09:43:59Z,LIVE,4,96.00,9.60,AUD
8803721,1,4,312398,Intro to Bouldering,2025-11-30T06:00:00Z,2025-11-26T12:52:29Z,2025-11-26T12:52:29Z,LIVE,3,147.00,14.70,AUD
8803722,1,1,310697,Asylum (60 min),2026-01-04T12:15:00Z,2025-11-26T13:56:26Z,2025-11-26T13:56:26Z,LIVE,5,140.00,28.00,GBP
8803723,1,1,312399,The Vault (60 min),2025-11-29T20:00:00Z,2025-11-26T15:41:45Z,2025-11-26T15:41:45Z,LIVE,3,75.00,15.00,GBP
8803724,1,1,312400,Asylum (60 min),2025-11-26T17:00:00Z,2025-11-26T15:57:31Z,2025-11-26T15:57:31Z,LIVE,6,168.00,33.60,GBP
8803725,1,6,312401,Test Experience,2025-12-26T11:45:00Z,2025-11-26T20:15:51Z,2025-11-26T20:15:51Z,LIVE,3,3.00,0.60,GBP
8803726,1,1,312402,Mini Mystery (30 min),2025-11-29T21:30:00Z,2025-11-26T20:38:43Z,2025-11-26T20:38:43Z,LIVE,3,45.00,9.00,GBP
8803727,1,4,311754,Casual Climb,2025-11-27T00:30:00Z,2025-11-26T23:26:33Z,2025-11-26T23:26:33Z,LIVE,4,116.00,11.60,AUD
8803565,2,4,311133,Kids Climb Session,2025-12-01T07:00:00Z,2025-11-08T12:03:47Z,2025-11-27T05:46:56Z,CANCELLED,4,96.00,9.60,AUD
8803728,1,2,312403,Axe Throwing 90 min,2025-11-27T20:15:00Z,2025-11-27T08:15:25Z,2025-11-27T08:15:25Z,LIVE,2,78.00,17.94,EUR
8803729,1,3,312404,Half-Day River Tour,2025-12-06T15:30:00Z,2025-11-27T16:05:45Z,2025-11-27T16:05:45Z,LIVE,1,79.00,6.52,USD
8803730,1,5,310975,Private Group Game,2025-11-27T20:00:00Z,2025-11-27T16:06:21Z,2025-11-27T16:06:21Z,LIVE,5,275.00,7.98,USD
8803731,1,6,312405,Test Experience,2025-12-13T15:30:00Z,2025-11-27T17:10:44Z,2025-11-27T17:10:44Z,LIVE,3,3.00,0.60,GBP
8803732,1,4,312406,Casual Climb,2025-11-28T08:00:00Z,2025-11-27T21:49:44Z,2025-11-27T21:49:44Z,LIVE,2,58.00,5.80,AUD
8803733,1,4,311883,Casual Climb,2025-11-27T22:15:00Z,2025-11-27T21:59:58Z,2025-11-27T21:59:58Z,LIVE,1,29.00,2.90,AUD
8803732,2,4,312406,Casual Climb,2025-11-28T08:00:00Z,2025-11-27T21:49:44Z,2025-11-27T22:36:41Z,LIVE,4,116.00,11.60,AUD
8803734,1,4,311978,Casual Climb,2025-11-28T04:45:00Z,2025-11-28T01:33:27Z,2025-11-28T01:33:27Z,LIVE,3,87.00,8.70,AUD
8803734,2,4,311978,Casual Climb,2025-11-28T04:45:00Z,2025-11-28T01:33:27Z,2025-11-28T01:47:27Z,LIVE,5,145.00,14.50,AUD
8803709,2,1,311731,Asylum (60 min),2025-11-29T19:00:00Z,2025-11-24T20:37:18Z,2025-11-28T02:23:28Z,CANCELLED,4,112.00,22.40,GBP
8803709,2,1,311731,Asylum (60 min),2025-11-29T19:00:00Z,2025-11-24T20:37:18Z,2025-11-28T02:23:28Z,CANCELLED,4,112.00,22.40,GBP
8803689,2,2,312374,Axe Throwing 60 min,2025-11-29T20:45:00Z,2025-11-22T14:03:14Z,2025-11-28T03:55:20Z,CANCELLED,5,145.00,33.35,EUR
8803735,1,4,312407,Kids Climb Session,2025-12-02T08:30:00Z,2025-11-28T05:17:00Z,2025-11-28T05:17:00Z,LIVE,2,48.00,4.80,AUD
8803736,1,2,311252,Axe Throwing 60 min,2025-12-22T20:30:00Z,2025-11-28T11:05:35Z,2025-11-28T11:05:35Z,LIVE,4,116.00,26.68,EUR
8803737,1,4,311312,Kids Climb Session,2025-12-13T03:15:00Z,2025-11-28T11:36:39Z,2025-11-28T11:36:39Z,LIVE,1,24.00,2.40,AUD
8803738,1,1,312267,Mini Mystery (30 min),2025-12-28T19:45:00Z,2025-11-28T12:12:42Z,2025-11-28T12:12:42Z,LIVE,6,90.00,18.00,GBP
8803739,1,5,310865,Private Group Game,2025-12-05T18:30:00Z,2025-11-28T14:58:27Z,2025-11-28T14:58:27Z,LIVE,10,550.00,15.95,USD
8803740,1,5,312408,Private Group Game,2025-11-28T20:30:00Z,2025-11-28T18:19:05Z,2025-11-28T18:19:05Z,LIVE,7,385.00,11.17,USD
8803740,2,5,312408,Private Group Game,2025-11-28T20:30:00Z,2025-11-28T18:19:05Z,2025-11-28T19:19:19Z,LIVE,9,495.00,14.36,USD
8803741,1,5,312146,Open Play,2025-12-04T18:45:00Z,2025-11-28T20:27:51Z,2025-11-28T20:27:51Z,LIVE,12,468.00,13.57,USD
8803540,2,4,311042,Intro to Bouldering,2025-12-05T01:15:00Z,2025-11-04T23:16:20Z,2025-11-28T23:38:20Z,CANCELLED,3,147.00,14.70,AUD
8803721,2,4,312398,Intro to Bouldering,2025-11-30T06:00:00Z,2025-11-26T12:52:29Z,2025-11-28T23:40:30Z,CANCELLED,3,147.00,14.70,AUD
8803742,1,1,310495,Asylum (60 min),2025-11-29T16:30:00Z,2025-11-29T10:23:05Z,2025-11-29T10:23:05Z,LIVE,5,140.00,28.00,GBP
8803739,2,5,310865,Private Group Game,2025-12-05T18:30:00Z,2025-11-28T14:58:27Z,2025-11-29T12:12:38Z,LIVE,11,605.00,17.55,USD
8803743,1,2,312409,Axe Throwing 90 min,2025-11-29T19:30:00Z,2025-11-29T14:36:12Z,2025-11-29T14:36:12Z,LIVE,4,156.00,35.88,EUR
8803744,1,5,311155,Private Group Game,2025-12-07T18:30:00Z,2025-11-29T15:20:53Z,2025-11-29T15:20:53Z,LIVE,11,605.00,17.55,USD
8803745,1,2,312410,Axe Throwing 60 min,2025-11-29T19:30:00Z,2025-11-29T15:28:06Z,2025-11-29T15:28:06Z,LIVE,6,174.00,40.02,EUR
8803746,1,3,311439,Sunrise Paddle,2025-12-01T15:30:00Z,2025-11-29T15:31:45Z,2025-11-29T15:31:45Z,LIVE,2,90.00,7.43,USD
8803747,1,3,311812,Kayak Rental 2 hr,2025-12-14T14:30:00Z,2025-11-29T16:30:55Z,2025-11-29T16:30:55Z,LIVE,1,35.00,2.89,USD
8803748,1,1,312411,Mini Mystery (30 min),2025-12-01T19:30:00Z,2025-11-29T17:49:14Z,2025-11-29T17:49:14Z,LIVE,4,60.00,12.00,GBP
8803749,1,5,310437,Open Play,2025-11-29T21:00:00Z,2025-11-29T18:04:17Z,2025-11-29T18:04:17Z,LIVE,7,273.00,7.92,USD
8803750,1,3,311228,Kayak Rental 2 hr,2025-12-10T15:15:00Z,2025-11-29T19:51:38Z,2025-11-29T19:51:38Z,LIVE,4,140.00,11.55,USD
8803751,1,4,312412,Kids Climb Session,2025-12-26T23:30:00Z,2025-11-29T20:45:48Z,2025-11-29T20:45:48Z,LIVE,1,24.00,2.40,AUD
8803752,1,5,310216,Open Play,2025-12-05T20:00:00Z,2025-11-29T21:39:37Z,2025-11-29T21:39:37Z,LIVE,7,273.00,7.92,USD
8803753,1,4,312413,Casual Climb,2025-11-30T00:15:00Z,2025-11-29T23:40:14Z,2025-11-29T23:40:14Z,LIVE,1,29.00,2.90,AUD
8803753,2,4,312413,Casual Climb,2025-11-30T00:15:00Z,2025-11-29T23:40:14Z,2025-11-29T23:50:42Z,LIVE,2,58.00,5.80,AUD
8803703,2,4,312383,Kids Climb Session,2025-12-07T22:00:00Z,2025-11-24T00:31:23Z,2025-11-30T00:11:15Z,LIVE,6,144.00,14.40,AUD
8803753,3,4,312413,Casual Climb,2025-11-30T00:15:00Z,2025-11-29T23:40:14Z,2025-11-30T00:12:24Z,CANCELLED,2,58.00,5.80,AUD
8803735,2,4,312407,Kids Climb Session,2025-12-02T08:30:00Z,2025-11-28T05:17:00Z,2025-11-30T02:20:03Z,LIVE,3,72.00,7.20,AUD
8803754,1,4,312414,Casual Climb,2025-12-06T04:00:00Z,2025-11-30T02:55:53Z,2025-11-30T02:55:53Z,LIVE,4,116.00,11.60,AUD
8803755,1,3,312106,Sunrise Paddle,2025-12-21T12:45:00Z,2025-11-30T05:19:39Z,2025-11-30T05:19:39Z,LIVE,3,135.00,11.14,USD
8803756,1,2,312415,Axe Throwing 60 min,2025-12-11T19:15:00Z,2025-11-30T07:35:24Z,2025-11-30T07:35:24Z,LIVE,7,203.00,46.69,EUR
8803757,1,5,312416,Open Play,2025-11-30T23:45:00Z,2025-11-30T14:09:25Z,2025-11-30T14:09:25Z,LIVE,5,195.00,5.66,USD
8803757,2,5,312416,Open Play,2025-11-30T23:45:00Z,2025-11-30T14:09:25Z,2025-11-30T16:15:11Z,LIVE,6,234.00,6.79,USD
8803758,1,5,312417,Open Play,2025-11-30T21:30:00Z,2025-11-30T18:55:45Z,2025-11-30T18:55:45Z,LIVE,6,234.00,6.79,USD
8803759,1,1,312418,The Vault (60 min),2025-12-13T21:45:00Z,2025-11-30T21:39:12Z,2025-11-30T21:39:12Z,LIVE,5,125.00,25.00,GBP
8803755,2,3,312106,Sunrise Paddle,2025-12-21T12:45:00Z,2025-11-30T05:19:39Z,2025-11-30T21:42:36Z,LIVE,4,180.00,14.85,USD
8803760,1,3,312419,Kayak Rental 2 hr,2025-12-01T17:30:00Z,2025-12-01T00:00:02Z,2025-12-01T00:00:02Z,LIVE,4,140.00,11.55,USD
8803704,2,5,312384,Open Play,2025-12-05T20:15:00Z,2025-11-24T02:14:35Z,2025-12-01T05:02:28Z,CANCELLED,7,273.00,7.92,USD
8803761,1,2,312420,Axe Throwing 90 min,2025-12-30T18:15:00Z,2025-12-01T09:54:29Z,2025-12-01T09:54:29Z,LIVE,8,312.00,71.76,EUR
8803762,1,4,312421,Kids Climb Session,2025-12-06T05:30:00Z,2025-12-01T12:32:08Z,2025-12-01T12:32:08Z,LIVE,2,48.00,4.80,AUD
8803763,1,2,312422,Axe Throwing 60 min,2025-12-12T20:00:00Z,2025-12-01T13:29:01Z,2025-12-01T13:29:01Z,LIVE,7,203.00,46.69,EUR
8803764,1,1,311698,Asylum (60 min),2025-12-05T18:00:00Z,2025-12-01T13:43:04Z,2025-12-01T13:43:04Z,LIVE,2,56.00,11.20,GBP
8803765,1,6,312423,Test Experience,2025-12-05T10:00:00Z,2025-12-01T17:58:35Z,2025-12-01T17:58:35Z,LIVE,4,4.00,0.80,GBP
8803766,1,4,311754,Intro to Bouldering,2025-12-09T04:30:00Z,2025-12-02T01:54:13Z,2025-12-02T01:54:13Z,LIVE,1,49.00,4.90,AUD
8803767,1,3,311479,Half-Day River Tour,2025-12-23T15:00:00Z,2025-12-02T03:11:13Z,2025-12-02T03:11:13Z,LIVE,5,395.00,32.59,USD
8803768,1,5,312424,Open Play,2025-12-03T17:45:00Z,2025-12-02T04:47:38Z,2025-12-02T04:47:38Z,LIVE,10,390.00,11.31,USD
8803611,2,2,311142,Axe Throwing 60 min,2025-12-07T19:00:00Z,2025-11-14T07:08:06Z,2025-12-02T05:58:15Z,CANCELLED,7,203.00,46.69,EUR
8803769,1,4,312425,Casual Climb,2025-12-05T06:15:00Z,2025-12-02T09:19:06Z,2025-12-02T09:19:06Z,LIVE,2,58.00,5.80,AUD
8803770,1,2,311847,Axe Throwing 60 min,2026-01-01T20:00:00Z,2025-12-02T12:09:12Z,2025-12-02T12:09:12Z,LIVE,8,232.00,53.36,EUR
8803771,1,6,310342,Test Experience,2025-12-26T14:00:00Z,2025-12-02T13:06:08Z,2025-12-02T13:06:08Z,LIVE,2,2.00,0.40,GBP
8803772,1,5,312426,Private Group Game,2025-12-10T20:00:00Z,2025-12-02T14:14:11Z,2025-12-02T14:14:11Z,LIVE,11,605.00,17.55,USD
8803773,1,2,310024,Axe Throwing 90 min,2025-12-05T18:30:00Z,2025-12-02T14:46:19Z,2025-12-02T14:46:19Z,LIVE,5,195.00,44.85,EUR
8803774,1,2,312427,Axe Throwing 60 min,2025-12-03T17:15:00Z,2025-12-02T15:36:15Z,2025-12-02T15:36:15Z,LIVE,7,203.00,46.69,EUR
8803775,1,2,312428,Axe Throwing 60 min,2025-12-02T17:00:00Z,2025-12-02T16:52:14Z,2025-12-02T16:52:14Z,LIVE,3,87.00,20.01,EUR
8803776,1,4,312429,Casual Climb,2025-12-03T00:00:00Z,2025-12-02T21:55:56Z,2025-12-02T21:55:56Z,LIVE,2,58.00,5.80,AUD
8803712,2,4,312390,Casual Climb,2025-12-17T08:00:00Z,2025-11-24T22:36:00Z,2025-12-02T22:24:30Z,LIVE,3,87.00,8.70,AUD
8803574,2,4,312306,Kids Climb Session,2025-12-06T07:15:00Z,2025-11-09T04:37:54Z,2025-12-03T03:20:35Z,CANCELLED,4,96.00,9.60,AUD
8803777,1,5,312116,Private Group Game,2025-12-30T20:00:00Z,2025-12-03T03:37:32Z,2025-12-03T03:37:32Z,LIVE,9,495.00,14.36,USD
8803778,1,5,310451,Private Group Game,2025-12-07T19:30:00Z,2025-12-03T05:29:58Z,2025-12-03T05:29:58Z,LIVE,7,385.00,11.17,USD
8803774,2,2,312427,Axe Throwing 60 min,2025-12-03T17:15:00Z,2025-12-02T15:36:15Z,2025-12-03T05:34:49Z,CANCELLED,7,203.00,46.69,EUR
8803779,1,4,311736,Casual Climb,2025-12-20T06:30:00Z,2025-12-03T06:03:01Z,2025-12-03T06:03:01Z,LIVE,2,58.00,5.80,AUD
8803780,1,4,312430,Kids Climb Session,2025-12-03T07:00:00Z,2025-12-03T06:37:29Z,2025-12-03T06:37:29Z,LIVE,1,24.00,2.40,AUD
8803781,1,4,312431,Intro to Bouldering,2025-12-28T06:00:00Z,2025-12-03T07:48:49Z,2025-12-03T07:48:49Z,LIVE,2,98.00,9.80,AUD
8803782,1,1,312432,The Vault (60 min),2025-12-03T18:00:00Z,2025-12-03T10:55:20Z,2025-12-03T10:55:20Z,LIVE,2,50.00,10.00,GBP
8803783,1,2,312433,Axe Throwing 90 min,2025-12-28T21:45:00Z,2025-12-03T11:22:59Z,2025-12-03T11:22:59Z,LIVE,7,273.00,62.79,EUR
8803784,1,1,312434,Mini Mystery (30 min),2025-12-07T14:30:00Z,2025-12-03T14:26:05Z,2025-12-03T14:26:05Z,LIVE,4,60.00,12.00,GBP
8803785,1,2,312435,Axe Throwing 90 min,2025-12-09T17:00:00Z,2025-12-03T14:54:52Z,2025-12-03T14:54:52Z,LIVE,7,273.00,62.79,EUR
8803786,1,5,310604,Open Play,2025-12-07T22:00:00Z,2025-12-03T15:05:24Z,2025-12-03T15:05:24Z,LIVE,12,468.00,13.57,USD
8803787,1,2,312436,Axe Throwing 90 min,2025-12-05T20:15:00Z,2025-12-03T22:46:43Z,2025-12-03T22:46:43Z,LIVE,3,117.00,26.91,EUR
8803788,1,4,310816,Intro to Bouldering,2026-01-14T23:00:00Z,2025-12-04T04:48:51Z,2025-12-04T04:48:51Z,LIVE,3,147.00,14.70,AUD
8803789,1,3,311592,Kayak Rental 2 hr,2025-12-05T16:30:00Z,2025-12-04T05:19:23Z,2025-12-04T05:19:23Z,LIVE,2,70.00,5.78,USD
8803639,2,1,312344,Asylum (60 min),2025-12-19T15:15:00Z,2025-11-16T13:30:19Z,2025-12-04T07:01:57Z,CANCELLED,6,168.00,33.60,GBP
8803790,1,2,312437,Axe Throwing 60 min,2025-12-19T20:45:00Z,2025-12-04T07:22:59Z,2025-12-04T07:22:59Z,LIVE,6,174.00,40.02,EUR
8803791,1,2,312240,Axe Throwing 90 min,2025-12-05T19:00:00Z,2025-12-04T08:24:13Z,2025-12-04T08:24:13Z,LIVE,5,195.00,44.85,EUR
8803792,1,1,311308,Asylum (60 min),2026-01-03T15:30:00Z,2025-12-04T10:22:35Z,2025-12-04T10:22:35Z,LIVE,2,56.00,11.20,GBP
8803793,1,5,312073,Open Play,2025-12-05T23:15:00Z,2025-12-04T14:23:59Z,2025-12-04T14:23:59Z,LIVE,8,312.00,9.05,USD
8803794,1,1,312071,Asylum (60 min),2025-12-04T19:45:00Z,2025-12-04T15:02:49Z,2025-12-04T15:02:49Z,LIVE,6,168.00,33.60,GBP
8803795,1,1,310377,Asylum (60 min),2025-12-04T18:45:00Z,2025-12-04T17:54:44Z,2025-12-04T17:54:44Z,LIVE,2,56.00,11.20,GBP
8803796,1,3,311094,Kayak Rental 2 hr,2026-01-10T15:45:00Z,2025-12-04T22:10:27Z,2025-12-04T22:10:27Z,LIVE,3,105.00,8.66,USD
8803797,1,4,312438,Kids Climb Session,2025-12-12T00:00:00Z,2025-12-05T03:38:36Z,2025-12-05T03:38:36Z,LIVE,4,96.00,9.60,AUD
8803798,1,4,312439,Kids Climb Session,2025-12-12T07:00:00Z,2025-12-05T04:18:37Z,2025-12-05T04:18:37Z,LIVE,3,72.00,7.20,AUD
8803799,1,6,312440,Test Experience,2025-12-05T10:00:00Z,2025-12-05T08:06:49Z,2025-12-05T08:06:49Z,LIVE,3,3.00,0.60,GBP
8803800,1,4,312441,Kids Climb Session,2026-01-03T05:30:00Z,2025-12-05T08:36:34Z,2025-12-05T08:36:34Z,LIVE,4,96.00,9.60,AUD
8803801,1,2,312442,Axe Throwing 60 min,2025-12-06T20:00:00Z,2025-12-05T13:08:58Z,2025-12-05T13:08:58Z,LIVE,8,232.00,53.36,EUR
8803798,2,4,312439,Kids Climb Session,2025-12-12T07:00:00Z,2025-12-05T04:18:37Z,2025-12-05T15:50:32Z,LIVE,4,96.00,9.60,AUD
8803802,1,1,312443,The Vault (60 min),2025-12-06T19:00:00Z,2025-12-05T16:32:04Z,2025-12-05T16:32:04Z,LIVE,5,125.00,25.00,GBP
8803803,1,2,312444,Axe Throwing 90 min,2025-12-30T20:30:00Z,2025-12-05T16:43:49Z,2025-12-05T16:43:49Z,LIVE,4,156.00,35.88,EUR
8803804,1,1,312445,Mini Mystery (30 min),2025-12-09T17:45:00Z,2025-12-05T17:23:57Z,2025-12-05T17:23:57Z,LIVE,2,30.00,6.00,GBP
8803805,1,3,312446,Half-Day River Tour,2025-12-05T21:45:00Z,2025-12-05T17:56:09Z,2025-12-05T17:56:09Z,LIVE,3,237.00,19.55,USD
8803744,2,5,311155,Private Group Game,2025-12-07T18:30:00Z,2025-11-29T15:20:53Z,2025-12-05T20:34:19Z,CANCELLED,11,605.00,17.55,USD
8803806,1,1,312447,Asylum (60 min),2025-12-06T12:30:00Z,2025-12-05T22:46:38Z,2025-12-05T22:46:38Z,LIVE,3,84.00,16.80,GBP
8803807,1,5,312448,Open Play,2025-12-26T21:30:00Z,2025-12-06T05:25:04Z,2025-12-06T05:25:04Z,LIVE,4,156.00,4.52,USD
8803808,1,1,312449,Mini Mystery (30 min),2025-12-06T17:00:00Z,2025-12-06T07:57:54Z,2025-12-06T07:57:54Z,LIVE,4,60.00,12.00,GBP
8803809,1,1,312450,Mini Mystery (30 min),2025-12-06T16:30:00Z,2025-12-06T08:27:33Z,2025-12-06T08:27:33Z,LIVE,5,75.00,15.00,GBP
8803810,1,1,312451,The Vault (60 min),2025-12-19T19:00:00Z,2025-12-06T12:02:44Z,2025-12-06T12:02:44Z,LIVE,4,100.00,20.00,GBP
8803811,1,2,312452,Axe Throwing 90 min,2026-01-05T19:00:00Z,2025-12-06T14:46:15Z,2025-12-06T14:46:15Z,LIVE,7,273.00,62.79,EUR
8803802,2,1,312443,The Vault (60 min),2025-12-06T19:00:00Z,2025-12-05T16:32:04Z,2025-12-06T14:48:18Z,CANCELLED,5,125.00,25.00,GBP
8803812,1,3,312453,Sunrise Paddle,2025-12-13T17:30:00Z,2025-12-06T17:04:22Z,2025-12-06T17:04:22Z,LIVE,2,90.00,7.43,USD
8803813,1,5,310497,Open Play,2025-12-06T19:15:00Z,2025-12-06T18:52:12Z,2025-12-06T18:52:12Z,LIVE,4,156.00,4.52,USD
8803814,1,4,312454,Casual Climb,2026-01-03T00:30:00Z,2025-12-06T20:50:04Z,2025-12-06T20:50:04Z,LIVE,1,29.00,2.90,AUD
8803751,2,4,312412,Kids Climb Session,2025-12-26T23:30:00Z,2025-11-29T20:45:48Z,2025-12-06T21:02:45Z,LIVE,3,72.00,7.20,AUD
8803815,1,5,311226,Open Play,2025-12-10T20:00:00Z,2025-12-06T21:38:31Z,2025-12-06T21:38:31Z,LIVE,8,312.00,9.05,USD
8803816,1,1,312455,Asylum (60 min),2025-12-26T18:00:00Z,2025-12-06T23:10:43Z,2025-12-06T23:10:43Z,LIVE,4,112.00,22.40,GBP
8803817,1,5,310497,Open Play,2025-12-10T20:00:00Z,2025-12-07T00:09:24Z,2025-12-07T00:09:24Z,LIVE,8,312.00,9.05,USD
8803818,1,4,312456,Casual Climb,2025-12-14T06:00:00Z,2025-12-07T00:27:31Z,2025-12-07T00:27:31Z,LIVE,1,29.00,2.90,AUD
8803819,1,4,312457,Casual Climb,2025-12-07T08:45:00Z,2025-12-07T04:52:34Z,2025-12-07T04:52:34Z,LIVE,2,58.00,5.80,AUD
8803820,1,1,312458,Mini Mystery (30 min),2025-12-07T14:15:00Z,2025-12-07T07:51:11Z,2025-12-07T07:51:11Z,LIVE,6,90.00,18.00,GBP
8803821,1,1,312459,Mini Mystery (30 min),2025-12-07T17:00:00Z,2025-12-07T10:56:13Z,2025-12-07T10:56:13Z,LIVE,5,75.00,15.00,GBP
8803822,1,4,312460,Kids Climb Session,2025-12-12T08:30:00Z,2025-12-07T12:31:23Z,2025-12-07T12:31:23Z,LIVE,2,48.00,4.80,AUD
8803823,1,2,312461,Axe Throwing 60 min,2025-12-11T20:30:00Z,2025-12-07T15:06:53Z,2025-12-07T15:06:53Z,LIVE,3,87.00,20.01,EUR
8803824,1,1,312462,The Vault (60 min),2025-12-07T17:30:00Z,2025-12-07T16:23:28Z,2025-12-07T16:23:28Z,LIVE,5,125.00,25.00,GBP
8803825,1,4,312463,Casual Climb,2026-01-07T05:00:00Z,2025-12-07T21:06:43Z,2025-12-07T21:06:43Z,LIVE,3,87.00,8.70,AUD
8803826,1,1,312464,Asylum (60 min),2025-12-27T21:45:00Z,2025-12-07T22:55:38Z,2025-12-07T22:55:38Z,LIVE,2,56.00,11.20,GBP
8803772,2,5,312426,Private Group Game,2025-12-10T20:00:00Z,2025-12-02T14:14:11Z,2025-12-08T01:42:14Z,CANCELLED,11,605.00,17.55,USD
8803827,1,5,312465,Open Play,2026-01-12T18:00:00Z,2025-12-08T06:59:23Z,2025-12-08T06:59:23Z,LIVE,10,390.00,11.31,USD
8803828,1,1,312466,Mini Mystery (30 min),2025-12-12T21:30:00Z,2025-12-08T07:42:31Z,2025-12-08T07:42:31Z,LIVE,3,45.00,9.00,GBP
8803829,1,1,312467,Mini Mystery (30 min),2025-12-08T16:45:00Z,2025-12-08T09:07:53Z,2025-12-08T09:07:53Z,LIVE,6,90.00,18.00,GBP
8803830,1,1,312468,Asylum (60 min),2025-12-16T15:30:00Z,2025-12-08T14:08:20Z,2025-12-08T14:08:20Z,LIVE,4,112.00,22.40,GBP
8803831,1,1,310375,Mini Mystery (30 min),2025-12-14T19:45:00Z,2025-12-08T17:00:18Z,2025-12-08T17:00:18Z,LIVE,4,60.00,12.00,GBP
8803832,1,4,311130,Casual Climb,2025-12-13T03:45:00Z,2025-12-08T20:21:17Z,2025-12-08T20:21:17Z,LIVE,3,87.00,8.70,AUD
8803833,1,3,312469,Half-Day River Tour,2025-12-14T15:45:00Z,2025-12-09T00:09:18Z,2025-12-09T00:09:18Z,LIVE,5,395.00,32.59,USD
8803725,2,6,312401,Test Experience,2025-12-26T11:45:00Z,2025-11-26T20:15:51Z,2025-12-09T03:02:16Z,LIVE,5,5.00,1.00,GBP
8803834,1,4,312470,Intro to Bouldering,2025-12-16T23:15:00Z,2025-12-09T03:36:55Z,2025-12-09T03:36:55Z,LIVE,2,98.00,9.80,AUD
8803835,1,4,312471,Intro to Bouldering,2025-12-13T04:00:00Z,2025-12-09T04:10:12Z,2025-12-09T04:10:12Z,LIVE,2,98.00,9.80,AUD
8803836,1,4,311299,Intro to Bouldering,2025-12-24T22:15:00Z,2025-12-09T04:39:19Z,2025-12-09T04:39:19Z,LIVE,1,49.00,4.90,AUD
8803837,1,6,312472,Test Experience,2026-01-04T10:00:00Z,2025-12-09T11:21:18Z,2025-12-09T11:21:18Z,LIVE,2,2.00,0.40,GBP
8803838,1,5,311469,Private Group Game,2025-12-27T17:00:00Z,2025-12-09T14:08:42Z,2025-12-09T14:08:42Z,LIVE,11,605.00,17.55,USD
8803839,1,5,312473,Private Group Game,2025-12-09T20:00:00Z,2025-12-09T16:35:18Z,2025-12-09T16:35:18Z,LIVE,6,330.00,9.57,USD
8803779,2,4,311736,Casual Climb,2025-12-20T06:30:00Z,2025-12-03T06:03:01Z,2025-12-09T18:52:25Z,LIVE,3,87.00,8.70,AUD
8803840,1,4,312474,Intro to Bouldering,2025-12-13T00:15:00Z,2025-12-10T03:49:40Z,2025-12-10T03:49:40Z,LIVE,1,49.00,4.90,AUD
8803841,1,2,312475,Axe Throwing 60 min,2025-12-12T21:00:00Z,2025-12-10T13:35:09Z,2025-12-10T13:35:09Z,LIVE,8,232.00,53.36,EUR
8803842,1,2,312476,Axe Throwing 60 min,2025-12-28T19:00:00Z,2025-12-10T16:50:33Z,2025-12-10T16:50:33Z,LIVE,6,174.00,40.02,EUR
8803843,1,3,312477,Sunrise Paddle,2025-12-11T15:00:00Z,2025-12-10T17:35:23Z,2025-12-10T17:35:23Z,LIVE,2,90.00,7.43,USD
8803844,1,1,310144,Asylum (60 min),2025-12-13T21:30:00Z,2025-12-10T19:36:14Z,2025-12-10T19:36:14Z,LIVE,3,84.00,16.80,GBP
8803845,1,4,312478,Intro to Bouldering,2025-12-16T22:30:00Z,2025-12-10T21:07:35Z,2025-12-10T21:07:35Z,LIVE,4,196.00,19.60,AUD
8803529,2,1,312279,Asylum (60 min),2026-01-10T20:00:00Z,2025-11-03T21:23:24Z,2025-12-10T23:11:20Z,CANCELLED,5,140.00,28.00,GBP
8803846,1,3,312479,Kayak Rental 2 hr,2025-12-11T15:30:00Z,2025-12-10T23:28:54Z,2025-12-10T23:28:54Z,LIVE,4,140.00,11.55,USD
8803846,1,3,312479,Kayak Rental 2 hr,2025-12-11T15:30:00Z,2025-12-10T23:28:54Z,2025-12-10T23:28:54Z,LIVE,4,140.00,11.55,USD
8803756,2,2,312415,Axe Throwing 60 min,2025-12-11T19:15:00Z,2025-11-30T07:35:24Z,2025-12-11T04:06:25Z,CANCELLED,7,203.00,46.69,EUR
8803847,1,2,312480,Axe Throwing 60 min,2026-01-10T21:00:00Z,2025-12-11T09:21:14Z,2025-12-11T09:21:14Z,LIVE,4,116.00,26.68,EUR
8803848,1,2,310964,Axe Throwing 60 min,2025-12-16T17:15:00Z,2025-12-11T12:19:25Z,2025-12-11T12:19:25Z,LIVE,7,203.00,46.69,EUR
8803835,2,4,312471,Intro to Bouldering,2025-12-13T04:00:00Z,2025-12-09T04:10:12Z,2025-12-11T22:40:51Z,CANCELLED,2,98.00,9.80,AUD
8803849,1,4,312481,Kids Climb Session,2025-12-14T00:00:00Z,2025-12-12T03:15:13Z,2025-12-12T03:15:13Z,LIVE,3,72.00,7.20,AUD
8803850,1,4,312482,Kids Climb Session,2025-12-25T23:45:00Z,2025-12-12T09:53:04Z,2025-12-12T09:53:04Z,LIVE,3,72.00,7.20,AUD
8803851,1,2,310218,Axe Throwing 90 min,2025-12-16T21:00:00Z,2025-12-12T10:11:31Z,2025-12-12T10:11:31Z,LIVE,2,78.00,17.94,EUR
8803781,2,4,312431,Intro to Bouldering,2025-12-28T06:00:00Z,2025-12-03T07:48:49Z,2025-12-12T10:52:58Z,LIVE,4,196.00,19.60,AUD
8803849,2,4,312481,Kids Climb Session,2025-12-14T00:00:00Z,2025-12-12T03:15:13Z,2025-12-12T12:26:55Z,LIVE,5,120.00,12.00,AUD
8803852,1,3,312483,Kayak Rental 2 hr,2026-01-04T17:30:00Z,2025-12-12T14:14:39Z,2025-12-12T14:14:39Z,LIVE,2,70.00,5.78,USD
8803853,1,5,310722,Private Group Game,2025-12-20T20:30:00Z,2025-12-12T15:28:04Z,2025-12-12T15:28:04Z,LIVE,6,330.00,9.57,USD
8803854,1,2,312183,Axe Throwing 90 min,2025-12-12T19:30:00Z,2025-12-12T17:00:15Z,2025-12-12T17:00:15Z,LIVE,2,78.00,17.94,EUR
8803855,1,4,310761,Kids Climb Session,2025-12-13T00:00:00Z,2025-12-12T20:50:16Z,2025-12-12T20:50:16Z,LIVE,2,48.00,4.80,AUD
8803855,2,4,310761,Kids Climb Session,2025-12-13T00:00:00Z,2025-12-12T20:50:16Z,2025-12-12T21:20:18Z,LIVE,4,96.00,9.60,AUD
8803856,1,6,312484,Test Experience,2025-12-14T11:45:00Z,2025-12-13T14:53:12Z,2025-12-13T14:53:12Z,LIVE,4,4.00,0.80,GBP
8803779,3,4,311736,Casual Climb,2025-12-20T06:30:00Z,2025-12-03T06:03:01Z,2025-12-13T16:37:28Z,CANCELLED,3,87.00,8.70,AUD
8803857,1,1,312485,The Vault (60 min),2025-12-20T21:00:00Z,2025-12-13T22:12:19Z,2025-12-13T22:12:19Z,LIVE,5,125.00,25.00,GBP
8803858,1,1,312486,Asylum (60 min),2025-12-16T19:45:00Z,2025-12-13T22:18:36Z,2025-12-13T22:18:36Z,LIVE,5,140.00,28.00,GBP
8803859,1,4,311781,Intro to Bouldering,2025-12-14T08:45:00Z,2025-12-13T23:22:55Z,2025-12-13T23:22:55Z,LIVE,4,196.00,19.60,AUD
8803860,1,5,310443,Open Play,2025-12-14T20:15:00Z,2025-12-14T16:02:01Z,2025-12-14T16:02:01Z,LIVE,10,390.00,11.31,USD
8803860,2,5,310443,Open Play,2025-12-14T20:15:00Z,2025-12-14T16:02:01Z,2025-12-14T17:22:11Z,LIVE,12,468.00,13.57,USD
8803861,1,5,312487,Private Group Game,2025-12-17T17:00:00Z,2025-12-14T17:31:14Z,2025-12-14T17:31:14Z,LIVE,5,275.00,7.98,USD
8803862,1,6,310459,Test Experience,2025-12-19T11:00:00Z,2025-12-14T18:16:21Z,2025-12-14T18:16:21Z,LIVE,3,3.00,0.60,GBP
8803863,1,1,312488,Asylum (60 min),2025-12-14T19:30:00Z,2025-12-14T18:17:30Z,2025-12-14T18:17:30Z,LIVE,5,140.00,28.00,GBP
8803864,1,2,312489,Axe Throwing 60 min,2025-12-18T21:00:00Z,2025-12-14T19:07:43Z,2025-12-14T19:07:43Z,LIVE,6,174.00,40.02,EUR
8803865,1,2,312490,Axe Throwing 90 min,2025-12-30T17:00:00Z,2025-12-14T20:18:23Z,2025-12-14T20:18:23Z,LIVE,5,195.00,44.85,EUR
8803866,1,4,312491,Kids Climb Session,2025-12-17T08:45:00Z,2025-12-15T00:32:21Z,2025-12-15T00:32:21Z,LIVE,3,72.00,7.20,AUD
8803796,2,3,311094,Kayak Rental 2 hr,2026-01-10T15:45:00Z,2025-12-04T22:10:27Z,2025-12-15T04:48:59Z,LIVE,5,175.00,14.44,USD
8803867,1,1,312492,The Vault (60 min),2026-01-08T19:30:00Z,2025-12-15T07:26:44Z,2025-12-15T07:26:44Z,LIVE,5,125.00,25.00,GBP
8803868,1,6,312493,Test Experience,2025-12-15T14:45:00Z,2025-12-15T09:06:05Z,2025-12-15T09:06:05Z,LIVE,4,4.00,0.80,GBP
8803869,1,4,312494,Intro to Bouldering,2026-01-10T00:30:00Z,2025-12-15T10:51:07Z,2025-12-15T10:51:07Z,LIVE,4,196.00,19.60,AUD
8803870,1,4,310062,Casual Climb,2025-12-20T07:00:00Z,2025-12-15T10:57:02Z,2025-12-15T10:57:02Z,LIVE,4,116.00,11.60,AUD
8803871,1,1,312495,Mini Mystery (30 min),2025-12-26T19:30:00Z,2025-12-15T18:32:28Z,2025-12-15T18:32:28Z,LIVE,2,30.00,6.00,GBP
8803872,1,5,310186,Open Play,2026-01-10T18:00:00Z,2025-12-15T21:51:40Z,2025-12-15T21:51:40Z,LIVE,5,195.00,5.66,USD
8803873,1,2,310213,Axe Throwing 60 min,2025-12-21T21:30:00Z,2025-12-15T22:09:14Z,2025-12-15T22:09:14Z,LIVE,6,174.00,40.02,EUR
8803874,1,1,311073,Asylum (60 min),2025-12-20T17:00:00Z,2025-12-16T08:03:36Z,2025-12-16T08:03:36Z,LIVE,2,56.00,11.20,GBP
8803875,1,1,312496,The Vault (60 min),2025-12-18T14:30:00Z,2025-12-16T11:25:16Z,2025-12-16T11:25:16Z,LIVE,6,150.00,30.00,GBP
8803876,1,2,311807,Axe Throwing 90 min,2025-12-22T20:00:00Z,2025-12-16T14:23:39Z,2025-12-16T14:23:39Z,LIVE,6,234.00,53.82,EUR
8803877,1,2,312497,Axe Throwing 60 min,2026-01-11T20:15:00Z,2025-12-16T16:59:20Z,2025-12-16T16:59:20Z,LIVE,6,174.00,40.02,EUR
8803866,2,4,312491,Kids Climb Session,2025-12-17T08:45:00Z,2025-12-15T00:32:21Z,2025-12-16T18:08:16Z,CANCELLED,3,72.00,7.20,AUD
8803878,1,1,312498,Asylum (60 min),2025-12-19T19:30:00Z,2025-12-16T21:25:09Z,2025-12-16T21:25:09Z,LIVE,3,84.00,16.80,GBP
8803879,1,4,312499,Intro to Bouldering,2025-12-18T04:00:00Z,2025-12-16T21:54:49Z,2025-12-16T21:54:49Z,LIVE,3,147.00,14.70,AUD
8803495,2,2,310374,Axe Throwing 90 min,2026-01-10T21:15:00Z,2025-10-30T08:50:47Z,2025-12-16T23:12:40Z,CANCELLED,3,117.00,26.91,EUR
8803879,2,4,312499,Intro to Bouldering,2025-12-18T04:00:00Z,2025-12-16T21:54:49Z,2025-12-17T02:29:52Z,LIVE,5,245.00,24.50,AUD
8803880,1,5,312500,Open Play,2025-12-18T20:15:00Z,2025-12-17T03:36:00Z,2025-12-17T03:36:00Z,LIVE,12,468.00,13.57,USD
8803881,1,4,311681,Kids Climb Session,2025-12-26T06:00:00Z,2025-12-17T06:46:49Z,2025-12-17T06:46:49Z,LIVE,4,96.00,9.60,AUD
8803882,1,2,310478,Axe Throwing 90 min,2025-12-17T18:30:00Z,2025-12-17T10:11:37Z,2025-12-17T10:11:37Z,LIVE,8,312.00,71.76,EUR
8803883,1,1,310950,Asylum (60 min),2025-12-30T21:45:00Z,2025-12-17T19:19:47Z,2025-12-17T19:19:47Z,LIVE,4,112.00,22.40,GBP
8803884,1,5,312501,Open Play,2025-12-23T20:30:00Z,2025-12-17T22:00:59Z,2025-12-17T22:00:59Z,LIVE,6,234.00,6.79,USD
8803885,1,5,311948,Private Group Game,2025-12-22T22:00:00Z,2025-12-17T23:39:07Z,2025-12-17T23:39:07Z,LIVE,5,275.00,7.98,USD
8803864,2,2,312489,Axe Throwing 60 min,2025-12-18T21:00:00Z,2025-12-14T19:07:43Z,2025-12-18T00:08:52Z,CANCELLED,6,174.00,40.02,EUR
8803886,1,4,312502,Kids Climb Session,2025-12-28T04:15:00Z,2025-12-18T04:32:27Z,2025-12-18T04:32:27Z,LIVE,2,48.00,4.80,AUD
8803847,2,2,312480,Axe Throwing 60 min,2026-01-10T21:00:00Z,2025-12-11T09:21:14Z,2025-12-18T10:48:13Z,LIVE,5,145.00,33.35,EUR
8803887,1,2,312503,Axe Throwing 90 min,2025-12-25T19:45:00Z,2025-12-18T15:03:41Z,2025-12-18T15:03:41Z,LIVE,8,312.00,71.76,EUR
8803307,2,2,311742,Axe Throwing 90 min,2025-12-31T21:30:00Z,2025-10-10T12:00:52Z,2025-12-18T15:51:31Z,CANCELLED,6,234.00,53.82,EUR
8803888,1,1,312504,Mini Mystery (30 min),2025-12-22T17:45:00Z,2025-12-18T16:18:55Z,2025-12-18T16:18:55Z,LIVE,3,45.00,9.00,GBP
8803889,1,2,311771,Axe Throwing 60 min,2025-12-22T20:15:00Z,2025-12-18T16:45:06Z,2025-12-18T16:45:06Z,LIVE,2,58.00,13.34,EUR
8803890,1,5,310915,Open Play,2025-12-18T20:15:00Z,2025-12-18T16:51:43Z,2025-12-18T16:51:43Z,LIVE,6,234.00,6.79,USD
8803891,1,6,310916,Test Experience,2025-12-24T15:15:00Z,2025-12-18T18:52:44Z,2025-12-18T18:52:44Z,LIVE,2,2.00,0.40,GBP
8803892,1,2,312505,Axe Throwing 90 min,2026-01-03T20:30:00Z,2025-12-18T19:48:20Z,2025-12-18T19:48:20Z,LIVE,7,273.00,62.79,EUR
8803892,1,2,312505,Axe Throwing 90 min,2026-01-03T20:30:00Z,2025-12-18T19:48:20Z,2025-12-18T19:48:20Z,LIVE,7,273.00,62.79,EUR
8803893,1,1,312230,Mini Mystery (30 min),2026-01-11T18:30:00Z,2025-12-18T23:47:32Z,2025-12-18T23:47:32Z,LIVE,6,90.00,18.00,GBP
8803853,2,5,310722,Private Group Game,2025-12-20T20:30:00Z,2025-12-12T15:28:04Z,2025-12-19T00:20:18Z,CANCELLED,6,330.00,9.57,USD
8803894,1,3,312506,Kayak Rental 2 hr,2025-12-21T16:30:00Z,2025-12-19T00:25:41Z,2025-12-19T00:25:41Z,LIVE,4,140.00,11.55,USD
8803895,1,5,311298,Open Play,2026-01-07T21:30:00Z,2025-12-19T00:41:47Z,2025-12-19T00:41:47Z,LIVE,7,273.00,7.92,USD
8803896,1,1,310066,The Vault (60 min),2026-01-01T18:45:00Z,2025-12-19T07:08:05Z,2025-12-19T07:08:05Z,LIVE,4,100.00,20.00,GBP
8803894,2,3,312506,Kayak Rental 2 hr,2025-12-21T16:30:00Z,2025-12-19T00:25:41Z,2025-12-19T07:38:50Z,LIVE,6,210.00,17.33,USD
8803897,1,2,312507,Axe Throwing 60 min,2025-12-19T18:30:00Z,2025-12-19T07:42:53Z,2025-12-19T07:42:53Z,LIVE,3,87.00,20.01,EUR
8803898,1,1,310540,Mini Mystery (30 min),2025-12-21T18:30:00Z,2025-12-19T09:33:57Z,2025-12-19T09:33:57Z,LIVE,5,75.00,15.00,GBP
8803899,1,2,312508,Axe Throwing 90 min,2025-12-26T20:30:00Z,2025-12-19T16:32:09Z,2025-12-19T16:32:09Z,LIVE,5,195.00,44.85,EUR
8803900,1,6,312509,Test Experience,2025-12-25T10:30:00Z,2025-12-19T16:39:36Z,2025-12-19T16:39:36Z,LIVE,3,3.00,0.60,GBP
8803901,1,2,312510,Axe Throwing 90 min,2025-12-20T20:00:00Z,2025-12-19T17:17:56Z,2025-12-19T17:17:56Z,LIVE,4,156.00,35.88,EUR
8803902,1,1,311308,The Vault (60 min),2025-12-21T17:15:00Z,2025-12-19T18:46:33Z,2025-12-19T18:46:33Z,LIVE,3,75.00,15.00,GBP
8803903,1,2,312355,Axe Throwing 90 min,2025-12-21T21:15:00Z,2025-12-19T19:49:07Z,2025-12-19T19:49:07Z,LIVE,8,312.00,71.76,EUR
8803904,1,4,310134,Kids Climb Session,2025-12-20T07:00:00Z,2025-12-19T20:12:38Z,2025-12-19T20:12:38Z,LIVE,4,96.00,9.60,AUD
8803905,1,2,312511,Axe Throwing 90 min,2026-01-11T20:15:00Z,2025-12-19T22:28:35Z,2025-12-19T22:28:35Z,LIVE,5,195.00,44.85,EUR
8803905,1,2,312511,Axe Throwing 90 min,2026-01-11T20:15:00Z,2025-12-19T22:28:35Z,2025-12-19T22:28:35Z,LIVE,5,195.00,44.85,EUR
8803906,1,4,312512,Intro to Bouldering,2025-12-20T05:00:00Z,2025-12-19T22:33:46Z,2025-12-19T22:33:46Z,LIVE,1,49.00,4.90,AUD
8803907,1,3,312513,Half-Day River Tour,2026-01-08T15:45:00Z,2025-12-19T23:14:57Z,2025-12-19T23:14:57Z,LIVE,5,395.00,32.59,USD
8803908,1,4,312514,Casual Climb,2025-12-20T06:15:00Z,2025-12-20T01:43:40Z,2025-12-20T01:43:40Z,LIVE,1,29.00,2.90,AUD
8803909,1,3,312515,Sunrise Paddle,2025-12-20T12:45:00Z,2025-12-20T02:09:45Z,2025-12-20T02:09:45Z,LIVE,5,225.00,18.56,USD
8803910,1,4,312516,Casual Climb,2026-01-13T00:15:00Z,2025-12-20T02:55:02Z,2025-12-20T02:55:02Z,LIVE,2,58.00,5.80,AUD
8803911,1,4,311739,Kids Climb Session,2025-12-20T05:45:00Z,2025-12-20T04:35:50Z,2025-12-20T04:35:50Z,LIVE,1,24.00,2.40,AUD
8803911,2,4,311739,Kids Climb Session,2025-12-20T05:45:00Z,2025-12-20T04:35:50Z,2025-12-20T04:36:18Z,LIVE,3,72.00,7.20,AUD
8803912,1,5,312517,Open Play,2025-12-20T18:00:00Z,2025-12-20T05:01:34Z,2025-12-20T05:01:34Z,LIVE,4,156.00,4.52,USD
8803913,1,1,312518,Asylum (60 min),2026-01-10T19:00:00Z,2025-12-20T15:59:36Z,2025-12-20T15:59:36Z,LIVE,5,140.00,28.00,GBP
8803914,1,1,310717,The Vault (60 min),2026-01-11T20:30:00Z,2025-12-20T16:35:50Z,2025-12-20T16:35:50Z,LIVE,5,125.00,25.00,GBP
8803915,1,5,312519,Open Play,2025-12-20T20:00:00Z,2025-12-20T19:14:07Z,2025-12-20T19:14:07Z,LIVE,9,351.00,10.18,USD
8803916,1,5,312520,Open Play,2026-01-01T18:45:00Z,2025-12-20T21:15:55Z,2025-12-20T21:15:55Z,LIVE,10,390.00,11.31,USD
8803917,1,5,311603,Private Group Game,2025-12-26T20:45:00Z,2025-12-20T22:11:09Z,2025-12-20T22:11:09Z,LIVE,8,440.00,12.76,USD
8803918,1,4,310287,Casual Climb,2025-12-21T06:15:00Z,2025-12-20T22:55:41Z,2025-12-20T22:55:41Z,LIVE,2,58.00,5.80,AUD
8803919,1,4,312113,Kids Climb Session,2025-12-25T06:15:00Z,2025-12-21T05:05:15Z,2025-12-21T05:05:15Z,LIVE,1,24.00,2.40,AUD
8803920,1,1,312521,Mini Mystery (30 min),2025-12-21T20:30:00Z,2025-12-21T08:20:46Z,2025-12-21T08:20:46Z,LIVE,2,30.00,6.00,GBP
8803920,2,1,312521,Mini Mystery (30 min),2025-12-21T20:30:00Z,2025-12-21T08:20:46Z,2025-12-21T11:30:40Z,LIVE,4,60.00,12.00,GBP
8803921,1,2,312522,Axe Throwing 90 min,2026-01-10T13:00:00Z,2025-12-21T13:58:36Z,2025-12-21T13:58:36Z,LIVE,7,273.00,62.79,EUR
8803922,1,1,312523,Mini Mystery (30 min),2025-12-28T20:30:00Z,2025-12-21T14:51:51Z,2025-12-21T14:51:51Z,LIVE,6,90.00,18.00,GBP
8803923,1,5,312215,Open Play,2025-12-21T17:15:00Z,2025-12-21T15:56:26Z,2025-12-21T15:56:26Z,LIVE,8,312.00,9.05,USD
8803923,1,5,312215,Open Play,2025-12-21T17:15:00Z,2025-12-21T15:56:26Z,2025-12-21T15:56:26Z,LIVE,8,312.00,9.05,USD
8803924,1,5,312323,Open Play,2025-12-21T18:30:00Z,2025-12-21T16:50:59Z,2025-12-21T16:50:59Z,LIVE,12,468.00,13.57,USD
8803925,1,4,310577,Intro to Bouldering,2025-12-22T06:30:00Z,2025-12-21T22:36:47Z,2025-12-21T22:36:47Z,LIVE,3,147.00,14.70,AUD
8803792,2,1,311308,Asylum (60 min),2026-01-03T15:30:00Z,2025-12-04T10:22:35Z,2025-12-21T22:51:47Z,CANCELLED,2,56.00,11.20,GBP
8803926,1,5,312524,Open Play,2025-12-23T21:30:00Z,2025-12-21T23:01:27Z,2025-12-21T23:01:27Z,LIVE,4,156.00,4.52,USD
8803927,1,4,312525,Casual Climb,2025-12-31T00:30:00Z,2025-12-22T00:22:05Z,2025-12-22T00:22:05Z,LIVE,3,87.00,8.70,AUD
8803928,1,4,312526,Kids Climb Session,2025-12-29T06:30:00Z,2025-12-22T04:05:47Z,2025-12-22T04:05:47Z,LIVE,4,96.00,9.60,AUD
8803929,1,4,312527,Kids Climb Session,2025-12-27T04:30:00Z,2025-12-22T06:08:47Z,2025-12-22T06:08:47Z,LIVE,3,72.00,7.20,AUD
8803930,1,2,312528,Axe Throwing 90 min,2026-01-02T20:00:00Z,2025-12-22T09:14:18Z,2025-12-22T09:14:18Z,LIVE,6,234.00,53.82,EUR
8803931,1,2,312529,Axe Throwing 90 min,2025-12-29T19:30:00Z,2025-12-22T16:39:53Z,2025-12-22T16:39:53Z,LIVE,6,234.00,53.82,EUR
8803932,1,1,312530,Mini Mystery (30 min),2025-12-26T17:30:00Z,2025-12-22T18:53:24Z,2025-12-22T18:53:24Z,LIVE,5,75.00,15.00,GBP
8803933,1,4,311639,Casual Climb,2025-12-28T00:30:00Z,2025-12-22T20:17:19Z,2025-12-22T20:17:19Z,LIVE,3,87.00,8.70,AUD
8803934,1,4,311748,Intro to Bouldering,2025-12-28T06:45:00Z,2025-12-22T23:13:40Z,2025-12-22T23:13:40Z,LIVE,4,196.00,19.60,AUD
8803935,1,4,312531,Kids Climb Session,2025-12-23T03:00:00Z,2025-12-23T02:19:53Z,2025-12-23T02:19:53Z,LIVE,2,48.00,4.80,AUD
8803936,1,1,311067,Mini Mystery (30 min),2025-12-23T19:00:00Z,2025-12-23T11:27:28Z,2025-12-23T11:27:28Z,LIVE,5,75.00,15.00,GBP
8803937,1,1,310594,Mini Mystery (30 min),2025-12-23T17:00:00Z,2025-12-23T15:33:09Z,2025-12-23T15:33:09Z,LIVE,4,60.00,12.00,GBP
8803938,1,5,310071,Private Group Game,2025-12-23T19:30:00Z,2025-12-23T18:05:36Z,2025-12-23T18:05:36Z,LIVE,5,275.00,7.98,USD
8803939,1,4,310273,Kids Climb Session,2025-12-28T07:30:00Z,2025-12-23T21:44:16Z,2025-12-23T21:44:16Z,LIVE,4,96.00,9.60,AUD
8803940,1,4,312532,Kids Climb Session,2025-12-29T00:30:00Z,2025-12-23T22:27:13Z,2025-12-23T22:27:13Z,LIVE,4,96.00,9.60,AUD
8803941,1,4,312051,Kids Climb Session,2025-12-26T04:15:00Z,2025-12-24T05:28:33Z,2025-12-24T05:28:33Z,LIVE,3,72.00,7.20,AUD
8803942,1,6,312533,Test Experience,2025-12-24T11:00:00Z,2025-12-24T08:04:32Z,2025-12-24T08:04:32Z,LIVE,4,4.00,0.80,GBP
8803943,1,1,312534,Asylum (60 min),2025-12-30T19:15:00Z,2025-12-24T09:50:04Z,2025-12-24T09:50:04Z,LIVE,5,140.00,28.00,GBP
8803944,1,4,312535,Casual Climb,2025-12-26T23:00:00Z,2025-12-24T11:09:31Z,2025-12-24T11:09:31Z,LIVE,4,116.00,11.60,AUD
8803945,1,6,310028,Test Experience,2025-12-29T15:30:00Z,2025-12-24T15:09:42Z,2025-12-24T15:09:42Z,LIVE,1,1.00,0.20,GBP
8803946,1,5,312536,Open Play,2025-12-28T16:30:00Z,2025-12-24T20:15:38Z,2025-12-24T20:15:38Z,LIVE,9,351.00,10.18,USD
8803947,1,4,312537,Casual Climb,2025-12-26T03:45:00Z,2025-12-24T21:30:34Z,2025-12-24T21:30:34Z,LIVE,4,116.00,11.60,AUD
8803948,1,4,312538,Kids Climb Session,2025-12-28T06:45:00Z,2025-12-24T22:13:51Z,2025-12-24T22:13:51Z,LIVE,4,96.00,9.60,AUD
8803949,1,2,312539,Axe Throwing 60 min,2025-12-26T21:45:00Z,2025-12-24T23:18:46Z,2025-12-24T23:18:46Z,LIVE,2,58.00,13.34,EUR
8803941,2,4,312051,Kids Climb Session,2025-12-26T04:15:00Z,2025-12-24T05:28:33Z,2025-12-25T01:55:36Z,LIVE,4,96.00,9.60,AUD
8803950,1,2,312540,Axe Throwing 60 min,2025-12-31T20:00:00Z,2025-12-25T07:07:21Z,2025-12-25T07:07:21Z,LIVE,3,87.00,20.01,EUR
8803951,1,2,312026,Axe Throwing 60 min,2026-01-15T19:30:00Z,2025-12-25T10:10:47Z,2025-12-25T10:10:47Z,LIVE,3,87.00,20.01,EUR
8803952,1,1,312541,Asylum (60 min),2026-01-10T19:30:00Z,2025-12-25T12:45:39Z,2025-12-25T12:45:39Z,LIVE,2,56.00,11.20,GBP
8803953,1,2,312542,Axe Throwing 60 min,2025-12-31T15:30:00Z,2025-12-25T14:24:22Z,2025-12-25T14:24:22Z,LIVE,3,87.00,20.01,EUR
8803954,1,3,312543,Kayak Rental 2 hr,2025-12-25T16:00:00Z,2025-12-25T15:44:35Z,2025-12-25T15:44:35Z,LIVE,4,140.00,11.55,USD
8803955,1,2,312544,Axe Throwing 90 min,2025-12-31T19:00:00Z,2025-12-25T19:23:03Z,2025-12-25T19:23:03Z,LIVE,5,195.00,44.85,EUR
8803956,1,1,311827,Mini Mystery (30 min),2025-12-26T20:45:00Z,2025-12-25T20:18:05Z,2025-12-25T20:18:05Z,LIVE,5,75.00,15.00,GBP
8803957,1,4,312545,Casual Climb,2025-12-27T07:00:00Z,2025-12-25T22:17:21Z,2025-12-25T22:17:21Z,LIVE,4,116.00,11.60,AUD
8803958,1,2,312546,Axe Throwing 90 min,2026-01-01T21:30:00Z,2025-12-25T22:41:24Z,2025-12-25T22:41:24Z,LIVE,7,273.00,62.79,EUR
8803948,2,4,312538,Kids Climb Session,2025-12-28T06:45:00Z,2025-12-24T22:13:51Z,2025-12-26T00:48:27Z,LIVE,6,144.00,14.40,AUD
8803959,1,4,312312,Casual Climb,2025-12-27T00:00:00Z,2025-12-26T10:08:55Z,2025-12-26T10:08:55Z,LIVE,3,87.00,8.70,AUD
8803949,2,2,312539,Axe Throwing 60 min,2025-12-26T21:45:00Z,2025-12-24T23:18:46Z,2025-12-26T11:45:20Z,CANCELLED,2,58.00,13.34,EUR
8803960,1,5,312547,Open Play,2025-12-26T18:15:00Z,2025-12-26T15:31:06Z,2025-12-26T15:31:06Z,LIVE,12,468.00,13.57,USD
8803961,1,5,310361,Private Group Game,2025-12-26T20:30:00Z,2025-12-26T15:49:01Z,2025-12-26T15:49:01Z,LIVE,12,660.00,19.14,USD
8803962,1,5,310856,Open Play,2025-12-27T21:00:00Z,2025-12-26T16:22:44Z,2025-12-26T16:22:44Z,LIVE,10,390.00,11.31,USD
8803963,1,1,310210,Asylum (60 min),2026-01-10T12:00:00Z,2025-12-26T22:09:39Z,2025-12-26T22:09:39Z,LIVE,5,140.00,28.00,GBP
8803964,1,4,312548,Casual Climb,2026-01-03T05:30:00Z,2025-12-26T22:17:30Z,2025-12-26T22:17:30Z,LIVE,4,116.00,11.60,AUD
8803965,1,5,310915,Open Play,2026-01-11T18:30:00Z,2025-12-26T23:30:44Z,2025-12-26T23:30:44Z,LIVE,12,468.00,13.57,USD
8803966,1,4,310524,Casual Climb,2025-12-29T22:30:00Z,2025-12-27T02:17:48Z,2025-12-27T02:17:48Z,LIVE,3,87.00,8.70,AUD
8803967,1,5,311545,Private Group Game,2025-12-27T17:15:00Z,2025-12-27T06:52:38Z,2025-12-27T06:52:38Z,LIVE,7,385.00,11.17,USD
8803968,1,4,312549,Casual Climb,2025-12-30T05:45:00Z,2025-12-27T11:31:22Z,2025-12-27T11:31:22Z,LIVE,4,116.00,11.60,AUD
8803969,1,1,310238,The Vault (60 min),2026-01-03T17:00:00Z,2025-12-27T12:36:01Z,2025-12-27T12:36:01Z,LIVE,6,150.00,30.00,GBP
8803970,1,6,312550,Test Experience,2026-01-08T10:45:00Z,2025-12-27T13:55:32Z,2025-12-27T13:55:32Z,LIVE,3,3.00,0.60,GBP
8803916,2,5,312520,Open Play,2026-01-01T18:45:00Z,2025-12-20T21:15:55Z,2025-12-27T16:22:33Z,CANCELLED,10,390.00,11.31,USD
8803971,1,5,310409,Private Group Game,2025-12-27T17:00:00Z,2025-12-27T16:30:37Z,2025-12-27T16:30:37Z,LIVE,7,385.00,11.17,USD
8803577,2,2,311938,Axe Throwing 60 min,2025-12-30T17:30:00Z,2025-11-09T14:38:40Z,2025-12-27T18:08:17Z,CANCELLED,5,145.00,33.35,EUR
8803972,1,3,312551,Sunrise Paddle,2025-12-28T14:30:00Z,2025-12-27T19:48:40Z,2025-12-27T19:48:40Z,LIVE,3,135.00,11.14,USD
8803973,1,3,311128,Half-Day River Tour,2025-12-30T15:45:00Z,2025-12-27T21:23:25Z,2025-12-27T21:23:25Z,LIVE,4,316.00,26.07,USD
8803974,1,2,312552,Axe Throwing 90 min,2025-12-30T19:45:00Z,2025-12-27T23:28:04Z,2025-12-27T23:28:04Z,LIVE,6,234.00,53.82,EUR
8803975,1,2,312553,Axe Throwing 60 min,2025-12-30T21:30:00Z,2025-12-27T23:59:02Z,2025-12-27T23:59:02Z,LIVE,5,145.00,33.35,EUR
8803976,1,5,312554,Open Play,2025-12-31T17:30:00Z,2025-12-28T00:25:02Z,2025-12-28T00:25:02Z,LIVE,10,390.00,11.31,USD
8803977,1,4,311133,Kids Climb Session,2025-12-28T06:30:00Z,2025-12-28T01:22:06Z,2025-12-28T01:22:06Z,LIVE,2,48.00,4.80,AUD
8803978,1,4,312555,Kids Climb Session,2026-01-10T06:30:00Z,2025-12-28T04:17:56Z,2025-12-28T04:17:56Z,LIVE,3,72.00,7.20,AUD
8803979,1,3,311395,Kayak Rental 2 hr,2025-12-28T17:00:00Z,2025-12-28T13:36:22Z,2025-12-28T13:36:22Z,LIVE,1,35.00,2.89,USD
8803980,1,5,312556,Private Group Game,2025-12-28T17:30:00Z,2025-12-28T16:00:42Z,2025-12-28T16:00:42Z,LIVE,5,275.00,7.98,USD
8803978,2,4,312555,Kids Climb Session,2026-01-10T06:30:00Z,2025-12-28T04:17:56Z,2025-12-28T16:12:00Z,LIVE,5,120.00,12.00,AUD
8803981,1,5,312557,Open Play,2026-01-03T19:30:00Z,2025-12-28T16:51:42Z,2025-12-28T16:51:42Z,LIVE,9,351.00,10.18,USD
8803982,1,5,312558,Private Group Game,2025-12-31T19:30:00Z,2025-12-28T16:53:05Z,2025-12-28T16:53:05Z,LIVE,11,605.00,17.55,USD
8803983,1,1,311177,The Vault (60 min),2025-12-29T20:00:00Z,2025-12-28T16:58:29Z,2025-12-28T16:58:29Z,LIVE,6,150.00,30.00,GBP
8803984,1,1,312559,The Vault (60 min),2026-01-07T14:30:00Z,2025-12-28T17:11:51Z,2025-12-28T17:11:51Z,LIVE,3,75.00,15.00,GBP
8803905,2,2,312511,Axe Throwing 90 min,2026-01-11T20:15:00Z,2025-12-19T22:28:35Z,2025-12-28T20:37:39Z,LIVE,6,234.00,53.82,EUR
8803985,1,1,312560,The Vault (60 min),2026-01-12T15:15:00Z,2025-12-29T07:56:47Z,2025-12-29T07:56:47Z,LIVE,2,50.00,10.00,GBP
8803986,1,4,310733,Intro to Bouldering,2025-12-30T07:30:00Z,2025-12-29T21:02:40Z,2025-12-29T21:02:40Z,LIVE,4,196.00,19.60,AUD
8803987,1,3,310549,Kayak Rental 2 hr,2026-01-05T21:00:00Z,2025-12-30T00:45:38Z,2025-12-30T00:45:38Z,LIVE,1,35.00,2.89,USD
8803988,1,5,310581,Open Play,2026-01-05T18:00:00Z,2025-12-30T04:28:10Z,2025-12-30T04:28:10Z,LIVE,4,156.00,4.52,USD
8803989,1,1,312561,Mini Mystery (30 min),2026-01-03T20:30:00Z,2025-12-30T09:10:22Z,2025-12-30T09:10:22Z,LIVE,3,45.00,9.00,GBP
8803722,2,1,310697,Asylum (60 min),2026-01-04T12:15:00Z,2025-11-26T13:56:26Z,2025-12-30T10:02:20Z,CANCELLED,5,140.00,28.00,GBP
8803990,1,1,312562,Asylum (60 min),2026-01-06T20:15:00Z,2025-12-30T10:10:38Z,2025-12-30T10:10:38Z,LIVE,5,140.00,28.00,GBP
8803991,1,3,310605,Sunrise Paddle,2025-12-30T16:45:00Z,2025-12-30T14:59:24Z,2025-12-30T14:59:24Z,LIVE,3,135.00,11.14,USD
8803991,2,3,310605,Sunrise Paddle,2025-12-30T16:45:00Z,2025-12-30T14:59:24Z,2025-12-30T15:40:08Z,LIVE,5,225.00,18.56,USD
8803992,1,2,312184,Axe Throwing 90 min,2025-12-30T20:30:00Z,2025-12-30T15:51:11Z,2025-12-30T15:51:11Z,LIVE,5,195.00,44.85,EUR
8803993,1,4,312563,Kids Climb Session,2026-01-14T23:30:00Z,2025-12-31T00:33:54Z,2025-12-31T00:33:54Z,LIVE,4,96.00,9.60,AUD
8803994,1,4,312564,Intro to Bouldering,2026-01-02T05:15:00Z,2025-12-31T00:46:47Z,2025-12-31T00:46:47Z,LIVE,3,147.00,14.70,AUD
8803995,1,2,312565,Axe Throwing 90 min,2025-12-31T18:15:00Z,2025-12-31T13:00:00Z,2025-12-31T13:00:00Z,LIVE,4,156.00,35.88,EUR
8803995,2,2,312565,Axe Throwing 90 min,2025-12-31T18:15:00Z,2025-12-31T13:00:00Z,2025-12-31T13:49:24Z,LIVE,5,195.00,44.85,EUR
8803996,1,1,312566,The Vault (60 min),2025-12-31T19:30:00Z,2025-12-31T15:27:44Z,2025-12-31T15:27:44Z,LIVE,6,150.00,30.00,GBP
8803997,1,5,311132,Open Play,2025-12-31T19:30:00Z,2025-12-31T15:56:58Z,2025-12-31T15:56:58Z,LIVE,4,156.00,4.52,USD
8803641,2,3,310752,Kayak Rental 2 hr,2026-01-11T12:00:00Z,2025-11-16T14:28:59Z,2025-12-31T16:27:16Z,CANCELLED,1,35.00,2.89,USD
8803998,1,5,311185,Open Play,2025-12-31T19:15:00Z,2025-12-31T17:07:50Z,2025-12-31T17:07:50Z,LIVE,11,429.00,12.44,USD
8803999,1,5,311744,Private Group Game,2026-01-03T22:00:00Z,2025-12-31T18:43:30Z,2025-12-31T18:43:30Z,LIVE,7,385.00,11.17,USD
8804000,1,2,312567,Axe Throwing 60 min,2026-01-07T21:00:00Z,2025-12-31T20:58:40Z,2025-12-31T20:58:40Z,LIVE,7,203.00,46.69,EUR
8804001,1,1,310578,The Vault (60 min),2026-01-04T19:15:00Z,2025-12-31T21:07:08Z,2025-12-31T21:07:08Z,LIVE,6,150.00,30.00,GBP
8803892,2,2,312505,Axe Throwing 90 min,2026-01-03T20:30:00Z,2025-12-18T19:48:20Z,2026-01-01T07:31:22Z,CANCELLED,7,273.00,62.79,EUR
8804002,1,4,312568,Kids Climb Session,2026-01-12T06:15:00Z,2026-01-01T07:46:32Z,2026-01-01T07:46:32Z,LIVE,3,72.00,7.20,AUD
8804003,1,1,312569,Asylum (60 min),2026-01-06T15:15:00Z,2026-01-01T13:20:53Z,2026-01-01T13:20:53Z,LIVE,5,140.00,28.00,GBP
8804004,1,5,312570,Open Play,2026-01-04T19:00:00Z,2026-01-01T14:35:18Z,2026-01-01T14:35:18Z,LIVE,9,351.00,10.18,USD
8804005,1,2,312571,Axe Throwing 90 min,2026-01-02T18:00:00Z,2026-01-01T16:04:34Z,2026-01-01T16:04:34Z,LIVE,7,273.00,62.79,EUR
8804006,1,5,310020,Private Group Game,2026-01-01T20:15:00Z,2026-01-01T19:33:34Z,2026-01-01T19:33:34Z,LIVE,10,550.00,15.95,USD
8804004,2,5,312570,Open Play,2026-01-04T19:00:00Z,2026-01-01T14:35:18Z,2026-01-01T20:40:15Z,LIVE,11,429.00,12.44,USD
8804007,1,2,312572,Axe Throwing 60 min,2026-01-04T21:30:00Z,2026-01-01T21:54:09Z,2026-01-01T21:54:09Z,LIVE,2,58.00,13.34,EUR
8804008,1,4,310849,Intro to Bouldering,2026-01-03T06:30:00Z,2026-01-01T23:47:26Z,2026-01-01T23:47:26Z,LIVE,3,147.00,14.70,AUD
8804009,1,5,312573,Open Play,2026-01-02T17:30:00Z,2026-01-02T06:50:19Z,2026-01-02T06:50:19Z,LIVE,12,468.00,13.57,USD
8804010,1,4,310442,Intro to Bouldering,2026-01-12T07:00:00Z,2026-01-02T08:14:36Z,2026-01-02T08:14:36Z,LIVE,1,49.00,4.90,AUD
8804008,2,4,310849,Intro to Bouldering,2026-01-03T06:30:00Z,2026-01-01T23:47:26Z,2026-01-02T11:41:09Z,LIVE,4,196.00,19.60,AUD
8804011,1,2,311934,Axe Throwing 90 min,2026-01-02T19:00:00Z,2026-01-02T12:56:54Z,2026-01-02T12:56:54Z,LIVE,5,195.00,44.85,EUR
8804012,1,3,312130,Half-Day River Tour,2026-01-02T16:00:00Z,2026-01-02T14:18:30Z,2026-01-02T14:18:30Z,LIVE,4,316.00,26.07,USD
8804013,1,3,312574,Sunrise Paddle,2026-01-03T15:30:00Z,2026-01-02T19:00:31Z,2026-01-02T19:00:31Z,LIVE,2,90.00,7.43,USD
8804014,1,4,310445,Intro to Bouldering,2026-01-02T22:30:00Z,2026-01-02T20:09:07Z,2026-01-02T20:09:07Z,LIVE,3,147.00,14.70,AUD
8804015,1,4,311694,Casual Climb,2026-01-11T07:30:00Z,2026-01-02T21:06:41Z,2026-01-02T21:06:41Z,LIVE,3,87.00,8.70,AUD
8804016,1,5,310186,Private Group Game,2026-01-09T20:45:00Z,2026-01-02T21:17:27Z,2026-01-02T21:17:27Z,LIVE,10,550.00,15.95,USD
8804017,1,3,312575,Half-Day River Tour,2026-01-06T15:00:00Z,2026-01-02T22:36:17Z,2026-01-02T22:36:17Z,LIVE,5,395.00,32.59,USD
8804018,1,5,311984,Private Group Game,2026-01-06T18:15:00Z,2026-01-02T22:39:56Z,2026-01-02T22:39:56Z,LIVE,4,220.00,6.38,USD
8804019,1,4,310306,Kids Climb Session,2026-01-03T06:45:00Z,2026-01-03T03:28:41Z,2026-01-03T03:28:41Z,LIVE,3,72.00,7.20,AUD
8804020,1,4,310046,Casual Climb,2026-01-04T06:45:00Z,2026-01-03T06:19:59Z,2026-01-03T06:19:59Z,LIVE,2,58.00,5.80,AUD
8804021,1,4,312576,Casual Climb,2026-01-07T08:45:00Z,2026-01-03T07:10:22Z,2026-01-03T07:10:22Z,LIVE,3,87.00,8.70,AUD
8804022,1,2,312577,Axe Throwing 90 min,2026-01-06T19:00:00Z,2026-01-03T08:51:21Z,2026-01-03T08:51:21Z,LIVE,7,273.00,62.79,EUR
8804023,1,2,312578,Axe Throwing 90 min,2026-01-03T19:30:00Z,2026-01-03T10:30:30Z,2026-01-03T10:30:30Z,LIVE,6,234.00,53.82,EUR
8804024,1,2,311386,Axe Throwing 60 min,2026-01-03T15:00:00Z,2026-01-03T12:09:12Z,2026-01-03T12:09:12Z,LIVE,8,232.00,53.36,EUR
8804025,1,2,312579,Axe Throwing 90 min,2026-01-03T20:45:00Z,2026-01-03T13:14:41Z,2026-01-03T13:14:41Z,LIVE,7,273.00,62.79,EUR
8804026,1,1,311417,Asylum (60 min),2026-01-08T17:15:00Z,2026-01-03T13:17:23Z,2026-01-03T13:17:23Z,LIVE,6,168.00,33.60,GBP
8804023,2,2,312578,Axe Throwing 90 min,2026-01-03T19:30:00Z,2026-01-03T10:30:30Z,2026-01-03T14:21:09Z,LIVE,8,312.00,71.76,EUR
8804024,2,2,311386,Axe Throwing 60 min,2026-01-03T15:00:00Z,2026-01-03T12:09:12Z,2026-01-03T14:23:38Z,CANCELLED,8,232.00,53.36,EUR
8804027,1,1,310296,Mini Mystery (30 min),2026-01-03T18:30:00Z,2026-01-03T16:51:25Z,2026-01-03T16:51:25Z,LIVE,5,75.00,15.00,GBP
8804021,2,4,312576,Casual Climb,2026-01-07T08:45:00Z,2026-01-03T07:10:22Z,2026-01-03T19:44:51Z,LIVE,5,145.00,14.50,AUD
8804028,1,5,311741,Private Group Game,2026-01-10T18:30:00Z,2026-01-03T19:58:13Z,2026-01-03T19:58:13Z,LIVE,10,550.00,15.95,USD
8804003,2,1,312569,Asylum (60 min),2026-01-06T15:15:00Z,2026-01-01T13:20:53Z,2026-01-03T21:31:22Z,LIVE,7,196.00,39.20,GBP
8804026,2,1,311417,Asylum (60 min),2026-01-08T17:15:00Z,2026-01-03T13:17:23Z,2026-01-04T16:27:03Z,LIVE,7,196.00,39.20,GBP
8804029,1,1,312580,The Vault (60 min),2026-01-04T20:30:00Z,2026-01-04T16:28:19Z,2026-01-04T16:28:19Z,LIVE,5,125.00,25.00,GBP
8804022,2,2,312577,Axe Throwing 90 min,2026-01-06T19:00:00Z,2026-01-03T08:51:21Z,2026-01-04T17:52:14Z,LIVE,9,351.00,80.73,EUR
8804030,1,1,312581,The Vault (60 min),2026-01-04T19:15:00Z,2026-01-04T18:27:27Z,2026-01-04T18:27:27Z,LIVE,5,125.00,25.00,GBP
8804031,1,4,312270,Casual Climb,2026-01-09T07:30:00Z,2026-01-04T21:43:57Z,2026-01-04T21:43:57Z,LIVE,1,29.00,2.90,AUD
8804032,1,1,312582,The Vault (60 min),2026-01-11T17:00:00Z,2026-01-05T09:38:22Z,2026-01-05T09:38:22Z,LIVE,6,150.00,30.00,GBP
8804033,1,5,312122,Private Group Game,2026-01-05T17:00:00Z,2026-01-05T14:18:34Z,2026-01-05T14:18:34Z,LIVE,6,330.00,9.57,USD
8804034,1,5,310458,Private Group Game,2026-01-08T17:00:00Z,2026-01-05T16:10:16Z,2026-01-05T16:10:16Z,LIVE,10,550.00,15.95,USD
8804035,1,2,312583,Axe Throwing 90 min,2026-01-10T21:45:00Z,2026-01-05T18:58:48Z,2026-01-05T18:58:48Z,LIVE,3,117.00,26.91,EUR
8804036,1,1,310077,Asylum (60 min),2026-01-11T12:45:00Z,2026-01-05T19:11:12Z,2026-01-05T19:11:12Z,LIVE,2,56.00,11.20,GBP
8804037,1,4,311095,Kids Climb Session,2026-01-07T08:15:00Z,2026-01-06T21:16:56Z,2026-01-06T21:16:56Z,LIVE,3,72.00,7.20,AUD
8804038,1,4,312285,Kids Climb Session,2026-01-07T05:15:00Z,2026-01-07T02:13:26Z,2026-01-07T02:13:26Z,LIVE,1,24.00,2.40,AUD
8804038,2,4,312285,Kids Climb Session,2026-01-07T05:15:00Z,2026-01-07T02:13:26Z,2026-01-07T04:45:01Z,CANCELLED,1,24.00,2.40,AUD
8804039,1,4,312532,Intro to Bouldering,2026-01-08T00:30:00Z,2026-01-07T06:18:32Z,2026-01-07T06:18:32Z,LIVE,2,98.00,9.80,AUD
8804040,1,1,312584,The Vault (60 min),2026-01-07T20:30:00Z,2026-01-07T09:02:58Z,2026-01-07T09:02:58Z,LIVE,4,100.00,20.00,GBP
8804035,2,2,312583,Axe Throwing 90 min,2026-01-10T21:45:00Z,2026-01-05T18:58:48Z,2026-01-07T10:39:37Z,LIVE,5,195.00,44.85,EUR
8804041,1,6,312585,Test Experience,2026-01-07T15:30:00Z,2026-01-07T12:25:05Z,2026-01-07T12:25:05Z,LIVE,2,2.00,0.40,GBP
8804016,2,5,310186,Private Group Game,2026-01-09T20:45:00Z,2026-01-02T21:17:27Z,2026-01-07T14:13:12Z,CANCELLED,10,550.00,15.95,USD
8804042,1,5,311828,Open Play,2026-01-07T16:45:00Z,2026-01-07T14:24:55Z,2026-01-07T14:24:55Z,LIVE,4,156.00,4.52,USD
8804043,1,1,312459,The Vault (60 min),2026-01-10T21:00:00Z,2026-01-07T21:39:32Z,2026-01-07T21:39:32Z,LIVE,2,50.00,10.00,GBP
8804044,1,1,312586,Asylum (60 min),2026-01-11T19:00:00Z,2026-01-08T11:18:58Z,2026-01-08T11:18:58Z,LIVE,4,112.00,22.40,GBP
8804045,1,5,312587,Open Play,2026-01-08T16:30:00Z,2026-01-08T14:22:42Z,2026-01-08T14:22:42Z,LIVE,6,234.00,6.79,USD
8804046,1,1,311604,Mini Mystery (30 min),2026-01-08T19:30:00Z,2026-01-08T15:52:49Z,2026-01-08T15:52:49Z,LIVE,5,75.00,15.00,GBP
8804031,2,4,312270,Casual Climb,2026-01-09T07:30:00Z,2026-01-04T21:43:57Z,2026-01-08T19:39:11Z,CANCELLED,1,29.00,2.90,AUD
8804047,1,1,312588,Mini Mystery (30 min),2026-01-14T19:45:00Z,2026-01-08T20:03:26Z,2026-01-08T20:03:26Z,LIVE,3,45.00,9.00,GBP
8804048,1,4,311299,Casual Climb,2026-01-09T06:15:00Z,2026-01-08T20:54:43Z,2026-01-08T20:54:43Z,LIVE,2,58.00,5.80,AUD
8804049,1,4,312589,Kids Climb Session,2026-01-09T04:15:00Z,2026-01-08T22:32:15Z,2026-01-08T22:32:15Z,LIVE,3,72.00,7.20,AUD
8804050,1,5,312590,Open Play,2026-01-11T19:45:00Z,2026-01-09T01:10:58Z,2026-01-09T01:10:58Z,LIVE,9,351.00,10.18,USD
8803827,2,5,312465,Open Play,2026-01-12T18:00:00Z,2025-12-08T06:59:23Z,2026-01-09T04:10:24Z,CANCELLED,10,390.00,11.31,USD
8804051,1,2,312591,Axe Throwing 90 min,2026-01-09T15:00:00Z,2026-01-09T07:41:41Z,2026-01-09T07:41:41Z,LIVE,4,156.00,35.88,EUR
8804052,1,1,311083,Mini Mystery (30 min),2026-01-09T19:00:00Z,2026-01-09T14:31:31Z,2026-01-09T14:31:31Z,LIVE,5,75.00,15.00,GBP
8804053,1,5,310247,Open Play,2026-01-13T20:15:00Z,2026-01-10T01:48:26Z,2026-01-10T01:48:26Z,LIVE,12,468.00,13.57,USD
8804054,1,4,310874,Casual Climb,2026-01-10T07:00:00Z,2026-01-10T05:02:27Z,2026-01-10T05:02:27Z,LIVE,4,116.00,11.60,AUD
8804055,1,1,310567,The Vault (60 min),2026-01-10T19:00:00Z,2026-01-10T09:15:19Z,2026-01-10T09:15:19Z,LIVE,4,100.00,20.00,GBP
8804056,1,2,312592,Axe Throwing 90 min,2026-01-10T20:15:00Z,2026-01-10T11:18:58Z,2026-01-10T11:18:58Z,LIVE,4,156.00,35.88,EUR
8804057,1,1,310598,Asylum (60 min),2026-01-11T20:00:00Z,2026-01-10T15:43:13Z,2026-01-10T15:43:13Z,LIVE,3,84.00,16.80,GBP
8804058,1,2,311410,Axe Throwing 90 min,2026-01-13T20:15:00Z,2026-01-10T17:41:55Z,2026-01-10T17:41:55Z,LIVE,8,312.00,71.76,EUR
8804059,1,2,312593,Axe Throwing 90 min,2026-01-11T21:30:00Z,2026-01-10T21:02:11Z,2026-01-10T21:02:11Z,LIVE,2,78.00,17.94,EUR
8803788,2,4,310816,Intro to Bouldering,2026-01-14T23:00:00Z,2025-12-04T04:48:51Z,2026-01-11T05:14:36Z,CANCELLED,3,147.00,14.70,AUD
8804060,1,5,310782,Private Group Game,2026-01-11T18:30:00Z,2026-01-11T15:41:11Z,2026-01-11T15:41:11Z,LIVE,8,440.00,12.76,USD
8804060,2,5,310782,Private Group Game,2026-01-11T18:30:00Z,2026-01-11T15:41:11Z,2026-01-11T16:46:27Z,LIVE,9,495.00,14.36,USD
8804061,1,2,310721,Axe Throwing 90 min,2026-01-11T20:45:00Z,2026-01-11T18:20:27Z,2026-01-11T18:20:27Z,LIVE,8,312.00,71.76,EUR
8804062,1,4,312594,Kids Climb Session,2026-01-12T05:30:00Z,2026-01-12T00:02:56Z,2026-01-12T00:02:56Z,LIVE,2,48.00,4.80,AUD
8804058,2,2,311410,Axe Throwing 90 min,2026-01-13T20:15:00Z,2026-01-10T17:41:55Z,2026-01-12T01:13:47Z,LIVE,9,351.00,80.73,EUR
8804063,1,2,312131,Axe Throwing 90 min,2026-01-12T21:15:00Z,2026-01-12T12:40:38Z,2026-01-12T12:40:38Z,LIVE,2,78.00,17.94,EUR
8804064,1,4,311975,Kids Climb Session,2026-01-13T08:00:00Z,2026-01-12T22:02:14Z,2026-01-12T22:02:14Z,LIVE,1,24.00,2.40,AUD
8804065,1,4,312283,Kids Climb Session,2026-01-14T08:45:00Z,2026-01-13T23:51:45Z,2026-01-13T23:51:45Z,LIVE,2,48.00,4.80,AUD
8804066,1,2,312595,Axe Throwing 90 min,2026-01-15T20:45:00Z,2026-01-14T14:32:35Z,2026-01-14T14:32:35Z,LIVE,2,78.00,17.94,EUR
8804067,1,5,310773,Private Group Game,2026-01-14T21:00:00Z,2026-01-14T15:46:53Z,2026-01-14T15:46:53Z,LIVE,4,220.00,6.38,USD
8804068,1,5,310480,Open Play,2026-01-14T16:00:00Z,2026-01-14T15:48:07Z,2026-01-14T15:48:07Z,LIVE,10,390.00,11.31,USD
8804069,1,4,311130,Casual Climb,2026-01-15T05:00:00Z,2026-01-14T23:43:25Z,2026-01-14T23:43:25Z,LIVE,3,87.00,8.70,AUD
8804070,1,1,312596,The Vault (60 min),2026-01-15T19:15:00Z,2026-01-15T10:06:49Z,2026-01-15T10:06:49Z,LIVE,3,75.00,15.00,GBP
