site_no,profile_no,mail,first,surname,joined_local
4,1,jack.wood885@icloud.com,Jack,Wood,2024-10-02 07:40:40
1,1,ava.murphy842@yahoo.com,Ava,Murphy,2024-10-04 14:53:20
1,2,amelia.moore861@gmail.com,Amelia,Moore,2024-10-04 20:14:33
4,2,ava.smith878@bigpond.com,Ava,Smith,2024-10-05 17:03:14
1,3,freya.patel927@yahoo.com,Freya,Patel,2024-10-14 14:49:50
4,3," Ava.cooper402@icloud.com",Ava,Cooper,2024-10-15 15:45:28
4,4,AVA.COOPER402@ICLOUD.COM,Ava,Cooper,2024-10-16 09:52:26
2,1,hannah.garcia597@outlook.com,Hannah,Garcia,2024-10-18 14:55:28
2,2,"hannah.evans99@gmail.com  ",Hannah,Evans,2024-10-22 16:27:57
2,3,lily.green397@outlook.com,Lily,Green,2024-10-24 19:29:38
2,4,grace.kelly714@yahoo.com,Grace,Kelly,2024-10-31 18:51:33
4,5,AVA.COOPER402@ICLOUD.COM,Ava,Cooper,2024-11-01 21:13:44
1,4,OSCAR.JOHNSON740@OUTLOOK.COM,Oscar,Johnson,2024-11-05 16:24:10
2,5,noemail@apexvenue.invalid,Sam,Thompson,2024-11-05 16:29:33
5,1,siobhan.obrien53@yahoo.com,Siobhan,O'Brien,2024-11-07 11:27:02
2,6,mateo.lewis412@gmail.com,Mateo,Lewis,2024-11-11 15:05:21
3,1,ETHAN.GARCIA50@HOTMAIL.CO.UK,Ethan,Garcia,2024-11-14 14:45:56
4,6,,Mia,Lewis,2024-11-16 11:18:41
2,7," Grace.jones426@yahoo.com",Grace,Jones,2024-11-18 14:28:35
4,7,MASON.HALL821@ICLOUD.COM,Mason,Hall,2024-11-19 19:12:43
1,5,jack.martin963@aol.com,Jack,Martin,2024-11-20 15:22:49
4,8,hannah.thomas79@bigpond.com,Hannah,Thomas,2024-11-21 09:26:24
5,2,arjun.robinson180@icloud.com,Arjun,Robinson,2024-11-21 23:28:33
3,2,KAI.JOHNSON834@BTINTERNET.COM,Kai,Johnson,2024-11-23 20:16:10
3,3," Mateo.lee198@outlook.com",Mateo,Lee,2024-11-23 21:29:25
3,4,mason.obrien474@btinternet.com,Mason,O'Brien,2024-11-23 23:46:39
1,6,"olivia.davies105@aol.com  ",Olivia,Davies,2024-11-24 08:41:12
3,5,"priya.hall206@eircom.net  ",Priya,Hall,2024-11-24 16:55:16
2,8,olivia.moore552@outlook.com,Olivia,Moore,2024-11-25 18:26:23
2,9,sofia.smith85@yahoo.com,Sofia,Smith,2024-11-26 07:10:50
1,7,zoe.martin326@icloud.com,Zoe,Martin,2024-11-26 13:55:25
1,8,ruby.taylor225@outlook.com,Ruby,Taylor,2024-11-26 15:14:07
2,10," Henry.martin324@outlook.com",Henry,Martin,2024-11-27 19:58:43
1,9,grace.cooper213@aol.com,Grace,Cooper,2024-11-28 23:45:35
3,6,hannah.davies153@hotmail.co.uk,Hannah,Davies,2024-11-29 16:45:45
3,7,siobhan.green795@gmail.com,Siobhan,Green,2024-11-29 22:39:10
2,11,mateo.williams993@aol.com,Mateo,Williams,2024-11-29 17:57:19
2,12,sofia.garcia805@aol.com,Sofia,Garcia,2024-12-01 13:16:35
1,10,sam.clark389@outlook.com,Sam,Clark,2024-12-01 19:30:14
4,9,chloe.thompson251@icloud.com,Chloe,Thompson,2024-12-03 15:36:09
3,8,"noah.wood875@gmail.com  ",Noah,Wood,2024-12-03 18:52:14
2,13,"henry.jones379@icloud.com  ",Henry,Jones,2024-12-04 16:30:28
4,10,sofia.hughes508@icloud.com,Sofia,Hughes,2024-12-05 10:44:19
4,11,"chloe.clark908@outlook.com  ",Chloe,Clark,2024-12-05 12:15:00
3,9,oscar.nguyen402@eircom.net,Oscar,Nguyen,2024-12-05 07:46:21
3,10,ella.jackson964@eircom.net,Ella,Jackson,2024-12-05 15:36:31
4,12,GRACE.GREEN855@GMAIL.COM,Grace,Green,2024-12-06 07:26:38
1,11,arjun.robinson180@icloud.com,Arjun,Robinson,2024-12-06 12:50:03
1,12,ethan.brown892@aol.com,Ethan,Brown,2024-12-06 17:09:11
1,13,siobhan.hall658@gmail.com,Siobhan,Hall,2024-12-06 20:54:40
4,13,noemail@apexvenue.invalid,Noah,Hughes,2024-12-07 15:20:27
3,11,isla.murphy862@outlook.com,Isla,Murphy,2024-12-07 07:51:25
1,14,KAI.JACKSON885@YAHOO.COM,Kai,Jackson,2024-12-07 13:57:35
4,14,"hannah.jones923@icloud.com  ",Hannah,Jones,2024-12-08 10:01:55
3,12,noah.jackson836@gmail.com,Noah,Jackson,2024-12-08 09:00:13
2,14,henry.jones379@icloud.com,Henry,Jones,2024-12-08 07:49:42
3,13,mateo.cooper137@hotmail.co.uk,Mateo,Cooper,2024-12-08 15:35:49
1,15,priya.garcia381@icloud.com,Priya,Garcia,2024-12-08 11:15:50
3,14,KAI.MARTIN319@BTINTERNET.COM,Kai,Martin,2024-12-08 16:38:45
1,16,emma.jones992@outlook.com,Emma,Jones,2024-12-08 12:41:40
3,15,chloe.murphy247@btinternet.com,Chloe,Murphy,2024-12-08 21:02:58
4,15,ava.hill871@icloud.com,Ava,Hill,2024-12-09 11:55:38
3,16,noemail@apexvenue.invalid,Oliver,Murphy,2024-12-09 07:32:25
1,17,,James,Martinez,2024-12-09 08:02:40
2,15,mateo.king649@aol.com,Mateo,King,2024-12-09 08:19:28
3,17,"mateo.patel128@eircom.net  ",Mateo,Patel,2024-12-10 08:00:07
4,16,isla.green249@icloud.com,Isla,Green,2024-12-10 19:45:17
5,3,OLIVER.MARTINEZ420@ICLOUD.COM,Oliver,Martinez,2024-12-10 13:16:03
1,18,elijah.hall402@outlook.com,Elijah,Hall,2024-12-10 14:24:35
3,18,chloe.taylor517@outlook.com,Chloe,Taylor,2024-12-11 07:13:50
3,19,ISLA.GARCIA130@HOTMAIL.CO.UK,Isla,Garcia,2024-12-11 08:41:59
1,19,ava.moore543@aol.com,Ava,Moore,2024-12-11 09:15:17
2,16,grace.jones426@yahoo.com,Grace,Jones,2024-12-11 13:08:50
3,20,mia.king369@outlook.com,Mia,King,2024-12-11 20:13:47
1,20,SAM.CLARK989@GMAIL.COM,Sam,Clark,2024-12-11 17:45:16
2,17,lily.green397@outlook.com,Lily,Green,2024-12-11 20:22:39
3,21,harry.hall490@btinternet.com,Harry,Hall,2024-12-12 08:01:32
2,18,siobhan.jackson112@icloud.com,Siobhan,Jackson,2024-12-12 12:01:56
4,17,ella.martin158@bigpond.com,Ella,Martin,2024-12-13 07:47:55
4,18,,Henry,Kelly,2024-12-13 19:02:13
3,22,jack.taylor305@gmail.com,Jack,Taylor,2024-12-13 16:41:47
1,21,ETHAN.BROWN165@AOL.COM,Ethan,Brown,2024-12-13 22:40:37
3,23,noemail@apexvenue.invalid,Jack,Cooper,2024-12-14 12:15:47
4,19,PRIYA.THOMAS618@OUTLOOK.COM,Priya,Thomas,2024-12-15 07:00:46
4,20,ZOE.CLARKE358@GMAIL.COM,Zoe,Clarke,2024-12-15 08:42:39
1,22,noemail@apexvenue.invalid,Mia,Brown,2024-12-14 18:02:29
1,23," Priya.martin23@outlook.com",Priya,Martin,2024-12-14 19:24:37
2,19,RUBY.GREEN823@OUTLOOK.COM,Ruby,Green,2024-12-14 18:58:39
2,20,LILY.EVANS521@AOL.COM,Lily,Evans,2024-12-14 23:12:08
3,24,leo.brown129@gmail.com,Leo,Brown,2024-12-15 15:05:54
1,24,daniel.obrien656@gmail.com,Daniel,O'Brien,2024-12-15 13:25:43
4,21,grace.thomas307@bigpond.com,Grace,Thomas,2024-12-16 08:07:37
4,22,ella.wright901@outlook.com,Ella,Wright,2024-12-16 16:42:37
5,4,"daniel.hall396@gmail.com  ",Daniel,Hall,2024-12-16 07:10:08
1,25,"aoife.lee619@aol.com  ",Aoife,Lee,2024-12-16 07:46:53
4,23,AVA.WILSON147@BIGPOND.COM,Ava,Wilson,2024-12-17 10:01:24
4,24,ella.harris989@outlook.com,Ella,Harris,2024-12-17 11:17:36
3,25,arjun.hughes886@outlook.com,Arjun,Hughes,2024-12-17 12:07:54
4,25,freya.jones165@outlook.com,Freya,Jones,2024-12-18 08:24:37
2,21,hannah.brown584@gmail.com,Hannah,Brown,2024-12-17 20:20:01
4,26,,Oscar,Cooper,2024-12-18 16:52:24
3,26,leo.walsh641@btinternet.com,Leo,Walsh,2024-12-18 08:49:08
4,27,leo.jones571@gmail.com,Leo,Jones,2024-12-18 21:22:08
4,28,isla.robinson334@gmail.com,Isla,Robinson,2024-12-18 22:14:10
3,27,GRACE.WHITE931@BTINTERNET.COM,Grace,White,2024-12-18 11:33:02
4,29,chloe.jackson899@bigpond.com,Chloe,Jackson,2024-12-18 23:37:14
5,5,siobhan.green723@gmail.com,Siobhan,Green,2024-12-18 08:15:56
1,26,grace.clark802@aol.com,Grace,Clark,2024-12-18 20:02:47
2,22,mateo.kelly570@aol.com,Mateo,Kelly,2024-12-18 23:17:08
3,28,charlotte.wood96@outlook.com,Charlotte,Wood,2024-12-19 07:14:22
3,29,mason.kelly882@hotmail.co.uk,Mason,Kelly,2024-12-19 07:33:33
4,30,henry.lewis372@gmail.com,Henry,Lewis,2024-12-19 19:00:05
4,31,,Noah,Wilson,2024-12-20 11:06:06
4,32,freya.hill321@bigpond.com,Freya,Hill,2024-12-20 13:43:10
2,23,liam.jackson475@yahoo.com,Liam,Jackson,2024-12-19 20:18:26
3,30,MASON.CLARK87@HOTMAIL.CO.UK,Mason,Clark,2024-12-20 07:42:37
4,33,,Mia,Wright,2024-12-20 21:27:14
2,24,"maya.harris463@aol.com  ",Maya,Harris,2024-12-20 10:38:26
4,34,ruby.walker343@gmail.com,Ruby,Walker,2024-12-21 07:44:44
4,35,sam.obrien547@bigpond.com,Sam,O'Brien,2024-12-21 12:00:36
2,25,lucas.thompson616@gmail.com,Lucas,Thompson,2024-12-20 18:26:37
4,36,mason.moore257@bigpond.com,Mason,Moore,2024-12-21 12:34:10
4,37,LIAM.WHITE82@BIGPOND.COM,Liam,White,2024-12-21 21:32:52
3,31,elijah.jackson898@gmail.com,Elijah,Jackson,2024-12-21 11:47:15
3,32,elijah.lewis653@eircom.net,Elijah,Lewis,2024-12-21 13:15:43
3,33,mia.garcia193@btinternet.com,Mia,Garcia,2024-12-21 13:38:19
1,27,freya.turner889@gmail.com,Freya,Turner,2024-12-21 08:42:14
1,28,ARJUN.DAVIES35@ICLOUD.COM,Arjun,Davies,2024-12-21 10:16:17
1,29,olivia.lewis398@aol.com,Olivia,Lewis,2024-12-21 10:35:33
2,26,CHARLOTTE.MARTIN324@YAHOO.COM,Charlotte,Martin,2024-12-21 10:55:11
1,30,noemail@apexvenue.invalid,Arjun,Smith,2024-12-21 13:40:41
2,27,grace.taylor780@aol.com,Grace,Taylor,2024-12-21 15:19:10
1,31,,Oliver,Hill,2024-12-21 19:53:16
4,38,conor.johnson948@gmail.com,Conor,Johnson,2024-12-22 15:50:59
3,34,ISLA.WRIGHT551@EIRCOM.NET,Isla,Wright,2024-12-22 08:55:16
1,32," Charlotte.martin601@aol.com",Charlotte,Martin,2024-12-22 08:22:32
2,28,ava.wright945@yahoo.com,Ava,Wright,2024-12-22 09:44:33
1,33,OLIVIA.THOMPSON904@YAHOO.COM,Olivia,Thompson,2024-12-22 14:51:06
2,29,charlotte.patel799@outlook.com,Charlotte,Patel,2024-12-22 13:43:04
4,39,,Elijah,Lee,2024-12-23 13:15:49
4,40,AMELIA.JOHNSON159@GMAIL.COM,Amelia,Johnson,2024-12-23 22:15:33
4,41,harry.jackson459@outlook.com,Harry,Jackson,2024-12-24 09:28:05
4,42,emma.green815@outlook.com,Emma,Green,2024-12-24 12:39:21
3,35,LUCAS.ROBINSON552@HOTMAIL.CO.UK,Lucas,Robinson,2024-12-24 11:31:25
3,36,priya.wilson530@hotmail.co.uk,Priya,Wilson,2024-12-24 12:42:43
3,37,EMMA.NGUYEN308@HOTMAIL.CO.UK,Emma,Nguyen,2024-12-24 14:10:28
3,38,maya.clark486@gmail.com,Maya,Clark,2024-12-24 15:06:09
1,34,isla.kelly262@aol.com,Isla,Kelly,2024-12-24 11:19:51
2,30,mason.white316@aol.com,Mason,White,2024-12-24 10:58:49
2,31,"conor.clarke764@gmail.com  ",Conor,Clarke,2024-12-24 12:07:20
1,35,LIAM.THOMAS312@YAHOO.COM,Liam,Thomas,2024-12-24 16:37:30
1,36,lily.walker399@gmail.com,Lily,Walker,2024-12-24 16:55:39
1,37,"isla.kelly262@aol.com  ",Isla,Kelly,2024-12-24 18:03:52
4,43,oliver.patel171@outlook.com,Oliver,Patel,2024-12-25 16:02:49
4,44,"siobhan.green687@outlook.com  ",Siobhan,Green,2024-12-25 16:32:43
4,45," Jack.nguyen202@outlook.com",Jack,Nguyen,2024-12-25 17:40:13
4,46,noah.white207@gmail.com,Noah,White,2024-12-25 17:49:38
3,39,"noah.robinson223@hotmail.co.uk  ",Noah,Robinson,2024-12-25 11:40:14
1,38,CONOR.CLARKE471@GMAIL.COM,Conor,Clarke,2024-12-25 15:28:45
1,39,grace.turner496@outlook.com,Grace,Turner,2024-12-25 16:52:38
1,40," Mateo.taylor677@aol.com",Mateo,Taylor,2024-12-25 17:48:13
3,40,"james.edwards337@outlook.com  ",James,Edwards,2024-12-26 15:00:58
1,41,JACK.HALL581@AOL.COM,Jack,Hall,2024-12-26 10:52:11
1,42,mia.garcia811@outlook.com,Mia,Garcia,2024-12-26 14:08:55
3,41,isla.clark353@btinternet.com,Isla,Clark,2024-12-26 20:59:12
4,47,ISLA.EVANS97@BIGPOND.COM,Isla,Evans,2024-12-27 14:38:34
1,43,HENRY.THOMAS27@AOL.COM,Henry,Thomas,2024-12-26 23:49:50
4,48,ava.robinson385@bigpond.com,Ava,Robinson,2024-12-27 18:14:00
4,49,mia.king64@bigpond.com,Mia,King,2024-12-27 18:18:20
4,50,noemail@apexvenue.invalid,Jack,Turner,2024-12-27 20:00:27
1,44,SAM.HARRIS103@GMAIL.COM,Sam,Harris,2024-12-27 09:10:36
2,32,daniel.davies246@yahoo.com,Daniel,Davies,2024-12-27 09:03:05
1,45,ethan.harris25@aol.com,Ethan,Harris,2024-12-27 11:29:48
1,46,ruby.garcia220@gmail.com,Ruby,Garcia,2024-12-27 11:32:19
1,47,daniel.hill742@icloud.com,Daniel,Hill,2024-12-27 20:33:33
2,33,ARJUN.HALL932@YAHOO.COM,Arjun,Hall,2024-12-27 21:15:13
3,42,james.turner520@outlook.com,James,Turner,2024-12-28 08:44:27
2,34,CONOR.MARTINEZ795@YAHOO.COM,Conor,Martinez,2024-12-28 23:05:06
4,51,,Elijah,Thompson,2024-12-29 19:23:48
3,43,,Henry,White,2024-12-29 09:54:45
4,52,mateo.johnson789@gmail.com,Mateo,Johnson,2024-12-29 21:06:46
3,44,freya.white679@outlook.com,Freya,White,2024-12-29 16:33:58
2,35,ethan.thompson953@aol.com,Ethan,Thompson,2024-12-29 11:20:41
1,48,,Oliver,White,2024-12-29 14:36:26
2,36,HANNAH.WILLIAMS572@YAHOO.COM,Hannah,Williams,2024-12-29 13:49:26
1,49,ethan.cooper874@outlook.com,Ethan,Cooper,2024-12-29 16:53:38
1,50,zoe.murphy615@gmail.com,Zoe,Murphy,2024-12-29 18:42:04
2,37,liam.robinson816@icloud.com,Liam,Robinson,2024-12-29 18:01:44
2,38,"lily.king346@aol.com  ",Lily,King,2024-12-30 07:58:00
5,6," Ruby.moore867@icloud.com",Ruby,Moore,2024-12-30 11:32:22
4,53,harry.garcia224@outlook.com,Harry,Garcia,2024-12-31 08:03:09
4,54,"arjun.murphy909@icloud.com  ",Arjun,Murphy,2024-12-31 09:28:26
2,39,"maya.smith506@yahoo.com  ",Maya,Smith,2024-12-30 16:08:56
4,55,"chloe.white565@gmail.com  ",Chloe,White,2024-12-31 10:17:57
4,56,mia.taylor525@outlook.com,Mia,Taylor,2024-12-31 13:01:16
2,40,ruby.martin293@aol.com,Ruby,Martin,2024-12-30 19:34:25
3,45,,Grace,Jackson,2024-12-31 09:58:17
2,41,"elijah.patel313@yahoo.com  ",Elijah,Patel,2024-12-31 07:46:52
3,46,ava.king229@eircom.net,Ava,King,2024-12-31 17:46:00
1,51,isla.thomas708@aol.com,Isla,Thomas,2024-12-31 16:48:59
1,52,james.garcia194@aol.com,James,Garcia,2024-12-31 18:32:43
2,42,isla.jackson859@yahoo.com,Isla,Jackson,2024-12-31 16:35:38
2,43,noah.garcia916@aol.com,Noah,Garcia,2024-12-31 17:45:43
1,53,HARRY.PATEL320@YAHOO.COM,Harry,Patel,2024-12-31 19:47:19
2,44,noemail@apexvenue.invalid,Emma,Kelly,2024-12-31 19:56:42
3,47,ella.clarke270@outlook.com,Ella,Clarke,2025-01-01 18:27:31
3,48,jack.taylor305@gmail.com,Jack,Taylor,2025-01-01 18:38:17
1,54,MIA.DAVIES653@OUTLOOK.COM,Mia,Davies,2025-01-01 13:46:33
3,49,noemail@apexvenue.invalid,Priya,Walsh,2025-01-01 23:25:07
1,55," Ruby.clarke61@yahoo.com",Ruby,Clarke,2025-01-01 19:44:00
1,56,ethan.moore252@outlook.com,Ethan,Moore,2025-01-01 22:19:43
3,50,HARRY.KING134@EIRCOM.NET,Harry,King,2025-01-02 10:45:18
1,57,maya.harris463@aol.com,Maya,Harris,2025-01-02 07:35:26
4,57," Ava.edwards172@gmail.com",Ava,Edwards,2025-01-03 10:23:28
2,45,hannah.martinez221@icloud.com,Hannah,Martinez,2025-01-02 21:23:16
4,58,ava.lewis550@gmail.com,Ava,Lewis,2025-01-03 15:36:00
4,59,kai.thomas698@icloud.com,Kai,Thomas,2025-01-03 15:40:29
5,7,DANIEL.PATEL33@YAHOO.COM,Daniel,Patel,2025-01-03 07:49:33
1,58,henry.thomas127@yahoo.com,Henry,Thomas,2025-01-03 14:34:09
4,60,FREYA.DAVIES833@BIGPOND.COM,Freya,Davies,2025-01-04 08:42:45
2,46,noemail@apexvenue.invalid,Olivia,Smith,2025-01-03 15:08:46
4,61,aoife.clarke569@outlook.com,Aoife,Clarke,2025-01-04 10:01:02
3,51,"chloe.martinez639@gmail.com  ",Chloe,Martinez,2025-01-03 23:06:19
3,52,MIA.JOHNSON94@OUTLOOK.COM,Mia,Johnson,2025-01-03 23:12:53
2,47,"conor.harris859@outlook.com  ",Conor,Harris,2025-01-03 21:05:39
2,48,RUBY.GREEN375@AOL.COM,Ruby,Green,2025-01-03 22:40:59
4,62,mateo.thompson768@gmail.com,Mateo,Thompson,2025-01-04 19:19:06
2,49,MASON.WILLIAMS196@AOL.COM,Mason,Williams,2025-01-04 10:55:46
2,50,aoife.jackson645@yahoo.com,Aoife,Jackson,2025-01-04 17:35:26
1,59,noemail@apexvenue.invalid,Sofia,Patel,2025-01-04 20:44:38
3,53,"ethan.nguyen653@btinternet.com  ",Ethan,Nguyen,2025-01-05 14:20:32
3,54,freya.patel833@eircom.net,Freya,Patel,2025-01-05 19:19:47
3,55,arjun.thomas74@hotmail.co.uk,Arjun,Thomas,2025-01-05 19:39:09
1,60,SIOBHAN.NGUYEN732@OUTLOOK.COM,Siobhan,Nguyen,2025-01-05 17:11:51
4,63,,Mason,Wright,2025-01-06 10:58:29
1,61,noemail@apexvenue.invalid,Charlotte,Taylor,2025-01-06 14:51:19
2,51,noemail@apexvenue.invalid,Freya,Williams,2025-01-06 18:37:16
3,56,AOIFE.HALL818@HOTMAIL.CO.UK,Aoife,Hall,2025-01-07 18:34:10
4,64,sophia.williams198@gmail.com,Sophia,Williams,2025-01-08 18:00:46
3,57,sofia.wilson198@gmail.com,Sofia,Wilson,2025-01-08 13:06:24
3,58,harry.jones818@btinternet.com,Harry,Jones,2025-01-08 17:58:49
1,62,ella.robinson961@outlook.com,Ella,Robinson,2025-01-08 13:56:48
1,63,sophia.hughes289@aol.com,Sophia,Hughes,2025-01-08 17:11:17
2,52,noemail@apexvenue.invalid,Sofia,Smith,2025-01-08 20:49:01
1,64,AOIFE.NGUYEN674@AOL.COM,Aoife,Nguyen,2025-01-08 22:53:40
2,53,AMELIA.PATEL719@OUTLOOK.COM,Amelia,Patel,2025-01-08 22:51:51
3,59,maya.robinson816@eircom.net,Maya,Robinson,2025-01-09 08:34:20
1,65,daniel.harris158@aol.com,Daniel,Harris,2025-01-09 09:24:37
1,66,amelia.clark371@gmail.com,Amelia,Clark,2025-01-09 11:13:29
1,67,olivia.lee508@gmail.com,Olivia,Lee,2025-01-09 11:27:07
2,54,emma.walker747@yahoo.com,Emma,Walker,2025-01-09 16:41:19
2,55,,Olivia,Nguyen,2025-01-09 16:53:05
2,56,chloe.nguyen533@outlook.com,Chloe,Nguyen,2025-01-10 07:32:49
3,60,"zoe.green756@gmail.com  ",Zoe,Green,2025-01-10 15:15:57
2,57,siobhan.jackson61@aol.com,Siobhan,Jackson,2025-01-10 18:40:02
1,68,SAM.GREEN551@OUTLOOK.COM,Sam,Green,2025-01-10 23:48:37
3,61,LEO.EDWARDS888@OUTLOOK.COM,Leo,Edwards,2025-01-11 13:49:52
2,58,liam.garcia878@icloud.com,Liam,Garcia,2025-01-11 08:36:50
1,69,jack.clarke426@gmail.com,Jack,Clarke,2025-01-11 14:20:27
1,70,ETHAN.JOHNSON892@OUTLOOK.COM,Ethan,Johnson,2025-01-11 14:37:26
4,65,oscar.kelly623@outlook.com,Oscar,Kelly,2025-01-12 10:55:37
1,71,,Oscar,Harris,2025-01-12 08:04:03
3,62,mateo.lee198@outlook.com,Mateo,Lee,2025-01-12 15:24:49
3,63,lucas.moore524@hotmail.co.uk,Lucas,Moore,2025-01-12 17:36:08
5,8,"conor.taylor368@icloud.com  ",Conor,Taylor,2025-01-12 14:53:45
3,64,lily.cooper8@gmail.com,Lily,Cooper,2025-01-12 21:44:51
4,66,ruby.harris568@icloud.com,Ruby,Harris,2025-01-13 10:09:14
2,59,mateo.williams993@aol.com,Mateo,Williams,2025-01-12 17:21:58
1,72,sofia.walker521@outlook.com,Sofia,Walker,2025-01-12 19:33:40
4,67,sam.brown870@bigpond.com,Sam,Brown,2025-01-13 12:59:25
4,68,HANNAH.EVANS313@BIGPOND.COM,Hannah,Evans,2025-01-13 15:30:30
4,69,ARJUN.WILSON722@OUTLOOK.COM,Arjun,Wilson,2025-01-13 20:34:10
1,73,ruby.wilson972@yahoo.com,Ruby,Wilson,2025-01-13 08:31:19
2,60,KAI.BROWN977@OUTLOOK.COM,Kai,Brown,2025-01-13 08:30:55
2,61,arjun.harris916@aol.com,Arjun,Harris,2025-01-13 09:09:45
1,74,mateo.lee184@gmail.com,Mateo,Lee,2025-01-13 11:24:02
1,75,freya.jackson187@icloud.com,Freya,Jackson,2025-01-13 13:34:03
2,62,noemail@apexvenue.invalid,Mateo,Cooper,2025-01-13 14:22:23
4,70,mia.clarke450@icloud.com,Mia,Clarke,2025-01-14 08:26:14
4,71,PRIYA.HALL288@BIGPOND.COM,Priya,Hall,2025-01-14 08:26:43
1,76,siobhan.jones337@outlook.com,Siobhan,Jones,2025-01-13 20:40:13
4,72,mason.patel572@gmail.com,Mason,Patel,2025-01-14 20:15:46
1,77,sam.walsh101@outlook.com,Sam,Walsh,2025-01-14 08:26:03
3,65,mia.lewis810@btinternet.com,Mia,Lewis,2025-01-14 15:03:38
3,66,lucas.martinez708@hotmail.co.uk,Lucas,Martinez,2025-01-14 16:26:53
1,78,noemail@apexvenue.invalid,Leo,Evans,2025-01-14 11:31:47
4,73,SOFIA.SMITH127@BIGPOND.COM,Sofia,Smith,2025-01-15 09:18:56
1,79,EMMA.MARTIN499@OUTLOOK.COM,Emma,Martin,2025-01-14 18:45:00
1,80,ruby.martinez425@yahoo.com,Ruby,Martinez,2025-01-14 23:05:57
3,67,mateo.walker278@hotmail.co.uk,Mateo,Walker,2025-01-15 07:29:30
4,74,conor.patel923@icloud.com,Conor,Patel,2025-01-15 19:05:21
2,63,noemail@apexvenue.invalid,Mateo,Green,2025-01-15 07:48:39
2,64," Isla.edwards963@outlook.com",Isla,Edwards,2025-01-15 09:34:17
1,81,zoe.wilson871@yahoo.com,Zoe,Wilson,2025-01-15 14:20:27
2,65,"chloe.clarke572@yahoo.com  ",Chloe,Clarke,2025-01-15 17:08:31
4,75,PRIYA.THOMPSON44@BIGPOND.COM,Priya,Thompson,2025-01-16 11:41:37
4,76,noah.hughes799@gmail.com,Noah,Hughes,2025-01-16 11:42:48
4,77,freya.turner465@gmail.com,Freya,Turner,2025-01-16 16:27:24
3,68,kai.obrien742@btinternet.com,Kai,O'Brien,2025-01-16 08:12:03
1,82,"henry.wright57@icloud.com  ",Henry,Wright,2025-01-16 09:23:02
2,66,james.williams146@outlook.com,James,Williams,2025-01-16 08:46:38
2,67,mia.thomas290@aol.com,Mia,Thomas,2025-01-16 08:56:31
3,69,leo.brown842@btinternet.com,Leo,Brown,2025-01-16 16:30:13
3,70,"mateo.wright426@hotmail.co.uk  ",Mateo,Wright,2025-01-16 18:24:31
1,83,james.nguyen824@icloud.com,James,Nguyen,2025-01-16 13:27:13
4,78,emma.harris736@outlook.com,Emma,Harris,2025-01-17 15:29:38
4,79,elijah.jones259@icloud.com,Elijah,Jones,2025-01-17 19:49:30
1,84,siobhan.clark479@gmail.com,Siobhan,Clark,2025-01-17 08:15:36
1,85,aoife.edwards826@yahoo.com,Aoife,Edwards,2025-01-17 11:16:31
4,80,olivia.clarke885@icloud.com,Olivia,Clarke,2025-01-18 07:43:55
4,81,chloe.martinez743@icloud.com,Chloe,Martinez,2025-01-18 08:17:56
1,86,"lily.turner74@outlook.com  ",Lily,Turner,2025-01-17 21:12:16
4,82,lily.thomas156@outlook.com,Lily,Thomas,2025-01-18 14:49:36
1,87,elijah.edwards748@aol.com,Elijah,Edwards,2025-01-17 23:10:26
4,83,"zoe.wood89@gmail.com  ",Zoe,Wood,2025-01-18 17:54:31
3,71,mason.patel25@outlook.com,Mason,Patel,2025-01-18 08:40:25
5,9," Leo.nguyen267@icloud.com",Leo,Nguyen,2025-01-18 08:51:02
3,72,,Oscar,Wood,2025-01-18 13:56:41
2,68,grace.green266@yahoo.com,Grace,Green,2025-01-18 10:18:47
3,73,,Ava,Smith,2025-01-18 17:32:25
3,74,zoe.hughes803@gmail.com,Zoe,Hughes,2025-01-18 18:38:57
1,88,mason.kelly914@yahoo.com,Mason,Kelly,2025-01-18 19:05:51
2,69,"elijah.lewis731@icloud.com  ",Elijah,Lewis,2025-01-18 19:30:02
1,89,"mason.hill178@gmail.com  ",Mason,Hill,2025-01-19 10:21:55
4,84,kai.smith167@icloud.com,Kai,Smith,2025-01-20 07:08:42
4,85,lucas.cooper108@gmail.com,Lucas,Cooper,2025-01-20 09:03:23
2,70,AMELIA.LEWIS933@AOL.COM,Amelia,Lewis,2025-01-19 15:21:07
4,86,mason.hughes348@icloud.com,Mason,Hughes,2025-01-20 09:47:28
1,90,noemail@apexvenue.invalid,Isla,Thompson,2025-01-19 17:50:26
2,71,isla.cooper496@icloud.com,Isla,Cooper,2025-01-19 19:22:18
4,87,"lucas.turner442@icloud.com  ",Lucas,Turner,2025-01-20 17:25:50
3,75,noemail@apexvenue.invalid,Jack,Smith,2025-01-20 09:33:40
4,88,GRACE.LEWIS581@BIGPOND.COM,Grace,Lewis,2025-01-20 22:02:33
1,91,chloe.wood805@aol.com,Chloe,Wood,2025-01-20 12:42:04
4,89,"ella.patel36@bigpond.com  ",Ella,Patel,2025-01-21 08:06:45
4,90,OLIVIA.KING505@OUTLOOK.COM,Olivia,King,2025-01-21 09:58:58
2,72,sofia.wilson285@yahoo.com,Sofia,Wilson,2025-01-20 18:46:08
2,73,LILY.GREEN397@OUTLOOK.COM,Lily,Green,2025-01-20 23:05:42
5,10,aoife.nguyen920@outlook.com,Aoife,Nguyen,2025-01-21 09:37:17
1,92,siobhan.nguyen936@gmail.com,Siobhan,Nguyen,2025-01-21 12:50:21
2,74,"arjun.evans67@yahoo.com  ",Arjun,Evans,2025-01-21 15:26:54
1,93,grace.walker245@icloud.com,Grace,Walker,2025-01-21 21:32:01
2,75,charlotte.wilson755@gmail.com,Charlotte,Wilson,2025-01-21 21:14:20
2,76,"freya.jackson58@outlook.com  ",Freya,Jackson,2025-01-21 22:32:42
3,76,charlotte.johnson511@btinternet.com,Charlotte,Johnson,2025-01-22 07:46:34
4,91,,Lucas,Garcia,2025-01-23 07:18:04
2,77,noah.wilson9@icloud.com,Noah,Wilson,2025-01-22 16:29:21
2,78,zoe.hughes51@outlook.com,Zoe,Hughes,2025-01-23 13:50:12
1,94,daniel.wood11@gmail.com,Daniel,Wood,2025-01-23 17:37:14
1,95,isla.lewis914@aol.com,Isla,Lewis,2025-01-23 23:41:54
1,96,ethan.martin974@aol.com,Ethan,Martin,2025-01-24 09:12:43
1,97,sam.williams869@yahoo.com,Sam,Williams,2025-01-24 15:08:48
4,92,henry.evans404@icloud.com,Henry,Evans,2025-01-25 07:28:06
4,93,conor.obrien604@bigpond.com,Conor,O'Brien,2025-01-25 08:35:01
4,94," Zoe.johnson303@icloud.com",Zoe,Johnson,2025-01-25 11:55:46
3,77,ava.nguyen626@gmail.com,Ava,Nguyen,2025-01-25 08:46:46
3,78,,Zoe,Green,2025-01-25 09:52:37
1,98,conor.edwards589@gmail.com,Conor,Edwards,2025-01-25 08:16:04
3,79,"aoife.harris649@gmail.com  ",Aoife,Harris,2025-01-25 13:53:51
1,99,DANIEL.WILLIAMS522@AOL.COM,Daniel,Williams,2025-01-25 10:40:48
3,80,sam.garcia789@hotmail.co.uk,Sam,Garcia,2025-01-25 18:13:36
1,100,lily.garcia495@yahoo.com,Lily,Garcia,2025-01-25 14:26:19
2,79,ruby.kelly994@aol.com,Ruby,Kelly,2025-01-25 16:12:34
1,101,grace.murphy261@outlook.com,Grace,Murphy,2025-01-25 19:26:34
2,80,james.clark546@gmail.com,James,Clark,2025-01-25 20:21:50
1,102,chloe.jones612@icloud.com,Chloe,Jones,2025-01-26 10:33:34
1,103,KAI.OBRIEN168@GMAIL.COM,Kai,O'Brien,2025-01-26 14:19:47
4,95,ella.lee480@outlook.com,Ella,Lee,2025-01-27 07:06:17
4,96,ella.kelly607@icloud.com,Ella,Kelly,2025-01-27 09:15:44
1,104,emma.obrien480@yahoo.com,Emma,O'Brien,2025-01-26 17:51:38
1,105,"emma.thompson28@yahoo.com  ",Emma,Thompson,2025-01-26 23:41:16
3,81,ELIJAH.CLARK925@EIRCOM.NET,Elijah,Clark,2025-01-27 09:10:39
2,81,noemail@apexvenue.invalid,Zoe,Green,2025-01-27 11:11:57
1,106,charlotte.cooper531@gmail.com,Charlotte,Cooper,2025-01-27 13:55:13
2,82,ELLA.JOHNSON413@ICLOUD.COM,Ella,Johnson,2025-01-27 15:11:48
1,107,sam.thompson318@aol.com,Sam,Thompson,2025-01-27 17:53:49
4,97," Elijah.cooper668@gmail.com",Elijah,Cooper,2025-01-28 09:59:21
4,98," Aoife.clarke569@outlook.com",Aoife,Clarke,2025-01-28 18:34:42
4,99,"ethan.hall796@bigpond.com  ",Ethan,Hall,2025-01-28 19:16:59
1,108,liam.white873@icloud.com,Liam,White,2025-01-28 07:52:33
3,82,chloe.jackson391@outlook.com,Chloe,Jackson,2025-01-28 22:56:26
4,100,sophia.king232@bigpond.com,Sophia,King,2025-01-29 13:03:06
2,83,JAMES.ROBINSON966@YAHOO.COM,James,Robinson,2025-01-28 19:51:17
4,101,"siobhan.murphy145@bigpond.com  ",Siobhan,Murphy,2025-01-29 15:05:55
4,102,emma.wilson521@bigpond.com,Emma,Wilson,2025-01-30 07:31:09
3,83,hannah.king615@btinternet.com,Hannah,King,2025-01-29 22:10:30
4,103,maya.hall777@bigpond.com,Maya,Hall,2025-01-30 23:03:10
1,109,OSCAR.HARRIS887@ICLOUD.COM,Oscar,Harris,2025-01-30 07:52:03
2,84,elijah.smith39@aol.com,Elijah,Smith,2025-01-30 08:44:43
1,110,"noah.johnson214@icloud.com  ",Noah,Johnson,2025-01-30 15:31:56
2,85,ETHAN.WRIGHT384@OUTLOOK.COM,Ethan,Wright,2025-01-30 15:49:03
2,86,"ruby.davies505@outlook.com  ",Ruby,Davies,2025-01-30 16:13:14
3,84,ethan.wright860@hotmail.co.uk,Ethan,Wright,2025-01-30 23:42:03
4,104,conor.brown37@bigpond.com,Conor,Brown,2025-01-31 13:34:26
1,111,harry.kelly454@icloud.com,Harry,Kelly,2025-01-30 23:23:07
1,112,noemail@apexvenue.invalid,Jack,Cooper,2025-01-31 08:51:48
1,113,"siobhan.clarke636@gmail.com  ",Siobhan,Clarke,2025-01-31 10:02:04
2,87,noemail@apexvenue.invalid,Mia,Wilson,2025-01-31 10:49:20
2,88,sophia.walker424@icloud.com,Sophia,Walker,2025-01-31 12:59:48
2,89,"mateo.hill586@gmail.com  ",Mateo,Hill,2025-01-31 14:25:21
1,114,"noah.nguyen671@outlook.com  ",Noah,Nguyen,2025-01-31 17:35:06
4,105,ella.walker493@bigpond.com,Ella,Walker,2025-02-01 10:13:14
4,106,HANNAH.TAYLOR91@BIGPOND.COM,Hannah,Taylor,2025-02-01 13:02:12
4,107,ELIJAH.WRIGHT723@OUTLOOK.COM,Elijah,Wright,2025-02-01 17:49:00
1,115,leo.walker539@yahoo.com,Leo,Walker,2025-02-01 08:48:43
3,85,lucas.hill753@outlook.com,Lucas,Hill,2025-02-01 14:49:45
1,116,olivia.walker942@icloud.com,Olivia,Walker,2025-02-01 10:37:58
1,117,siobhan.jackson229@yahoo.com,Siobhan,Jackson,2025-02-01 11:57:48
2,90,siobhan.moore589@icloud.com,Siobhan,Moore,2025-02-01 11:42:07
2,91,noemail@apexvenue.invalid,Emma,Johnson,2025-02-01 13:28:32
3,86," Emma.wright177@outlook.com",Emma,Wright,2025-02-01 23:30:24
1,118,KAI.MARTINEZ894@ICLOUD.COM,Kai,Martinez,2025-02-01 19:05:46
4,108,siobhan.johnson174@outlook.com,Siobhan,Johnson,2025-02-02 22:41:59
3,87,noemail@apexvenue.invalid,Elijah,Williams,2025-02-02 14:48:31
2,92,,Lily,Turner,2025-02-02 09:38:09
1,119,siobhan.green838@gmail.com,Siobhan,Green,2025-02-02 12:30:10
1,120,james.martinez162@aol.com,James,Martinez,2025-02-02 12:41:50
2,93,james.edwards749@aol.com,James,Edwards,2025-02-02 13:37:27
4,109,noemail@apexvenue.invalid,Maya,Thomas,2025-02-03 07:50:35
1,121,ava.clark169@yahoo.com,Ava,Clark,2025-02-02 20:12:31
2,94,sam.white589@yahoo.com,Sam,White,2025-02-02 18:40:24
1,122,MATEO.KING187@GMAIL.COM,Mateo,King,2025-02-03 10:22:01
4,110,priya.walsh929@icloud.com,Priya,Walsh,2025-02-04 12:15:53
1,123,harry.obrien523@yahoo.com,Harry,O'Brien,2025-02-04 07:40:28
1,124,elijah.turner573@outlook.com,Elijah,Turner,2025-02-04 08:48:16
2,95,charlotte.white16@yahoo.com,Charlotte,White,2025-02-04 10:59:08
5,11,noemail@apexvenue.invalid,Grace,Taylor,2025-02-04 13:38:52
4,111,emma.cooper528@bigpond.com,Emma,Cooper,2025-02-05 08:43:54
4,112,HENRY.EDWARDS997@OUTLOOK.COM,Henry,Edwards,2025-02-05 09:27:37
4,113,LILY.WALSH791@GMAIL.COM,Lily,Walsh,2025-02-05 10:27:26
4,114,elijah.lee260@outlook.com,Elijah,Lee,2025-02-05 11:10:37
4,115,LUCAS.MURPHY697@ICLOUD.COM,Lucas,Murphy,2025-02-05 11:19:48
1,125,aoife.davies785@gmail.com,Aoife,Davies,2025-02-04 20:07:21
2,96,"maya.williams374@yahoo.com  ",Maya,Williams,2025-02-05 09:27:12
4,116,oliver.kelly77@bigpond.com,Oliver,Kelly,2025-02-06 14:12:35
3,88,ETHAN.WALKER426@EIRCOM.NET,Ethan,Walker,2025-02-06 08:29:08
3,89,ava.thomas607@gmail.com,Ava,Thomas,2025-02-06 09:23:38
2,97,noemail@apexvenue.invalid,Mia,Jackson,2025-02-06 12:06:51
4,117,noemail@apexvenue.invalid,Daniel,Walsh,2025-02-07 09:03:59
3,90," Emma.moore860@gmail.com",Emma,Moore,2025-02-06 22:57:04
4,118,"siobhan.garcia209@icloud.com  ",Siobhan,Garcia,2025-02-07 12:10:45
4,119,LIAM.MARTINEZ747@ICLOUD.COM,Liam,Martinez,2025-02-07 16:34:58
4,120,noemail@apexvenue.invalid,Henry,Thompson,2025-02-07 22:15:36
2,98,harry.patel938@yahoo.com,Harry,Patel,2025-02-07 08:46:39
4,121,amelia.brown441@outlook.com,Amelia,Brown,2025-02-08 07:38:35
2,99,hannah.williams572@yahoo.com,Hannah,Williams,2025-02-07 13:54:47
4,122,elijah.wright645@bigpond.com,Elijah,Wright,2025-02-08 08:56:13
4,123," Arjun.smith786@bigpond.com",Arjun,Smith,2025-02-08 19:11:23
4,124,OSCAR.GREEN835@ICLOUD.COM,Oscar,Green,2025-02-08 20:48:18
1,126,ethan.walsh396@icloud.com,Ethan,Walsh,2025-02-08 09:37:21
1,127,"hannah.thompson873@aol.com  ",Hannah,Thompson,2025-02-08 15:47:43
1,128,"maya.smith227@gmail.com  ",Maya,Smith,2025-02-08 16:31:57
4,125,"sofia.hill618@bigpond.com  ",Sofia,Hill,2025-02-09 10:04:44
1,129,zoe.martin738@gmail.com,Zoe,Martin,2025-02-08 18:51:59
2,100,zoe.martinez589@outlook.com,Zoe,Martinez,2025-02-08 16:59:37
1,130,HARRY.JONES157@YAHOO.COM,Harry,Jones,2025-02-08 20:30:18
1,131,aoife.davies785@gmail.com,Aoife,Davies,2025-02-08 22:21:07
4,126,siobhan.cooper190@outlook.com,Siobhan,Cooper,2025-02-09 16:43:04
3,91,olivia.harris622@btinternet.com,Olivia,Harris,2025-02-09 07:23:24
1,132,OSCAR.CLARKE130@OUTLOOK.COM,Oscar,Clarke,2025-02-09 09:39:14
2,101,"conor.brown529@outlook.com  ",Conor,Brown,2025-02-09 10:28:50
2,102,"daniel.murphy176@gmail.com  ",Daniel,Murphy,2025-02-09 12:39:06
2,103,noemail@apexvenue.invalid,Siobhan,Robinson,2025-02-09 16:31:18
2,104,ella.cooper901@gmail.com,Ella,Cooper,2025-02-09 17:44:45
4,127,LUCAS.WILSON238@GMAIL.COM,Lucas,Wilson,2025-02-10 16:22:43
2,105,jack.garcia711@outlook.com,Jack,Garcia,2025-02-09 23:04:09
4,128,kai.davies957@outlook.com,Kai,Davies,2025-02-10 21:32:30
4,129,zoe.clarke707@bigpond.com,Zoe,Clarke,2025-02-10 23:34:08
5,12,lily.obrien449@aol.com,Lily,O'Brien,2025-02-10 08:19:36
2,106,ISLA.MURPHY325@YAHOO.COM,Isla,Murphy,2025-02-10 09:05:24
2,107,zoe.garcia518@icloud.com,Zoe,Garcia,2025-02-10 10:24:38
1,133,elijah.nguyen887@aol.com,Elijah,Nguyen,2025-02-10 14:43:42
4,130,,Arjun,King,2025-02-11 08:18:26
4,131,maya.wood206@outlook.com,Maya,Wood,2025-02-11 10:31:07
4,132,noah.williams872@gmail.com,Noah,Williams,2025-02-11 17:52:45
4,133,"maya.williams13@icloud.com  ",Maya,Williams,2025-02-11 19:04:02
1,134,CONOR.NGUYEN239@YAHOO.COM,Conor,Nguyen,2025-02-11 11:29:30
2,108,james.green746@gmail.com,James,Green,2025-02-11 13:55:56
3,92,grace.lewis728@btinternet.com,Grace,Lewis,2025-02-11 22:30:21
4,134,sophia.williams932@outlook.com,Sophia,Williams,2025-02-12 19:11:25
4,135,"ethan.evans624@bigpond.com  ",Ethan,Evans,2025-02-12 22:02:38
3,93," Grace.patel561@eircom.net",Grace,Patel,2025-02-12 15:40:09
3,94,grace.thompson328@btinternet.com,Grace,Thompson,2025-02-12 17:51:13
4,136,ISLA.LEE437@ICLOUD.COM,Isla,Lee,2025-02-13 07:15:14
2,109,OLIVER.HILL261@YAHOO.COM,Oliver,Hill,2025-02-12 14:13:23
3,95,priya.moore445@hotmail.co.uk,Priya,Moore,2025-02-12 21:13:44
2,110,mia.walsh54@icloud.com,Mia,Walsh,2025-02-12 14:55:37
4,137,emma.wood338@icloud.com,Emma,Wood,2025-02-13 09:04:00
4,138,ella.lewis196@icloud.com,Ella,Lewis,2025-02-13 09:10:56
1,135,"conor.walsh297@icloud.com  ",Conor,Walsh,2025-02-12 19:12:41
1,136,hannah.moore959@aol.com,Hannah,Moore,2025-02-12 23:26:02
3,96,olivia.clarke541@outlook.com,Olivia,Clarke,2025-02-13 20:34:59
1,137,zoe.brown986@yahoo.com,Zoe,Brown,2025-02-13 15:59:35
4,139,"isla.hughes99@gmail.com  ",Isla,Hughes,2025-02-14 09:47:02
4,140,noemail@apexvenue.invalid,Siobhan,Clark,2025-02-14 13:45:52
4,141,chloe.taylor369@icloud.com,Chloe,Taylor,2025-02-14 14:30:30
4,142,oscar.clarke567@outlook.com,Oscar,Clarke,2025-02-14 15:15:20
4,143,freya.cooper297@gmail.com,Freya,Cooper,2025-02-14 15:41:33
5,13,"aoife.davies544@icloud.com  ",Aoife,Davies,2025-02-14 07:49:10
4,144,noemail@apexvenue.invalid,Lucas,Williams,2025-02-15 07:09:11
4,145,priya.brown408@gmail.com,Priya,Brown,2025-02-15 08:23:40
4,146,"ava.white909@icloud.com  ",Ava,White,2025-02-15 14:29:31
1,138,,Liam,Thomas,2025-02-15 08:11:30
1,139,lucas.jackson474@outlook.com,Lucas,Jackson,2025-02-15 12:58:50
2,111," Isla.davies928@aol.com",Isla,Davies,2025-02-15 14:02:57
2,112,"lucas.garcia610@icloud.com  ",Lucas,Garcia,2025-02-15 14:05:35
4,147,SAM.LEE655@GMAIL.COM,Sam,Lee,2025-02-16 17:38:25
3,97,mason.clark87@hotmail.co.uk,Mason,Clark,2025-02-16 09:16:34
3,98," Lucas.robinson552@hotmail.co.uk",Lucas,Robinson,2025-02-16 11:57:38
1,140," Zoe.clarke890@gmail.com",Zoe,Clarke,2025-02-16 08:22:42
1,141,noemail@apexvenue.invalid,Chloe,Martinez,2025-02-16 17:56:10
3,99,lucas.wright445@btinternet.com,Lucas,Wright,2025-02-16 23:20:01
3,100,"sofia.wilson198@gmail.com  ",Sofia,Wilson,2025-02-17 07:01:44
3,101,mateo.martinez604@eircom.net,Mateo,Martinez,2025-02-17 09:57:44
3,102,LUCAS.BROWN954@HOTMAIL.CO.UK,Lucas,Brown,2025-02-17 12:08:23
4,148,OLIVIA.MARTIN944@BIGPOND.COM,Olivia,Martin,2025-02-18 07:04:17
3,103," Charlotte.white153@gmail.com",Charlotte,White,2025-02-17 22:33:34
5,14,,Siobhan,Garcia,2025-02-17 18:05:40
1,142,OLIVER.WILSON476@YAHOO.COM,Oliver,Wilson,2025-02-18 09:56:31
3,104,"conor.cooper150@btinternet.com  ",Conor,Cooper,2025-02-18 17:59:44
2,113,noah.clarke798@aol.com,Noah,Clarke,2025-02-18 12:35:35
2,114,ella.kelly369@aol.com,Ella,Kelly,2025-02-18 21:43:54
4,149,emma.white739@outlook.com,Emma,White,2025-02-20 10:31:59
2,115,noemail@apexvenue.invalid,Daniel,Patel,2025-02-19 18:21:23
1,143,MIA.CLARKE109@GMAIL.COM,Mia,Clarke,2025-02-20 17:54:34
3,105,ava.green4@eircom.net,Ava,Green,2025-02-21 10:08:34
3,106," Mason.thomas420@hotmail.co.uk",Mason,Thomas,2025-02-21 14:47:55
1,144,noemail@apexvenue.invalid,Siobhan,Jackson,2025-02-21 17:22:25
4,150,priya.brown675@bigpond.com,Priya,Brown,2025-02-22 09:25:13
3,107,OSCAR.WALSH538@GMAIL.COM,Oscar,Walsh,2025-02-21 23:27:23
3,108,"jack.martinez270@eircom.net  ",Jack,Martinez,2025-02-22 19:07:55
1,145,isla.jones222@gmail.com,Isla,Jones,2025-02-22 16:06:53
2,116,kai.lee868@gmail.com,Kai,Lee,2025-02-22 15:44:11
2,117,ella.murphy702@icloud.com,Ella,Murphy,2025-02-22 16:23:46
1,146,siobhan.brown604@gmail.com,Siobhan,Brown,2025-02-23 10:02:42
3,109,ella.turner399@hotmail.co.uk,Ella,Turner,2025-02-23 16:57:17
1,147,isla.thomas708@aol.com,Isla,Thomas,2025-02-24 07:38:49
2,118," Maya.green298@gmail.com",Maya,Green,2025-02-24 10:04:02
1,148,noemail@apexvenue.invalid,Jack,Brown,2025-02-24 15:51:40
4,151,chloe.taylor936@icloud.com,Chloe,Taylor,2025-02-25 19:33:26
3,110," Lucas.nguyen936@eircom.net",Lucas,Nguyen,2025-02-25 10:58:36
3,111,EMMA.MURPHY550@GMAIL.COM,Emma,Murphy,2025-02-25 14:15:51
4,152,maya.nguyen636@outlook.com,Maya,Nguyen,2025-02-26 08:10:58
3,112,HENRY.BROWN743@OUTLOOK.COM,Henry,Brown,2025-02-25 21:14:09
2,119,conor.jackson720@yahoo.com,Conor,Jackson,2025-02-25 14:57:35
1,149,"charlotte.jackson36@outlook.com  ",Charlotte,Jackson,2025-02-25 17:29:26
1,150,priya.wilson60@icloud.com,Priya,Wilson,2025-02-26 09:29:02
2,120,conor.kelly237@gmail.com,Conor,Kelly,2025-02-26 11:12:54
4,153,DANIEL.PATEL212@ICLOUD.COM,Daniel,Patel,2025-02-27 08:47:36
4,154,priya.wood621@gmail.com,Priya,Wood,2025-02-27 10:05:23
2,121,"jack.walker666@gmail.com  ",Jack,Walker,2025-02-26 22:39:42
3,113,MATEO.HALL675@BTINTERNET.COM,Mateo,Hall,2025-02-27 08:26:50
4,155,charlotte.wright506@bigpond.com,Charlotte,Wright,2025-02-27 20:32:52
1,151,oliver.martinez420@icloud.com,Oliver,Martinez,2025-02-27 08:51:25
1,152,amelia.lewis933@aol.com,Amelia,Lewis,2025-02-27 08:55:38
2,122,NOAH.EDWARDS779@ICLOUD.COM,Noah,Edwards,2025-02-27 13:59:32
1,153,AVA.HARRIS353@GMAIL.COM,Ava,Harris,2025-02-27 20:10:20
1,154," Ethan.green735@yahoo.com",Ethan,Green,2025-02-27 21:48:48
4,156,OLIVIA.COOPER972@GMAIL.COM,Olivia,Cooper,2025-02-28 17:56:11
4,157,ruby.clark598@icloud.com,Ruby,Clark,2025-02-28 19:12:27
3,114,SAM.WALSH945@BTINTERNET.COM,Sam,Walsh,2025-02-28 15:27:22
2,123,sam.lee595@yahoo.com,Sam,Lee,2025-02-28 13:45:23
1,155,"hannah.lewis821@outlook.com  ",Hannah,Lewis,2025-02-28 16:20:43
4,158," Aoife.wright561@bigpond.com",Aoife,Wright,2025-03-01 22:31:26
5,15,noemail@apexvenue.invalid,Henry,Smith,2025-03-01 07:27:36
3,115,AMELIA.HUGHES136@EIRCOM.NET,Amelia,Hughes,2025-03-01 23:22:55
3,116,CONOR.KING601@EIRCOM.NET,Conor,King,2025-03-02 09:21:27
1,156,OLIVER.WOOD722@YAHOO.COM,Oliver,Wood,2025-03-02 14:24:34
2,124,"ava.turner905@icloud.com  ",Ava,Turner,2025-03-02 20:20:48
4,159,ella.clark865@gmail.com,Ella,Clark,2025-03-03 18:24:17
4,160,olivia.walsh812@bigpond.com,Olivia,Walsh,2025-03-04 22:54:44
2,125,ELLA.OBRIEN346@OUTLOOK.COM,Ella,O'Brien,2025-03-04 07:45:30
3,117,sofia.walsh295@btinternet.com,Sofia,Walsh,2025-03-04 16:03:38
1,157," Noah.wood311@icloud.com",Noah,Wood,2025-03-04 14:21:47
3,118,OSCAR.COOPER206@BTINTERNET.COM,Oscar,Cooper,2025-03-04 20:52:14
4,161,ava.cooper402@icloud.com,Ava,Cooper,2025-03-05 10:37:41
1,158,daniel.garcia720@gmail.com,Daniel,Garcia,2025-03-04 23:35:02
2,126,"ava.clarke651@yahoo.com  ",Ava,Clarke,2025-03-04 22:51:22
3,119,ethan.green614@btinternet.com,Ethan,Green,2025-03-05 11:47:10
2,127,noemail@apexvenue.invalid,Isla,Thompson,2025-03-05 07:27:33
2,128,HENRY.PATEL258@OUTLOOK.COM,Henry,Patel,2025-03-05 10:34:36
3,120,AMELIA.WILSON5@BTINTERNET.COM,Amelia,Wilson,2025-03-05 17:54:12
2,129,noemail@apexvenue.invalid,Conor,Hall,2025-03-05 11:44:52
2,130,HENRY.MARTINEZ885@YAHOO.COM,Henry,Martinez,2025-03-05 16:33:21
3,121,mason.garcia719@eircom.net,Mason,Garcia,2025-03-06 07:34:19
3,122,noah.walker590@eircom.net,Noah,Walker,2025-03-06 12:47:40
3,123,kai.kelly814@gmail.com,Kai,Kelly,2025-03-06 18:09:22
1,159,noemail@apexvenue.invalid,Noah,Clarke,2025-03-06 13:11:37
3,124,"emma.moore624@gmail.com  ",Emma,Moore,2025-03-06 22:49:37
4,162,kai.green496@outlook.com,Kai,Green,2025-03-07 14:13:48
2,131,priya.martinez46@outlook.com,Priya,Martinez,2025-03-06 23:49:20
1,160,noemail@apexvenue.invalid,Grace,Martinez,2025-03-07 08:17:32
2,132," Charlotte.hall557@yahoo.com",Charlotte,Hall,2025-03-07 08:16:46
3,125,HENRY.HUGHES200@BTINTERNET.COM,Henry,Hughes,2025-03-07 15:53:16
3,126,noemail@apexvenue.invalid,Noah,Jackson,2025-03-07 16:33:46
2,133,siobhan.johnson936@yahoo.com,Siobhan,Johnson,2025-03-07 09:56:51
4,163,AOIFE.COOPER236@OUTLOOK.COM,Aoife,Cooper,2025-03-08 08:44:16
4,164,liam.martin299@gmail.com,Liam,Martin,2025-03-08 10:09:11
4,165,arjun.jackson971@outlook.com,Arjun,Jackson,2025-03-08 22:47:16
3,127,"arjun.hill273@eircom.net  ",Arjun,Hill,2025-03-08 15:49:22
1,161,zoe.moore561@icloud.com,Zoe,Moore,2025-03-08 11:36:23
2,134,mia.hall796@aol.com,Mia,Hall,2025-03-08 12:00:43
2,135,,Mia,Garcia,2025-03-08 14:23:13
4,166,CONOR.THOMAS672@ICLOUD.COM,Conor,Thomas,2025-03-09 09:05:48
5,16,james.green512@icloud.com,James,Green,2025-03-08 17:11:48
2,136,conor.king6@icloud.com,Conor,King,2025-03-09 07:06:38
1,162,ruby.walker278@icloud.com,Ruby,Walker,2025-03-09 10:49:59
2,137,zoe.davies754@gmail.com,Zoe,Davies,2025-03-09 09:51:18
1,163,sofia.clark220@gmail.com,Sofia,Clark,2025-03-09 14:50:29
4,167,"elijah.lewis570@icloud.com  ",Elijah,Lewis,2025-03-10 08:19:09
1,164,noemail@apexvenue.invalid,Elijah,Evans,2025-03-10 08:04:05
3,128," Ethan.wood135@outlook.com",Ethan,Wood,2025-03-10 13:58:51
3,129,HANNAH.KING63@HOTMAIL.CO.UK,Hannah,King,2025-03-10 15:43:56
3,130,"ruby.taylor94@gmail.com  ",Ruby,Taylor,2025-03-10 16:33:28
5,17,noemail@apexvenue.invalid,Chloe,White,2025-03-10 17:07:33
1,165,MIA.WHITE356@ICLOUD.COM,Mia,White,2025-03-10 17:59:20
1,166,kai.davies830@icloud.com,Kai,Davies,2025-03-10 21:49:03
1,167,henry.clarke427@icloud.com,Henry,Clarke,2025-03-11 08:52:11
1,168,ETHAN.TAYLOR854@OUTLOOK.COM,Ethan,Taylor,2025-03-11 13:09:28
2,138,zoe.edwards430@aol.com,Zoe,Edwards,2025-03-11 19:09:54
2,139,noemail@apexvenue.invalid,Siobhan,Nguyen,2025-03-11 22:01:20
1,169,leo.walsh961@gmail.com,Leo,Walsh,2025-03-12 07:16:24
2,140,"siobhan.wilson720@icloud.com  ",Siobhan,Wilson,2025-03-12 08:55:19
1,170,ethan.lewis336@icloud.com,Ethan,Lewis,2025-03-12 15:07:37
1,171,noemail@apexvenue.invalid,Siobhan,Turner,2025-03-12 18:04:19
2,141,noemail@apexvenue.invalid,Elijah,Wright,2025-03-12 20:00:49
4,168," Mateo.evans257@gmail.com",Mateo,Evans,2025-03-13 16:49:47
3,131,,Kai,Edwards,2025-03-13 13:19:21
3,132,"freya.johnson981@eircom.net  ",Freya,Johnson,2025-03-13 20:10:51
3,133,noemail@apexvenue.invalid,Sam,Lewis,2025-03-13 20:49:24
4,169,ruby.brown871@outlook.com,Ruby,Brown,2025-03-14 08:41:47
1,172,ella.cooper953@gmail.com,Ella,Cooper,2025-03-13 18:07:45
1,173,ethan.harris100@aol.com,Ethan,Harris,2025-03-13 18:55:30
2,142,lucas.patel862@yahoo.com,Lucas,Patel,2025-03-13 16:09:35
4,170,"olivia.obrien92@icloud.com  ",Olivia,O'Brien,2025-03-14 12:06:11
1,174,harry.jones800@outlook.com,Harry,Jones,2025-03-14 12:22:29
2,143,leo.davies669@aol.com,Leo,Davies,2025-03-14 12:32:18
1,175,sofia.davies583@aol.com,Sofia,Davies,2025-03-14 16:35:13
2,144,SOFIA.THOMPSON894@AOL.COM,Sofia,Thompson,2025-03-14 16:09:45
4,171,GRACE.HUGHES728@OUTLOOK.COM,Grace,Hughes,2025-03-15 10:42:09
2,145,daniel.cooper849@outlook.com,Daniel,Cooper,2025-03-14 17:46:08
1,176,amelia.jones639@aol.com,Amelia,Jones,2025-03-14 21:23:45
4,172," Charlotte.cooper528@bigpond.com",Charlotte,Cooper,2025-03-15 12:58:04
4,173,oliver.wood886@icloud.com,Oliver,Wood,2025-03-15 17:55:36
3,134,AMELIA.WILLIAMS312@EIRCOM.NET,Amelia,Williams,2025-03-15 12:26:37
1,177,noemail@apexvenue.invalid,Lily,Evans,2025-03-15 09:50:26
3,135,conor.walker847@outlook.com,Conor,Walker,2025-03-15 14:37:22
2,146,"daniel.patel434@icloud.com  ",Daniel,Patel,2025-03-15 13:13:47
2,147,ISLA.WOOD972@OUTLOOK.COM,Isla,Wood,2025-03-15 13:45:07
1,178,amelia.white165@aol.com,Amelia,White,2025-03-15 18:03:30
4,174,liam.martinez952@gmail.com,Liam,Martinez,2025-03-16 19:31:15
3,136,oscar.brown263@outlook.com,Oscar,Brown,2025-03-16 11:22:28
1,179,noah.hill734@gmail.com,Noah,Hill,2025-03-16 08:48:45
1,180,GRACE.MARTIN680@OUTLOOK.COM,Grace,Martin,2025-03-16 09:35:07
1,181,oscar.clark697@outlook.com,Oscar,Clark,2025-03-16 23:56:28
4,175,noemail@apexvenue.invalid,Amelia,Nguyen,2025-03-17 18:49:35
3,137,,Hannah,Clarke,2025-03-17 09:00:50
4,176,noemail@apexvenue.invalid,Ava,Smith,2025-03-17 20:38:54
3,138,grace.williams185@gmail.com,Grace,Williams,2025-03-17 15:16:33
2,148,noemail@apexvenue.invalid,Ella,Hall,2025-03-17 08:30:43
2,149,elijah.king638@outlook.com,Elijah,King,2025-03-17 10:33:46
1,182,MASON.WHITE913@YAHOO.COM,Mason,White,2025-03-18 15:29:40
1,183,sofia.johnson771@yahoo.com,Sofia,Johnson,2025-03-18 17:09:33
1,184,liam.turner896@gmail.com,Liam,Turner,2025-03-18 21:05:12
3,139,RUBY.WILLIAMS764@EIRCOM.NET,Ruby,Williams,2025-03-19 09:39:51
3,140,grace.hall266@eircom.net,Grace,Hall,2025-03-19 13:03:17
1,185,SOPHIA.MARTINEZ529@AOL.COM,Sophia,Martinez,2025-03-19 11:01:20
3,141,liam.edwards210@outlook.com,Liam,Edwards,2025-03-19 15:22:42
1,186," Freya.clark778@yahoo.com",Freya,Clark,2025-03-19 12:16:06
3,142,mason.davies645@outlook.com,Mason,Davies,2025-03-19 16:31:27
2,150,SOFIA.WILLIAMS377@YAHOO.COM,Sofia,Williams,2025-03-19 09:35:52
3,143,SOFIA.GARCIA393@BTINTERNET.COM,Sofia,Garcia,2025-03-19 17:24:28
2,151,ruby.cooper696@icloud.com,Ruby,Cooper,2025-03-19 13:34:57
3,144,noemail@apexvenue.invalid,Mason,Nguyen,2025-03-19 22:24:07
2,152,noemail@apexvenue.invalid,Emma,Green,2025-03-19 17:38:23
3,145,ethan.harris609@hotmail.co.uk,Ethan,Harris,2025-03-20 14:21:55
3,146,noemail@apexvenue.invalid,Ella,Wilson,2025-03-20 17:02:55
3,147,ava.martinez814@hotmail.co.uk,Ava,Martinez,2025-03-20 18:54:15
2,153,ETHAN.WALKER494@GMAIL.COM,Ethan,Walker,2025-03-20 13:33:54
3,148,HENRY.GREEN252@HOTMAIL.CO.UK,Henry,Green,2025-03-20 20:44:14
4,177,sofia.turner607@icloud.com,Sofia,Turner,2025-03-21 17:30:40
2,154,"daniel.green579@gmail.com  ",Daniel,Green,2025-03-21 09:21:09
2,155,charlotte.davies87@icloud.com,Charlotte,Davies,2025-03-21 18:06:24
4,178,ELIJAH.HILL756@GMAIL.COM,Elijah,Hill,2025-03-22 12:30:40
4,179," Charlotte.thomas2@outlook.com",Charlotte,Thomas,2025-03-22 16:04:22
4,180,lucas.nguyen504@icloud.com,Lucas,Nguyen,2025-03-22 17:25:13
3,149,emma.king730@hotmail.co.uk,Emma,King,2025-03-22 08:06:01
3,150,mason.thompson744@btinternet.com,Mason,Thompson,2025-03-22 08:11:08
4,181,OSCAR.WHITE679@OUTLOOK.COM,Oscar,White,2025-03-22 23:59:37
3,151,arjun.lee219@hotmail.co.uk,Arjun,Lee,2025-03-22 21:44:23
2,156,LEO.OBRIEN661@YAHOO.COM,Leo,O'Brien,2025-03-22 17:34:26
2,157,AVA.MARTIN832@ICLOUD.COM,Ava,Martin,2025-03-22 18:03:30
4,182,"amelia.johnson106@icloud.com  ",Amelia,Johnson,2025-03-23 22:56:32
1,187,"ella.clark299@icloud.com  ",Ella,Clark,2025-03-23 16:56:00
2,158,aoife.martinez821@aol.com,Aoife,Martinez,2025-03-23 16:33:42
2,159,lily.clark826@gmail.com,Lily,Clark,2025-03-23 19:40:45
3,152,CONOR.HILL74@HOTMAIL.CO.UK,Conor,Hill,2025-03-24 08:30:34
2,160,,Harry,Edwards,2025-03-24 07:27:48
1,188," Ella.nguyen917@icloud.com",Ella,Nguyen,2025-03-24 16:38:01
2,161,AOIFE.WHITE445@ICLOUD.COM,Aoife,White,2025-03-24 22:15:12
2,162," Lucas.clark382@icloud.com",Lucas,Clark,2025-03-25 08:10:19
2,163,siobhan.kelly791@outlook.com,Siobhan,Kelly,2025-03-25 19:47:48
4,183,siobhan.white282@bigpond.com,Siobhan,White,2025-03-26 14:00:50
2,164,CONOR.KING792@AOL.COM,Conor,King,2025-03-25 21:41:22
1,189,ava.wright945@yahoo.com,Ava,Wright,2025-03-26 10:01:16
1,190,noemail@apexvenue.invalid,Zoe,Nguyen,2025-03-26 10:23:20
2,165,hannah.martin871@icloud.com,Hannah,Martin,2025-03-26 09:45:39
3,153,noemail@apexvenue.invalid,Mason,Hill,2025-03-27 17:28:11
1,191,sophia.clarke200@yahoo.com,Sophia,Clarke,2025-03-27 13:34:01
3,154,HANNAH.GREEN393@BTINTERNET.COM,Hannah,Green,2025-03-27 21:27:23
1,192,leo.king436@yahoo.com,Leo,King,2025-03-27 23:19:33
4,184,jack.turner608@icloud.com,Jack,Turner,2025-03-28 14:40:42
3,155,OLIVIA.JONES582@EIRCOM.NET,Olivia,Jones,2025-03-28 08:49:46
4,185,LEO.HALL864@BIGPOND.COM,Leo,Hall,2025-03-29 07:47:59
4,186,MIA.WRIGHT122@OUTLOOK.COM,Mia,Wright,2025-03-29 09:31:23
1,193,grace.lee607@icloud.com,Grace,Lee,2025-03-28 18:36:16
2,166,"ruby.evans266@gmail.com  ",Ruby,Evans,2025-03-28 16:08:09
3,156,OSCAR.NGUYEN357@BTINTERNET.COM,Oscar,Nguyen,2025-03-28 23:27:09
1,194," Kai.evans959@gmail.com",Kai,Evans,2025-03-28 22:22:40
4,187,SOFIA.KING141@ICLOUD.COM,Sofia,King,2025-03-29 16:28:09
3,157,grace.walker32@gmail.com,Grace,Walker,2025-03-29 11:50:07
3,158,,Kai,Evans,2025-03-29 13:32:22
2,167,noemail@apexvenue.invalid,Maya,Murphy,2025-03-29 08:48:42
1,195,RUBY.WRIGHT810@OUTLOOK.COM,Ruby,Wright,2025-03-29 14:07:08
3,159,LUCAS.MARTIN869@GMAIL.COM,Lucas,Martin,2025-03-29 19:02:24
1,196,NOAH.KING839@ICLOUD.COM,Noah,King,2025-03-29 17:58:04
1,197,daniel.walker995@icloud.com,Daniel,Walker,2025-03-29 18:53:14
1,198,"ava.cooper174@gmail.com  ",Ava,Cooper,2025-03-29 20:40:32
4,188,ethan.moore504@gmail.com,Ethan,Moore,2025-03-30 16:10:34
3,160,CHLOE.WILSON161@BTINTERNET.COM,Chloe,Wilson,2025-03-30 09:35:44
3,161,SOFIA.TAYLOR812@HOTMAIL.CO.UK,Sofia,Taylor,2025-03-30 20:54:44
1,199,sophia.martinez542@outlook.com,Sophia,Martinez,2025-03-30 16:47:40
5,18,isla.turner550@aol.com,Isla,Turner,2025-03-30 19:29:51
1,200,conor.obrien845@gmail.com,Conor,O'Brien,2025-03-30 21:34:03
2,168,aoife.patel375@aol.com,Aoife,Patel,2025-03-30 22:31:27
4,189,HARRY.OBRIEN694@GMAIL.COM,Harry,O'Brien,2025-03-31 22:50:01
1,201,AMELIA.MARTIN670@AOL.COM,Amelia,Martin,2025-03-31 11:57:03
3,162,elijah.hall836@outlook.com,Elijah,Hall,2025-04-01 08:01:30
2,169,noemail@apexvenue.invalid,Liam,Wright,2025-04-01 09:53:09
5,19,arjun.wright170@icloud.com,Arjun,Wright,2025-04-02 08:45:00
3,163,james.turner490@hotmail.co.uk,James,Turner,2025-04-02 21:06:15
3,164,noemail@apexvenue.invalid,Amelia,Robinson,2025-04-02 22:05:44
4,190,henry.wright335@outlook.com,Henry,Wright,2025-04-03 18:54:20
4,191,noah.turner12@icloud.com,Noah,Turner,2025-04-03 22:30:18
2,170,sam.wilson542@aol.com,Sam,Wilson,2025-04-03 12:12:17
1,202,siobhan.king941@aol.com,Siobhan,King,2025-04-04 10:31:07
3,165,chloe.green373@eircom.net,Chloe,Green,2025-04-04 18:23:51
5,20,"aoife.williams88@gmail.com  ",Aoife,Williams,2025-04-04 17:59:52
1,203,zoe.clark260@yahoo.com,Zoe,Clark,2025-04-04 21:10:03
4,192,noah.hill380@gmail.com,Noah,Hill,2025-04-05 12:58:21
3,166,CONOR.EVANS88@HOTMAIL.CO.UK,Conor,Evans,2025-04-05 10:04:28
3,167,noemail@apexvenue.invalid,Ruby,Taylor,2025-04-05 10:12:30
3,168,james.green381@gmail.com,James,Green,2025-04-05 14:13:54
1,204,"emma.nguyen387@gmail.com  ",Emma,Nguyen,2025-04-05 10:20:15
2,171," Isla.obrien703@yahoo.com",Isla,O'Brien,2025-04-05 09:41:42
1,205,NOAH.MURPHY707@GMAIL.COM,Noah,Murphy,2025-04-05 14:16:40
3,169,ISLA.KING439@GMAIL.COM,Isla,King,2025-04-05 20:22:40
1,206,noemail@apexvenue.invalid,Ava,Walsh,2025-04-05 17:56:59
4,193,JACK.HARRIS32@OUTLOOK.COM,Jack,Harris,2025-04-06 10:25:33
1,207,,Charlotte,Martin,2025-04-05 20:59:23
3,170,zoe.evans137@hotmail.co.uk,Zoe,Evans,2025-04-06 08:11:14
3,171,conor.nguyen442@btinternet.com,Conor,Nguyen,2025-04-06 09:46:10
3,172,sam.patel357@hotmail.co.uk,Sam,Patel,2025-04-06 11:42:41
3,173,chloe.cooper886@btinternet.com,Chloe,Cooper,2025-04-06 14:54:39
2,172,liam.martinez527@gmail.com,Liam,Martinez,2025-04-06 07:04:09
2,173,ava.martinez279@aol.com,Ava,Martinez,2025-04-06 09:49:10
1,208,ISLA.TURNER550@AOL.COM,Isla,Turner,2025-04-06 14:12:18
3,174,JACK.EDWARDS18@EIRCOM.NET,Jack,Edwards,2025-04-06 22:11:37
3,175,emma.hill311@btinternet.com,Emma,Hill,2025-04-06 23:52:45
1,209,aoife.davies102@outlook.com,Aoife,Davies,2025-04-06 22:15:11
1,210,FREYA.JONES860@OUTLOOK.COM,Freya,Jones,2025-04-06 23:41:50
3,176,noemail@apexvenue.invalid,Liam,Garcia,2025-04-07 10:49:16
3,177,RUBY.KING753@BTINTERNET.COM,Ruby,King,2025-04-07 14:37:41
2,174,MATEO.NGUYEN603@YAHOO.COM,Mateo,Nguyen,2025-04-07 07:05:28
2,175,PRIYA.MARTINEZ46@OUTLOOK.COM,Priya,Martinez,2025-04-07 07:26:34
2,176,"charlotte.clark632@icloud.com  ",Charlotte,Clark,2025-04-07 08:06:15
1,211,noah.brown354@aol.com,Noah,Brown,2025-04-07 12:52:48
2,177,hannah.walsh315@gmail.com,Hannah,Walsh,2025-04-07 10:48:47
1,212,sofia.wood56@yahoo.com,Sofia,Wood,2025-04-07 15:14:52
2,178,noah.white426@yahoo.com,Noah,White,2025-04-07 16:48:06
2,179,ruby.hill318@outlook.com,Ruby,Hill,2025-04-07 22:37:44
3,178,,Lily,Taylor,2025-04-08 09:11:07
1,213,emma.harris182@outlook.com,Emma,Harris,2025-04-08 13:55:36
1,214,lily.edwards902@yahoo.com,Lily,Edwards,2025-04-08 17:03:18
2,180,aoife.walsh668@aol.com,Aoife,Walsh,2025-04-08 14:54:43
4,194,SOFIA.HUGHES756@GMAIL.COM,Sofia,Hughes,2025-04-09 11:09:46
1,215," Priya.thomas251@aol.com",Priya,Thomas,2025-04-08 21:11:53
4,195,MAYA.HALL326@BIGPOND.COM,Maya,Hall,2025-04-09 12:31:24
2,181,ethan.turner166@icloud.com,Ethan,Turner,2025-04-08 20:10:12
1,216,grace.moore827@gmail.com,Grace,Moore,2025-04-09 08:33:53
1,217,maya.walsh288@icloud.com,Maya,Walsh,2025-04-09 09:25:26
2,182,CONOR.KELLY641@AOL.COM,Conor,Kelly,2025-04-09 07:14:00
2,183,grace.clark472@yahoo.com,Grace,Clark,2025-04-09 09:22:32
2,184,charlotte.robinson562@icloud.com,Charlotte,Robinson,2025-04-09 09:31:18
1,218,GRACE.KING181@ICLOUD.COM,Grace,King,2025-04-09 12:41:29
1,219,james.smith834@gmail.com,James,Smith,2025-04-09 14:22:36
2,185,FREYA.HILL329@OUTLOOK.COM,Freya,Hill,2025-04-09 13:39:53
1,220,isla.jones681@gmail.com,Isla,Jones,2025-04-09 20:10:19
1,221,RUBY.CLARKE61@YAHOO.COM,Ruby,Clarke,2025-04-09 20:52:03
3,179,noemail@apexvenue.invalid,Grace,Turner,2025-04-10 07:24:02
1,222,conor.martinez929@gmail.com,Conor,Martinez,2025-04-10 17:56:18
4,196,"freya.wright864@bigpond.com  ",Freya,Wright,2025-04-11 15:06:15
2,186,grace.obrien618@aol.com,Grace,O'Brien,2025-04-10 23:17:24
4,197,MIA.WALSH74@GMAIL.COM,Mia,Walsh,2025-04-11 22:55:35
1,223,oscar.cooper816@outlook.com,Oscar,Cooper,2025-04-11 12:43:12
4,198,"zoe.clarke95@gmail.com  ",Zoe,Clarke,2025-04-12 15:58:29
1,224,chloe.hughes924@aol.com,Chloe,Hughes,2025-04-12 08:41:48
4,199,zoe.garcia531@bigpond.com,Zoe,Garcia,2025-04-12 22:47:37
1,225,freya.hall784@aol.com,Freya,Hall,2025-04-12 08:51:16
4,200,"mateo.white217@bigpond.com  ",Mateo,White,2025-04-12 23:07:14
3,180,ella.harris372@eircom.net,Ella,Harris,2025-04-12 16:54:50
2,187,SOPHIA.HUGHES462@YAHOO.COM,Sophia,Hughes,2025-04-12 10:01:20
4,201,siobhan.thomas212@bigpond.com,Siobhan,Thomas,2025-04-13 10:25:32
4,202,noemail@apexvenue.invalid,Maya,Jackson,2025-04-13 16:52:52
4,203,"zoe.moore915@icloud.com  ",Zoe,Moore,2025-04-13 19:26:10
1,226,"kai.moore902@yahoo.com  ",Kai,Moore,2025-04-13 09:26:46
1,227,mia.king717@gmail.com,Mia,King,2025-04-13 09:44:45
3,181,arjun.thomas89@btinternet.com,Arjun,Thomas,2025-04-13 14:59:22
2,188,lucas.walsh727@aol.com,Lucas,Walsh,2025-04-13 09:37:21
4,204,noemail@apexvenue.invalid,Noah,Hill,2025-04-14 09:37:59
1,228,"henry.king197@gmail.com  ",Henry,King,2025-04-13 22:42:43
3,182,noemail@apexvenue.invalid,Zoe,Edwards,2025-04-14 07:43:46
4,205,PRIYA.DAVIES162@OUTLOOK.COM,Priya,Davies,2025-04-14 22:36:40
1,229,oscar.martinez329@outlook.com,Oscar,Martinez,2025-04-14 08:42:16
3,183,leo.thompson773@btinternet.com,Leo,Thompson,2025-04-14 19:49:27
2,189,"isla.turner294@outlook.com  ",Isla,Turner,2025-04-14 16:02:09
3,184,chloe.hill193@gmail.com,Chloe,Hill,2025-04-15 08:43:38
1,230," Hannah.kelly962@icloud.com",Hannah,Kelly,2025-04-15 08:31:16
2,190,ethan.kelly512@aol.com,Ethan,Kelly,2025-04-15 07:20:48
2,191,HENRY.WILSON742@YAHOO.COM,Henry,Wilson,2025-04-15 12:10:41
1,231,ethan.walsh396@icloud.com,Ethan,Walsh,2025-04-15 17:06:07
2,192,ethan.moore252@outlook.com,Ethan,Moore,2025-04-15 15:54:12
1,232,henry.nguyen473@outlook.com,Henry,Nguyen,2025-04-15 19:41:43
1,233,arjun.thompson473@aol.com,Arjun,Thompson,2025-04-15 23:03:52
3,185,lucas.kelly364@btinternet.com,Lucas,Kelly,2025-04-16 08:56:06
1,234,aoife.murphy925@outlook.com,Aoife,Murphy,2025-04-16 15:24:59
1,235,"ella.wright855@gmail.com  ",Ella,Wright,2025-04-16 15:48:00
1,236,freya.kelly88@gmail.com,Freya,Kelly,2025-04-16 23:47:53
4,206,noah.moore523@gmail.com,Noah,Moore,2025-04-17 21:39:10
1,237,SOFIA.EVANS708@YAHOO.COM,Sofia,Evans,2025-04-17 13:19:14
3,186,sofia.green736@outlook.com,Sofia,Green,2025-04-17 19:14:11
2,193,HANNAH.DAVIES919@YAHOO.COM,Hannah,Davies,2025-04-18 10:40:32
4,207," Elijah.patel837@outlook.com",Elijah,Patel,2025-04-19 09:07:57
4,208,hannah.jackson888@gmail.com,Hannah,Jackson,2025-04-19 11:50:19
2,194,,Lily,Moore,2025-04-18 20:26:36
2,195,ARJUN.WALSH335@OUTLOOK.COM,Arjun,Walsh,2025-04-18 22:45:40
5,21,leo.kelly442@aol.com,Leo,Kelly,2025-04-19 08:07:01
3,187,ISLA.THOMPSON945@EIRCOM.NET,Isla,Thompson,2025-04-19 15:18:32
3,188,noemail@apexvenue.invalid,Harry,Kelly,2025-04-19 18:04:27
4,209,SAM.WILSON335@OUTLOOK.COM,Sam,Wilson,2025-04-20 11:46:28
3,189,liam.jackson268@btinternet.com,Liam,Jackson,2025-04-20 09:32:13
3,190,MAYA.ROBINSON421@EIRCOM.NET,Maya,Robinson,2025-04-20 17:12:19
1,238," Liam.white873@icloud.com",Liam,White,2025-04-20 13:48:41
3,191,liam.nguyen327@btinternet.com,Liam,Nguyen,2025-04-20 22:23:50
2,196,SIOBHAN.PATEL87@YAHOO.COM,Siobhan,Patel,2025-04-20 15:55:14
3,192,daniel.hall327@btinternet.com,Daniel,Hall,2025-04-21 10:46:55
4,210,KAI.THOMAS536@GMAIL.COM,Kai,Thomas,2025-04-21 22:56:42
3,193," Isla.nguyen81@hotmail.co.uk",Isla,Nguyen,2025-04-21 15:07:51
2,197,FREYA.HILL703@OUTLOOK.COM,Freya,Hill,2025-04-21 09:24:20
1,239,ethan.thomas51@aol.com,Ethan,Thomas,2025-04-21 15:07:25
1,240,daniel.wood159@aol.com,Daniel,Wood,2025-04-21 17:44:17
1,241,CHLOE.WHITE401@OUTLOOK.COM,Chloe,White,2025-04-21 20:22:00
1,242,KAI.MARTINEZ830@ICLOUD.COM,Kai,Martinez,2025-04-21 22:57:06
2,198,noah.johnson621@outlook.com,Noah,Johnson,2025-04-21 23:31:29
3,194,harry.patel648@hotmail.co.uk,Harry,Patel,2025-04-22 11:29:21
1,243,CHLOE.HALL528@OUTLOOK.COM,Chloe,Hall,2025-04-22 12:15:50
1,244,emma.wilson932@icloud.com,Emma,Wilson,2025-04-22 22:02:11
2,199,daniel.taylor490@aol.com,Daniel,Taylor,2025-04-23 10:11:21
4,211,"noah.brown731@gmail.com  ",Noah,Brown,2025-04-24 09:42:25
1,245,"ella.cooper901@gmail.com  ",Ella,Cooper,2025-04-23 22:28:47
1,246,RUBY.CLARKE208@GMAIL.COM,Ruby,Clarke,2025-04-24 11:28:22
1,247,OLIVER.LEE224@AOL.COM,Oliver,Lee,2025-04-24 12:15:22
4,212,OLIVER.WILSON90@GMAIL.COM,Oliver,Wilson,2025-04-25 13:50:25
2,200,LUCAS.CLARKE842@ICLOUD.COM,Lucas,Clarke,2025-04-25 10:07:27
1,248,liam.wright231@gmail.com,Liam,Wright,2025-04-25 14:37:10
2,201,,Maya,Jones,2025-04-25 22:50:25
4,213,noemail@apexvenue.invalid,Amelia,Kelly,2025-04-26 20:46:55
2,202,ella.king983@yahoo.com,Ella,King,2025-04-26 09:16:26
2,203,daniel.walker635@aol.com,Daniel,Walker,2025-04-26 11:52:05
3,195,lucas.robinson427@eircom.net,Lucas,Robinson,2025-04-26 21:17:11
3,196,"noah.martinez742@btinternet.com  ",Noah,Martinez,2025-04-26 21:21:51
4,214," Ava.king744@gmail.com",Ava,King,2025-04-27 07:54:14
4,215,noemail@apexvenue.invalid,Henry,Garcia,2025-04-27 09:18:10
1,249,noemail@apexvenue.invalid,Sophia,Garcia,2025-04-26 20:21:19
2,204,noemail@apexvenue.invalid,Mateo,Clarke,2025-04-26 22:22:15
3,197,"sam.johnson867@eircom.net  ",Sam,Johnson,2025-04-27 07:50:14
4,216,noemail@apexvenue.invalid,Priya,Nguyen,2025-04-27 20:05:29
1,250,ARJUN.NGUYEN42@AOL.COM,Arjun,Nguyen,2025-04-27 09:35:06
3,198,noah.murphy669@btinternet.com,Noah,Murphy,2025-04-27 16:41:48
3,199,amelia.walsh242@hotmail.co.uk,Amelia,Walsh,2025-04-27 17:20:27
5,22,sam.wood243@yahoo.com,Sam,Wood,2025-04-27 13:20:58
4,217,,Leo,Patel,2025-04-28 07:28:43
1,251,elijah.edwards718@yahoo.com,Elijah,Edwards,2025-04-27 17:45:32
4,218,JACK.MARTINEZ775@ICLOUD.COM,Jack,Martinez,2025-04-28 07:58:51
1,252,DANIEL.TURNER452@OUTLOOK.COM,Daniel,Turner,2025-04-27 18:17:14
2,205,JAMES.PATEL235@AOL.COM,James,Patel,2025-04-27 15:42:55
2,206,lily.hill978@yahoo.com,Lily,Hill,2025-04-27 17:42:50
1,253,sophia.wood371@outlook.com,Sophia,Wood,2025-04-27 21:40:26
2,207,noemail@apexvenue.invalid,Siobhan,Taylor,2025-04-27 22:40:40
2,208,arjun.wood898@outlook.com,Arjun,Wood,2025-04-28 08:35:27
2,209,sam.williams734@gmail.com,Sam,Williams,2025-04-28 08:58:16
5,23,sam.thompson318@aol.com,Sam,Thompson,2025-04-28 21:13:44
2,210,NOAH.BROWN354@AOL.COM,Noah,Brown,2025-04-28 20:20:21
3,200,freya.wood167@gmail.com,Freya,Wood,2025-04-29 10:04:24
3,201,HARRY.KING157@HOTMAIL.CO.UK,Harry,King,2025-04-29 14:34:37
1,254,kai.nguyen990@outlook.com,Kai,Nguyen,2025-04-29 11:02:19
1,255,CHLOE.TAYLOR263@ICLOUD.COM,Chloe,Taylor,2025-04-29 11:27:17
1,256,elijah.turner153@gmail.com,Elijah,Turner,2025-04-29 12:43:22
1,257,aoife.taylor632@aol.com,Aoife,Taylor,2025-04-29 13:24:59
1,258,aoife.hughes76@gmail.com,Aoife,Hughes,2025-04-29 14:25:10
2,211,henry.white223@gmail.com,Henry,White,2025-04-29 13:06:17
3,202,SIOBHAN.LEE23@EIRCOM.NET,Siobhan,Lee,2025-04-30 08:29:08
3,203,amelia.moore242@gmail.com,Amelia,Moore,2025-04-30 16:09:43
3,204,olivia.thompson756@hotmail.co.uk,Olivia,Thompson,2025-04-30 16:19:32
3,205,"noah.king318@gmail.com  ",Noah,King,2025-05-01 08:48:20
5,24,noemail@apexvenue.invalid,Mateo,O'Brien,2025-05-01 10:02:35
2,212,"ruby.martinez742@yahoo.com  ",Ruby,Martinez,2025-05-01 08:23:35
1,259,noemail@apexvenue.invalid,Ella,Evans,2025-05-01 11:41:59
2,213,ISLA.SMITH605@YAHOO.COM,Isla,Smith,2025-05-01 08:43:39
2,214,zoe.nguyen235@gmail.com,Zoe,Nguyen,2025-05-01 10:55:47
4,219,"ella.moore394@bigpond.com  ",Ella,Moore,2025-05-02 09:09:14
2,215,charlotte.lee935@aol.com,Charlotte,Lee,2025-05-01 17:32:34
1,260,sam.brown542@aol.com,Sam,Brown,2025-05-01 21:02:37
4,220," Siobhan.walsh488@outlook.com",Siobhan,Walsh,2025-05-02 11:07:25
4,221,CHLOE.LEE311@ICLOUD.COM,Chloe,Lee,2025-05-02 13:32:00
3,206,"siobhan.jones496@outlook.com  ",Siobhan,Jones,2025-05-02 07:41:33
2,216,RUBY.MURPHY592@ICLOUD.COM,Ruby,Murphy,2025-05-02 07:39:07
2,217,priya.obrien933@aol.com,Priya,O'Brien,2025-05-02 11:11:34
3,207,"amelia.martin356@eircom.net  ",Amelia,Martin,2025-05-03 08:31:13
1,261,,Freya,Robinson,2025-05-03 07:17:23
3,208,"sofia.lewis989@outlook.com  ",Sofia,Lewis,2025-05-03 14:00:43
1,262,charlotte.obrien246@aol.com,Charlotte,O'Brien,2025-05-03 19:53:42
2,218,sophia.patel644@icloud.com,Sophia,Patel,2025-05-03 17:06:00
3,209,ella.white430@btinternet.com,Ella,White,2025-05-04 08:20:27
1,263,jack.walsh827@gmail.com,Jack,Walsh,2025-05-04 07:32:37
3,210,freya.martin501@gmail.com,Freya,Martin,2025-05-04 12:57:47
2,219," Conor.martinez870@yahoo.com",Conor,Martinez,2025-05-04 07:07:56
3,211,noah.wright340@eircom.net,Noah,Wright,2025-05-04 16:27:03
2,220,ava.hill601@outlook.com,Ava,Hill,2025-05-04 14:06:56
3,212,henry.brown769@gmail.com,Henry,Brown,2025-05-04 22:46:23
4,222,"chloe.moore436@outlook.com  ",Chloe,Moore,2025-05-05 09:20:55
2,221,OLIVER.MARTINEZ941@OUTLOOK.COM,Oliver,Martinez,2025-05-04 17:04:19
2,222,isla.williams734@icloud.com,Isla,Williams,2025-05-04 17:39:27
3,213,daniel.patel610@btinternet.com,Daniel,Patel,2025-05-05 09:10:29
3,214,EMMA.TURNER757@EIRCOM.NET,Emma,Turner,2025-05-05 11:04:47
4,223,daniel.robinson591@bigpond.com,Daniel,Robinson,2025-05-05 20:54:53
1,264,leo.martinez388@outlook.com,Leo,Martinez,2025-05-05 10:55:08
1,265,noemail@apexvenue.invalid,Mason,Williams,2025-05-05 13:05:34
2,223,ava.moore543@aol.com,Ava,Moore,2025-05-05 17:42:39
4,224,GRACE.KELLY354@ICLOUD.COM,Grace,Kelly,2025-05-06 10:42:44
2,224,ETHAN.MARTIN527@AOL.COM,Ethan,Martin,2025-05-05 18:03:46
2,225,,Freya,Nguyen,2025-05-05 18:53:40
2,226,"freya.lewis705@outlook.com  ",Freya,Lewis,2025-05-05 23:54:01
3,215,"ethan.murphy930@btinternet.com  ",Ethan,Murphy,2025-05-06 10:04:40
1,266,HENRY.KELLY348@ICLOUD.COM,Henry,Kelly,2025-05-06 10:20:29
3,216,MATEO.MOORE359@EIRCOM.NET,Mateo,Moore,2025-05-06 19:36:55
3,217,FREYA.HILL185@BTINTERNET.COM,Freya,Hill,2025-05-06 21:15:30
1,267,CHLOE.HARRIS858@GMAIL.COM,Chloe,Harris,2025-05-07 20:47:43
2,227,harry.jones444@yahoo.com,Harry,Jones,2025-05-07 19:39:03
4,225,"oliver.williams687@outlook.com  ",Oliver,Williams,2025-05-08 22:19:50
3,218,HANNAH.JONES14@BTINTERNET.COM,Hannah,Jones,2025-05-08 15:19:14
1,268,james.hall873@aol.com,James,Hall,2025-05-08 15:26:04
2,228,isla.walker513@yahoo.com,Isla,Walker,2025-05-08 13:04:32
1,269,,Priya,Cooper,2025-05-08 17:55:22
3,219,EMMA.CLARKE867@HOTMAIL.CO.UK,Emma,Clarke,2025-05-08 23:52:41
1,270,henry.white824@icloud.com,Henry,White,2025-05-08 19:00:26
1,271,freya.evans806@outlook.com,Freya,Evans,2025-05-08 19:03:58
1,272,noah.king335@aol.com,Noah,King,2025-05-08 22:34:51
4,226,OLIVER.ROBINSON454@BIGPOND.COM,Oliver,Robinson,2025-05-09 19:29:02
2,229,SOPHIA.BROWN187@AOL.COM,Sophia,Brown,2025-05-09 07:25:00
2,230,aoife.davies544@icloud.com,Aoife,Davies,2025-05-09 09:00:44
1,273,HARRY.CLARK505@OUTLOOK.COM,Harry,Clark,2025-05-09 15:27:46
3,220,"amelia.johnson172@hotmail.co.uk  ",Amelia,Johnson,2025-05-10 07:44:45
3,221,chloe.martinez639@gmail.com,Chloe,Martinez,2025-05-10 09:53:27
3,222,"lily.king452@outlook.com  ",Lily,King,2025-05-10 12:56:10
4,227,james.robinson431@icloud.com,James,Robinson,2025-05-10 22:34:45
4,228,ella.walker218@bigpond.com,Ella,Walker,2025-05-11 13:37:26
3,223,aoife.murphy781@outlook.com,Aoife,Murphy,2025-05-11 10:49:22
3,224,noemail@apexvenue.invalid,Priya,Clark,2025-05-11 12:33:52
1,274,AVA.WALKER62@ICLOUD.COM,Ava,Walker,2025-05-11 10:52:11
1,275,lucas.robinson363@icloud.com,Lucas,Robinson,2025-05-11 12:36:38
3,225,lily.green758@hotmail.co.uk,Lily,Green,2025-05-11 20:17:56
3,226,chloe.wright73@hotmail.co.uk,Chloe,Wright,2025-05-11 23:35:56
1,276,SOPHIA.THOMAS924@YAHOO.COM,Sophia,Thomas,2025-05-11 20:10:56
4,229,siobhan.hill542@outlook.com,Siobhan,Hill,2025-05-12 10:17:41
4,230,maya.walker141@outlook.com,Maya,Walker,2025-05-12 10:35:17
4,231,SOFIA.MOORE947@ICLOUD.COM,Sofia,Moore,2025-05-12 10:55:56
4,232,maya.wilson451@outlook.com,Maya,Wilson,2025-05-12 13:30:10
1,277,,Siobhan,Robinson,2025-05-11 23:39:00
3,227,zoe.edwards823@eircom.net,Zoe,Edwards,2025-05-12 10:23:34
1,278,noemail@apexvenue.invalid,Zoe,Walsh,2025-05-12 08:39:11
3,228,SOFIA.TAYLOR392@HOTMAIL.CO.UK,Sofia,Taylor,2025-05-12 17:01:11
2,231,"sam.turner266@outlook.com  ",Sam,Turner,2025-05-12 09:02:59
1,279,noemail@apexvenue.invalid,Arjun,Smith,2025-05-12 13:08:03
2,232," Henry.hughes858@gmail.com",Henry,Hughes,2025-05-12 12:16:24
3,229,aoife.turner988@btinternet.com,Aoife,Turner,2025-05-12 22:51:50
1,280,zoe.murphy500@gmail.com,Zoe,Murphy,2025-05-12 20:26:07
4,233,kai.obrien79@bigpond.com,Kai,O'Brien,2025-05-13 12:50:57
4,234,AOIFE.GARCIA898@GMAIL.COM,Aoife,Garcia,2025-05-13 17:20:33
1,281,liam.turner896@gmail.com,Liam,Turner,2025-05-13 07:37:10
1,282,MAYA.JONES650@AOL.COM,Maya,Jones,2025-05-13 08:01:38
3,230,NOAH.WALSH752@GMAIL.COM,Noah,Walsh,2025-05-13 13:56:35
3,231,aoife.johnson513@outlook.com,Aoife,Johnson,2025-05-13 16:07:48
3,232,LEO.BROWN178@GMAIL.COM,Leo,Brown,2025-05-13 19:09:10
1,283,noemail@apexvenue.invalid,Liam,Cooper,2025-05-13 21:15:21
4,235,noemail@apexvenue.invalid,Oliver,Robinson,2025-05-14 14:48:13
3,233,sofia.cooper313@eircom.net,Sofia,Cooper,2025-05-14 12:35:05
4,236,henry.wilson455@gmail.com,Henry,Wilson,2025-05-15 08:58:48
1,284,kai.kelly495@gmail.com,Kai,Kelly,2025-05-14 20:50:43
2,233,ava.williams33@icloud.com,Ava,Williams,2025-05-14 23:50:32
3,234,HARRY.ROBINSON386@EIRCOM.NET,Harry,Robinson,2025-05-15 08:38:44
3,235,FREYA.NGUYEN780@OUTLOOK.COM,Freya,Nguyen,2025-05-15 13:12:10
3,236,emma.murphy741@outlook.com,Emma,Murphy,2025-05-15 17:28:39
1,285,zoe.walsh607@outlook.com,Zoe,Walsh,2025-05-15 13:34:06
2,234,amelia.taylor139@icloud.com,Amelia,Taylor,2025-05-15 13:27:30
4,237,FREYA.WILLIAMS265@BIGPOND.COM,Freya,Williams,2025-05-16 11:56:19
4,238,kai.smith158@bigpond.com,Kai,Smith,2025-05-16 14:52:32
1,286,james.jones922@yahoo.com,James,Jones,2025-05-16 10:38:12
2,235,"leo.thompson478@aol.com  ",Leo,Thompson,2025-05-16 09:48:02
3,237,noemail@apexvenue.invalid,Grace,Martin,2025-05-16 18:23:53
3,238,"mason.robinson499@outlook.com  ",Mason,Robinson,2025-05-16 18:42:13
5,25,noemail@apexvenue.invalid,Lily,Hughes,2025-05-16 14:26:42
2,236,FREYA.JACKSON58@OUTLOOK.COM,Freya,Jackson,2025-05-16 15:27:11
3,239,lily.king781@btinternet.com,Lily,King,2025-05-17 08:11:24
4,239,olivia.king878@bigpond.com,Olivia,King,2025-05-17 18:25:02
4,240,oscar.jackson218@icloud.com,Oscar,Jackson,2025-05-17 21:00:49
1,287,noemail@apexvenue.invalid,Harry,Thompson,2025-05-17 07:05:14
1,288,jack.lee140@gmail.com,Jack,Lee,2025-05-17 09:25:03
1,289,zoe.johnson917@outlook.com,Zoe,Johnson,2025-05-17 12:22:20
2,237,lucas.lee351@gmail.com,Lucas,Lee,2025-05-17 13:41:10
3,240,lucas.smith715@eircom.net,Lucas,Smith,2025-05-17 21:42:37
2,238,noemail@apexvenue.invalid,Ava,Kelly,2025-05-17 15:59:52
2,239,noemail@apexvenue.invalid,Ruby,Robinson,2025-05-17 17:42:31
3,241,SOFIA.HILL221@GMAIL.COM,Sofia,Hill,2025-05-18 11:37:27
3,242,CONOR.CLARK682@EIRCOM.NET,Conor,Clark,2025-05-18 12:02:23
5,26,JACK.BROWN85@YAHOO.COM,Jack,Brown,2025-05-18 14:49:57
2,240,noah.jackson15@outlook.com,Noah,Jackson,2025-05-18 13:21:03
2,241,"ella.garcia792@gmail.com  ",Ella,Garcia,2025-05-18 18:38:56
4,241,sam.moore941@icloud.com,Sam,Moore,2025-05-19 12:51:55
3,243,maya.jackson545@btinternet.com,Maya,Jackson,2025-05-19 15:39:50
2,242,noemail@apexvenue.invalid,Arjun,Wilson,2025-05-19 09:36:42
2,243,noemail@apexvenue.invalid,Harry,King,2025-05-19 10:34:50
3,244,ELLA.HARRIS219@BTINTERNET.COM,Ella,Harris,2025-05-19 18:42:25
3,245,siobhan.williams739@hotmail.co.uk,Siobhan,Williams,2025-05-19 21:40:23
4,242,ethan.kelly920@icloud.com,Ethan,Kelly,2025-05-20 07:34:17
3,246,arjun.wilson951@outlook.com,Arjun,Wilson,2025-05-19 23:09:41
2,244,noemail@apexvenue.invalid,James,Harris,2025-05-19 16:09:25
1,290,"ava.hughes428@yahoo.com  ",Ava,Hughes,2025-05-19 23:32:45
1,291," Maya.murphy915@icloud.com",Maya,Murphy,2025-05-19 23:52:55
3,247,OLIVIA.JONES156@GMAIL.COM,Olivia,Jones,2025-05-20 07:30:53
3,248,conor.white541@outlook.com,Conor,White,2025-05-20 11:46:02
1,292,noemail@apexvenue.invalid,Mason,Thomas,2025-05-20 08:02:01
4,243,isla.hughes332@outlook.com,Isla,Hughes,2025-05-21 09:59:59
2,245,noemail@apexvenue.invalid,Oscar,Hughes,2025-05-20 18:34:13
2,246,"noah.wilson605@outlook.com  ",Noah,Wilson,2025-05-20 19:22:10
2,247,,Leo,Murphy,2025-05-20 22:10:22
4,244,DANIEL.THOMAS859@ICLOUD.COM,Daniel,Thomas,2025-05-21 20:51:07
1,293,henry.obrien79@aol.com,Henry,O'Brien,2025-05-21 09:27:30
2,248," Hannah.hughes542@aol.com",Hannah,Hughes,2025-05-21 07:07:57
1,294,ETHAN.SMITH781@AOL.COM,Ethan,Smith,2025-05-21 11:31:50
3,249,"arjun.wood138@gmail.com  ",Arjun,Wood,2025-05-21 17:37:40
2,249,liam.hill402@gmail.com,Liam,Hill,2025-05-21 17:32:16
4,245,noemail@apexvenue.invalid,Aoife,Williams,2025-05-22 11:12:54
1,295,jack.evans168@gmail.com,Jack,Evans,2025-05-22 08:13:49
2,250,harry.clark505@outlook.com,Harry,Clark,2025-05-22 08:12:22
1,296,kai.clark923@gmail.com,Kai,Clark,2025-05-22 15:25:32
3,250,JAMES.WALKER145@BTINTERNET.COM,James,Walker,2025-05-22 20:33:03
2,251,"chloe.garcia502@yahoo.com  ",Chloe,Garcia,2025-05-22 19:45:30
3,251,sam.jackson336@gmail.com,Sam,Jackson,2025-05-23 19:33:56
3,252,JACK.GREEN808@EIRCOM.NET,Jack,Green,2025-05-23 22:02:20
4,246,arjun.jackson684@gmail.com,Arjun,Jackson,2025-05-24 07:31:58
2,252,CHARLOTTE.MARTINEZ102@GMAIL.COM,Charlotte,Martinez,2025-05-23 16:07:46
1,297,sofia.taylor73@aol.com,Sofia,Taylor,2025-05-23 20:04:20
4,247,JACK.MOORE732@ICLOUD.COM,Jack,Moore,2025-05-24 14:48:47
3,253,sophia.johnson881@hotmail.co.uk,Sophia,Johnson,2025-05-24 08:43:51
3,254,kai.kelly308@hotmail.co.uk,Kai,Kelly,2025-05-24 09:19:21
4,248,,James,Lewis,2025-05-24 19:09:57
2,253,amelia.murphy426@outlook.com,Amelia,Murphy,2025-05-24 12:35:02
4,249,"siobhan.thompson434@icloud.com  ",Siobhan,Thompson,2025-05-25 07:06:41
3,255,mia.clark928@outlook.com,Mia,Clark,2025-05-24 22:46:45
2,254,noah.robinson21@aol.com,Noah,Robinson,2025-05-24 15:11:37
4,250,ELLA.WALKER702@BIGPOND.COM,Ella,Walker,2025-05-25 10:03:45
3,256,oliver.wilson949@eircom.net,Oliver,Wilson,2025-05-25 07:04:33
3,257,"mason.brown782@hotmail.co.uk  ",Mason,Brown,2025-05-25 13:01:28
1,298,freya.garcia37@aol.com,Freya,Garcia,2025-05-25 10:11:18
1,299," Olivia.smith974@gmail.com",Olivia,Smith,2025-05-25 10:11:42
3,258,zoe.garcia916@hotmail.co.uk,Zoe,Garcia,2025-05-25 15:58:24
3,259,"mia.brown161@hotmail.co.uk  ",Mia,Brown,2025-05-25 17:15:01
1,300,charlotte.white929@icloud.com,Charlotte,White,2025-05-25 19:06:33
2,255,ISLA.WOOD972@OUTLOOK.COM,Isla,Wood,2025-05-25 22:32:46
4,251," Lily.brown609@icloud.com",Lily,Brown,2025-05-26 17:04:56
3,260,"freya.lee72@hotmail.co.uk  ",Freya,Lee,2025-05-26 10:35:47
1,301,daniel.walker420@outlook.com,Daniel,Walker,2025-05-26 10:40:45
1,302," Kai.turner337@yahoo.com",Kai,Turner,2025-05-26 11:05:33
3,261,emma.murphy394@gmail.com,Emma,Murphy,2025-05-26 19:55:45
1,303,noemail@apexvenue.invalid,Oscar,Wilson,2025-05-26 16:31:26
2,256,leo.nguyen267@icloud.com,Leo,Nguyen,2025-05-26 17:16:46
3,262,arjun.nguyen300@hotmail.co.uk,Arjun,Nguyen,2025-05-27 10:58:51
1,304,ella.kelly257@icloud.com,Ella,Kelly,2025-05-27 10:02:12
2,257,,Amelia,Thomas,2025-05-27 11:32:53
2,258,"jack.clark696@yahoo.com  ",Jack,Clark,2025-05-27 13:26:49
3,263,zoe.hughes816@hotmail.co.uk,Zoe,Hughes,2025-05-27 22:22:31
1,305,grace.robinson3@outlook.com,Grace,Robinson,2025-05-27 22:09:38
4,252,oscar.walsh467@icloud.com,Oscar,Walsh,2025-05-28 17:32:18
3,264,SAM.THOMAS278@OUTLOOK.COM,Sam,Thomas,2025-05-28 10:11:08
3,265,mason.nguyen585@eircom.net,Mason,Nguyen,2025-05-28 12:57:06
3,266,SOFIA.GARCIA83@GMAIL.COM,Sofia,Garcia,2025-05-28 14:29:06
2,259,ava.hill49@yahoo.com,Ava,Hill,2025-05-28 09:24:20
3,267,CHARLOTTE.CLARK193@HOTMAIL.CO.UK,Charlotte,Clark,2025-05-28 21:00:00
3,268," Mateo.cooper880@outlook.com",Mateo,Cooper,2025-05-28 22:30:03
4,253,ARJUN.COOPER182@ICLOUD.COM,Arjun,Cooper,2025-05-29 09:10:45
1,306,mason.lee147@outlook.com,Mason,Lee,2025-05-28 20:37:39
2,260,siobhan.martin280@aol.com,Siobhan,Martin,2025-05-28 23:45:55
4,254,isla.nguyen403@bigpond.com,Isla,Nguyen,2025-05-29 17:25:41
3,269,,Sofia,Thompson,2025-05-29 08:43:05
2,261,"conor.clark145@aol.com  ",Conor,Clark,2025-05-29 11:24:04
4,255,noemail@apexvenue.invalid,Zoe,Williams,2025-05-30 07:01:50
4,256,ISLA.KING268@GMAIL.COM,Isla,King,2025-05-30 07:20:14
4,257,"oscar.garcia433@gmail.com  ",Oscar,Garcia,2025-05-30 07:31:36
4,258,ruby.lewis596@gmail.com,Ruby,Lewis,2025-05-30 07:58:08
1,307,LUCAS.LEWIS137@AOL.COM,Lucas,Lewis,2025-05-29 18:12:56
1,308,"siobhan.martin592@icloud.com  ",Siobhan,Martin,2025-05-29 18:19:33
4,259,maya.kelly408@bigpond.com,Maya,Kelly,2025-05-30 10:06:34
4,260,"grace.davies851@icloud.com  ",Grace,Davies,2025-05-30 21:23:13
1,309,emma.walsh870@outlook.com,Emma,Walsh,2025-05-30 10:07:22
3,270,hannah.clark69@outlook.com,Hannah,Clark,2025-05-30 16:03:40
5,27,"henry.walsh743@gmail.com  ",Henry,Walsh,2025-05-30 12:31:12
2,262,OLIVIA.WRIGHT823@OUTLOOK.COM,Olivia,Wright,2025-05-30 11:54:52
2,263,noemail@apexvenue.invalid,Harry,Walker,2025-05-30 12:31:00
2,264,,Priya,Turner,2025-05-30 13:18:55
1,310,olivia.hughes921@icloud.com,Olivia,Hughes,2025-05-30 17:26:48
1,311,noemail@apexvenue.invalid,Mason,Turner,2025-05-30 21:41:44
2,265,sofia.murphy246@outlook.com,Sofia,Murphy,2025-05-30 21:00:02
1,312,EMMA.BROWN478@OUTLOOK.COM,Emma,Brown,2025-05-31 10:19:58
3,271," Sofia.green210@outlook.com",Sofia,Green,2025-05-31 17:36:45
2,266," Ethan.cooper609@icloud.com",Ethan,Cooper,2025-05-31 11:32:05
2,267,emma.green411@outlook.com,Emma,Green,2025-05-31 13:53:14
4,261,"mason.hill888@bigpond.com  ",Mason,Hill,2025-06-01 15:38:11
4,262,noemail@apexvenue.invalid,Olivia,Martin,2025-06-01 16:25:07
2,268,emma.walker264@outlook.com,Emma,Walker,2025-06-01 07:11:35
1,313," Sophia.harris26@outlook.com",Sophia,Harris,2025-06-01 10:25:00
3,272,noemail@apexvenue.invalid,Oliver,Lewis,2025-06-01 17:04:43
2,269,ELLA.MARTIN701@AOL.COM,Ella,Martin,2025-06-01 09:46:35
3,273,jack.smith307@hotmail.co.uk,Jack,Smith,2025-06-01 17:47:55
2,270,JAMES.HUGHES898@GMAIL.COM,James,Hughes,2025-06-01 13:43:22
2,271,freya.thompson48@icloud.com,Freya,Thompson,2025-06-01 14:39:21
2,272,JAMES.WHITE407@OUTLOOK.COM,James,White,2025-06-01 19:58:17
4,263,leo.harris912@gmail.com,Leo,Harris,2025-06-02 16:16:21
2,273," Maya.brown507@outlook.com",Maya,Brown,2025-06-02 09:38:24
5,28,"mateo.lee137@aol.com  ",Mateo,Lee,2025-06-02 16:04:29
2,274,jack.wilson773@icloud.com,Jack,Wilson,2025-06-02 15:50:41
4,264,mia.wood829@icloud.com,Mia,Wood,2025-06-03 23:14:33
1,314,OLIVER.EDWARDS423@GMAIL.COM,Oliver,Edwards,2025-06-03 11:13:42
2,275,henry.wilson123@outlook.com,Henry,Wilson,2025-06-03 12:46:28
2,276,ava.wilson622@aol.com,Ava,Wilson,2025-06-03 14:36:25
2,277,isla.williams551@yahoo.com,Isla,Williams,2025-06-03 15:19:59
4,265,HARRY.MOORE746@ICLOUD.COM,Harry,Moore,2025-06-04 14:01:39
3,274,zoe.cooper254@eircom.net,Zoe,Cooper,2025-06-04 12:36:37
1,315,conor.harris213@icloud.com,Conor,Harris,2025-06-04 08:20:29
3,275,leo.thompson773@btinternet.com,Leo,Thompson,2025-06-04 15:15:07
1,316,noemail@apexvenue.invalid,Sofia,Patel,2025-06-04 18:13:32
2,278,leo.robinson95@aol.com,Leo,Robinson,2025-06-04 18:40:01
1,317,noemail@apexvenue.invalid,Liam,Wright,2025-06-05 12:04:38
1,318,priya.jackson893@icloud.com,Priya,Jackson,2025-06-05 21:12:47
4,266,henry.lee623@bigpond.com,Henry,Lee,2025-06-06 11:27:00
5,29,mason.white316@aol.com,Mason,White,2025-06-06 09:23:54
3,276," Maya.jackson760@hotmail.co.uk",Maya,Jackson,2025-06-06 17:51:00
3,277,noemail@apexvenue.invalid,Arjun,Moore,2025-06-06 18:52:12
1,319,siobhan.martin970@yahoo.com,Siobhan,Martin,2025-06-06 14:23:02
3,278,"olivia.harris622@btinternet.com  ",Olivia,Harris,2025-06-06 19:38:45
1,320,james.white407@outlook.com,James,White,2025-06-06 17:02:32
4,267,elijah.obrien446@outlook.com,Elijah,O'Brien,2025-06-07 11:41:03
4,268,noemail@apexvenue.invalid,Lily,Smith,2025-06-07 14:30:44
4,269," Conor.white208@icloud.com",Conor,White,2025-06-07 15:12:48
3,279,"emma.wood807@eircom.net  ",Emma,Wood,2025-06-07 07:08:57
3,280,ARJUN.JOHNSON806@BTINTERNET.COM,Arjun,Johnson,2025-06-07 07:48:56
3,281,"hannah.clark331@hotmail.co.uk  ",Hannah,Clark,2025-06-07 13:10:06
2,279,zoe.king537@icloud.com,Zoe,King,2025-06-07 09:58:29
2,280,harry.williams997@icloud.com,Harry,Williams,2025-06-07 15:26:17
5,30,MIA.WRIGHT853@ICLOUD.COM,Mia,Wright,2025-06-07 20:58:16
4,270,jack.walsh147@gmail.com,Jack,Walsh,2025-06-08 11:24:06
2,281,harry.cooper252@icloud.com,Harry,Cooper,2025-06-08 10:20:55
1,321," Isla.murphy624@gmail.com",Isla,Murphy,2025-06-08 14:30:51
2,282,,Oliver,White,2025-06-08 14:01:34
1,322,ETHAN.MARTIN424@ICLOUD.COM,Ethan,Martin,2025-06-08 17:09:50
1,323,noemail@apexvenue.invalid,Mason,Walsh,2025-06-08 17:43:47
3,282,arjun.smith930@hotmail.co.uk,Arjun,Smith,2025-06-08 23:58:17
3,283,olivia.taylor174@btinternet.com,Olivia,Taylor,2025-06-09 13:12:14
1,324,AVA.WOOD807@GMAIL.COM,Ava,Wood,2025-06-09 12:40:17
2,283,maya.martinez456@yahoo.com,Maya,Martinez,2025-06-09 19:09:07
2,284,mateo.patel507@icloud.com,Mateo,Patel,2025-06-09 21:25:19
3,284,maya.murphy736@outlook.com,Maya,Murphy,2025-06-10 10:14:55
4,271,ARJUN.JACKSON20@GMAIL.COM,Arjun,Jackson,2025-06-10 19:28:34
2,285,ruby.hall653@icloud.com,Ruby,Hall,2025-06-10 09:21:51
1,325,AOIFE.EVANS488@YAHOO.COM,Aoife,Evans,2025-06-10 12:29:07
1,326,PRIYA.GARCIA314@AOL.COM,Priya,Garcia,2025-06-10 19:40:20
2,286,emma.wright926@icloud.com,Emma,Wright,2025-06-10 18:02:46
2,287,noemail@apexvenue.invalid,Ethan,Thompson,2025-06-10 19:57:03
4,272,priya.king536@bigpond.com,Priya,King,2025-06-11 19:41:13
3,285,MIA.HILL772@GMAIL.COM,Mia,Hill,2025-06-11 12:18:36
3,286,hannah.clarke447@btinternet.com,Hannah,Clarke,2025-06-11 17:50:33
4,273,elijah.lewis868@gmail.com,Elijah,Lewis,2025-06-12 08:24:47
1,327,"conor.wright810@aol.com  ",Conor,Wright,2025-06-11 22:51:41
2,288,priya.walker845@aol.com,Priya,Walker,2025-06-11 20:40:06
3,287,leo.wood897@hotmail.co.uk,Leo,Wood,2025-06-12 19:28:57
4,274," Daniel.brown368@outlook.com",Daniel,Brown,2025-06-13 07:46:21
4,275,oliver.hall224@outlook.com,Oliver,Hall,2025-06-13 10:30:48
2,289,aoife.harris778@yahoo.com,Aoife,Harris,2025-06-12 19:23:35
1,328,daniel.edwards336@outlook.com,Daniel,Edwards,2025-06-12 23:07:43
2,290,james.obrien482@aol.com,James,O'Brien,2025-06-12 20:16:46
3,288,PRIYA.PATEL70@GMAIL.COM,Priya,Patel,2025-06-13 09:41:10
3,289,arjun.davies984@btinternet.com,Arjun,Davies,2025-06-13 11:42:30
4,276,sophia.cooper531@outlook.com,Sophia,Cooper,2025-06-13 20:49:50
1,329,chloe.nguyen477@outlook.com,Chloe,Nguyen,2025-06-13 15:43:55
1,330,"lucas.edwards334@gmail.com  ",Lucas,Edwards,2025-06-13 16:09:08
3,290,leo.edwards687@btinternet.com,Leo,Edwards,2025-06-13 23:05:01
4,277,siobhan.thompson389@outlook.com,Siobhan,Thompson,2025-06-14 08:29:12
4,278,"maya.wilson989@outlook.com  ",Maya,Wilson,2025-06-14 08:47:36
2,291,harry.walsh535@gmail.com,Harry,Walsh,2025-06-13 18:20:51
2,292,elijah.thomas32@yahoo.com,Elijah,Thomas,2025-06-13 23:32:13
4,279,,Maya,Brown,2025-06-14 20:05:55
1,331,"ava.martin176@icloud.com  ",Ava,Martin,2025-06-14 07:56:55
1,332,noah.evans232@aol.com,Noah,Evans,2025-06-14 12:41:35
1,333,isla.obrien703@yahoo.com,Isla,O'Brien,2025-06-14 13:21:56
4,280,noemail@apexvenue.invalid,Harry,Green,2025-06-15 16:00:58
3,291,ETHAN.KING990@GMAIL.COM,Ethan,King,2025-06-15 08:38:55
1,334,SAM.WALKER763@ICLOUD.COM,Sam,Walker,2025-06-15 07:54:55
3,292,jack.nguyen888@outlook.com,Jack,Nguyen,2025-06-15 13:17:03
1,335,kai.brown977@outlook.com,Kai,Brown,2025-06-15 11:29:38
1,336,sophia.edwards940@gmail.com,Sophia,Edwards,2025-06-15 11:40:12
3,293,LIAM.KING520@GMAIL.COM,Liam,King,2025-06-15 20:21:49
1,337,oliver.garcia172@yahoo.com,Oliver,Garcia,2025-06-15 16:06:26
2,293,lucas.jackson474@outlook.com,Lucas,Jackson,2025-06-15 14:10:56
5,31,HARRY.JONES157@YAHOO.COM,Harry,Jones,2025-06-15 18:57:32
2,294,daniel.walker828@yahoo.com,Daniel,Walker,2025-06-15 18:19:30
4,281," Isla.thompson72@icloud.com",Isla,Thompson,2025-06-16 13:13:26
4,282,MASON.TURNER348@OUTLOOK.COM,Mason,Turner,2025-06-16 16:18:30
1,338,amelia.martin480@aol.com,Amelia,Martin,2025-06-16 10:52:56
3,294,"olivia.hughes144@btinternet.com  ",Olivia,Hughes,2025-06-16 16:18:15
1,339," Maya.johnson203@gmail.com",Maya,Johnson,2025-06-16 13:36:42
3,295,charlotte.thomas941@gmail.com,Charlotte,Thomas,2025-06-16 19:07:26
1,340,priya.wood861@yahoo.com,Priya,Wood,2025-06-16 18:12:15
4,283,DANIEL.BROWN564@ICLOUD.COM,Daniel,Brown,2025-06-17 12:21:24
4,284,SIOBHAN.WILLIAMS353@OUTLOOK.COM,Siobhan,Williams,2025-06-17 13:29:22
2,295,sofia.martinez77@icloud.com,Sofia,Martinez,2025-06-16 22:31:42
2,296,lucas.johnson35@aol.com,Lucas,Johnson,2025-06-16 23:57:15
1,341,ava.wilson406@outlook.com,Ava,Wilson,2025-06-17 09:04:45
5,32,RUBY.MOORE867@ICLOUD.COM,Ruby,Moore,2025-06-17 09:26:24
1,342,olivia.lewis398@aol.com,Olivia,Lewis,2025-06-17 10:29:27
3,296,SAM.GARCIA965@EIRCOM.NET,Sam,Garcia,2025-06-17 16:47:31
2,297,ISLA.SMITH319@OUTLOOK.COM,Isla,Smith,2025-06-17 13:36:46
2,298,siobhan.white364@outlook.com,Siobhan,White,2025-06-18 08:16:43
3,297,ella.wright303@hotmail.co.uk,Ella,Wright,2025-06-18 16:19:59
1,343,sam.nguyen79@aol.com,Sam,Nguyen,2025-06-18 12:01:09
1,344,freya.green676@aol.com,Freya,Green,2025-06-18 12:11:09
2,299,SOFIA.THOMAS527@YAHOO.COM,Sofia,Thomas,2025-06-18 10:26:29
3,298,zoe.martin265@gmail.com,Zoe,Martin,2025-06-18 20:38:52
4,285,henry.kelly246@icloud.com,Henry,Kelly,2025-06-19 10:33:48
1,345,oscar.jones449@icloud.com,Oscar,Jones,2025-06-18 21:12:58
1,346,lily.lee744@icloud.com,Lily,Lee,2025-06-19 11:39:55
3,299,JACK.HUGHES255@OUTLOOK.COM,Jack,Hughes,2025-06-19 16:46:09
1,347,ARJUN.WOOD420@AOL.COM,Arjun,Wood,2025-06-19 16:04:05
2,300,"grace.robinson199@yahoo.com  ",Grace,Robinson,2025-06-19 13:38:00
2,301,ruby.jackson340@yahoo.com,Ruby,Jackson,2025-06-19 15:40:30
2,302,"freya.hill329@outlook.com  ",Freya,Hill,2025-06-19 18:42:00
3,300,olivia.thomas47@gmail.com,Olivia,Thomas,2025-06-20 07:14:36
4,286,NOAH.HUGHES799@GMAIL.COM,Noah,Hughes,2025-06-20 20:54:16
3,301,LUCAS.GREEN767@EIRCOM.NET,Lucas,Green,2025-06-20 14:09:51
3,302,sam.edwards805@hotmail.co.uk,Sam,Edwards,2025-06-20 15:06:07
1,348,grace.murphy436@yahoo.com,Grace,Murphy,2025-06-20 11:20:18
2,303,"mason.smith661@outlook.com  ",Mason,Smith,2025-06-20 11:01:00
1,349,"ava.patel596@gmail.com  ",Ava,Patel,2025-06-20 20:18:06
2,304,grace.williams107@aol.com,Grace,Williams,2025-06-20 17:22:35
4,287,ella.walker461@bigpond.com,Ella,Walker,2025-06-21 12:57:53
4,288,priya.edwards148@bigpond.com,Priya,Edwards,2025-06-21 16:21:49
3,303,HENRY.WRIGHT896@HOTMAIL.CO.UK,Henry,Wright,2025-06-21 10:17:55
3,304,EMMA.WOOD328@OUTLOOK.COM,Emma,Wood,2025-06-21 11:28:09
3,305,ELLA.WILSON665@HOTMAIL.CO.UK,Ella,Wilson,2025-06-21 17:27:26
3,306,aoife.martin622@gmail.com,Aoife,Martin,2025-06-21 18:06:10
2,305,kai.kelly376@icloud.com,Kai,Kelly,2025-06-21 10:49:46
1,350,ella.obrien12@gmail.com,Ella,O'Brien,2025-06-21 14:33:45
2,306," Kai.nguyen990@outlook.com",Kai,Nguyen,2025-06-21 11:49:39
3,307,ZOE.HILL381@HOTMAIL.CO.UK,Zoe,Hill,2025-06-21 20:07:18
1,351,harry.obrien770@aol.com,Harry,O'Brien,2025-06-21 18:38:21
3,308,DANIEL.LEWIS615@BTINTERNET.COM,Daniel,Lewis,2025-06-21 23:52:10
2,307,grace.brown428@yahoo.com,Grace,Brown,2025-06-21 16:10:51
1,352,ETHAN.CLARKE454@YAHOO.COM,Ethan,Clarke,2025-06-21 19:21:43
2,308,EMMA.WRIGHT950@OUTLOOK.COM,Emma,Wright,2025-06-21 19:14:00
4,289,AVA.LEE636@OUTLOOK.COM,Ava,Lee,2025-06-22 20:01:28
4,290,ruby.johnson841@icloud.com,Ruby,Johnson,2025-06-22 20:20:01
3,309,harry.kelly276@outlook.com,Harry,Kelly,2025-06-22 12:39:06
3,310,siobhan.jones650@btinternet.com,Siobhan,Jones,2025-06-22 13:15:01
1,353," Ethan.jackson508@gmail.com",Ethan,Jackson,2025-06-22 08:19:21
3,311,ruby.cooper547@hotmail.co.uk,Ruby,Cooper,2025-06-22 13:47:17
1,354,maya.davies74@icloud.com,Maya,Davies,2025-06-22 09:55:47
2,309,amelia.martinez435@aol.com,Amelia,Martinez,2025-06-22 07:17:49
2,310,NOAH.WILLIAMS479@AOL.COM,Noah,Williams,2025-06-22 08:06:38
1,355,lily.martinez236@gmail.com,Lily,Martinez,2025-06-22 20:41:22
4,291,"leo.jackson918@icloud.com  ",Leo,Jackson,2025-06-23 18:28:11
3,312,kai.jackson65@outlook.com,Kai,Jackson,2025-06-23 12:24:23
2,311,ELIJAH.MARTINEZ383@ICLOUD.COM,Elijah,Martinez,2025-06-23 09:11:52
1,356,hannah.martin267@yahoo.com,Hannah,Martin,2025-06-23 15:48:54
4,292,harry.clark937@outlook.com,Harry,Clark,2025-06-24 07:16:42
1,357,ruby.martinez347@gmail.com,Ruby,Martinez,2025-06-23 19:18:53
2,312,mason.evans860@yahoo.com,Mason,Evans,2025-06-23 17:29:54
5,33,noah.cooper656@yahoo.com,Noah,Cooper,2025-06-23 21:26:01
3,313,noemail@apexvenue.invalid,Ruby,Thomas,2025-06-24 07:26:43
4,293,SAM.MOORE982@ICLOUD.COM,Sam,Moore,2025-06-24 18:35:56
1,358,"priya.obrien739@yahoo.com  ",Priya,O'Brien,2025-06-24 16:47:53
2,313,"sam.robinson89@aol.com  ",Sam,Robinson,2025-06-24 23:42:49
3,314,MASON.WILSON816@OUTLOOK.COM,Mason,Wilson,2025-06-25 10:18:27
3,315,lucas.hill753@outlook.com,Lucas,Hill,2025-06-25 15:20:07
2,314,CHARLOTTE.KING467@YAHOO.COM,Charlotte,King,2025-06-25 08:37:14
1,359,"ruby.lewis478@yahoo.com  ",Ruby,Lewis,2025-06-25 14:25:43
3,316,ISLA.LEE182@HOTMAIL.CO.UK,Isla,Lee,2025-06-25 23:34:36
1,360,sam.hill340@gmail.com,Sam,Hill,2025-06-25 21:32:34
4,294,noah.white858@icloud.com,Noah,White,2025-06-26 18:37:27
3,317,grace.robinson64@gmail.com,Grace,Robinson,2025-06-26 11:07:55
3,318,priya.edwards792@gmail.com,Priya,Edwards,2025-06-26 11:51:08
5,34,lucas.harris993@aol.com,Lucas,Harris,2025-06-26 08:46:40
3,319,noemail@apexvenue.invalid,Leo,Harris,2025-06-26 16:58:08
2,315,ETHAN.THOMPSON462@GMAIL.COM,Ethan,Thompson,2025-06-26 09:12:29
5,35,HANNAH.MARTINEZ211@ICLOUD.COM,Hannah,Martinez,2025-06-26 15:37:03
3,320,james.obrien742@eircom.net,James,O'Brien,2025-06-26 22:00:10
1,361,conor.obrien955@aol.com,Conor,O'Brien,2025-06-26 17:31:15
4,295,leo.garcia789@outlook.com,Leo,Garcia,2025-06-27 15:52:52
2,316,charlotte.white929@icloud.com,Charlotte,White,2025-06-26 23:44:10
3,321,olivia.smith44@eircom.net,Olivia,Smith,2025-06-27 12:31:11
1,362,noemail@apexvenue.invalid,Daniel,Williams,2025-06-27 11:53:18
3,322,,Ella,Martinez,2025-06-27 21:12:52
4,296,harry.davies544@outlook.com,Harry,Davies,2025-06-28 12:42:24
4,297," Kai.davies146@gmail.com",Kai,Davies,2025-06-28 14:22:34
3,323,hannah.moore206@outlook.com,Hannah,Moore,2025-06-28 11:15:18
3,324,james.wood62@outlook.com,James,Wood,2025-06-28 15:31:12
5,36,ava.hill493@yahoo.com,Ava,Hill,2025-06-28 13:05:45
1,363,sophia.hill669@icloud.com,Sophia,Hill,2025-06-28 20:49:27
1,364,grace.king959@icloud.com,Grace,King,2025-06-28 20:52:50
2,317,KAI.LEE868@GMAIL.COM,Kai,Lee,2025-06-28 20:58:03
3,325,elijah.lee669@outlook.com,Elijah,Lee,2025-06-29 08:15:37
1,365,DANIEL.TURNER681@AOL.COM,Daniel,Turner,2025-06-29 07:01:04
1,366,"emma.jackson712@yahoo.com  ",Emma,Jackson,2025-06-29 07:02:05
3,326,arjun.jackson682@outlook.com,Arjun,Jackson,2025-06-29 14:21:53
1,367,oscar.martinez189@icloud.com,Oscar,Martinez,2025-06-29 10:48:39
2,318,"jack.brown43@aol.com  ",Jack,Brown,2025-06-29 14:31:30
2,319,"hannah.white531@aol.com  ",Hannah,White,2025-06-29 14:40:53
2,320,freya.white736@outlook.com,Freya,White,2025-06-29 15:45:35
1,368,noemail@apexvenue.invalid,Freya,Edwards,2025-06-29 19:13:32
1,369," James.robinson966@yahoo.com",James,Robinson,2025-06-29 23:35:53
1,370,"aoife.wood321@aol.com  ",Aoife,Wood,2025-06-29 23:56:56
3,327,kai.evans879@gmail.com,Kai,Evans,2025-06-30 08:26:11
3,328,aoife.williams969@btinternet.com,Aoife,Williams,2025-06-30 14:20:51
1,371,mason.hall536@yahoo.com,Mason,Hall,2025-06-30 12:26:38
1,372," Mia.thomas290@aol.com",Mia,Thomas,2025-06-30 14:45:58
1,373,"james.cooper580@yahoo.com  ",James,Cooper,2025-06-30 14:51:42
1,374,conor.lewis88@yahoo.com,Conor,Lewis,2025-06-30 20:00:50
5,37,daniel.johnson147@gmail.com,Daniel,Johnson,2025-06-30 21:09:12
4,298,OSCAR.HILL893@GMAIL.COM,Oscar,Hill,2025-07-01 11:10:36
3,329,MIA.WHITE909@BTINTERNET.COM,Mia,White,2025-07-01 08:38:23
3,330,ava.walsh565@gmail.com,Ava,Walsh,2025-07-01 11:39:28
3,331,OLIVER.DAVIES530@HOTMAIL.CO.UK,Oliver,Davies,2025-07-01 23:16:21
4,299,isla.hall69@gmail.com,Isla,Hall,2025-07-02 22:28:20
1,375,NOAH.COOPER656@YAHOO.COM,Noah,Cooper,2025-07-02 10:34:28
2,321,noemail@apexvenue.invalid,Hannah,Garcia,2025-07-02 10:38:44
3,332,noemail@apexvenue.invalid,Mateo,Brown,2025-07-02 19:06:28
3,333,LEO.TURNER113@OUTLOOK.COM,Leo,Turner,2025-07-02 22:54:35
1,376,arjun.taylor855@yahoo.com,Arjun,Taylor,2025-07-03 08:55:06
1,377,amelia.thompson885@outlook.com,Amelia,Thompson,2025-07-03 09:27:36
1,378,"lucas.smith854@aol.com  ",Lucas,Smith,2025-07-03 11:09:07
2,322,elijah.king326@aol.com,Elijah,King,2025-07-03 09:59:16
3,334,"daniel.davies33@gmail.com  ",Daniel,Davies,2025-07-03 19:56:58
2,323,mateo.davies610@icloud.com,Mateo,Davies,2025-07-03 13:10:19
2,324,conor.johnson694@gmail.com,Conor,Johnson,2025-07-03 13:12:16
4,300,lily.brown609@icloud.com,Lily,Brown,2025-07-04 08:14:17
2,325,sofia.green444@icloud.com,Sofia,Green,2025-07-03 17:41:46
4,301,ZOE.WALSH838@GMAIL.COM,Zoe,Walsh,2025-07-04 11:12:33
2,326,"charlotte.robinson572@gmail.com  ",Charlotte,Robinson,2025-07-03 20:04:32
3,335,grace.wright699@gmail.com,Grace,Wright,2025-07-04 07:13:48
3,336,emma.king872@hotmail.co.uk,Emma,King,2025-07-04 10:08:04
2,327,CONOR.JOHNSON155@YAHOO.COM,Conor,Johnson,2025-07-04 11:34:03
3,337,lily.harris577@hotmail.co.uk,Lily,Harris,2025-07-04 20:44:45
3,338,daniel.obrien874@outlook.com,Daniel,O'Brien,2025-07-04 23:19:54
4,302," Oliver.smith90@outlook.com",Oliver,Smith,2025-07-05 17:50:38
3,339,sam.murphy833@eircom.net,Sam,Murphy,2025-07-05 11:11:12
3,340,AOIFE.MOORE309@HOTMAIL.CO.UK,Aoife,Moore,2025-07-05 12:57:28
3,341,ethan.williams208@outlook.com,Ethan,Williams,2025-07-05 14:46:37
1,379,noemail@apexvenue.invalid,Grace,Williams,2025-07-05 14:06:13
1,380,MATEO.NGUYEN95@GMAIL.COM,Mateo,Nguyen,2025-07-05 15:52:37
2,328,HARRY.KING821@ICLOUD.COM,Harry,King,2025-07-05 14:39:18
1,381,conor.lee317@gmail.com,Conor,Lee,2025-07-05 18:01:02
2,329,FREYA.HILL912@OUTLOOK.COM,Freya,Hill,2025-07-05 18:21:56
2,330,charlotte.robinson924@aol.com,Charlotte,Robinson,2025-07-05 19:03:24
1,382,LUCAS.HUGHES574@OUTLOOK.COM,Lucas,Hughes,2025-07-05 23:45:28
3,342,oscar.moore288@hotmail.co.uk,Oscar,Moore,2025-07-06 15:32:26
2,331,liam.robinson8@icloud.com,Liam,Robinson,2025-07-06 12:57:43
2,332,DANIEL.HILL251@OUTLOOK.COM,Daniel,Hill,2025-07-06 17:47:57
2,333,chloe.martin387@yahoo.com,Chloe,Martin,2025-07-06 18:19:13
1,383,noemail@apexvenue.invalid,Mia,Robinson,2025-07-06 23:08:58
1,384,PRIYA.WALKER845@AOL.COM,Priya,Walker,2025-07-06 23:49:09
4,303,mateo.turner752@bigpond.com,Mateo,Turner,2025-07-07 21:25:34
1,385,mateo.kelly913@icloud.com,Mateo,Kelly,2025-07-07 09:30:13
3,343,amelia.walsh204@hotmail.co.uk,Amelia,Walsh,2025-07-07 15:20:33
5,38,JAMES.SMITH435@ICLOUD.COM,James,Smith,2025-07-07 13:47:28
2,334,HANNAH.KELLY731@GMAIL.COM,Hannah,Kelly,2025-07-07 12:31:03
2,335,ava.cooper713@aol.com,Ava,Cooper,2025-07-07 15:51:36
4,304,liam.jackson375@outlook.com,Liam,Jackson,2025-07-08 13:46:09
3,344,kai.thomas699@eircom.net,Kai,Thomas,2025-07-08 07:05:39
3,345,mason.martinez954@hotmail.co.uk,Mason,Martinez,2025-07-08 07:42:57
3,346,,Hannah,Hughes,2025-07-08 08:45:00
3,347,elijah.obrien236@eircom.net,Elijah,O'Brien,2025-07-08 10:05:27
4,305,emma.harris922@gmail.com,Emma,Harris,2025-07-08 21:26:21
3,348,EMMA.JACKSON425@EIRCOM.NET,Emma,Jackson,2025-07-08 13:08:45
4,306,"emma.kelly59@outlook.com  ",Emma,Kelly,2025-07-08 23:30:36
2,336,"daniel.wood943@gmail.com  ",Daniel,Wood,2025-07-08 07:06:54
3,349,oscar.taylor479@hotmail.co.uk,Oscar,Taylor,2025-07-08 16:10:48
3,350,ella.evans813@btinternet.com,Ella,Evans,2025-07-08 16:47:50
2,337,emma.hughes917@aol.com,Emma,Hughes,2025-07-08 10:08:40
3,351,henry.green235@btinternet.com,Henry,Green,2025-07-08 21:52:11
4,307,sophia.white159@icloud.com,Sophia,White,2025-07-09 09:25:44
4,308," Liam.clark37@outlook.com",Liam,Clark,2025-07-09 11:14:39
1,386,freya.walsh227@gmail.com,Freya,Walsh,2025-07-08 21:35:33
1,387,emma.johnson979@gmail.com,Emma,Johnson,2025-07-08 22:38:05
1,388,,Aoife,Davies,2025-07-08 23:28:40
3,352,mason.thompson931@eircom.net,Mason,Thompson,2025-07-09 08:41:08
4,309,harry.brown844@gmail.com,Harry,Brown,2025-07-09 18:47:13
1,389,"mia.kelly966@aol.com  ",Mia,Kelly,2025-07-09 08:14:52
2,338,jack.edwards57@outlook.com,Jack,Edwards,2025-07-09 07:31:03
3,353,oliver.robinson269@eircom.net,Oliver,Robinson,2025-07-09 19:09:07
2,339,lily.wood712@outlook.com,Lily,Wood,2025-07-09 12:06:06
2,340,liam.king396@aol.com,Liam,King,2025-07-09 12:18:18
2,341,leo.clark510@outlook.com,Leo,Clark,2025-07-09 13:54:03
1,390,EMMA.EVANS346@GMAIL.COM,Emma,Evans,2025-07-09 22:20:00
3,354,noemail@apexvenue.invalid,Hannah,Jones,2025-07-10 08:50:09
3,355," Harry.wilson320@hotmail.co.uk",Harry,Wilson,2025-07-10 12:02:14
1,391,"sam.nguyen261@aol.com  ",Sam,Nguyen,2025-07-10 14:08:30
1,392,emma.harris284@gmail.com,Emma,Harris,2025-07-10 21:35:05
1,393,siobhan.martin254@gmail.com,Siobhan,Martin,2025-07-10 23:01:27
1,394,DANIEL.MARTIN777@AOL.COM,Daniel,Martin,2025-07-10 23:09:21
4,310,DANIEL.DAVIES295@BIGPOND.COM,Daniel,Davies,2025-07-11 14:21:35
2,342,"james.cooper208@outlook.com  ",James,Cooper,2025-07-10 23:54:55
3,356,liam.patel573@hotmail.co.uk,Liam,Patel,2025-07-11 09:14:42
3,357,emma.wright248@gmail.com,Emma,Wright,2025-07-11 10:09:20
5,39," Conor.murphy24@icloud.com",Conor,Murphy,2025-07-11 09:16:13
4,311,oliver.hall950@bigpond.com,Oliver,Hall,2025-07-11 23:53:34
3,358,HARRY.KELLY278@GMAIL.COM,Harry,Kelly,2025-07-11 15:15:06
1,395,priya.robinson287@outlook.com,Priya,Robinson,2025-07-11 12:50:35
3,359,isla.walker933@btinternet.com,Isla,Walker,2025-07-11 20:17:15
1,396,,Ethan,Moore,2025-07-11 15:35:41
4,312,"oscar.robinson697@outlook.com  ",Oscar,Robinson,2025-07-12 08:19:22
4,313,jack.green332@outlook.com,Jack,Green,2025-07-12 10:42:16
1,397,amelia.martin762@gmail.com,Amelia,Martin,2025-07-11 21:05:54
2,343,"chloe.clarke159@gmail.com  ",Chloe,Clarke,2025-07-11 21:02:20
3,360,freya.robinson870@eircom.net,Freya,Robinson,2025-07-12 11:10:55
5,40,harry.johnson388@icloud.com,Harry,Johnson,2025-07-12 09:19:13
1,398,,Zoe,Robinson,2025-07-12 09:44:05
1,399,emma.walsh198@aol.com,Emma,Walsh,2025-07-12 12:12:12
1,400,EMMA.EVANS100@AOL.COM,Emma,Evans,2025-07-12 12:22:13
1,401,"leo.thompson64@icloud.com  ",Leo,Thompson,2025-07-12 15:12:51
4,314,olivia.walsh81@bigpond.com,Olivia,Walsh,2025-07-13 12:31:07
1,402,emma.nguyen641@icloud.com,Emma,Nguyen,2025-07-13 07:56:32
3,361,AVA.TAYLOR755@GMAIL.COM,Ava,Taylor,2025-07-13 13:06:38
5,41,olivia.taylor784@aol.com,Olivia,Taylor,2025-07-13 08:31:02
1,403,noemail@apexvenue.invalid,Sam,Jackson,2025-07-13 09:17:25
5,42,"olivia.patel851@icloud.com  ",Olivia,Patel,2025-07-13 11:57:41
3,362,SAM.OBRIEN615@GMAIL.COM,Sam,O'Brien,2025-07-13 18:37:52
2,344,olivia.brown39@yahoo.com,Olivia,Brown,2025-07-13 11:27:48
1,404,amelia.hall81@gmail.com,Amelia,Hall,2025-07-13 14:35:15
1,405,sofia.thompson147@outlook.com,Sofia,Thompson,2025-07-13 15:21:16
2,345,SIOBHAN.KELLY292@YAHOO.COM,Siobhan,Kelly,2025-07-13 13:38:23
2,346,arjun.smith752@gmail.com,Arjun,Smith,2025-07-13 18:38:06
3,363,conor.martin254@gmail.com,Conor,Martin,2025-07-14 07:01:09
4,315,priya.hall288@bigpond.com,Priya,Hall,2025-07-14 21:20:20
2,347,oliver.walsh208@yahoo.com,Oliver,Walsh,2025-07-14 08:07:03
1,406,SOFIA.WOOD323@ICLOUD.COM,Sofia,Wood,2025-07-14 11:58:10
2,348,"siobhan.johnson794@icloud.com  ",Siobhan,Johnson,2025-07-14 11:01:06
2,349,SOPHIA.KELLY829@OUTLOOK.COM,Sophia,Kelly,2025-07-14 12:43:11
2,350,priya.patel130@icloud.com,Priya,Patel,2025-07-14 20:56:06
1,407,,Lily,Clark,2025-07-15 13:03:39
1,408,olivia.walker924@yahoo.com,Olivia,Walker,2025-07-15 14:08:33
1,409,AVA.WILSON960@ICLOUD.COM,Ava,Wilson,2025-07-15 16:50:15
1,410,ruby.hall353@icloud.com,Ruby,Hall,2025-07-15 20:01:30
4,316,isla.smith204@bigpond.com,Isla,Smith,2025-07-16 15:17:37
4,317,sofia.smith150@bigpond.com,Sofia,Smith,2025-07-16 16:03:21
3,364,grace.garcia291@hotmail.co.uk,Grace,Garcia,2025-07-16 12:22:32
4,318,hannah.green455@outlook.com,Hannah,Green,2025-07-16 21:25:41
1,411,ethan.cooper793@yahoo.com,Ethan,Cooper,2025-07-16 09:09:06
1,412,mateo.cooper299@gmail.com,Mateo,Cooper,2025-07-16 11:03:19
3,365,jack.harris968@outlook.com,Jack,Harris,2025-07-16 17:46:15
1,413,AMELIA.OBRIEN479@OUTLOOK.COM,Amelia,O'Brien,2025-07-16 17:44:54
3,366,noemail@apexvenue.invalid,Ruby,Patel,2025-07-16 23:11:02
3,367,hannah.smith302@hotmail.co.uk,Hannah,Smith,2025-07-16 23:40:52
2,351,ISLA.THOMPSON866@ICLOUD.COM,Isla,Thompson,2025-07-16 16:07:24
4,319,"liam.martinez168@gmail.com  ",Liam,Martinez,2025-07-17 14:58:17
2,352,mia.brown449@aol.com,Mia,Brown,2025-07-16 22:01:49
4,320,SAM.MARTINEZ604@GMAIL.COM,Sam,Martinez,2025-07-17 17:13:23
2,353,ruby.murphy809@icloud.com,Ruby,Murphy,2025-07-17 10:45:07
1,414,james.thomas63@yahoo.com,James,Thomas,2025-07-17 15:41:47
2,354,noemail@apexvenue.invalid,Oliver,Garcia,2025-07-17 14:29:38
1,415,noemail@apexvenue.invalid,Ethan,Brown,2025-07-17 18:29:33
4,321,ARJUN.WALSH303@GMAIL.COM,Arjun,Walsh,2025-07-18 12:26:49
4,322,"olivia.jones344@outlook.com  ",Olivia,Jones,2025-07-18 18:55:32
3,368," Grace.moore704@hotmail.co.uk",Grace,Moore,2025-07-18 11:19:16
1,416,lucas.robinson934@outlook.com,Lucas,Robinson,2025-07-18 09:48:43
5,43," Oliver.walsh322@outlook.com",Oliver,Walsh,2025-07-18 11:45:57
1,417,harry.patel632@outlook.com,Harry,Patel,2025-07-18 18:14:58
1,418,james.smith834@gmail.com,James,Smith,2025-07-18 19:49:40
2,355,NOAH.GARCIA842@ICLOUD.COM,Noah,Garcia,2025-07-18 16:58:48
1,419,AVA.PATEL258@GMAIL.COM,Ava,Patel,2025-07-18 23:15:07
2,356,"ella.thomas599@outlook.com  ",Ella,Thomas,2025-07-18 23:47:25
3,369,olivia.wright206@gmail.com,Olivia,Wright,2025-07-19 09:17:10
4,323,JACK.NGUYEN776@BIGPOND.COM,Jack,Nguyen,2025-07-19 19:29:14
5,44,JACK.JACKSON597@AOL.COM,Jack,Jackson,2025-07-19 15:07:40
2,357,noemail@apexvenue.invalid,Jack,Davies,2025-07-19 14:33:31
4,324,ELLA.SMITH412@GMAIL.COM,Ella,Smith,2025-07-20 13:21:25
2,358,AVA.BROWN277@ICLOUD.COM,Ava,Brown,2025-07-19 23:54:42
3,370,ruby.garcia32@gmail.com,Ruby,Garcia,2025-07-20 12:13:53
3,371,arjun.obrien326@gmail.com,Arjun,O'Brien,2025-07-20 14:36:59
1,420,"hannah.wood283@yahoo.com  ",Hannah,Wood,2025-07-20 10:49:34
2,359,jack.lee140@gmail.com,Jack,Lee,2025-07-20 11:30:14
2,360,oscar.wright808@yahoo.com,Oscar,Wright,2025-07-20 13:36:18
3,372,chloe.johnson930@outlook.com,Chloe,Johnson,2025-07-20 22:00:11
1,421,MIA.MOORE763@YAHOO.COM,Mia,Moore,2025-07-20 17:55:19
1,422,sophia.clark629@yahoo.com,Sophia,Clark,2025-07-20 23:26:06
1,423,ethan.martinez624@aol.com,Ethan,Martinez,2025-07-21 13:17:47
2,361,SIOBHAN.OBRIEN411@YAHOO.COM,Siobhan,O'Brien,2025-07-21 10:46:11
2,362,RUBY.HUGHES922@YAHOO.COM,Ruby,Hughes,2025-07-21 13:53:52
1,424,zoe.lee385@yahoo.com,Zoe,Lee,2025-07-21 22:02:21
1,425,CONOR.COOPER795@GMAIL.COM,Conor,Cooper,2025-07-21 22:32:40
3,373,noah.edwards819@outlook.com,Noah,Edwards,2025-07-22 08:15:50
1,426," Oliver.hill964@aol.com",Oliver,Hill,2025-07-22 07:05:26
1,427,OSCAR.HILL615@OUTLOOK.COM,Oscar,Hill,2025-07-22 09:21:21
2,363,noemail@apexvenue.invalid,Siobhan,Hall,2025-07-22 07:36:43
3,374,MATEO.HALL734@BTINTERNET.COM,Mateo,Hall,2025-07-22 15:45:15
1,428,ruby.obrien161@yahoo.com,Ruby,O'Brien,2025-07-22 11:29:59
2,364,"mason.jones849@aol.com  ",Mason,Jones,2025-07-22 14:08:00
2,365,"arjun.lee88@outlook.com  ",Arjun,Lee,2025-07-22 14:12:02
1,429,noemail@apexvenue.invalid,Liam,Moore,2025-07-22 17:51:17
2,366,noemail@apexvenue.invalid,Sophia,Patel,2025-07-22 16:04:54
2,367,DANIEL.WALKER897@GMAIL.COM,Daniel,Walker,2025-07-22 23:08:26
3,375,GRACE.SMITH254@EIRCOM.NET,Grace,Smith,2025-07-23 08:51:10
4,325,ethan.jackson651@gmail.com,Ethan,Jackson,2025-07-23 19:41:03
3,376,conor.wilson811@btinternet.com,Conor,Wilson,2025-07-23 11:33:52
3,377,ruby.white462@btinternet.com,Ruby,White,2025-07-23 13:16:49
4,326,conor.hill187@bigpond.com,Conor,Hill,2025-07-23 22:51:08
3,378,LUCAS.KELLY2@OUTLOOK.COM,Lucas,Kelly,2025-07-23 14:19:29
3,379,SOFIA.DAVIES93@HOTMAIL.CO.UK,Sofia,Davies,2025-07-23 17:14:55
1,430,noemail@apexvenue.invalid,Freya,Clarke,2025-07-23 21:58:55
1,431," Priya.thomas251@aol.com",Priya,Thomas,2025-07-23 22:37:54
4,327,sam.green714@bigpond.com,Sam,Green,2025-07-24 16:35:25
3,380,,Ethan,Walsh,2025-07-24 10:04:31
3,381,"charlotte.thompson466@outlook.com  ",Charlotte,Thompson,2025-07-24 13:42:10
1,432,zoe.edwards430@aol.com,Zoe,Edwards,2025-07-24 09:26:55
2,368,james.murphy717@aol.com,James,Murphy,2025-07-24 12:06:02
1,433,LEO.THOMAS632@AOL.COM,Leo,Thomas,2025-07-24 15:21:49
2,369,conor.clark401@aol.com,Conor,Clark,2025-07-24 12:37:24
1,434,oliver.wright344@icloud.com,Oliver,Wright,2025-07-24 22:02:22
2,370,sam.martin558@outlook.com,Sam,Martin,2025-07-24 19:44:50
3,382,"ruby.johnson134@gmail.com  ",Ruby,Johnson,2025-07-25 08:17:09
3,383,daniel.brown373@eircom.net,Daniel,Brown,2025-07-25 12:44:04
3,384,elijah.taylor835@hotmail.co.uk,Elijah,Taylor,2025-07-25 15:56:20
1,435,mason.johnson480@gmail.com,Mason,Johnson,2025-07-25 10:56:56
1,436,MIA.SMITH706@ICLOUD.COM,Mia,Smith,2025-07-25 14:02:46
2,371,SAM.TURNER462@GMAIL.COM,Sam,Turner,2025-07-25 11:26:53
2,372," Lily.thomas222@outlook.com",Lily,Thomas,2025-07-25 13:24:24
1,437,grace.wilson295@yahoo.com,Grace,Wilson,2025-07-25 23:07:09
2,373,lily.martinez495@gmail.com,Lily,Martinez,2025-07-25 22:40:38
3,385,NOAH.SMITH813@EIRCOM.NET,Noah,Smith,2025-07-26 13:25:56
2,374,sofia.edwards564@gmail.com,Sofia,Edwards,2025-07-26 08:06:37
1,438,liam.kelly300@yahoo.com,Liam,Kelly,2025-07-26 14:47:51
2,375,priya.brown500@gmail.com,Priya,Brown,2025-07-26 12:03:42
2,376,"olivia.jackson343@yahoo.com  ",Olivia,Jackson,2025-07-26 12:16:22
1,439,ISLA.HILL208@AOL.COM,Isla,Hill,2025-07-26 17:01:56
3,386,noemail@apexvenue.invalid,Grace,Martinez,2025-07-27 09:14:56
3,387,"charlotte.wright839@gmail.com  ",Charlotte,Wright,2025-07-27 10:44:44
1,440,noemail@apexvenue.invalid,Elijah,Jackson,2025-07-27 11:24:24
2,377,conor.king765@aol.com,Conor,King,2025-07-27 13:20:33
1,441,CHLOE.MARTIN614@GMAIL.COM,Chloe,Martin,2025-07-27 16:41:56
3,388,oliver.thomas514@btinternet.com,Oliver,Thomas,2025-07-27 22:46:04
1,442,hannah.garcia597@outlook.com,Hannah,Garcia,2025-07-27 23:19:41
1,443,noemail@apexvenue.invalid,Daniel,Thomas,2025-07-27 23:49:36
3,389,noemail@apexvenue.invalid,Grace,Hill,2025-07-28 07:16:52
4,328,oliver.kelly136@gmail.com,Oliver,Kelly,2025-07-28 17:55:44
3,390,leo.johnson367@eircom.net,Leo,Johnson,2025-07-28 09:39:33
3,391,james.harris807@eircom.net,James,Harris,2025-07-28 20:05:23
3,392,sofia.harris271@hotmail.co.uk,Sofia,Harris,2025-07-28 22:56:47
2,378,grace.martin358@gmail.com,Grace,Martin,2025-07-28 16:13:54
4,329,CHLOE.CLARK816@ICLOUD.COM,Chloe,Clark,2025-07-29 09:22:24
4,330,"charlotte.edwards258@outlook.com  ",Charlotte,Edwards,2025-07-29 10:50:12
1,444,"emma.edwards352@outlook.com  ",Emma,Edwards,2025-07-28 20:54:31
1,445,"henry.wilson701@yahoo.com  ",Henry,Wilson,2025-07-28 22:25:06
4,331," Emma.davies851@outlook.com",Emma,Davies,2025-07-29 20:39:07
1,446,elijah.smith339@icloud.com,Elijah,Smith,2025-07-29 09:37:38
4,332,ava.jones527@gmail.com,Ava,Jones,2025-07-29 23:52:33
1,447,daniel.turner143@outlook.com,Daniel,Turner,2025-07-29 13:48:53
1,448,"mia.wright647@gmail.com  ",Mia,Wright,2025-07-29 14:08:27
3,393,"liam.brown161@outlook.com  ",Liam,Brown,2025-07-29 19:47:10
1,449,"charlotte.lewis541@aol.com  ",Charlotte,Lewis,2025-07-29 19:22:34
2,379,sam.williams660@yahoo.com,Sam,Williams,2025-07-29 17:02:08
2,380,"arjun.johnson959@outlook.com  ",Arjun,Johnson,2025-07-29 18:16:33
2,381,,Daniel,Wilson,2025-07-29 21:22:10
2,382,hannah.evans370@outlook.com,Hannah,Evans,2025-07-29 23:11:48
3,394,sam.hughes105@gmail.com,Sam,Hughes,2025-07-30 09:17:24
1,450,arjun.kelly561@outlook.com,Arjun,Kelly,2025-07-30 07:43:17
1,451,mateo.wright596@icloud.com,Mateo,Wright,2025-07-30 09:19:16
2,383,ruby.thompson943@aol.com,Ruby,Thompson,2025-07-30 07:24:56
1,452,noemail@apexvenue.invalid,Noah,Evans,2025-07-30 13:27:52
1,453,priya.edwards576@gmail.com,Priya,Edwards,2025-07-30 15:03:53
1,454," Zoe.nguyen109@aol.com",Zoe,Nguyen,2025-07-30 20:36:14
3,395,leo.evans835@gmail.com,Leo,Evans,2025-07-31 09:04:07
1,455,LIAM.MOORE25@GMAIL.COM,Liam,Moore,2025-07-31 07:21:57
3,396,NOAH.WRIGHT340@EIRCOM.NET,Noah,Wright,2025-07-31 16:19:36
2,384,sofia.king62@outlook.com,Sofia,King,2025-07-31 11:27:09
3,397," Priya.king202@eircom.net",Priya,King,2025-07-31 20:39:05
2,385,"arjun.kelly306@aol.com  ",Arjun,Kelly,2025-07-31 20:08:59
3,398,isla.hughes290@hotmail.co.uk,Isla,Hughes,2025-08-01 14:34:19
1,456,noemail@apexvenue.invalid,Oscar,Taylor,2025-08-01 19:09:19
2,386,sofia.lewis398@icloud.com,Sofia,Lewis,2025-08-01 16:21:16
4,333,mason.brown978@outlook.com,Mason,Brown,2025-08-02 10:51:59
1,457,sophia.clarke170@yahoo.com,Sophia,Clarke,2025-08-01 22:11:16
4,334,KAI.KING67@OUTLOOK.COM,Kai,King,2025-08-02 18:48:42
4,335,siobhan.hughes879@icloud.com,Siobhan,Hughes,2025-08-02 23:58:26
3,399,HARRY.OBRIEN526@GMAIL.COM,Harry,O'Brien,2025-08-02 21:15:20
1,458,noemail@apexvenue.invalid,Grace,O'Brien,2025-08-02 23:28:39
2,387,noemail@apexvenue.invalid,Harry,Moore,2025-08-02 22:26:34
4,336," Leo.moore599@bigpond.com",Leo,Moore,2025-08-03 16:35:58
2,388,sophia.wood371@outlook.com,Sophia,Wood,2025-08-03 09:47:25
1,459,"james.moore851@yahoo.com  ",James,Moore,2025-08-03 16:19:42
2,389,amelia.turner33@outlook.com,Amelia,Turner,2025-08-03 17:42:05
1,460,SOPHIA.CLARK788@YAHOO.COM,Sophia,Clark,2025-08-04 20:14:22
3,400,ELIJAH.WALSH75@BTINTERNET.COM,Elijah,Walsh,2025-08-05 07:18:22
2,390,siobhan.green315@yahoo.com,Siobhan,Green,2025-08-05 07:34:20
1,461," Isla.edwards746@aol.com",Isla,Edwards,2025-08-05 10:34:20
1,462,noemail@apexvenue.invalid,Aoife,Williams,2025-08-05 12:08:12
2,391," Aoife.williams88@gmail.com",Aoife,Williams,2025-08-05 15:45:44
2,392,ruby.jackson652@icloud.com,Ruby,Jackson,2025-08-05 17:25:35
4,337,arjun.murphy244@gmail.com,Arjun,Murphy,2025-08-06 17:59:30
3,401,noah.hughes112@eircom.net,Noah,Hughes,2025-08-06 19:58:48
3,402,"emma.johnson717@gmail.com  ",Emma,Johnson,2025-08-06 21:01:27
4,338,charlotte.clark628@gmail.com,Charlotte,Clark,2025-08-07 07:17:45
5,45,conor.walsh119@outlook.com,Conor,Walsh,2025-08-07 08:40:48
2,393,emma.hughes553@aol.com,Emma,Hughes,2025-08-07 09:29:59
3,403,sophia.jackson148@btinternet.com,Sophia,Jackson,2025-08-07 18:12:02
4,339,"conor.white208@icloud.com  ",Conor,White,2025-08-08 11:37:31
1,463,MASON.WALSH105@GMAIL.COM,Mason,Walsh,2025-08-07 22:44:40
3,404,noah.robinson755@gmail.com,Noah,Robinson,2025-08-08 11:33:34
1,464,freya.wilson370@gmail.com,Freya,Wilson,2025-08-08 10:31:54
3,405,SOPHIA.HUGHES332@EIRCOM.NET,Sophia,Hughes,2025-08-08 17:13:46
2,394,james.hall70@aol.com,James,Hall,2025-08-08 11:45:16
1,465,amelia.taylor269@aol.com,Amelia,Taylor,2025-08-08 21:04:27
3,406,mason.clark561@hotmail.co.uk,Mason,Clark,2025-08-09 07:21:22
4,340,SOPHIA.ROBINSON235@OUTLOOK.COM,Sophia,Robinson,2025-08-09 21:37:09
3,407,noemail@apexvenue.invalid,Emma,Patel,2025-08-09 14:51:26
2,395,freya.evans495@outlook.com,Freya,Evans,2025-08-09 07:36:05
1,466,aoife.johnson742@yahoo.com,Aoife,Johnson,2025-08-09 16:47:23
4,341,oscar.wood122@gmail.com,Oscar,Wood,2025-08-10 10:45:26
2,396,ethan.lewis336@icloud.com,Ethan,Lewis,2025-08-09 18:21:55
4,342,siobhan.clarke657@outlook.com,Siobhan,Clarke,2025-08-10 11:46:05
3,408,"liam.edwards114@hotmail.co.uk  ",Liam,Edwards,2025-08-10 10:08:54
3,409,,Arjun,King,2025-08-10 16:09:48
1,467,AMELIA.WRIGHT892@ICLOUD.COM,Amelia,Wright,2025-08-10 11:20:40
1,468,oscar.walker890@gmail.com,Oscar,Walker,2025-08-10 16:06:27
3,410,ava.robinson309@outlook.com,Ava,Robinson,2025-08-10 23:36:23
3,411,ethan.walker869@hotmail.co.uk,Ethan,Walker,2025-08-11 10:11:18
3,412," Sophia.robinson941@btinternet.com",Sophia,Robinson,2025-08-11 11:41:53
1,469,freya.clarke852@aol.com,Freya,Clarke,2025-08-11 11:20:19
2,397,KAI.MARTINEZ8@OUTLOOK.COM,Kai,Martinez,2025-08-11 13:01:13
4,343,kai.cooper380@icloud.com,Kai,Cooper,2025-08-12 11:45:23
3,413,siobhan.murphy255@outlook.com,Siobhan,Murphy,2025-08-12 08:34:33
3,414,SIOBHAN.CLARK666@OUTLOOK.COM,Siobhan,Clark,2025-08-12 08:44:01
3,415,liam.smith931@gmail.com,Liam,Smith,2025-08-12 10:21:32
1,470,noemail@apexvenue.invalid,Ethan,Wood,2025-08-12 09:32:21
2,398,mia.brown366@icloud.com,Mia,Brown,2025-08-12 21:17:22
1,471,"olivia.obrien309@gmail.com  ",Olivia,O'Brien,2025-08-13 09:28:22
1,472,noah.cooper656@yahoo.com,Noah,Cooper,2025-08-13 11:32:28
1,473,chloe.hall275@gmail.com,Chloe,Hall,2025-08-13 11:39:49
1,474,oliver.walsh895@gmail.com,Oliver,Walsh,2025-08-13 19:52:23
5,46,noemail@apexvenue.invalid,Siobhan,Green,2025-08-13 23:52:35
3,416,kai.walker762@outlook.com,Kai,Walker,2025-08-14 09:06:06
1,475,ethan.thompson336@aol.com,Ethan,Thompson,2025-08-14 08:23:03
2,399," Sofia.green662@yahoo.com",Sofia,Green,2025-08-14 10:45:54
2,400,SAM.SMITH578@YAHOO.COM,Sam,Smith,2025-08-14 12:11:27
1,476,noemail@apexvenue.invalid,Mateo,Hill,2025-08-14 19:08:45
4,344,hannah.kelly735@gmail.com,Hannah,Kelly,2025-08-15 09:51:05
2,401,james.jones952@outlook.com,James,Jones,2025-08-14 16:58:54
1,477,ZOE.ROBINSON577@AOL.COM,Zoe,Robinson,2025-08-14 20:27:27
2,402,,Daniel,Walker,2025-08-14 19:35:45
4,345,"olivia.clarke885@icloud.com  ",Olivia,Clarke,2025-08-15 18:40:57
5,47,"oscar.jackson651@gmail.com  ",Oscar,Jackson,2025-08-15 07:03:47
3,417,oscar.johnson832@outlook.com,Oscar,Johnson,2025-08-15 15:35:54
2,403,ethan.wilson675@aol.com,Ethan,Wilson,2025-08-15 11:21:16
2,404,GRACE.EVANS150@YAHOO.COM,Grace,Evans,2025-08-15 15:06:11
2,405,emma.wood116@aol.com,Emma,Wood,2025-08-15 17:51:22
4,346,noemail@apexvenue.invalid,Emma,Cooper,2025-08-16 10:55:39
3,418,"aoife.wood105@hotmail.co.uk  ",Aoife,Wood,2025-08-16 09:42:30
3,419,henry.turner98@btinternet.com,Henry,Turner,2025-08-16 12:33:09
1,478,"siobhan.hughes131@gmail.com  ",Siobhan,Hughes,2025-08-16 09:56:52
3,420,siobhan.clark666@outlook.com,Siobhan,Clark,2025-08-16 15:43:28
2,406,HENRY.THOMAS233@YAHOO.COM,Henry,Thomas,2025-08-16 10:33:09
4,347,olivia.green674@gmail.com,Olivia,Green,2025-08-17 09:49:15
1,479,ava.moore26@gmail.com,Ava,Moore,2025-08-16 23:00:15
2,407,aoife.kelly460@aol.com,Aoife,Kelly,2025-08-17 14:32:27
1,480,CHARLOTTE.CLARK330@YAHOO.COM,Charlotte,Clark,2025-08-17 18:22:42
4,348,,Hannah,Wood,2025-08-18 13:45:27
4,349,ethan.clark620@gmail.com,Ethan,Clark,2025-08-18 14:17:28
2,408,noemail@apexvenue.invalid,Henry,Taylor,2025-08-17 23:47:04
4,350,oscar.hughes47@outlook.com,Oscar,Hughes,2025-08-18 19:19:30
4,351,sam.garcia708@outlook.com,Sam,Garcia,2025-08-18 19:27:56
1,481,"sophia.walker341@gmail.com  ",Sophia,Walker,2025-08-18 07:29:33
4,352,FREYA.MURPHY480@GMAIL.COM,Freya,Murphy,2025-08-18 22:43:08
1,482,,Leo,Kelly,2025-08-18 09:19:02
1,483,elijah.obrien95@outlook.com,Elijah,O'Brien,2025-08-18 14:10:53
3,421,ella.jones302@btinternet.com,Ella,Jones,2025-08-18 22:01:31
1,484,lucas.garcia148@icloud.com,Lucas,Garcia,2025-08-18 17:07:46
3,422,ELIJAH.JACKSON425@GMAIL.COM,Elijah,Jackson,2025-08-18 22:58:02
2,409,DANIEL.LEE983@YAHOO.COM,Daniel,Lee,2025-08-18 20:11:00
2,410," Emma.robinson286@outlook.com",Emma,Robinson,2025-08-18 21:30:57
4,353,noah.williams246@gmail.com,Noah,Williams,2025-08-19 20:19:45
4,354,priya.thompson941@outlook.com,Priya,Thompson,2025-08-19 23:09:38
2,411,lily.king39@gmail.com,Lily,King,2025-08-19 09:48:02
2,412,oliver.martin412@yahoo.com,Oliver,Martin,2025-08-19 16:28:15
2,413,aoife.davies956@aol.com,Aoife,Davies,2025-08-19 22:39:38
3,423,noemail@apexvenue.invalid,Chloe,King,2025-08-20 12:41:31
1,485,leo.hill665@icloud.com,Leo,Hill,2025-08-20 07:48:06
5,48,OSCAR.MOORE686@AOL.COM,Oscar,Moore,2025-08-20 10:12:25
1,486,"aoife.jackson522@aol.com  ",Aoife,Jackson,2025-08-20 23:51:02
3,424,ISLA.WOOD678@OUTLOOK.COM,Isla,Wood,2025-08-21 15:02:20
3,425,"jack.jones462@eircom.net  ",Jack,Jones,2025-08-21 15:29:02
3,426,ella.thomas231@btinternet.com,Ella,Thomas,2025-08-21 16:16:50
1,487,"oscar.williams936@aol.com  ",Oscar,Williams,2025-08-21 14:25:11
1,488,DANIEL.WOOD240@OUTLOOK.COM,Daniel,Wood,2025-08-21 16:05:08
2,414,chloe.smith141@outlook.com,Chloe,Smith,2025-08-21 14:45:05
1,489,MIA.GARCIA351@YAHOO.COM,Mia,Garcia,2025-08-21 18:54:51
1,490,noemail@apexvenue.invalid,Oscar,Cooper,2025-08-21 19:44:17
4,355,DANIEL.LEE587@OUTLOOK.COM,Daniel,Lee,2025-08-22 12:37:54
1,491,aoife.lewis84@icloud.com,Aoife,Lewis,2025-08-22 09:45:27
1,492,noemail@apexvenue.invalid,Hannah,Garcia,2025-08-22 14:16:13
1,493,"hannah.king805@gmail.com  ",Hannah,King,2025-08-22 15:46:48
3,427,"priya.obrien400@eircom.net  ",Priya,O'Brien,2025-08-22 21:24:34
4,356,chloe.king7@outlook.com,Chloe,King,2025-08-23 08:36:38
4,357,amelia.hughes927@icloud.com,Amelia,Hughes,2025-08-23 10:10:16
2,415,LIAM.WRIGHT3@GMAIL.COM,Liam,Wright,2025-08-22 17:14:28
1,494,zoe.martin637@outlook.com,Zoe,Martin,2025-08-23 09:48:08
3,428,"zoe.white842@eircom.net  ",Zoe,White,2025-08-23 14:48:59
1,495,ava.white551@yahoo.com,Ava,White,2025-08-23 12:14:47
3,429,olivia.cooper542@eircom.net,Olivia,Cooper,2025-08-23 19:11:12
1,496,daniel.green579@gmail.com,Daniel,Green,2025-08-23 14:13:57
2,416,leo.clark547@yahoo.com,Leo,Clark,2025-08-23 13:12:41
1,497,MIA.KELLY113@ICLOUD.COM,Mia,Kelly,2025-08-23 20:59:05
1,498,OLIVIA.SMITH630@YAHOO.COM,Olivia,Smith,2025-08-23 21:37:15
1,499,grace.robinson541@yahoo.com,Grace,Robinson,2025-08-23 23:33:41
3,430,jack.white636@eircom.net,Jack,White,2025-08-24 10:18:36
1,500,ava.clarke680@aol.com,Ava,Clarke,2025-08-24 08:48:07
2,417,olivia.walsh424@gmail.com,Olivia,Walsh,2025-08-24 08:48:10
1,501,noah.jackson15@outlook.com,Noah,Jackson,2025-08-24 13:48:41
4,358,emma.davies327@bigpond.com,Emma,Davies,2025-08-25 17:06:03
4,359,mateo.johnson949@bigpond.com,Mateo,Johnson,2025-08-25 20:24:26
5,49,noemail@apexvenue.invalid,Henry,Wright,2025-08-25 08:21:00
3,431,elijah.hughes722@gmail.com,Elijah,Hughes,2025-08-25 13:54:35
2,418,zoe.obrien865@icloud.com,Zoe,O'Brien,2025-08-25 11:04:06
3,432," Charlotte.hall712@hotmail.co.uk",Charlotte,Hall,2025-08-25 20:25:14
2,419,daniel.taylor473@icloud.com,Daniel,Taylor,2025-08-25 12:54:34
4,360,sophia.lee446@icloud.com,Sophia,Lee,2025-08-26 13:47:39
4,361,ELLA.WHITE696@OUTLOOK.COM,Ella,White,2025-08-26 17:17:35
3,433,noemail@apexvenue.invalid,Hannah,Patel,2025-08-26 12:48:19
2,420,mia.jackson668@yahoo.com,Mia,Jackson,2025-08-26 08:08:05
1,502,AVA.JOHNSON309@ICLOUD.COM,Ava,Johnson,2025-08-26 13:11:52
2,421," James.lewis240@yahoo.com",James,Lewis,2025-08-26 10:54:11
1,503,freya.patel479@aol.com,Freya,Patel,2025-08-26 19:01:03
2,422,oliver.williams472@icloud.com,Oliver,Williams,2025-08-26 17:49:53
4,362,emma.thomas181@gmail.com,Emma,Thomas,2025-08-27 15:53:08
3,434,mateo.white442@eircom.net,Mateo,White,2025-08-27 08:34:27
3,435,SAM.DAVIES407@BTINTERNET.COM,Sam,Davies,2025-08-27 14:23:19
3,436,oscar.hall185@btinternet.com,Oscar,Hall,2025-08-27 19:04:25
2,423,aoife.evans268@gmail.com,Aoife,Evans,2025-08-27 14:35:11
2,424,isla.walsh668@aol.com,Isla,Walsh,2025-08-27 15:37:23
1,504,"mia.edwards155@aol.com  ",Mia,Edwards,2025-08-27 20:02:02
4,363,"maya.wilson435@outlook.com  ",Maya,Wilson,2025-08-28 12:04:20
3,437,conor.turner275@btinternet.com,Conor,Turner,2025-08-28 08:17:16
1,505,,Sam,Wood,2025-08-28 08:04:52
1,506,hannah.brown584@gmail.com,Hannah,Brown,2025-08-28 15:37:58
2,425,conor.murphy24@icloud.com,Conor,Murphy,2025-08-28 13:56:14
1,507,olivia.moore552@outlook.com,Olivia,Moore,2025-08-29 07:55:19
3,438,ava.kelly942@btinternet.com,Ava,Kelly,2025-08-29 14:15:20
2,426,arjun.wood987@icloud.com,Arjun,Wood,2025-08-29 08:41:02
2,427,chloe.evans371@aol.com,Chloe,Evans,2025-08-29 14:37:10
1,508," Ella.johnson751@yahoo.com",Ella,Johnson,2025-08-30 07:30:17
2,428,ruby.murphy283@aol.com,Ruby,Murphy,2025-08-30 10:11:21
2,429,"grace.cooper125@gmail.com  ",Grace,Cooper,2025-08-30 10:28:31
2,430,chloe.thomas758@aol.com,Chloe,Thomas,2025-08-30 19:13:43
3,439,arjun.jones28@gmail.com,Arjun,Jones,2025-08-31 14:22:35
3,440," Ethan.lewis244@gmail.com",Ethan,Lewis,2025-08-31 15:43:39
3,441,freya.wood806@outlook.com,Freya,Wood,2025-08-31 18:25:00
2,431,priya.martin5@icloud.com,Priya,Martin,2025-08-31 14:09:40
2,432,emma.thompson363@yahoo.com,Emma,Thompson,2025-08-31 20:03:36
2,433,"priya.johnson791@icloud.com  ",Priya,Johnson,2025-08-31 23:19:03
3,442,"hannah.williams981@hotmail.co.uk  ",Hannah,Williams,2025-09-01 07:47:55
4,364,CONOR.TURNER914@GMAIL.COM,Conor,Turner,2025-09-01 23:31:36
2,434,"emma.wood476@yahoo.com  ",Emma,Wood,2025-09-01 16:07:59
4,365,ISLA.WALKER445@ICLOUD.COM,Isla,Walker,2025-09-02 11:52:24
3,443,"sophia.walker918@gmail.com  ",Sophia,Walker,2025-09-02 07:24:41
3,444,"daniel.taylor837@eircom.net  ",Daniel,Taylor,2025-09-02 13:22:38
3,445,ella.jackson957@btinternet.com,Ella,Jackson,2025-09-02 14:17:20
1,509,mateo.wood84@icloud.com,Mateo,Wood,2025-09-02 16:26:27
1,510,noah.garcia682@yahoo.com,Noah,Garcia,2025-09-02 21:28:30
4,366,chloe.brown542@bigpond.com,Chloe,Brown,2025-09-03 17:12:40
4,367,james.clarke685@icloud.com,James,Clarke,2025-09-03 21:16:18
1,511,CONOR.CLARK886@ICLOUD.COM,Conor,Clark,2025-09-03 09:54:25
1,512,ella.robinson889@aol.com,Ella,Robinson,2025-09-03 10:59:15
2,435,elijah.moore417@icloud.com,Elijah,Moore,2025-09-03 08:32:27
3,446,arjun.robinson536@eircom.net,Arjun,Robinson,2025-09-03 18:38:57
2,436,SIOBHAN.GREEN526@GMAIL.COM,Siobhan,Green,2025-09-03 13:08:48
1,513,ethan.clark786@aol.com,Ethan,Clark,2025-09-03 20:11:16
1,514,isla.murphy445@yahoo.com,Isla,Murphy,2025-09-04 07:23:28
3,447,ELLA.LEE364@HOTMAIL.CO.UK,Ella,Lee,2025-09-04 13:29:09
1,515,noemail@apexvenue.invalid,Charlotte,Wright,2025-09-04 10:23:33
1,516,OLIVER.THOMPSON415@OUTLOOK.COM,Oliver,Thompson,2025-09-04 17:21:21
4,368,HENRY.MARTIN798@ICLOUD.COM,Henry,Martin,2025-09-05 07:29:56
1,517,oscar.hall116@gmail.com,Oscar,Hall,2025-09-04 19:02:30
2,437,freya.evans663@yahoo.com,Freya,Evans,2025-09-04 23:58:36
3,448,leo.kelly979@eircom.net,Leo,Kelly,2025-09-05 08:21:33
4,369,hannah.martinez210@gmail.com,Hannah,Martinez,2025-09-05 19:32:11
3,449,olivia.clark224@hotmail.co.uk,Olivia,Clark,2025-09-05 19:05:18
2,438,liam.hughes311@aol.com,Liam,Hughes,2025-09-05 11:46:31
1,518,DANIEL.TURNER991@GMAIL.COM,Daniel,Turner,2025-09-05 17:56:53
4,370,GRACE.CLARK405@OUTLOOK.COM,Grace,Clark,2025-09-06 10:47:41
1,519,isla.murphy757@yahoo.com,Isla,Murphy,2025-09-05 22:35:23
3,450," Ella.martin333@outlook.com",Ella,Martin,2025-09-06 13:40:41
1,520,AMELIA.MARTIN328@AOL.COM,Amelia,Martin,2025-09-06 12:51:26
3,451,SAM.PATEL983@EIRCOM.NET,Sam,Patel,2025-09-06 21:15:20
5,50,jack.nguyen181@gmail.com,Jack,Nguyen,2025-09-06 21:43:58
1,521,"mason.obrien573@aol.com  ",Mason,O'Brien,2025-09-06 22:51:48
2,439,"ava.jones962@outlook.com  ",Ava,Jones,2025-09-06 20:56:21
4,371,"zoe.harris195@bigpond.com  ",Zoe,Harris,2025-09-07 17:07:43
4,372,sofia.williams191@bigpond.com,Sofia,Williams,2025-09-07 18:07:11
3,452,lucas.taylor256@gmail.com,Lucas,Taylor,2025-09-07 10:56:16
4,373,LEO.SMITH55@ICLOUD.COM,Leo,Smith,2025-09-07 21:30:55
1,522,noemail@apexvenue.invalid,Ruby,Smith,2025-09-07 11:50:25
3,453,SIOBHAN.JONES911@GMAIL.COM,Siobhan,Jones,2025-09-07 16:55:41
1,523,GRACE.WALKER302@ICLOUD.COM,Grace,Walker,2025-09-07 15:31:38
1,524,charlotte.davies657@icloud.com,Charlotte,Davies,2025-09-07 20:33:08
1,525,"conor.king792@aol.com  ",Conor,King,2025-09-07 20:55:04
1,526,emma.brown977@yahoo.com,Emma,Brown,2025-09-08 07:00:24
1,527,AMELIA.EVANS363@ICLOUD.COM,Amelia,Evans,2025-09-08 08:43:23
2,440,sophia.lewis494@outlook.com,Sophia,Lewis,2025-09-08 15:36:55
2,441,ethan.robinson764@outlook.com,Ethan,Robinson,2025-09-08 15:45:27
4,374,ELLA.WALKER792@OUTLOOK.COM,Ella,Walker,2025-09-09 12:37:21
2,442,"oscar.martinez329@outlook.com  ",Oscar,Martinez,2025-09-08 22:17:02
4,375,ethan.walker251@gmail.com,Ethan,Walker,2025-09-09 16:12:51
3,454,amelia.edwards682@eircom.net,Amelia,Edwards,2025-09-09 07:59:35
3,455,oliver.turner575@gmail.com,Oliver,Turner,2025-09-09 13:11:59
3,456,oliver.wilson227@hotmail.co.uk,Oliver,Wilson,2025-09-09 14:54:46
2,443,ruby.green640@yahoo.com,Ruby,Green,2025-09-09 09:38:28
3,457,lucas.moore185@hotmail.co.uk,Lucas,Moore,2025-09-09 20:30:57
2,444,conor.evans869@yahoo.com,Conor,Evans,2025-09-10 09:57:42
2,445," Hannah.walker923@gmail.com",Hannah,Walker,2025-09-10 15:31:26
3,458,noah.kelly157@hotmail.co.uk,Noah,Kelly,2025-09-11 08:42:53
1,528,grace.green266@yahoo.com,Grace,Green,2025-09-11 07:14:59
1,529,AMELIA.ROBINSON442@GMAIL.COM,Amelia,Robinson,2025-09-11 08:45:40
2,446,"hannah.hughes293@yahoo.com  ",Hannah,Hughes,2025-09-11 19:33:27
2,447,"lucas.lee253@aol.com  ",Lucas,Lee,2025-09-11 21:52:57
3,459,,Oliver,Nguyen,2025-09-12 15:23:27
2,448,noah.kelly970@yahoo.com,Noah,Kelly,2025-09-12 10:00:34
3,460,conor.murphy949@outlook.com,Conor,Murphy,2025-09-12 20:04:57
2,449,oliver.walsh322@outlook.com,Oliver,Walsh,2025-09-12 20:38:44
3,461,AVA.EDWARDS229@GMAIL.COM,Ava,Edwards,2025-09-13 11:36:20
1,530,"emma.king582@aol.com  ",Emma,King,2025-09-13 11:51:09
1,531,emma.martin980@aol.com,Emma,Martin,2025-09-13 19:12:46
2,450,MATEO.HARRIS50@OUTLOOK.COM,Mateo,Harris,2025-09-13 17:33:26
1,532,oliver.moore993@yahoo.com,Oliver,Moore,2025-09-13 21:57:28
2,451,,Daniel,King,2025-09-13 20:09:13
4,376,hannah.nguyen206@gmail.com,Hannah,Nguyen,2025-09-14 17:02:34
1,533,ethan.lewis364@aol.com,Ethan,Lewis,2025-09-14 07:16:49
1,534,"grace.walker518@gmail.com  ",Grace,Walker,2025-09-14 08:21:57
1,535,liam.murphy555@aol.com,Liam,Murphy,2025-09-14 08:53:45
5,51,siobhan.garcia879@yahoo.com,Siobhan,Garcia,2025-09-14 12:03:29
1,536,ella.martin701@aol.com,Ella,Martin,2025-09-14 12:17:29
2,452,henry.wright57@icloud.com,Henry,Wright,2025-09-14 10:18:06
1,537,EMMA.WILLIAMS182@OUTLOOK.COM,Emma,Williams,2025-09-14 14:46:53
1,538,"ava.robinson558@yahoo.com  ",Ava,Robinson,2025-09-14 17:24:10
2,453,freya.patel594@yahoo.com,Freya,Patel,2025-09-14 16:45:02
2,454,aoife.brown529@aol.com,Aoife,Brown,2025-09-14 18:41:23
3,462,liam.kelly783@btinternet.com,Liam,Kelly,2025-09-15 21:16:23
4,377,leo.edwards30@gmail.com,Leo,Edwards,2025-09-16 07:39:35
1,539,oliver.walker230@yahoo.com,Oliver,Walker,2025-09-15 18:20:08
3,463,noemail@apexvenue.invalid,James,Brown,2025-09-15 23:46:06
2,455,lucas.wood79@gmail.com,Lucas,Wood,2025-09-15 17:59:54
2,456,NOAH.KING160@AOL.COM,Noah,King,2025-09-15 21:48:23
4,378,SOFIA.THOMPSON210@BIGPOND.COM,Sofia,Thompson,2025-09-16 20:17:41
1,540,noemail@apexvenue.invalid,Siobhan,Wood,2025-09-16 10:23:41
3,464," Jack.walker236@gmail.com",Jack,Walker,2025-09-17 08:52:38
1,541,isla.wilson47@gmail.com,Isla,Wilson,2025-09-17 12:24:09
2,457,noemail@apexvenue.invalid,Arjun,Turner,2025-09-17 10:53:29
2,458,grace.thomas230@icloud.com,Grace,Thomas,2025-09-17 11:04:28
1,542," Ruby.robinson550@aol.com",Ruby,Robinson,2025-09-17 17:48:24
4,379,ella.brown268@gmail.com,Ella,Brown,2025-09-18 13:41:56
3,465,lucas.robinson477@gmail.com,Lucas,Robinson,2025-09-18 09:23:29
3,466,noemail@apexvenue.invalid,Mateo,Martinez,2025-09-18 15:40:42
2,459,MATEO.THOMAS400@ICLOUD.COM,Mateo,Thomas,2025-09-18 17:06:41
2,460,noemail@apexvenue.invalid,Ethan,Cooper,2025-09-18 20:21:21
4,380,ava.jackson956@gmail.com,Ava,Jackson,2025-09-19 14:42:48
3,467,ARJUN.THOMAS957@HOTMAIL.CO.UK,Arjun,Thomas,2025-09-19 09:33:40
4,381,harry.lee994@outlook.com,Harry,Lee,2025-09-19 22:25:53
1,543,"zoe.harris666@aol.com  ",Zoe,Harris,2025-09-19 09:31:58
2,461,chloe.nguyen505@icloud.com,Chloe,Nguyen,2025-09-19 08:45:44
5,52,,Ruby,Green,2025-09-19 12:37:50
2,462,ruby.walker977@outlook.com,Ruby,Walker,2025-09-19 10:35:10
1,544,"emma.johnson152@aol.com  ",Emma,Johnson,2025-09-19 16:17:59
4,382,amelia.jackson60@icloud.com,Amelia,Jackson,2025-09-20 15:42:36
3,468,maya.clark751@outlook.com,Maya,Clark,2025-09-20 11:26:32
4,383,lily.smith610@icloud.com,Lily,Smith,2025-09-20 22:13:22
3,469,zoe.williams783@hotmail.co.uk,Zoe,Williams,2025-09-20 18:05:47
4,384,noemail@apexvenue.invalid,Oscar,King,2025-09-21 13:06:52
4,385,RUBY.MOORE656@BIGPOND.COM,Ruby,Moore,2025-09-21 16:07:10
3,470,noemail@apexvenue.invalid,James,Martin,2025-09-21 07:42:30
3,471,AVA.ROBINSON102@HOTMAIL.CO.UK,Ava,Robinson,2025-09-21 09:25:14
4,386,sam.davies914@icloud.com,Sam,Davies,2025-09-21 19:42:49
4,387,mia.jackson709@gmail.com,Mia,Jackson,2025-09-21 20:43:52
2,463,"priya.murphy91@aol.com  ",Priya,Murphy,2025-09-21 07:23:57
2,464,oliver.smith692@gmail.com,Oliver,Smith,2025-09-21 09:21:07
1,545,"charlotte.obrien880@icloud.com  ",Charlotte,O'Brien,2025-09-21 16:46:30
4,388,ruby.williams573@bigpond.com,Ruby,Williams,2025-09-22 07:53:54
2,465,"henry.lewis58@yahoo.com  ",Henry,Lewis,2025-09-21 18:21:59
3,472,noemail@apexvenue.invalid,Freya,Clark,2025-09-22 11:27:25
3,473,lucas.edwards552@hotmail.co.uk,Lucas,Edwards,2025-09-22 16:29:58
2,466,chloe.jones644@aol.com,Chloe,Jones,2025-09-22 20:52:56
3,474,sam.martin168@btinternet.com,Sam,Martin,2025-09-23 09:41:17
3,475,SOFIA.TAYLOR484@OUTLOOK.COM,Sofia,Taylor,2025-09-23 10:16:57
3,476,priya.evans486@hotmail.co.uk,Priya,Evans,2025-09-23 16:43:09
1,546,harry.lee545@aol.com,Harry,Lee,2025-09-23 15:11:00
4,389,lucas.green188@bigpond.com,Lucas,Green,2025-09-24 07:41:11
2,467,elijah.wright927@aol.com,Elijah,Wright,2025-09-23 18:23:05
4,390,arjun.turner797@gmail.com,Arjun,Turner,2025-09-24 16:53:59
1,547,HARRY.WILLIAMS280@GMAIL.COM,Harry,Williams,2025-09-24 07:59:09
1,548,SOFIA.WRIGHT701@GMAIL.COM,Sofia,Wright,2025-09-24 08:10:16
3,477,AVA.MOORE422@EIRCOM.NET,Ava,Moore,2025-09-24 14:30:32
1,549,MASON.WILLIAMS196@AOL.COM,Mason,Williams,2025-09-24 10:32:03
5,53,ava.wilson622@aol.com,Ava,Wilson,2025-09-24 10:44:50
2,468,noemail@apexvenue.invalid,Chloe,Brown,2025-09-24 13:18:13
3,478,"amelia.hughes620@eircom.net  ",Amelia,Hughes,2025-09-24 23:49:15
3,479,PRIYA.JACKSON873@EIRCOM.NET,Priya,Jackson,2025-09-25 07:18:04
3,480,aoife.clark212@outlook.com,Aoife,Clark,2025-09-25 07:36:32
1,550,sam.davies581@yahoo.com,Sam,Davies,2025-09-25 08:32:14
1,551,SOFIA.LEWIS398@ICLOUD.COM,Sofia,Lewis,2025-09-25 10:00:36
1,552,oliver.obrien238@aol.com,Oliver,O'Brien,2025-09-25 10:26:45
3,481,"noah.martinez995@eircom.net  ",Noah,Martinez,2025-09-25 22:53:00
2,469,grace.white879@outlook.com,Grace,White,2025-09-25 19:43:34
2,470,chloe.taylor109@gmail.com,Chloe,Taylor,2025-09-25 21:43:54
4,391," Liam.hill761@icloud.com",Liam,Hill,2025-09-26 18:57:18
4,392,zoe.davies630@icloud.com,Zoe,Davies,2025-09-27 15:43:53
4,393,liam.robinson508@gmail.com,Liam,Robinson,2025-09-27 15:51:35
3,482,HARRY.COOPER970@BTINTERNET.COM,Harry,Cooper,2025-09-27 07:03:30
3,483,aoife.garcia731@hotmail.co.uk,Aoife,Garcia,2025-09-27 12:48:09
1,553,harry.cooper952@aol.com,Harry,Cooper,2025-09-27 17:14:27
3,484,LIAM.HARRIS15@GMAIL.COM,Liam,Harris,2025-09-27 22:53:23
4,394,HANNAH.NGUYEN234@OUTLOOK.COM,Hannah,Nguyen,2025-09-28 18:38:21
3,485,"daniel.brown563@gmail.com  ",Daniel,Brown,2025-09-28 19:43:05
1,554,lucas.martinez507@gmail.com,Lucas,Martinez,2025-09-28 17:03:36
4,395,lucas.murphy357@bigpond.com,Lucas,Murphy,2025-09-29 07:24:55
3,486,ruby.wood879@outlook.com,Ruby,Wood,2025-09-29 09:11:21
4,396,jack.davies363@icloud.com,Jack,Davies,2025-09-29 18:23:38
3,487,hannah.martinez844@eircom.net,Hannah,Martinez,2025-09-29 11:42:25
1,555,"conor.thompson836@outlook.com  ",Conor,Thompson,2025-09-29 08:01:04
2,471,james.martinez403@yahoo.com,James,Martinez,2025-09-29 07:24:15
3,488,ava.williams834@btinternet.com,Ava,Williams,2025-09-29 19:04:31
3,489,ZOE.MOORE119@GMAIL.COM,Zoe,Moore,2025-09-29 22:58:03
1,556,,Emma,Evans,2025-09-29 19:41:05
3,490,charlotte.hughes73@btinternet.com,Charlotte,Hughes,2025-09-30 14:27:24
2,472,"emma.moore402@gmail.com  ",Emma,Moore,2025-09-30 11:29:13
1,557,OLIVER.GARCIA172@YAHOO.COM,Oliver,Garcia,2025-09-30 14:55:10
1,558,noemail@apexvenue.invalid,Lily,Edwards,2025-09-30 22:24:00
3,491,"arjun.garcia346@gmail.com  ",Arjun,Garcia,2025-10-01 13:05:21
3,492,"ava.murphy973@eircom.net  ",Ava,Murphy,2025-10-01 13:09:28
1,559,"leo.jones202@gmail.com  ",Leo,Jones,2025-10-01 14:30:00
2,473,chloe.turner376@icloud.com,Chloe,Turner,2025-10-01 12:16:36
2,474,noah.brown289@aol.com,Noah,Brown,2025-10-01 20:52:37
5,54,ruby.martinez742@yahoo.com,Ruby,Martinez,2025-10-02 07:29:10
2,475,SAM.THOMPSON902@ICLOUD.COM,Sam,Thompson,2025-10-02 21:36:09
4,397,noah.johnson645@bigpond.com,Noah,Johnson,2025-10-03 14:58:36
2,476,henry.harris611@gmail.com,Henry,Harris,2025-10-02 23:37:08
3,493,mateo.king853@outlook.com,Mateo,King,2025-10-03 17:50:59
1,560,,Sophia,Garcia,2025-10-03 14:22:18
2,477,"sam.patel151@aol.com  ",Sam,Patel,2025-10-03 11:51:48
1,561,,Sofia,Turner,2025-10-03 15:22:28
1,562,elijah.obrien296@aol.com,Elijah,O'Brien,2025-10-03 16:28:21
4,398,"hannah.hall498@bigpond.com  ",Hannah,Hall,2025-10-04 09:43:35
1,563,chloe.brown767@yahoo.com,Chloe,Brown,2025-10-03 19:49:23
4,399,ruby.patel548@outlook.com,Ruby,Patel,2025-10-04 21:40:06
3,494,,Mia,Clarke,2025-10-04 12:58:09
1,564,ruby.jones991@aol.com,Ruby,Jones,2025-10-04 09:58:07
2,478,mateo.clark860@gmail.com,Mateo,Clark,2025-10-04 07:38:09
2,479,noemail@apexvenue.invalid,Jack,Hall,2025-10-04 09:11:58
3,495,MATEO.HUGHES299@GMAIL.COM,Mateo,Hughes,2025-10-04 20:52:46
4,400,noemail@apexvenue.invalid,Noah,Williams,2025-10-05 08:35:35
1,565,noemail@apexvenue.invalid,Ruby,Jackson,2025-10-04 19:56:05
4,401,amelia.turner985@gmail.com,Amelia,Turner,2025-10-05 11:46:41
4,402,oscar.white884@icloud.com,Oscar,White,2025-10-05 15:02:13
4,403,PRIYA.KELLY641@ICLOUD.COM,Priya,Kelly,2025-10-06 07:33:15
3,496,zoe.kelly422@hotmail.co.uk,Zoe,Kelly,2025-10-05 22:04:23
1,566,amelia.taylor139@icloud.com,Amelia,Taylor,2025-10-05 18:37:48
4,404,noemail@apexvenue.invalid,Ethan,Moore,2025-10-06 16:12:05
3,497,harry.murphy821@eircom.net,Harry,Murphy,2025-10-06 14:33:40
3,498,sofia.hughes581@hotmail.co.uk,Sofia,Hughes,2025-10-06 21:14:49
1,567,mason.jones291@gmail.com,Mason,Jones,2025-10-06 16:31:05
1,568,HENRY.DAVIES711@ICLOUD.COM,Henry,Davies,2025-10-06 21:49:05
5,55,sophia.lewis861@outlook.com,Sophia,Lewis,2025-10-07 11:45:44
3,499,henry.wood567@hotmail.co.uk,Henry,Wood,2025-10-07 20:07:06
3,500,priya.moore445@hotmail.co.uk,Priya,Moore,2025-10-07 22:18:05
4,405,sofia.patel115@icloud.com,Sofia,Patel,2025-10-08 11:43:15
3,501," Aoife.garcia724@gmail.com",Aoife,Garcia,2025-10-08 12:56:23
1,569,arjun.walker775@yahoo.com,Arjun,Walker,2025-10-08 11:38:52
2,480,"grace.white985@aol.com  ",Grace,White,2025-10-08 16:23:45
1,570,ava.hughes428@yahoo.com,Ava,Hughes,2025-10-09 08:13:44
1,571,SOFIA.MARTINEZ311@GMAIL.COM,Sofia,Martinez,2025-10-09 18:56:49
2,481,ETHAN.KELLY288@GMAIL.COM,Ethan,Kelly,2025-10-09 20:44:56
3,502,PRIYA.WALSH426@OUTLOOK.COM,Priya,Walsh,2025-10-10 12:51:13
1,572,RUBY.GREEN640@YAHOO.COM,Ruby,Green,2025-10-10 08:07:41
3,503,noemail@apexvenue.invalid,Hannah,Hill,2025-10-10 14:39:54
3,504,jack.jackson101@gmail.com,Jack,Jackson,2025-10-11 14:27:32
2,482,elijah.turner167@outlook.com,Elijah,Turner,2025-10-11 07:01:57
2,483,oscar.jones708@gmail.com,Oscar,Jones,2025-10-11 07:05:53
1,573,DANIEL.MURPHY575@YAHOO.COM,Daniel,Murphy,2025-10-11 11:51:11
2,484,amelia.garcia134@yahoo.com,Amelia,Garcia,2025-10-11 12:04:24
4,406,leo.johnson239@outlook.com,Leo,Johnson,2025-10-12 13:18:07
1,574,zoe.nguyen235@gmail.com,Zoe,Nguyen,2025-10-11 22:28:46
2,485,lucas.thomas193@icloud.com,Lucas,Thomas,2025-10-11 21:00:50
3,505,charlotte.thompson249@eircom.net,Charlotte,Thompson,2025-10-12 13:02:51
1,575,noemail@apexvenue.invalid,Lily,Brown,2025-10-12 16:18:13
1,576,ethan.davies810@aol.com,Ethan,Davies,2025-10-12 22:36:16
1,577,henry.harris329@aol.com,Henry,Harris,2025-10-13 11:27:44
1,578," Jack.robinson984@aol.com",Jack,Robinson,2025-10-13 15:50:24
4,407,mia.nguyen408@gmail.com,Mia,Nguyen,2025-10-14 09:49:02
1,579,elijah.lewis687@yahoo.com,Elijah,Lewis,2025-10-13 23:09:25
3,506,lily.murphy882@outlook.com,Lily,Murphy,2025-10-14 07:24:43
2,486,lily.wilson76@gmail.com,Lily,Wilson,2025-10-13 23:32:10
3,507,"freya.clark763@gmail.com  ",Freya,Clark,2025-10-14 09:56:29
3,508,sofia.martin501@eircom.net,Sofia,Martin,2025-10-14 13:12:27
2,487,chloe.wright848@gmail.com,Chloe,Wright,2025-10-14 08:15:56
1,580,olivia.williams867@icloud.com,Olivia,Williams,2025-10-14 19:57:38
1,581,,Arjun,Brown,2025-10-14 22:36:40
4,408,maya.harris317@bigpond.com,Maya,Harris,2025-10-15 13:46:55
4,409,AVA.BROWN956@OUTLOOK.COM,Ava,Brown,2025-10-15 16:03:03
3,509,conor.johnson274@eircom.net,Conor,Johnson,2025-10-15 11:34:29
1,582,"noah.garcia682@yahoo.com  ",Noah,Garcia,2025-10-15 07:44:48
1,583,mateo.harris50@outlook.com,Mateo,Harris,2025-10-15 08:06:53
1,584,maya.clark520@outlook.com,Maya,Clark,2025-10-15 10:26:09
2,488,"ethan.robinson654@icloud.com  ",Ethan,Robinson,2025-10-15 13:00:25
3,510,OLIVER.WALSH767@GMAIL.COM,Oliver,Walsh,2025-10-16 10:36:13
1,585,"olivia.wood258@outlook.com  ",Olivia,Wood,2025-10-16 09:13:11
5,56,elijah.king303@outlook.com,Elijah,King,2025-10-16 12:55:40
4,410,siobhan.harris821@gmail.com,Siobhan,Harris,2025-10-17 13:22:56
3,511,amelia.green301@outlook.com,Amelia,Green,2025-10-17 10:10:09
2,489,"priya.taylor810@yahoo.com  ",Priya,Taylor,2025-10-17 07:42:06
2,490,freya.kelly88@gmail.com,Freya,Kelly,2025-10-17 08:38:34
1,586,amelia.hill844@icloud.com,Amelia,Hill,2025-10-17 12:48:27
2,491," Hannah.thompson913@yahoo.com",Hannah,Thompson,2025-10-17 14:29:30
1,587,,Olivia,Harris,2025-10-18 09:27:01
1,588,sophia.wright235@aol.com,Sophia,Wright,2025-10-18 13:04:40
2,492,sam.white625@icloud.com,Sam,White,2025-10-18 12:39:14
3,512,sophia.martinez374@btinternet.com,Sophia,Martinez,2025-10-18 22:18:46
1,589,"amelia.lee735@gmail.com  ",Amelia,Lee,2025-10-18 17:35:55
4,411,elijah.patel837@outlook.com,Elijah,Patel,2025-10-19 09:44:49
2,493,priya.walker228@icloud.com,Priya,Walker,2025-10-19 07:04:11
1,590,conor.hall194@aol.com,Conor,Hall,2025-10-19 11:07:32
1,591,priya.patel130@icloud.com,Priya,Patel,2025-10-19 14:33:02
1,592,HENRY.OBRIEN995@GMAIL.COM,Henry,O'Brien,2025-10-19 16:48:39
2,494,liam.thompson646@yahoo.com,Liam,Thompson,2025-10-19 14:09:15
3,513,mateo.clarke466@gmail.com,Mateo,Clarke,2025-10-19 23:04:04
4,412,noemail@apexvenue.invalid,Harry,Hughes,2025-10-20 10:35:21
4,413,lily.thompson220@bigpond.com,Lily,Thompson,2025-10-20 20:37:17
1,593,"kai.clarke432@gmail.com  ",Kai,Clarke,2025-10-20 11:30:05
1,594,zoe.lee263@yahoo.com,Zoe,Lee,2025-10-20 17:15:13
2,495,ZOE.MARTINEZ917@GMAIL.COM,Zoe,Martinez,2025-10-20 20:14:45
4,414,LEO.MURPHY479@OUTLOOK.COM,Leo,Murphy,2025-10-21 15:26:29
4,415,RUBY.MURPHY852@ICLOUD.COM,Ruby,Murphy,2025-10-21 15:36:31
1,595,"jack.robinson194@aol.com  ",Jack,Robinson,2025-10-21 07:10:06
3,514,olivia.taylor357@btinternet.com,Olivia,Taylor,2025-10-21 13:15:15
4,416,kai.jones94@bigpond.com,Kai,Jones,2025-10-21 23:28:59
3,515,sophia.robinson499@outlook.com,Sophia,Robinson,2025-10-21 13:42:47
1,596," Oscar.hill52@gmail.com",Oscar,Hill,2025-10-21 09:52:17
3,516,EMMA.TURNER451@EIRCOM.NET,Emma,Turner,2025-10-21 16:13:47
1,597,aoife.wright465@gmail.com,Aoife,Wright,2025-10-21 12:04:07
2,496,ETHAN.WHITE675@AOL.COM,Ethan,White,2025-10-21 16:17:37
2,497,FREYA.CLARKE13@YAHOO.COM,Freya,Clarke,2025-10-21 18:50:47
4,417,harry.garcia893@gmail.com,Harry,Garcia,2025-10-22 14:09:02
2,498,arjun.johnson906@gmail.com,Arjun,Johnson,2025-10-21 23:40:03
4,418,,Mia,Kelly,2025-10-22 19:57:22
2,499,mia.thomas70@outlook.com,Mia,Thomas,2025-10-22 08:12:59
2,500,freya.nguyen529@aol.com,Freya,Nguyen,2025-10-22 09:14:33
5,57,ava.king607@outlook.com,Ava,King,2025-10-22 15:01:53
1,598,"harry.clark867@gmail.com  ",Harry,Clark,2025-10-22 15:26:37
4,419,sam.hughes823@outlook.com,Sam,Hughes,2025-10-23 10:38:43
4,420,noemail@apexvenue.invalid,Ethan,Clarke,2025-10-23 13:28:41
4,421,daniel.nguyen913@bigpond.com,Daniel,Nguyen,2025-10-23 15:04:21
2,501,noah.evans155@outlook.com,Noah,Evans,2025-10-23 14:05:52
4,422,oscar.evans98@outlook.com,Oscar,Evans,2025-10-24 11:45:47
3,517,mateo.robinson93@btinternet.com,Mateo,Robinson,2025-10-24 07:34:39
4,423,AVA.MARTINEZ473@OUTLOOK.COM,Ava,Martinez,2025-10-24 20:28:36
2,502,ZOE.CLARK260@YAHOO.COM,Zoe,Clark,2025-10-24 09:39:59
3,518,DANIEL.THOMAS180@HOTMAIL.CO.UK,Daniel,Thomas,2025-10-24 19:06:32
2,503,siobhan.harris219@outlook.com,Siobhan,Harris,2025-10-24 13:04:38
4,424,aoife.walker373@outlook.com,Aoife,Walker,2025-10-25 10:30:38
2,504,CHLOE.THOMPSON692@ICLOUD.COM,Chloe,Thompson,2025-10-24 17:51:39
3,519,james.lewis456@gmail.com,James,Lewis,2025-10-25 07:54:52
3,520,,Elijah,Cooper,2025-10-25 09:14:34
1,599,lucas.obrien701@icloud.com,Lucas,O'Brien,2025-10-25 09:03:31
3,521,,Ava,Garcia,2025-10-25 21:57:36
2,505,AMELIA.OBRIEN993@OUTLOOK.COM,Amelia,O'Brien,2025-10-25 16:49:54
3,522,SIOBHAN.THOMAS564@BTINTERNET.COM,Siobhan,Thomas,2025-10-26 08:49:50
3,523,liam.wood711@btinternet.com,Liam,Wood,2025-10-26 10:34:06
1,600," Harry.clark867@gmail.com",Harry,Clark,2025-10-26 07:44:52
3,524,maya.davies792@eircom.net,Maya,Davies,2025-10-26 14:12:02
1,601,amelia.thompson34@aol.com,Amelia,Thompson,2025-10-26 15:47:15
4,425,mateo.smith400@outlook.com,Mateo,Smith,2025-10-27 11:10:05
1,602,hannah.cooper187@aol.com,Hannah,Cooper,2025-10-26 20:38:50
1,603,charlotte.wilson755@gmail.com,Charlotte,Wilson,2025-10-26 23:10:58
3,525,charlotte.hall223@btinternet.com,Charlotte,Hall,2025-10-27 10:00:02
1,604,"lucas.wilson282@outlook.com  ",Lucas,Wilson,2025-10-27 09:03:45
2,506,siobhan.garcia503@aol.com,Siobhan,Garcia,2025-10-27 08:48:34
2,507,charlotte.cooper531@gmail.com,Charlotte,Cooper,2025-10-27 13:59:30
2,508,ella.wood851@yahoo.com,Ella,Wood,2025-10-27 14:39:52
2,509,henry.robinson174@aol.com,Henry,Robinson,2025-10-27 17:05:29
4,426,mateo.wood592@gmail.com,Mateo,Wood,2025-10-28 12:49:49
3,526,noemail@apexvenue.invalid,Sam,Johnson,2025-10-28 10:11:33
3,527,PRIYA.HILL873@EIRCOM.NET,Priya,Hill,2025-10-28 11:09:15
4,427,mason.martinez614@icloud.com,Mason,Martinez,2025-10-28 22:36:13
1,605,"mia.walker153@outlook.com  ",Mia,Walker,2025-10-28 07:46:09
1,606,sophia.lee482@icloud.com,Sophia,Lee,2025-10-28 10:43:36
2,510,LILY.HALL431@ICLOUD.COM,Lily,Hall,2025-10-28 10:00:32
1,607,sophia.clarke182@gmail.com,Sophia,Clarke,2025-10-28 13:09:12
1,608,"oliver.hill77@outlook.com  ",Oliver,Hill,2025-10-28 20:56:12
1,609,"conor.taylor368@icloud.com  ",Conor,Taylor,2025-10-28 22:22:19
2,511,zoe.murphy615@gmail.com,Zoe,Murphy,2025-10-28 20:45:25
3,528,JAMES.NGUYEN630@OUTLOOK.COM,James,Nguyen,2025-10-29 07:47:30
1,610,harry.thompson36@yahoo.com,Harry,Thompson,2025-10-29 07:17:06
1,611," Sofia.patel885@icloud.com",Sofia,Patel,2025-10-29 08:57:24
2,512,RUBY.JACKSON459@YAHOO.COM,Ruby,Jackson,2025-10-29 11:17:40
3,529,sofia.walsh350@eircom.net,Sofia,Walsh,2025-10-29 19:57:55
1,612,,Jack,Walker,2025-10-29 17:50:38
1,613,SOPHIA.WILSON842@ICLOUD.COM,Sophia,Wilson,2025-10-29 18:50:29
1,614,siobhan.kelly292@yahoo.com,Siobhan,Kelly,2025-10-29 22:58:14
1,615,leo.taylor174@gmail.com,Leo,Taylor,2025-10-29 23:55:41
4,428,ruby.brown982@icloud.com,Ruby,Brown,2025-10-30 19:29:27
3,530,ELLA.EDWARDS847@BTINTERNET.COM,Ella,Edwards,2025-10-30 08:47:41
3,531," Amelia.martin984@outlook.com",Amelia,Martin,2025-10-30 14:12:26
2,513,LEO.WALSH147@OUTLOOK.COM,Leo,Walsh,2025-10-30 08:08:14
2,514,ZOE.WALSH776@AOL.COM,Zoe,Walsh,2025-10-30 12:36:44
2,515,ZOE.JACKSON90@ICLOUD.COM,Zoe,Jackson,2025-10-30 13:52:07
4,429,oscar.green160@icloud.com,Oscar,Green,2025-10-31 14:53:48
4,430,freya.hall624@gmail.com,Freya,Hall,2025-10-31 16:12:45
4,431,AMELIA.JOHNSON862@OUTLOOK.COM,Amelia,Johnson,2025-10-31 16:40:19
3,532," Mia.nguyen187@eircom.net",Mia,Nguyen,2025-10-31 08:59:03
1,616,OLIVER.TAYLOR928@ICLOUD.COM,Oliver,Taylor,2025-10-31 07:32:31
3,533," Mateo.kelly458@outlook.com",Mateo,Kelly,2025-10-31 15:45:07
3,534,AVA.TAYLOR849@BTINTERNET.COM,Ava,Taylor,2025-10-31 20:40:26
2,516,HANNAH.BROWN584@GMAIL.COM,Hannah,Brown,2025-10-31 14:47:25
2,517,ella.johnson153@yahoo.com,Ella,Johnson,2025-10-31 20:20:05
3,535,EMMA.LEE590@OUTLOOK.COM,Emma,Lee,2025-11-01 07:17:57
5,58,ruby.murphy173@outlook.com,Ruby,Murphy,2025-11-01 11:59:31
3,536,henry.robinson24@btinternet.com,Henry,Robinson,2025-11-01 16:08:38
2,518,noemail@apexvenue.invalid,Sofia,Lewis,2025-11-01 20:57:09
3,537,aoife.clarke462@gmail.com,Aoife,Clarke,2025-11-02 07:35:50
3,538," Lucas.jones718@outlook.com",Lucas,Jones,2025-11-02 09:47:11
3,539,lucas.wilson989@eircom.net,Lucas,Wilson,2025-11-02 10:58:16
1,617,oscar.kelly740@aol.com,Oscar,Kelly,2025-11-02 07:31:25
3,540,PRIYA.THOMAS458@GMAIL.COM,Priya,Thomas,2025-11-02 15:05:09
3,541,"henry.johnson579@hotmail.co.uk  ",Henry,Johnson,2025-11-02 18:08:37
2,519,elijah.lewis687@yahoo.com,Elijah,Lewis,2025-11-02 19:01:15
1,618,LUCAS.HUGHES865@YAHOO.COM,Lucas,Hughes,2025-11-02 23:26:54
2,520,ava.wilson960@icloud.com,Ava,Wilson,2025-11-03 10:46:51
3,542," Arjun.white875@hotmail.co.uk",Arjun,White,2025-11-03 19:18:21
4,432,"aoife.walsh125@outlook.com  ",Aoife,Walsh,2025-11-05 08:46:37
2,521,grace.martin358@gmail.com,Grace,Martin,2025-11-04 15:19:32
1,619,aoife.garcia368@outlook.com,Aoife,Garcia,2025-11-04 20:05:40
1,620,SOFIA.THOMPSON448@YAHOO.COM,Sofia,Thompson,2025-11-04 20:27:56
1,621,harry.kelly321@outlook.com,Harry,Kelly,2025-11-04 21:29:58
2,522,"maya.garcia618@aol.com  ",Maya,Garcia,2025-11-04 19:31:07
1,622,olivia.moore322@yahoo.com,Olivia,Moore,2025-11-04 22:09:32
1,623,ETHAN.PATEL883@GMAIL.COM,Ethan,Patel,2025-11-04 22:42:09
4,433," Mia.evans441@outlook.com",Mia,Evans,2025-11-05 18:01:56
2,523,,James,Wood,2025-11-05 07:00:56
3,543,mason.edwards152@outlook.com,Mason,Edwards,2025-11-05 15:06:28
1,624,maya.green599@gmail.com,Maya,Green,2025-11-05 12:52:28
2,524,noemail@apexvenue.invalid,Grace,Taylor,2025-11-05 12:13:01
4,434,OLIVIA.JACKSON721@OUTLOOK.COM,Olivia,Jackson,2025-11-06 10:30:03
4,435,noah.walker715@outlook.com,Noah,Walker,2025-11-06 10:56:17
3,544,oscar.moore827@outlook.com,Oscar,Moore,2025-11-06 08:55:37
2,525,charlotte.nguyen877@gmail.com,Charlotte,Nguyen,2025-11-06 08:34:01
3,545,ETHAN.MURPHY740@HOTMAIL.CO.UK,Ethan,Murphy,2025-11-06 15:51:33
1,625,kai.nguyen356@yahoo.com,Kai,Nguyen,2025-11-06 13:58:49
3,546,liam.hall349@gmail.com,Liam,Hall,2025-11-06 21:32:48
4,436,sophia.wilson904@gmail.com,Sophia,Wilson,2025-11-07 10:16:06
3,547,grace.edwards604@outlook.com,Grace,Edwards,2025-11-07 07:57:10
3,548,PRIYA.HALL3@OUTLOOK.COM,Priya,Hall,2025-11-07 09:47:57
1,626,noemail@apexvenue.invalid,Sofia,Jackson,2025-11-07 07:44:39
5,59,LEO.MARTIN692@YAHOO.COM,Leo,Martin,2025-11-07 11:25:54
2,526,priya.patel153@outlook.com,Priya,Patel,2025-11-07 10:05:03
4,437,"harry.thompson342@outlook.com  ",Harry,Thompson,2025-11-08 15:31:11
4,438,OLIVER.HARRIS378@OUTLOOK.COM,Oliver,Harris,2025-11-08 17:37:17
3,549,conor.kelly16@outlook.com,Conor,Kelly,2025-11-08 12:38:48
4,439,elijah.johnson29@gmail.com,Elijah,Johnson,2025-11-09 09:49:46
2,527,noah.lewis434@yahoo.com,Noah,Lewis,2025-11-08 17:05:18
4,440,kai.williams470@icloud.com,Kai,Williams,2025-11-09 12:50:56
3,550,MASON.WILLIAMS897@HOTMAIL.CO.UK,Mason,Williams,2025-11-09 13:34:49
1,627,,Liam,Walsh,2025-11-09 09:20:06
5,60,"sophia.wood371@outlook.com  ",Sophia,Wood,2025-11-09 18:01:11
4,441,priya.evans858@outlook.com,Priya,Evans,2025-11-10 10:25:35
4,442,,Arjun,Wood,2025-11-10 19:27:20
4,443,LIAM.JONES646@OUTLOOK.COM,Liam,Jones,2025-11-10 20:52:22
1,628,"ethan.wilson675@aol.com  ",Ethan,Wilson,2025-11-10 13:16:51
1,629,"henry.martin324@outlook.com  ",Henry,Martin,2025-11-10 15:03:18
2,528,MASON.LEWIS978@AOL.COM,Mason,Lewis,2025-11-10 13:21:51
2,529,"henry.walker232@yahoo.com  ",Henry,Walker,2025-11-10 15:35:47
3,551,maya.wright211@outlook.com,Maya,Wright,2025-11-10 23:03:30
1,630,noah.johnson321@icloud.com,Noah,Johnson,2025-11-11 15:08:29
3,552,ella.wright160@eircom.net,Ella,Wright,2025-11-11 22:23:30
4,444,conor.evans742@outlook.com,Conor,Evans,2025-11-12 21:20:47
3,553,ava.turner101@hotmail.co.uk,Ava,Turner,2025-11-12 11:21:32
4,445,OSCAR.PATEL887@ICLOUD.COM,Oscar,Patel,2025-11-13 08:13:48
1,631,oscar.wood954@yahoo.com,Oscar,Wood,2025-11-12 16:29:06
4,446,james.white798@bigpond.com,James,White,2025-11-13 09:06:43
2,530,,Liam,Moore,2025-11-13 07:27:25
1,632,amelia.evans148@aol.com,Amelia,Evans,2025-11-13 10:10:15
2,531,CHLOE.WHITE830@YAHOO.COM,Chloe,White,2025-11-13 10:03:59
2,532,noemail@apexvenue.invalid,Sam,Lee,2025-11-13 11:00:37
1,633,AVA.GARCIA672@AOL.COM,Ava,Garcia,2025-11-13 15:23:17
3,554,sofia.lewis278@hotmail.co.uk,Sofia,Lewis,2025-11-13 21:04:31
4,447,hannah.walker318@gmail.com,Hannah,Walker,2025-11-14 08:17:37
1,634,"ethan.hughes877@aol.com  ",Ethan,Hughes,2025-11-13 16:39:24
3,555,MIA.JONES800@GMAIL.COM,Mia,Jones,2025-11-13 21:43:24
2,533,ethan.clarke851@aol.com,Ethan,Clarke,2025-11-13 16:00:18
2,534,lily.wilson977@yahoo.com,Lily,Wilson,2025-11-13 21:00:49
3,556,HANNAH.WOOD744@OUTLOOK.COM,Hannah,Wood,2025-11-14 12:39:25
2,535,grace.murphy261@outlook.com,Grace,Murphy,2025-11-14 07:18:07
2,536,harry.lee545@aol.com,Harry,Lee,2025-11-14 07:46:59
1,635,jack.walker377@outlook.com,Jack,Walker,2025-11-14 11:48:02
1,636,,Henry,Thomas,2025-11-14 14:51:36
2,537,arjun.wright185@yahoo.com,Arjun,Wright,2025-11-14 20:40:57
3,557,grace.thomas392@eircom.net,Grace,Thomas,2025-11-15 11:45:06
3,558,"chloe.walker138@btinternet.com  ",Chloe,Walker,2025-11-15 14:16:09
1,637,aoife.johnson50@gmail.com,Aoife,Johnson,2025-11-15 11:25:17
1,638,"siobhan.kelly795@icloud.com  ",Siobhan,Kelly,2025-11-15 12:40:42
2,538,ELLA.THOMAS599@OUTLOOK.COM,Ella,Thomas,2025-11-15 11:47:04
2,539,noemail@apexvenue.invalid,Mateo,Kelly,2025-11-15 11:55:12
1,639,siobhan.wood798@gmail.com,Siobhan,Wood,2025-11-15 14:34:13
1,640,"oscar.wilson906@outlook.com  ",Oscar,Wilson,2025-11-15 16:06:03
4,448,hannah.robinson682@icloud.com,Hannah,Robinson,2025-11-16 12:52:10
3,559,LILY.MARTIN389@HOTMAIL.CO.UK,Lily,Martin,2025-11-16 09:45:21
3,560,"harry.robinson386@eircom.net  ",Harry,Robinson,2025-11-16 12:43:33
2,540,conor.evans869@yahoo.com,Conor,Evans,2025-11-16 08:15:18
4,449,arjun.walsh79@outlook.com,Arjun,Walsh,2025-11-17 21:07:41
1,641,olivia.wright947@icloud.com,Olivia,Wright,2025-11-17 07:32:04
3,561,charlotte.moore880@btinternet.com,Charlotte,Moore,2025-11-17 15:01:40
3,562,LILY.PATEL791@OUTLOOK.COM,Lily,Patel,2025-11-18 10:03:48
2,541,noemail@apexvenue.invalid,Priya,Jackson,2025-11-18 08:56:01
1,642,DANIEL.NGUYEN993@AOL.COM,Daniel,Nguyen,2025-11-18 12:29:33
3,563,,Aoife,Wood,2025-11-19 07:44:19
4,450,noemail@apexvenue.invalid,Ava,King,2025-11-19 22:32:21
1,643,kai.martin861@yahoo.com,Kai,Martin,2025-11-19 07:10:40
5,61,noemail@apexvenue.invalid,Emma,Davies,2025-11-19 14:55:38
2,542,elijah.white446@icloud.com,Elijah,White,2025-11-19 15:00:24
4,451,LEO.GREEN912@OUTLOOK.COM,Leo,Green,2025-11-20 10:07:49
2,543,noemail@apexvenue.invalid,Charlotte,Martinez,2025-11-19 19:21:40
5,62,mateo.williams723@aol.com,Mateo,Williams,2025-11-19 23:54:39
3,564,mia.moore259@outlook.com,Mia,Moore,2025-11-20 07:53:32
3,565,ruby.garcia64@eircom.net,Ruby,Garcia,2025-11-20 08:38:54
4,452,ella.walker294@icloud.com,Ella,Walker,2025-11-20 21:26:06
1,644,ella.obrien346@outlook.com,Ella,O'Brien,2025-11-20 09:36:14
1,645," Sam.martin558@outlook.com",Sam,Martin,2025-11-20 12:38:31
1,646,daniel.lee528@aol.com,Daniel,Lee,2025-11-20 16:09:02
4,453,jack.white428@bigpond.com,Jack,White,2025-11-21 13:41:06
4,454,CHARLOTTE.WALKER266@OUTLOOK.COM,Charlotte,Walker,2025-11-21 14:12:27
4,455,noemail@apexvenue.invalid,Amelia,Edwards,2025-11-21 19:10:03
3,566,charlotte.kelly933@outlook.com,Charlotte,Kelly,2025-11-21 09:49:32
3,567," Mateo.robinson371@hotmail.co.uk",Mateo,Robinson,2025-11-21 15:46:56
2,544,henry.thomas27@aol.com,Henry,Thomas,2025-11-21 11:22:02
1,647,CHARLOTTE.NGUYEN125@ICLOUD.COM,Charlotte,Nguyen,2025-11-21 23:24:25
1,648," Siobhan.robinson267@aol.com",Siobhan,Robinson,2025-11-22 07:07:35
3,568,siobhan.lee99@gmail.com,Siobhan,Lee,2025-11-22 16:50:41
3,569,"conor.king778@gmail.com  ",Conor,King,2025-11-22 17:51:39
3,570,JACK.HALL177@EIRCOM.NET,Jack,Hall,2025-11-23 07:43:34
1,649,daniel.taylor576@icloud.com,Daniel,Taylor,2025-11-23 08:54:38
1,650,"ethan.clarke582@gmail.com  ",Ethan,Clarke,2025-11-23 15:16:46
1,651,OLIVIA.NGUYEN548@AOL.COM,Olivia,Nguyen,2025-11-23 15:50:23
4,456," Freya.taylor476@icloud.com",Freya,Taylor,2025-11-24 08:56:24
2,545,noemail@apexvenue.invalid,Isla,Williams,2025-11-23 15:13:40
4,457,ella.walker915@icloud.com,Ella,Walker,2025-11-24 13:10:06
2,546,noah.obrien51@outlook.com,Noah,O'Brien,2025-11-24 07:01:02
1,652,mason.lee145@yahoo.com,Mason,Lee,2025-11-24 10:45:30
3,571,ZOE.PATEL317@BTINTERNET.COM,Zoe,Patel,2025-11-24 18:19:46
4,458,harry.nguyen574@icloud.com,Harry,Nguyen,2025-11-25 12:12:10
3,572,CONOR.COOPER28@GMAIL.COM,Conor,Cooper,2025-11-25 07:59:55
2,547,noemail@apexvenue.invalid,Priya,Williams,2025-11-25 09:44:25
1,653,mateo.taylor838@yahoo.com,Mateo,Taylor,2025-11-25 15:56:31
3,573,LIAM.WALSH512@EIRCOM.NET,Liam,Walsh,2025-11-25 23:47:25
3,574,jack.davies970@hotmail.co.uk,Jack,Davies,2025-11-26 08:21:10
4,459,noemail@apexvenue.invalid,Maya,Martin,2025-11-26 22:21:24
4,460,,Aoife,Evans,2025-11-26 22:54:31
4,461,PRIYA.KELLY187@ICLOUD.COM,Priya,Kelly,2025-11-26 22:55:07
1,654,ruby.hughes922@yahoo.com,Ruby,Hughes,2025-11-26 07:22:54
2,548," Aoife.obrien395@yahoo.com",Aoife,O'Brien,2025-11-26 11:01:04
3,575,ZOE.LEE851@GMAIL.COM,Zoe,Lee,2025-11-26 21:24:53
3,576,emma.patel862@btinternet.com,Emma,Patel,2025-11-26 23:55:40
4,462,chloe.nguyen325@gmail.com,Chloe,Nguyen,2025-11-27 13:54:00
4,463,elijah.garcia937@bigpond.com,Elijah,Garcia,2025-11-27 23:42:26
1,655,EMMA.ROBINSON208@GMAIL.COM,Emma,Robinson,2025-11-27 12:27:19
1,656,"zoe.martin943@gmail.com  ",Zoe,Martin,2025-11-27 12:35:00
2,549,amelia.williams859@yahoo.com,Amelia,Williams,2025-11-27 15:07:19
1,657,,Hannah,Walker,2025-11-27 17:20:06
2,550,ETHAN.SMITH781@AOL.COM,Ethan,Smith,2025-11-27 17:38:01
3,577,ELLA.WOOD143@OUTLOOK.COM,Ella,Wood,2025-11-28 12:41:01
3,578,chloe.taylor723@btinternet.com,Chloe,Taylor,2025-11-28 14:30:42
3,579,oliver.hall365@outlook.com,Oliver,Hall,2025-11-28 18:24:14
1,658,henry.wood653@icloud.com,Henry,Wood,2025-11-28 14:54:13
2,551,ruby.thompson376@aol.com,Ruby,Thompson,2025-11-28 18:54:55
4,464,jack.thomas648@bigpond.com,Jack,Thomas,2025-11-29 16:38:36
4,465,RUBY.WHITE799@GMAIL.COM,Ruby,White,2025-11-29 18:53:48
3,580,OLIVER.DAVIES701@GMAIL.COM,Oliver,Davies,2025-11-29 10:08:11
2,552,chloe.nguyen477@outlook.com,Chloe,Nguyen,2025-11-29 09:49:42
3,581,noemail@apexvenue.invalid,Grace,Murphy,2025-11-29 17:38:15
3,582,sam.green926@eircom.net,Sam,Green,2025-11-29 18:41:56
2,553,hannah.brown663@yahoo.com,Hannah,Brown,2025-11-29 18:28:48
3,583,"sophia.martin818@outlook.com  ",Sophia,Martin,2025-11-30 07:55:34
3,584,grace.hall829@outlook.com,Grace,Hall,2025-11-30 19:16:26
4,466,"conor.martinez474@bigpond.com  ",Conor,Martinez,2025-12-01 13:37:47
3,585,henry.williams160@outlook.com,Henry,Williams,2025-12-01 08:24:39
3,586,henry.jackson60@hotmail.co.uk,Henry,Jackson,2025-12-01 08:51:02
3,587,maya.turner636@btinternet.com,Maya,Turner,2025-12-01 15:24:37
1,659,JACK.WALKER300@GMAIL.COM,Jack,Walker,2025-12-01 11:55:42
2,554,ARJUN.DAVIES35@ICLOUD.COM,Arjun,Davies,2025-12-01 10:26:50
4,467,hannah.nguyen400@gmail.com,Hannah,Nguyen,2025-12-02 09:41:18
1,660,elijah.evans459@gmail.com,Elijah,Evans,2025-12-01 22:13:46
4,468,daniel.white86@icloud.com,Daniel,White,2025-12-02 22:05:51
1,661,isla.evans811@gmail.com,Isla,Evans,2025-12-02 10:59:27
3,588,"jack.walsh920@eircom.net  ",Jack,Walsh,2025-12-03 10:42:06
2,555,isla.kelly90@icloud.com,Isla,Kelly,2025-12-03 10:30:57
2,556,oscar.jones964@aol.com,Oscar,Jones,2025-12-03 11:50:56
2,557," Siobhan.walker376@yahoo.com",Siobhan,Walker,2025-12-03 18:13:18
1,662,noemail@apexvenue.invalid,Siobhan,O'Brien,2025-12-03 21:20:15
4,469,elijah.clarke955@icloud.com,Elijah,Clarke,2025-12-04 14:42:18
1,663,priya.green491@icloud.com,Priya,Green,2025-12-04 12:03:39
3,589,henry.turner966@eircom.net,Henry,Turner,2025-12-05 09:49:46
1,664,aoife.wright351@outlook.com,Aoife,Wright,2025-12-05 07:11:34
1,665,emma.smith161@aol.com,Emma,Smith,2025-12-05 12:11:43
3,590,charlotte.davies104@outlook.com,Charlotte,Davies,2025-12-05 22:05:14
1,666,FREYA.HUGHES586@GMAIL.COM,Freya,Hughes,2025-12-06 10:20:56
3,591,noemail@apexvenue.invalid,Maya,Brown,2025-12-06 15:38:52
3,592,"daniel.thomas208@gmail.com  ",Daniel,Thomas,2025-12-06 15:41:45
3,593,LUCAS.LEWIS619@EIRCOM.NET,Lucas,Lewis,2025-12-06 16:13:59
3,594,siobhan.thompson769@gmail.com,Siobhan,Thompson,2025-12-06 16:33:14
2,558,noemail@apexvenue.invalid,Elijah,O'Brien,2025-12-06 17:12:28
2,559,kai.obrien249@icloud.com,Kai,O'Brien,2025-12-06 17:24:45
4,470,MATEO.MARTINEZ631@ICLOUD.COM,Mateo,Martinez,2025-12-07 14:58:48
4,471,mia.jackson763@outlook.com,Mia,Jackson,2025-12-07 22:11:55
5,63,sam.lee941@gmail.com,Sam,Lee,2025-12-07 08:06:44
1,667,noah.murphy620@aol.com,Noah,Murphy,2025-12-07 10:53:20
1,668,aoife.brown223@gmail.com,Aoife,Brown,2025-12-07 14:41:31
1,669,"maya.garcia618@aol.com  ",Maya,Garcia,2025-12-07 20:32:05
3,595,daniel.martin745@hotmail.co.uk,Daniel,Martin,2025-12-08 07:46:44
4,472,EMMA.CLARKE665@GMAIL.COM,Emma,Clarke,2025-12-08 22:27:23
1,670,emma.lewis135@icloud.com,Emma,Lewis,2025-12-08 08:08:25
2,560,ella.kelly36@outlook.com,Ella,Kelly,2025-12-08 07:17:51
3,596,harry.martin702@outlook.com,Harry,Martin,2025-12-08 18:02:41
3,597,"zoe.jones43@outlook.com  ",Zoe,Jones,2025-12-08 22:22:51
1,671,,Emma,Johnson,2025-12-08 19:22:31
1,672,JAMES.EVANS93@GMAIL.COM,James,Evans,2025-12-08 21:23:27
3,598,elijah.walker900@outlook.com,Elijah,Walker,2025-12-09 07:55:41
1,673,LILY.THOMAS52@OUTLOOK.COM,Lily,Thomas,2025-12-09 11:57:57
1,674,isla.wright111@yahoo.com,Isla,Wright,2025-12-09 13:02:44
2,561,ISLA.HALL35@OUTLOOK.COM,Isla,Hall,2025-12-09 11:06:17
3,599,"chloe.white784@gmail.com  ",Chloe,White,2025-12-09 20:26:31
4,473,jack.evans254@outlook.com,Jack,Evans,2025-12-10 07:48:13
2,562,zoe.taylor680@aol.com,Zoe,Taylor,2025-12-10 07:37:23
2,563,"zoe.brown986@yahoo.com  ",Zoe,Brown,2025-12-10 11:01:56
1,675,noemail@apexvenue.invalid,Freya,Nguyen,2025-12-11 13:33:42
3,600,HANNAH.LEWIS677@OUTLOOK.COM,Hannah,Lewis,2025-12-11 21:32:36
4,474,kai.cooper976@gmail.com,Kai,Cooper,2025-12-12 14:18:16
3,601,siobhan.hughes427@hotmail.co.uk,Siobhan,Hughes,2025-12-12 07:18:30
4,475,AMELIA.MARTINEZ215@GMAIL.COM,Amelia,Martinez,2025-12-12 21:41:38
1,676,isla.clark410@outlook.com,Isla,Clark,2025-12-12 12:43:46
1,677,noemail@apexvenue.invalid,Lucas,Martinez,2025-12-12 14:44:58
1,678,lily.robinson895@yahoo.com,Lily,Robinson,2025-12-12 14:56:10
3,602,noemail@apexvenue.invalid,Mia,Nguyen,2025-12-12 21:55:23
1,679,siobhan.green465@aol.com,Siobhan,Green,2025-12-12 22:12:21
4,476,aoife.williams97@bigpond.com,Aoife,Williams,2025-12-13 16:49:27
4,477,liam.harris357@bigpond.com,Liam,Harris,2025-12-13 17:35:29
4,478,priya.wood416@gmail.com,Priya,Wood,2025-12-13 20:53:31
4,479,zoe.green567@outlook.com,Zoe,Green,2025-12-13 21:36:07
1,680,siobhan.hall393@gmail.com,Siobhan,Hall,2025-12-13 09:14:11
2,564,sophia.king850@icloud.com,Sophia,King,2025-12-13 11:31:36
2,565,,Emma,Clark,2025-12-13 22:04:04
2,566,"liam.hughes27@icloud.com  ",Liam,Hughes,2025-12-13 22:36:20
3,603,CHLOE.DAVIES457@OUTLOOK.COM,Chloe,Davies,2025-12-14 13:40:24
2,567,SOPHIA.HUGHES289@AOL.COM,Sophia,Hughes,2025-12-14 08:32:53
3,604,daniel.green419@eircom.net,Daniel,Green,2025-12-14 16:09:54
3,605,,Priya,Lewis,2025-12-14 16:10:04
3,606,"daniel.edwards698@hotmail.co.uk  ",Daniel,Edwards,2025-12-14 16:56:47
1,681,LEO.WALSH438@GMAIL.COM,Leo,Walsh,2025-12-14 13:56:14
1,682,noemail@apexvenue.invalid,Grace,Martinez,2025-12-14 15:51:21
3,607,jack.edwards448@outlook.com,Jack,Edwards,2025-12-15 14:44:58
4,480,siobhan.garcia712@icloud.com,Siobhan,Garcia,2025-12-16 07:44:43
1,683,ELLA.OBRIEN856@OUTLOOK.COM,Ella,O'Brien,2025-12-15 16:31:32
2,568,emma.kelly237@icloud.com,Emma,Kelly,2025-12-15 16:06:29
1,684,liam.kelly151@icloud.com,Liam,Kelly,2025-12-15 18:47:03
1,685,ETHAN.WILSON950@AOL.COM,Ethan,Wilson,2025-12-16 20:42:45
4,481,james.jones94@bigpond.com,James,Jones,2025-12-17 13:26:27
5,64,sophia.clarke182@gmail.com,Sophia,Clarke,2025-12-17 08:13:58
1,686,grace.clarke717@outlook.com,Grace,Clarke,2025-12-17 10:11:27
1,687,liam.robinson816@icloud.com,Liam,Robinson,2025-12-17 10:38:50
3,608,noemail@apexvenue.invalid,Zoe,O'Brien,2025-12-17 23:58:59
1,688,olivia.jones52@outlook.com,Olivia,Jones,2025-12-17 20:45:38
2,569,JAMES.EVANS93@GMAIL.COM,James,Evans,2025-12-17 20:43:03
1,689,"maya.garcia894@yahoo.com  ",Maya,Garcia,2025-12-18 07:28:41
3,609,liam.king128@hotmail.co.uk,Liam,King,2025-12-18 19:51:10
1,690,chloe.cooper80@yahoo.com,Chloe,Cooper,2025-12-18 23:06:50
4,482,emma.walker959@bigpond.com,Emma,Walker,2025-12-19 15:50:16
3,610,noemail@apexvenue.invalid,Sam,Murphy,2025-12-19 08:21:32
3,611," Daniel.lee938@btinternet.com",Daniel,Lee,2025-12-19 09:44:29
4,483,mateo.lewis131@bigpond.com,Mateo,Lewis,2025-12-19 23:34:04
5,65,mateo.davies430@outlook.com,Mateo,Davies,2025-12-19 08:35:27
3,612,OSCAR.CLARK44@HOTMAIL.CO.UK,Oscar,Clark,2025-12-19 14:45:15
1,691,lucas.smith880@outlook.com,Lucas,Smith,2025-12-20 10:05:29
1,692,noemail@apexvenue.invalid,Henry,Taylor,2025-12-20 13:39:14
4,484,mason.hughes607@icloud.com,Mason,Hughes,2025-12-21 11:21:43
2,570,ava.thomas108@outlook.com,Ava,Thomas,2025-12-20 17:40:26
4,485," Ella.nguyen425@bigpond.com",Ella,Nguyen,2025-12-21 12:32:05
2,571,zoe.lee985@icloud.com,Zoe,Lee,2025-12-20 22:44:09
4,486,"sofia.lee340@bigpond.com  ",Sofia,Lee,2025-12-21 22:07:47
4,487,harry.martinez952@gmail.com,Harry,Martinez,2025-12-22 07:16:39
2,572,aoife.garcia782@aol.com,Aoife,Garcia,2025-12-21 15:03:16
4,488,sophia.brown63@outlook.com,Sophia,Brown,2025-12-22 19:56:41
4,489,"sophia.edwards184@bigpond.com  ",Sophia,Edwards,2025-12-22 22:34:55
1,693,"priya.evans724@icloud.com  ",Priya,Evans,2025-12-22 15:24:53
2,573,zoe.kelly382@outlook.com,Zoe,Kelly,2025-12-22 14:23:45
2,574,liam.patel122@outlook.com,Liam,Patel,2025-12-22 19:42:47
3,613,lucas.edwards865@hotmail.co.uk,Lucas,Edwards,2025-12-23 08:33:39
1,694,ARJUN.OBRIEN358@AOL.COM,Arjun,O'Brien,2025-12-23 07:43:24
1,695,mateo.hughes805@icloud.com,Mateo,Hughes,2025-12-23 08:32:40
3,614,noemail@apexvenue.invalid,Emma,Nguyen,2025-12-23 18:23:39
4,490,noah.lewis971@icloud.com,Noah,Lewis,2025-12-24 11:04:16
1,696,"freya.moore387@aol.com  ",Freya,Moore,2025-12-23 21:33:11
2,575,charlotte.lee343@yahoo.com,Charlotte,Lee,2025-12-23 19:59:11
3,615,sofia.thompson847@gmail.com,Sofia,Thompson,2025-12-24 12:43:14
4,491,ELLA.WHITE456@ICLOUD.COM,Ella,White,2025-12-25 07:04:55
2,576,EMMA.PATEL264@GMAIL.COM,Emma,Patel,2025-12-24 13:21:50
1,697,aoife.nguyen163@gmail.com,Aoife,Nguyen,2025-12-24 20:00:03
4,492,LUCAS.SMITH690@GMAIL.COM,Lucas,Smith,2025-12-25 15:25:21
3,616,amelia.hill57@outlook.com,Amelia,Hill,2025-12-25 14:31:31
2,577,james.wilson521@gmail.com,James,Wilson,2025-12-25 11:00:27
4,493,,Hannah,O'Brien,2025-12-26 08:13:10
4,494," Isla.smith72@outlook.com",Isla,Smith,2025-12-26 15:46:33
4,495,ruby.lee527@bigpond.com,Ruby,Lee,2025-12-26 17:27:42
1,698,daniel.wilson627@aol.com,Daniel,Wilson,2025-12-26 07:07:03
4,496,amelia.williams513@outlook.com,Amelia,Williams,2025-12-27 08:04:09
1,699,"oscar.taylor23@icloud.com  ",Oscar,Taylor,2025-12-26 18:22:06
4,497,hannah.walsh807@icloud.com,Hannah,Walsh,2025-12-27 13:49:35
3,617,"liam.garcia346@gmail.com  ",Liam,Garcia,2025-12-27 08:21:55
2,578,freya.green676@aol.com,Freya,Green,2025-12-27 13:48:13
2,579,CHARLOTTE.PATEL996@AOL.COM,Charlotte,Patel,2025-12-27 14:30:28
1,700,james.jones952@outlook.com,James,Jones,2025-12-27 17:43:50
2,580," Mia.patel301@yahoo.com",Mia,Patel,2025-12-27 22:12:33
3,618,CONOR.LEE23@OUTLOOK.COM,Conor,Lee,2025-12-28 08:17:05
1,701,harry.kelly222@gmail.com,Harry,Kelly,2025-12-28 09:31:50
1,702,mateo.murphy341@outlook.com,Mateo,Murphy,2025-12-28 11:30:57
2,581,jack.obrien994@icloud.com,Jack,O'Brien,2025-12-28 13:38:18
2,582,isla.walker806@icloud.com,Isla,Walker,2025-12-28 15:34:17
1,703,"mia.martinez45@gmail.com  ",Mia,Martinez,2025-12-28 20:40:49
4,498,henry.thomas664@bigpond.com,Henry,Thomas,2025-12-29 22:14:51
3,619,CHARLOTTE.ROBINSON722@EIRCOM.NET,Charlotte,Robinson,2025-12-29 19:02:54
4,499,FREYA.HUGHES164@GMAIL.COM,Freya,Hughes,2025-12-30 07:22:37
4,500,mason.thompson27@outlook.com,Mason,Thompson,2025-12-30 18:01:43
3,620,oliver.turner151@eircom.net,Oliver,Turner,2025-12-30 10:32:09
3,621,"conor.wood149@outlook.com  ",Conor,Wood,2025-12-30 13:39:07
2,583,emma.edwards183@gmail.com,Emma,Edwards,2025-12-30 19:15:37
4,501,noemail@apexvenue.invalid,James,Thomas,2025-12-31 23:40:40
1,704,aoife.turner329@aol.com,Aoife,Turner,2025-12-31 08:12:58
2,584,leo.lewis874@outlook.com,Leo,Lewis,2025-12-31 07:30:52
2,585,mateo.hughes509@aol.com,Mateo,Hughes,2025-12-31 13:33:08
2,586,sam.harris104@aol.com,Sam,Harris,2026-01-01 08:18:57
2,587,noah.hughes67@aol.com,Noah,Hughes,2026-01-01 11:30:21
1,705,sam.wood243@yahoo.com,Sam,Wood,2026-01-01 15:29:01
1,706,DANIEL.GREEN4@AOL.COM,Daniel,Green,2026-01-01 15:30:40
4,502,ava.harris58@outlook.com,Ava,Harris,2026-01-02 09:45:24
4,503,MIA.WRIGHT122@OUTLOOK.COM,Mia,Wright,2026-01-02 10:27:57
2,588,jack.clarke164@outlook.com,Jack,Clarke,2026-01-01 22:56:26
1,707,mateo.turner810@outlook.com,Mateo,Turner,2026-01-02 09:31:41
2,589,amelia.martinez174@aol.com,Amelia,Martinez,2026-01-02 13:04:49
4,504,AOIFE.LEE147@GMAIL.COM,Aoife,Lee,2026-01-03 14:00:11
3,622,priya.hughes916@hotmail.co.uk,Priya,Hughes,2026-01-03 12:48:27
1,708,OLIVER.SMITH974@GMAIL.COM,Oliver,Smith,2026-01-03 10:56:44
4,505,,Siobhan,Garcia,2026-01-04 10:07:32
1,709,LILY.PATEL866@ICLOUD.COM,Lily,Patel,2026-01-03 21:55:02
3,623,noah.thompson359@hotmail.co.uk,Noah,Thompson,2026-01-04 10:16:23
1,710,"jack.murphy79@aol.com  ",Jack,Murphy,2026-01-04 08:56:26
1,711,oliver.hall359@aol.com,Oliver,Hall,2026-01-04 11:22:56
2,590,james.nguyen427@aol.com,James,Nguyen,2026-01-04 09:34:25
1,712,ruby.moore220@aol.com,Ruby,Moore,2026-01-04 19:56:42
2,591,LIAM.TURNER839@GMAIL.COM,Liam,Turner,2026-01-04 18:51:00
2,592,elijah.garcia588@icloud.com,Elijah,Garcia,2026-01-04 22:27:08
3,624,emma.thomas831@gmail.com,Emma,Thomas,2026-01-05 08:51:11
4,506,oliver.thompson996@bigpond.com,Oliver,Thompson,2026-01-05 20:00:54
4,507,MAYA.HILL311@BIGPOND.COM,Maya,Hill,2026-01-05 23:54:16
5,66,ava.walsh925@outlook.com,Ava,Walsh,2026-01-05 10:35:58
2,593,"ruby.garcia246@gmail.com  ",Ruby,Garcia,2026-01-05 10:44:50
1,713,"grace.wood90@icloud.com  ",Grace,Wood,2026-01-05 15:07:53
3,625,noemail@apexvenue.invalid,Liam,Davies,2026-01-05 23:25:33
2,594,noemail@apexvenue.invalid,Harry,Jones,2026-01-06 23:22:24
4,508,noah.hughes799@gmail.com,Noah,Hughes,2026-01-08 07:27:42
2,595,SIOBHAN.MARTIN592@ICLOUD.COM,Siobhan,Martin,2026-01-07 18:45:13
4,509,"maya.hughes191@gmail.com  ",Maya,Hughes,2026-01-09 13:16:04
3,626," Sophia.wilson309@gmail.com",Sophia,Wilson,2026-01-09 08:35:42
1,714,,Ethan,Martinez,2026-01-09 08:28:10
5,67,sophia.johnson307@yahoo.com,Sophia,Johnson,2026-01-10 07:42:52
1,715,"lily.hill978@yahoo.com  ",Lily,Hill,2026-01-10 07:56:37
1,716,charlotte.robinson924@aol.com,Charlotte,Robinson,2026-01-10 08:19:00
1,717,freya.thompson54@gmail.com,Freya,Thompson,2026-01-10 12:00:24
1,718,ella.brown245@gmail.com,Ella,Brown,2026-01-11 12:38:52
1,719,sam.smith578@yahoo.com,Sam,Smith,2026-01-11 13:58:30
3,627,"charlotte.williams354@eircom.net  ",Charlotte,Williams,2026-01-12 21:27:04
