site_no,settle_no,ticket_no,settle_value,settle_local,instrument
4,1,1,39.00,2024-10-02 07:41:00,CASH
1,1,1,80.85,2024-10-04 14:53:40,CARD
1,2,2,259.80,2024-10-04 20:14:53,CARD
4,2,2,156.00,2024-10-05 17:03:34,CARD
1,3,3,259.80,2024-10-14 14:50:10,CARD
1,4,4,194.85,2024-10-14 16:57:19,CASH
4,3,3,534.00,2024-10-15 15:45:48,CARD
4,4,4,29.00,2024-10-16 09:52:46,CARD
2,1,1,124.75,2024-10-18 14:55:48,CARD
2,2,2,149.70,2024-10-19 20:39:49,CARD
1,5,5,324.75,2024-10-22 13:30:30,CASH
2,3,3,24.95,2024-10-22 16:28:17,CASH
2,4,4,53.85,2024-10-23 16:00:50,CARD
2,5,5,99.80,2024-10-24 19:29:58,CARD
1,6,6,129.90,2024-10-25 08:40:08,CARD
1,7,7,134.75,2024-10-29 09:48:21,CARD
4,5,5,234.00,2024-10-30 19:52:36,CASH
2,6,6,374.75,2024-10-31 18:51:53,CARD
4,6,6,117.00,2024-11-01 21:14:04,CARD
4,7,6,117.00,2024-11-01 21:14:34,CARD
1,8,8,129.90,2024-11-01 15:32:20,CASH
1,9,9,97.43,2024-11-05 16:24:30,CARD
1,10,9,97.42,2024-11-05 16:25:00,CARD
2,7,7,374.75,2024-11-05 16:29:53,CARD
5,1,1,1.00,2024-11-07 11:27:22,CARD
2,8,8,89.75,2024-11-11 15:05:41,CARD
3,1,1,18.00,2024-11-14 14:46:16,CARD
4,8,7,178.00,2024-11-16 11:19:01,CARD
2,9,9,8.98,2024-11-18 14:28:55,CARD
2,10,9,8.97,2024-11-18 14:29:25,VOUCHER
4,9,8,145.00,2024-11-19 19:13:03,CARD
1,11,10,80.85,2024-11-19 11:35:23,CASH
1,12,11,107.80,2024-11-20 15:23:09,CASH
4,10,9,116.00,2024-11-21 09:26:44,CARD
5,2,2,1.00,2024-11-21 23:28:53,CASH
3,2,2,65.00,2024-11-22 19:58:55,CARD
3,3,3,54.00,2024-11-23 20:16:30,CARD
3,4,4,192.00,2024-11-23 21:29:45,CASH
3,5,5,24.00,2024-11-23 23:46:59,CARD
3,6,5,24.00,2024-11-23 23:47:29,CARD
1,13,12,259.80,2024-11-24 08:41:32,CASH
3,7,6,48.00,2024-11-24 16:55:36,CARD
2,11,10,74.95,2024-11-24 14:23:48,CARD
2,12,11,449.70,2024-11-25 18:26:43,CASH
2,13,12,124.75,2024-11-26 07:11:10,CASH
1,14,13,389.70,2024-11-26 13:55:45,CARD
3,8,7,90.00,2024-11-26 19:32:59,CARD
1,15,14,194.85,2024-11-26 15:14:27,CARD
1,16,14,194.85,2024-11-26 15:14:57,CARD
4,11,5,-234.00,2024-11-28 04:45:04,CASH
2,14,13,49.90,2024-11-27 19:59:03,CARD
1,17,15,119.70,2024-11-28 23:45:55,CARD
3,9,8,72.00,2024-11-29 16:46:05,CASH
3,10,9,192.00,2024-11-29 22:31:34,CARD
3,11,10,325.00,2024-11-29 22:39:30,CARD
2,15,14,62.38,2024-11-29 17:57:39,CARD
2,16,14,62.37,2024-11-29 17:58:09,VOUCHER
2,17,15,53.85,2024-12-01 13:16:55,CARD
1,18,16,119.70,2024-12-01 19:30:34,CARD
4,12,10,39.00,2024-12-02 21:21:58,CARD
3,12,11,126.00,2024-12-02 16:16:34,CARD
2,18,16,17.95,2024-12-02 10:06:46,CARD
4,13,11,445.00,2024-12-03 15:36:29,CARD
3,13,12,108.00,2024-12-03 18:52:34,CASH
1,19,17,80.85,2024-12-04 10:46:57,CARD
4,14,12,156.00,2024-12-05 09:27:23,CARD
2,19,17,24.95,2024-12-04 16:30:48,CARD
4,15,13,43.50,2024-12-05 10:44:39,CARD
4,16,13,43.50,2024-12-05 10:45:09,CARD
4,17,14,156.00,2024-12-05 12:15:20,CARD
4,18,15,89.00,2024-12-05 16:50:33,CARD
3,14,13,72.00,2024-12-05 07:35:04,CARD
3,15,14,12.00,2024-12-05 07:46:41,CARD
3,16,14,12.00,2024-12-05 07:47:11,VOUCHER
2,20,5,-99.80,2024-12-05 06:33:48,CARD
3,17,15,120.00,2024-12-05 15:36:51,CARD
3,17,15,120.00,2024-12-05 15:36:51,CARD
4,19,16,156.00,2024-12-06 07:26:58,CARD
1,20,18,134.75,2024-12-06 12:50:23,CARD
1,21,19,259.80,2024-12-06 17:09:31,CARD
1,22,20,324.75,2024-12-06 20:55:00,CARD
4,20,17,534.00,2024-12-07 15:20:47,CARD
3,18,16,12.00,2024-12-07 07:51:45,CARD
3,19,16,12.00,2024-12-07 07:52:15,CARD
1,23,21,129.90,2024-12-07 13:57:55,CARD
4,21,18,234.00,2024-12-08 10:02:15,CARD
3,20,17,520.00,2024-12-08 09:00:33,CARD
2,21,18,187.38,2024-12-08 07:50:02,CARD
2,22,18,187.37,2024-12-08 07:50:32,CARD
3,21,18,36.00,2024-12-08 15:36:09,CASH
1,24,22,129.90,2024-12-08 11:16:10,CARD
1,25,22,129.90,2024-12-08 11:16:40,CARD
3,22,19,65.00,2024-12-08 16:39:05,CARD
1,26,23,19.95,2024-12-08 12:42:00,CARD
1,27,23,19.95,2024-12-08 12:42:30,VOUCHER
1,28,24,19.95,2024-12-08 15:19:00,CARD
3,23,20,108.00,2024-12-08 21:03:18,CARD
3,24,21,72.00,2024-12-08 22:23:00,CARD
4,22,19,267.00,2024-12-09 11:55:58,CARD
3,25,22,90.00,2024-12-09 07:32:45,CARD
1,29,25,80.85,2024-12-09 08:03:00,CARD
2,23,19,49.90,2024-12-09 08:19:48,CARD
4,23,20,178.00,2024-12-10 11:36:27,CARD
5,3,1,-1.00,2024-12-09 20:59:37,CARD
3,26,23,520.00,2024-12-10 08:00:27,CASH
4,24,21,178.00,2024-12-10 19:45:37,CARD
2,24,4,-53.85,2024-12-10 01:51:43,CARD
1,30,1,-80.85,2024-12-10 06:20:48,CARD
1,31,26,161.70,2024-12-10 09:39:55,CASH
2,25,20,374.75,2024-12-10 08:54:50,CARD
1,32,27,324.75,2024-12-10 12:51:22,CARD
5,4,3,2.00,2024-12-10 13:16:23,CARD
1,33,28,64.95,2024-12-10 14:24:55,CARD
3,27,24,90.00,2024-12-11 07:14:10,CASH
3,28,25,144.00,2024-12-11 08:42:19,CARD
3,29,26,120.00,2024-12-11 09:37:42,CARD
1,34,29,161.70,2024-12-11 09:15:37,CARD
2,26,21,35.90,2024-12-11 13:09:10,CARD
3,30,27,54.00,2024-12-11 20:14:07,CASH
3,31,28,520.00,2024-12-11 21:38:58,CARD
1,35,30,53.90,2024-12-11 17:45:36,CASH
1,36,31,59.85,2024-12-11 20:16:55,CASH
2,27,22,107.70,2024-12-11 20:22:59,CARD
4,25,22,156.00,2024-12-12 15:09:51,CARD
3,32,29,54.00,2024-12-12 08:01:52,CARD
2,28,23,35.90,2024-12-12 12:02:16,CARD
4,26,23,445.00,2024-12-13 07:48:15,CARD
2,29,3,-24.95,2024-12-12 13:56:25,CASH
4,27,24,116.00,2024-12-13 19:02:33,CARD
4,28,25,78.00,2024-12-13 19:51:51,CARD
3,33,30,144.00,2024-12-13 16:42:07,CARD
4,29,26,174.00,2024-12-14 08:42:16,CARD
1,37,32,39.90,2024-12-13 22:40:57,CARD
4,30,4,-14.50,2024-12-14 19:09:29,CARD
3,34,31,162.50,2024-12-14 12:16:07,CARD
3,35,31,162.50,2024-12-14 12:16:37,CARD
4,31,27,39.00,2024-12-14 23:35:02,CARD
4,32,28,117.00,2024-12-15 07:01:06,CARD
4,33,29,116.00,2024-12-15 08:42:59,CARD
3,36,32,90.00,2024-12-14 22:24:23,CASH
1,38,33,119.70,2024-12-14 18:02:49,CARD
1,39,34,119.70,2024-12-14 19:24:57,CARD
2,30,24,149.90,2024-12-14 18:58:59,CARD
2,31,24,149.90,2024-12-14 18:59:29,CARD
2,32,25,74.95,2024-12-14 23:12:28,CASH
2,32,25,74.95,2024-12-14 23:12:28,CASH
3,37,33,18.00,2024-12-15 10:17:58,CASH
3,38,34,455.00,2024-12-15 14:40:05,CARD
3,39,35,48.00,2024-12-15 15:06:14,CARD
1,40,35,324.75,2024-12-15 11:02:51,CARD
1,41,36,389.70,2024-12-15 13:26:03,CARD
2,33,26,99.80,2024-12-15 12:18:10,CARD
4,34,30,39.00,2024-12-16 08:07:57,CARD
4,35,31,39.00,2024-12-16 16:42:57,CARD
5,5,4,1.00,2024-12-16 07:10:28,CARD
1,42,37,119.70,2024-12-16 07:47:13,CARD
1,43,38,26.95,2024-12-16 08:52:27,CARD
1,44,38,26.95,2024-12-16 08:52:57,CARD
2,34,24,-149.90,2024-12-16 11:45:00,CARD
4,36,32,534.00,2024-12-17 10:01:44,CARD
2,35,27,299.80,2024-12-16 17:09:44,CARD
4,37,33,97.50,2024-12-17 11:17:56,CARD
4,38,33,97.50,2024-12-17 11:18:26,CARD
1,45,39,59.85,2024-12-16 19:59:46,CASH
3,40,15,-120.00,2024-12-17 04:02:44,CARD
3,41,36,108.00,2024-12-17 12:08:14,CARD
4,39,34,78.00,2024-12-18 08:24:57,CARD
2,36,28,71.80,2024-12-17 20:20:21,CARD
3,42,23,-260.00,2024-12-18 04:29:25,CASH
4,40,35,445.00,2024-12-18 16:52:44,CARD
1,46,39,-59.85,2024-12-18 01:56:36,CASH
3,43,37,144.00,2024-12-18 08:49:28,CARD
4,41,36,356.00,2024-12-18 21:22:28,CARD
4,42,37,39.00,2024-12-18 22:14:30,CASH
3,44,38,72.00,2024-12-18 11:33:22,CASH
4,43,38,87.00,2024-12-18 23:24:24,CASH
4,44,39,58.00,2024-12-18 23:37:34,CARD
5,6,5,2.00,2024-12-18 08:16:16,CASH
3,45,19,-65.00,2024-12-18 15:00:05,CARD
3,46,39,227.50,2024-12-18 21:27:16,CARD
3,47,39,227.50,2024-12-18 21:27:46,CARD
1,47,40,324.75,2024-12-18 20:03:07,CASH
4,45,40,534.00,2024-12-19 12:34:28,CASH
2,37,29,71.80,2024-12-18 23:17:28,CARD
3,48,40,144.00,2024-12-19 07:14:42,CARD
3,49,41,65.00,2024-12-19 07:33:53,CARD
4,46,41,58.00,2024-12-19 19:00:25,CARD
2,38,28,-71.80,2024-12-19 01:35:39,CARD
1,48,41,389.70,2024-12-19 14:11:47,CARD
2,39,30,374.75,2024-12-19 15:22:06,CARD
4,47,42,156.00,2024-12-20 11:06:26,CARD
4,48,43,145.00,2024-12-20 13:43:30,CASH
2,40,31,74.95,2024-12-19 20:18:46,CARD
3,50,42,65.00,2024-12-20 07:42:57,CARD
3,51,42,65.00,2024-12-20 07:43:27,VOUCHER
4,49,44,87.00,2024-12-20 21:27:34,CARD
4,50,45,178.00,2024-12-20 22:29:38,CARD
3,52,17,-520.00,2024-12-20 16:04:05,CARD
2,41,2,-74.85,2024-12-20 09:04:09,CARD
2,42,32,17.95,2024-12-20 10:38:46,CARD
4,51,46,117.00,2024-12-21 07:45:04,CARD
4,52,47,178.00,2024-12-21 12:00:56,CARD
4,53,47,178.00,2024-12-21 12:01:26,CARD
2,43,33,149.90,2024-12-20 18:26:57,CARD
4,54,48,89.00,2024-12-21 12:34:30,CARD
1,49,41,-97.43,2024-12-21 02:30:00,CARD
4,55,49,58.00,2024-12-21 21:33:12,CARD
3,53,43,24.00,2024-12-21 11:47:35,CARD
3,54,44,72.00,2024-12-21 13:16:03,CARD
3,55,45,260.00,2024-12-21 13:38:39,CASH
1,50,42,64.95,2024-12-21 08:42:34,CARD
1,51,43,134.75,2024-12-21 10:16:37,CASH
1,52,44,259.80,2024-12-21 10:35:53,CARD
2,44,34,99.80,2024-12-21 10:55:31,CASH
1,53,45,99.75,2024-12-21 13:41:01,CARD
4,56,50,174.00,2024-12-22 09:01:10,CARD
2,45,35,49.90,2024-12-21 15:19:30,CARD
2,46,35,49.90,2024-12-21 15:20:00,CARD
2,47,36,89.75,2024-12-21 15:24:50,CASH
1,54,46,134.75,2024-12-21 19:53:36,CARD
4,57,51,116.00,2024-12-22 15:51:19,CASH
3,56,46,72.00,2024-12-22 08:55:36,CARD
1,55,47,64.95,2024-12-22 08:22:52,CARD
1,56,12,-129.90,2024-12-22 10:33:30,CASH
1,57,48,79.80,2024-12-22 10:51:42,CARD
2,48,37,26.93,2024-12-22 09:44:53,CARD
2,49,37,26.92,2024-12-22 09:45:23,VOUCHER
1,58,22,-259.80,2024-12-22 13:08:24,CARD
1,59,49,129.90,2024-12-22 14:51:26,CARD
1,60,49,129.90,2024-12-22 14:51:56,VOUCHER
2,50,38,224.85,2024-12-22 13:43:24,CARD
3,57,47,65.00,2024-12-22 21:46:18,CARD
4,58,52,89.00,2024-12-23 13:16:09,CARD
4,59,53,174.00,2024-12-23 19:44:58,CARD
4,60,54,356.00,2024-12-23 22:15:53,CARD
1,61,50,161.70,2024-12-23 13:25:41,CARD
4,61,11,-445.00,2024-12-24 06:16:38,CARD
4,62,55,78.00,2024-12-24 09:28:25,CASH
4,63,56,39.00,2024-12-24 12:39:41,CARD
3,58,48,72.00,2024-12-24 11:31:45,CARD
3,59,49,96.00,2024-12-24 11:42:48,CARD
3,60,50,108.00,2024-12-24 12:43:03,CARD
3,61,51,65.00,2024-12-24 14:10:48,CASH
3,62,52,72.00,2024-12-24 15:06:29,CARD
1,62,48,-79.80,2024-12-24 10:34:16,CARD
1,63,51,49.88,2024-12-24 11:20:11,CARD
1,64,51,49.87,2024-12-24 11:20:41,VOUCHER
2,51,39,299.80,2024-12-24 10:59:09,CASH
2,52,40,449.70,2024-12-24 12:07:40,CARD
1,65,52,59.85,2024-12-24 16:37:50,CARD
1,66,53,99.75,2024-12-24 16:55:59,CARD
1,67,54,97.43,2024-12-24 18:04:12,CARD
1,68,54,97.42,2024-12-24 18:04:42,CARD
3,63,6,-12.00,2024-12-25 00:30:00,CARD
4,64,57,87.00,2024-12-25 12:35:50,CASH
1,69,55,161.70,2024-12-24 23:49:44,CASH
4,65,58,234.00,2024-12-25 16:03:09,CARD
4,66,59,445.00,2024-12-25 16:33:03,CARD
2,53,41,49.90,2024-12-24 23:30:14,CARD
4,67,60,87.00,2024-12-25 17:40:33,CASH
4,68,61,234.00,2024-12-25 17:49:58,CASH
3,64,53,144.00,2024-12-25 11:40:34,CARD
3,65,43,-24.00,2024-12-25 20:05:19,CARD
1,70,56,59.85,2024-12-25 15:29:05,CARD
1,71,57,26.95,2024-12-25 16:15:36,CASH
1,72,58,80.85,2024-12-25 16:52:58,CARD
1,73,59,107.80,2024-12-25 17:48:33,CARD
3,66,54,325.00,2024-12-26 07:44:53,CARD
3,67,55,72.00,2024-12-26 08:46:36,CASH
3,68,56,72.00,2024-12-26 09:50:40,CARD
3,69,57,126.00,2024-12-26 12:46:32,CASH
3,70,58,54.00,2024-12-26 13:22:15,CARD
3,71,59,168.00,2024-12-26 15:01:18,CARD
1,74,60,161.70,2024-12-26 10:52:31,CARD
1,75,61,26.95,2024-12-26 14:09:15,CARD
1,76,61,26.95,2024-12-26 14:09:45,CARD
3,72,60,24.00,2024-12-26 20:59:32,CARD
4,69,62,29.00,2024-12-27 10:06:37,CARD
4,70,63,29.00,2024-12-27 14:38:54,CARD
4,71,63,29.00,2024-12-27 14:39:24,CARD
1,77,62,53.90,2024-12-26 23:50:10,CARD
4,72,64,156.00,2024-12-27 18:10:56,CASH
4,73,65,39.00,2024-12-27 18:14:20,CARD
4,74,66,72.50,2024-12-27 18:18:40,CARD
4,75,66,72.50,2024-12-27 18:19:10,VOUCHER
4,76,67,534.00,2024-12-27 20:00:47,CASH
1,78,63,324.75,2024-12-27 09:10:56,CASH
2,54,42,107.70,2024-12-27 09:03:25,CARD
1,79,64,39.90,2024-12-27 11:30:08,CASH
1,80,65,53.90,2024-12-27 11:32:39,CARD
2,55,43,49.90,2024-12-27 10:07:10,CARD
2,56,44,53.85,2024-12-27 14:42:46,CARD
1,81,66,79.80,2024-12-27 17:11:44,CARD
1,82,67,53.90,2024-12-27 20:33:53,CASH
2,57,45,224.85,2024-12-27 21:15:33,CASH
1,83,54,-194.85,2024-12-28 00:54:16,CARD
3,73,61,48.00,2024-12-28 08:44:47,CARD
3,74,62,96.00,2024-12-28 09:29:36,CARD
5,7,3,-0.50,2024-12-28 05:45:00,CARD
4,77,66,-145.00,2024-12-29 01:24:20,CARD
1,84,66,-19.95,2024-12-28 12:00:00,CARD
1,85,46,-134.75,2024-12-28 13:54:11,CARD
3,75,63,54.00,2024-12-28 22:30:37,CARD
4,78,68,29.00,2024-12-29 14:20:19,CARD
2,58,46,62.38,2024-12-28 23:05:26,CARD
2,59,46,62.37,2024-12-28 23:05:56,VOUCHER
4,79,69,78.00,2024-12-29 19:24:08,CARD
3,76,64,325.00,2024-12-29 09:55:05,CARD
4,80,70,356.00,2024-12-29 21:07:06,CASH
1,86,68,79.80,2024-12-29 07:53:02,CASH
5,8,6,2.00,2024-12-29 09:00:01,CARD
1,87,69,324.75,2024-12-29 10:56:34,CASH
2,60,43,-24.95,2024-12-29 09:00:00,CARD
3,77,65,45.00,2024-12-29 16:34:18,CARD
3,78,65,45.00,2024-12-29 16:34:48,CARD
2,61,47,99.80,2024-12-29 11:21:01,CARD
1,88,70,19.95,2024-12-29 14:36:46,CARD
2,62,48,8.98,2024-12-29 13:49:46,CARD
2,63,48,8.97,2024-12-29 13:50:16,VOUCHER
1,89,71,107.80,2024-12-29 16:53:58,CARD
3,79,66,72.00,2024-12-29 22:10:53,CARD
4,81,71,87.00,2024-12-30 09:54:05,CARD
1,90,72,389.70,2024-12-29 18:42:24,CASH
2,64,49,17.95,2024-12-29 18:02:04,CARD
2,65,49,17.95,2024-12-29 18:02:34,VOUCHER
2,66,50,71.80,2024-12-30 07:58:20,CARD
5,9,7,1.00,2024-12-30 11:32:42,CARD
1,91,24,-19.95,2024-12-30 12:18:51,CARD
4,82,72,195.00,2024-12-31 08:03:29,CARD
3,80,67,144.00,2024-12-30 21:13:32,CASH
4,83,73,58.00,2024-12-31 09:28:46,CARD
4,84,74,87.00,2024-12-31 09:37:10,CARD
2,67,51,53.85,2024-12-30 16:09:16,CARD
4,85,75,156.00,2024-12-31 10:18:17,CASH
4,86,76,78.00,2024-12-31 13:01:36,CASH
2,68,52,8.98,2024-12-30 19:34:45,CARD
2,69,52,8.97,2024-12-30 19:35:15,VOUCHER
1,92,73,39.90,2024-12-30 23:49:46,CARD
3,81,68,260.00,2024-12-31 09:58:37,CASH
2,70,53,71.80,2024-12-31 07:47:12,CARD
1,93,59,-53.90,2024-12-31 12:06:52,CARD
3,82,12,-108.00,2024-12-31 17:36:26,CASH
3,83,69,108.00,2024-12-31 17:46:20,CASH
1,94,74,99.75,2024-12-31 16:49:19,CASH
1,95,75,80.85,2024-12-31 18:33:03,CASH
2,71,54,37.48,2024-12-31 16:35:58,CARD
2,72,54,37.47,2024-12-31 16:36:28,VOUCHER
2,73,55,374.75,2024-12-31 17:46:03,CARD
1,96,76,59.85,2024-12-31 19:47:39,CARD
2,74,56,374.75,2024-12-31 19:57:02,CARD
4,87,77,78.00,2025-01-01 13:59:51,CARD
2,75,57,71.80,2024-12-31 21:23:40,CARD
4,88,78,145.00,2025-01-01 19:21:16,CARD
3,84,70,120.00,2025-01-01 08:27:40,CARD
3,85,41,-65.00,2025-01-01 17:55:49,CARD
3,86,71,108.00,2025-01-01 18:27:51,CARD
3,87,72,72.00,2025-01-01 18:38:37,CARD
1,97,77,194.85,2025-01-01 13:46:53,CARD
3,88,73,260.00,2025-01-01 23:25:27,CARD
1,98,78,39.90,2025-01-01 19:37:58,CASH
1,99,79,39.90,2025-01-01 19:44:20,CASH
5,10,8,1.00,2025-01-01 21:52:33,CARD
1,100,80,19.95,2025-01-01 22:20:03,CARD
2,76,58,17.95,2025-01-01 22:06:46,CARD
4,89,79,234.00,2025-01-02 20:14:58,CASH
3,89,74,192.00,2025-01-02 10:45:38,CARD
1,101,81,79.80,2025-01-02 07:08:30,CARD
4,90,80,267.00,2025-01-02 23:35:38,CARD
1,102,82,119.70,2025-01-02 07:35:46,CARD
4,91,80,267.00,2025-01-02 23:36:08,CARD
1,103,83,107.80,2025-01-02 15:17:21,CARD
4,92,81,445.00,2025-01-03 10:23:48,CASH
2,77,59,53.85,2025-01-02 18:20:19,CARD
2,78,60,37.43,2025-01-02 21:23:36,CARD
2,79,60,37.42,2025-01-02 21:24:06,CARD
4,93,82,356.00,2025-01-03 15:36:20,CARD
4,94,83,234.00,2025-01-03 15:40:49,CARD
5,11,9,2.00,2025-01-03 07:49:53,CARD
1,104,84,26.95,2025-01-03 14:34:29,CARD
4,95,84,145.00,2025-01-04 08:43:05,CARD
2,80,61,107.70,2025-01-03 15:09:06,CARD
4,96,85,87.00,2025-01-04 10:01:22,CARD
3,90,75,227.50,2025-01-03 23:06:39,CARD
3,91,75,227.50,2025-01-03 23:07:09,CARD
3,92,76,144.00,2025-01-03 23:13:13,CARD
4,97,51,-116.00,2025-01-04 13:11:47,CASH
2,81,62,53.85,2025-01-03 21:05:59,CARD
2,82,63,224.85,2025-01-03 22:41:19,CARD
4,98,86,156.00,2025-01-04 19:19:26,CARD
2,83,62,-26.93,2025-01-04 09:48:23,CARD
2,84,64,374.75,2025-01-04 10:56:06,CARD
2,85,63,-224.85,2025-01-04 11:14:11,CARD
4,99,15,-44.50,2025-01-05 06:46:58,CARD
2,86,65,35.90,2025-01-04 12:53:42,CARD
2,87,65,35.90,2025-01-04 12:54:12,CARD
3,93,77,54.00,2025-01-04 23:26:22,CASH
2,88,66,149.90,2025-01-04 17:35:46,CARD
1,105,85,39.90,2025-01-04 20:44:58,CARD
4,100,87,39.00,2025-01-05 22:29:22,CARD
3,94,78,144.00,2025-01-05 14:20:52,CARD
1,106,86,79.80,2025-01-05 14:10:47,CARD
3,95,79,455.00,2025-01-05 19:20:07,CASH
3,96,80,520.00,2025-01-05 19:39:29,CASH
1,107,87,80.85,2025-01-05 17:12:11,CARD
1,108,87,80.85,2025-01-05 17:12:41,CARD
2,89,67,53.85,2025-01-05 16:33:37,CARD
4,101,88,534.00,2025-01-06 10:58:49,CARD
3,97,51,-65.00,2025-01-06 07:51:44,CASH
3,98,81,108.00,2025-01-06 15:54:52,CARD
2,90,68,17.95,2025-01-06 10:02:14,CARD
2,91,68,17.95,2025-01-06 10:02:44,CARD
5,12,10,2.00,2025-01-06 14:32:36,CARD
1,109,88,26.95,2025-01-06 14:51:39,CASH
2,92,69,17.95,2025-01-06 18:37:36,CARD
4,102,89,356.00,2025-01-07 23:26:24,CARD
3,99,82,144.00,2025-01-07 18:34:30,CARD
4,103,90,19.50,2025-01-08 07:05:02,CARD
4,104,90,19.50,2025-01-08 07:05:32,VOUCHER
2,93,68,-17.95,2025-01-07 15:30:00,CARD
4,105,91,445.00,2025-01-08 13:36:01,CARD
2,94,70,374.75,2025-01-07 21:16:25,CARD
4,106,92,534.00,2025-01-08 18:01:06,CARD
3,100,83,144.00,2025-01-08 13:06:44,CARD
3,101,84,72.00,2025-01-08 17:59:09,CARD
1,110,89,389.70,2025-01-08 13:57:08,CARD
3,102,85,72.00,2025-01-08 19:44:10,CARD
3,103,85,72.00,2025-01-08 19:44:40,CARD
1,111,90,107.80,2025-01-08 17:11:37,CASH
1,112,91,19.95,2025-01-08 19:56:50,CARD
1,113,92,19.95,2025-01-08 21:40:02,CASH
2,95,71,53.85,2025-01-08 20:49:21,CARD
1,114,93,324.75,2025-01-08 22:54:00,CARD
2,96,72,24.95,2025-01-08 22:52:11,CARD
3,104,86,192.00,2025-01-09 08:34:40,CASH
3,105,87,260.00,2025-01-09 14:21:04,CASH
1,115,94,134.75,2025-01-09 09:24:57,CARD
1,116,95,80.85,2025-01-09 11:13:49,CARD
1,117,96,129.90,2025-01-09 11:27:27,CASH
1,118,97,134.75,2025-01-09 17:22:48,CARD
2,97,73,149.90,2025-01-09 16:41:39,CARD
2,98,74,149.70,2025-01-09 16:44:18,CARD
2,99,75,24.95,2025-01-09 16:53:25,CARD
3,106,4,-192.00,2025-01-10 00:31:55,CASH
5,13,2,-1.00,2025-01-10 02:17:16,CASH
1,119,9,-194.85,2025-01-10 08:08:45,CARD
2,100,76,49.90,2025-01-10 07:33:09,CASH
2,100,76,49.90,2025-01-10 07:33:09,CASH
3,107,88,455.00,2025-01-10 15:16:17,CASH
2,101,77,74.95,2025-01-10 18:40:22,CASH
1,120,98,64.95,2025-01-10 23:48:57,CARD
4,107,93,58.00,2025-01-11 15:53:06,CARD
3,108,89,126.00,2025-01-11 11:30:46,CARD
1,121,95,-80.85,2025-01-11 06:36:01,CARD
3,109,90,120.00,2025-01-11 13:50:12,CASH
2,102,78,149.90,2025-01-11 07:11:20,CARD
2,103,78,149.90,2025-01-11 07:11:50,VOUCHER
2,104,79,99.80,2025-01-11 08:37:10,CASH
1,122,99,26.95,2025-01-11 14:20:47,CARD
1,123,100,389.70,2025-01-11 14:37:46,CARD
4,108,94,234.00,2025-01-12 07:10:28,CARD
3,110,91,18.00,2025-01-11 21:55:17,CARD
4,109,95,89.00,2025-01-12 10:55:57,CARD
4,110,96,78.00,2025-01-12 11:13:44,CARD
1,124,101,59.85,2025-01-12 08:04:23,CARD
3,111,92,72.00,2025-01-12 15:25:09,CARD
3,112,93,144.00,2025-01-12 17:36:28,CARD
5,14,11,1.00,2025-01-12 14:54:05,CARD
3,113,94,144.00,2025-01-12 21:45:11,CARD
4,111,97,117.00,2025-01-13 10:09:34,CARD
2,105,80,149.90,2025-01-12 17:22:18,CARD
1,125,102,129.90,2025-01-12 19:34:00,CARD
4,112,98,72.50,2025-01-13 12:59:45,CARD
4,113,98,72.50,2025-01-13 13:00:15,VOUCHER
4,114,99,234.00,2025-01-13 15:30:50,CARD
4,115,100,39.00,2025-01-13 20:34:30,CASH
3,114,64,-81.25,2025-01-13 12:15:00,CARD
1,126,103,64.95,2025-01-13 08:31:39,CARD
3,115,95,195.00,2025-01-13 15:27:18,CASH
2,106,81,74.85,2025-01-13 08:31:15,CARD
2,107,82,374.75,2025-01-13 09:10:05,CARD
1,127,104,107.80,2025-01-13 11:24:22,CARD
3,116,67,-144.00,2025-01-13 17:51:43,CASH
1,128,105,129.90,2025-01-13 13:34:23,CARD
2,108,83,74.95,2025-01-13 14:22:43,CASH
3,117,96,65.00,2025-01-13 21:24:19,CASH
4,116,101,267.00,2025-01-14 08:26:34,CARD
4,117,102,89.00,2025-01-14 08:27:03,CARD
1,129,106,40.43,2025-01-13 20:40:33,CARD
1,130,106,40.42,2025-01-13 20:41:03,VOUCHER
4,118,103,534.00,2025-01-14 20:16:06,CASH
1,131,107,107.80,2025-01-14 08:26:23,CARD
3,118,97,195.00,2025-01-14 15:03:58,CARD
3,119,98,48.00,2025-01-14 16:27:13,CARD
1,132,108,80.85,2025-01-14 11:32:07,CARD
4,119,104,174.00,2025-01-15 09:19:16,CARD
1,133,109,129.90,2025-01-14 18:45:20,CARD
1,134,109,129.90,2025-01-14 18:45:50,CARD
1,135,110,161.70,2025-01-14 23:06:17,CARD
3,120,99,455.00,2025-01-15 07:29:50,CARD
4,120,105,356.00,2025-01-15 19:05:41,CARD
1,136,111,59.85,2025-01-15 09:03:21,CARD
2,109,84,124.75,2025-01-15 07:48:59,CASH
2,110,85,53.85,2025-01-15 09:34:37,CARD
1,137,112,29.93,2025-01-15 14:20:47,CARD
1,138,112,29.92,2025-01-15 14:21:17,CARD
2,111,86,17.95,2025-01-15 17:08:51,CARD
4,121,106,29.00,2025-01-16 11:41:57,CARD
4,122,107,58.00,2025-01-16 11:43:08,CARD
4,123,108,58.00,2025-01-16 14:31:20,CARD
4,124,109,534.00,2025-01-16 16:27:44,CARD
3,121,100,65.00,2025-01-16 08:12:23,CASH
1,139,113,59.85,2025-01-16 09:23:22,CARD
2,112,87,99.80,2025-01-16 08:46:58,CASH
2,113,88,299.80,2025-01-16 08:56:51,CASH
3,122,101,24.00,2025-01-16 16:30:33,CASH
3,123,102,130.00,2025-01-16 18:24:51,CARD
1,140,114,107.80,2025-01-16 13:27:33,CARD
4,125,110,156.00,2025-01-17 14:50:16,CARD
4,126,111,156.00,2025-01-17 15:29:58,CARD
4,127,112,89.00,2025-01-17 19:49:50,CARD
4,128,112,89.00,2025-01-17 19:50:20,VOUCHER
1,141,115,59.85,2025-01-17 08:15:56,CARD
4,129,96,-78.00,2025-01-18 00:52:49,CARD
1,142,116,19.95,2025-01-17 11:16:51,CARD
4,130,113,89.00,2025-01-18 07:44:15,CASH
4,131,114,58.00,2025-01-18 08:18:16,CASH
1,143,117,80.85,2025-01-17 21:12:36,CARD
2,114,89,299.80,2025-01-17 19:30:14,CARD
1,144,118,389.70,2025-01-17 22:02:25,CARD
4,132,115,14.50,2025-01-18 14:49:56,CARD
4,133,115,14.50,2025-01-18 14:50:26,VOUCHER
1,145,119,53.90,2025-01-17 23:10:46,CARD
4,134,116,39.00,2025-01-18 17:54:51,CARD
4,135,116,39.00,2025-01-18 17:55:21,CARD
3,124,103,54.00,2025-01-18 08:40:45,CARD
5,15,12,1.00,2025-01-18 08:51:22,CARD
3,125,104,90.00,2025-01-18 13:57:01,CASH
2,115,90,449.70,2025-01-18 10:19:07,CARD
3,126,105,130.00,2025-01-18 17:32:45,CARD
3,127,106,260.00,2025-01-18 18:39:17,CASH
2,116,91,299.80,2025-01-18 12:03:37,CARD
2,117,92,71.80,2025-01-18 13:17:34,CARD
4,136,117,89.00,2025-01-19 08:59:46,CARD
4,137,117,89.00,2025-01-19 09:00:16,VOUCHER
1,146,120,53.90,2025-01-18 19:06:11,CARD
2,118,93,74.95,2025-01-18 19:00:30,CARD
2,119,94,149.70,2025-01-18 19:30:22,CARD
3,128,5,-48.00,2025-01-19 07:29:11,CARD
2,120,95,71.80,2025-01-19 08:07:47,CARD
1,147,121,162.38,2025-01-19 10:22:15,CARD
1,148,121,162.37,2025-01-19 10:22:45,CARD
2,121,96,149.90,2025-01-19 12:17:14,CARD
4,138,118,29.00,2025-01-20 07:09:02,CARD
3,129,107,130.00,2025-01-19 20:26:07,CARD
3,130,107,130.00,2025-01-19 20:26:37,CARD
4,139,119,534.00,2025-01-20 09:03:43,CASH
2,122,97,74.85,2025-01-19 15:21:27,CARD
4,140,120,534.00,2025-01-20 09:47:48,CASH
2,123,10,-74.95,2025-01-19 15:48:41,CARD
1,149,122,19.95,2025-01-19 17:50:46,CASH
2,124,98,89.75,2025-01-19 19:22:38,CARD
4,141,104,-87.00,2025-01-20 14:12:33,CARD
1,150,123,194.85,2025-01-19 23:31:52,CARD
4,142,121,116.00,2025-01-20 17:26:10,CARD
3,131,108,144.00,2025-01-20 09:34:00,CASH
4,143,122,267.00,2025-01-20 22:02:53,CARD
1,151,124,134.75,2025-01-20 12:42:24,CASH
2,125,99,24.95,2025-01-20 12:49:32,CARD
4,144,123,117.00,2025-01-21 08:07:05,CARD
2,126,100,49.90,2025-01-20 14:55:16,CARD
4,145,124,356.00,2025-01-21 09:59:18,CARD
2,127,101,149.70,2025-01-20 18:46:28,CASH
2,128,102,107.70,2025-01-20 23:06:02,CARD
4,146,125,174.00,2025-01-21 19:19:56,CASH
5,16,13,1.00,2025-01-21 09:37:37,CARD
1,152,125,194.85,2025-01-21 12:50:41,CARD
1,153,126,161.70,2025-01-21 13:48:34,CASH
1,154,127,19.95,2025-01-21 14:49:03,CARD
4,147,126,89.00,2025-01-22 07:25:52,CARD
4,148,127,534.00,2025-01-22 08:13:21,CARD
2,129,103,299.80,2025-01-21 15:27:14,CARD
2,130,104,449.70,2025-01-21 16:27:23,CARD
1,155,128,26.95,2025-01-21 21:32:21,CARD
2,131,105,71.80,2025-01-21 21:14:40,CARD
2,132,106,74.95,2025-01-21 22:33:02,CARD
3,132,109,72.00,2025-01-22 07:46:54,CASH
3,133,110,325.00,2025-01-22 09:51:37,CASH
1,156,129,79.80,2025-01-22 11:36:35,CASH
3,134,111,72.00,2025-01-22 19:36:48,CARD
4,149,128,156.00,2025-01-23 07:18:24,CARD
2,133,107,449.70,2025-01-22 16:29:41,CASH
3,135,112,36.00,2025-01-22 23:47:49,CARD
2,134,108,37.48,2025-01-23 07:15:42,CARD
2,135,108,37.47,2025-01-23 07:16:12,CARD
3,136,113,54.00,2025-01-23 16:20:20,CARD
2,136,109,99.80,2025-01-23 10:52:59,CARD
2,137,110,224.85,2025-01-23 13:50:32,CARD
2,138,110,224.85,2025-01-23 13:51:02,CARD
1,157,38,-53.90,2025-01-23 16:37:34,CARD
1,158,130,161.70,2025-01-23 17:07:52,CARD
1,159,131,161.70,2025-01-23 17:37:34,CARD
4,150,129,267.00,2025-01-24 14:12:12,CARD
4,151,130,267.00,2025-01-24 14:23:45,CARD
1,160,132,194.85,2025-01-23 23:42:14,CARD
1,161,133,79.80,2025-01-24 09:13:03,CASH
1,162,134,19.95,2025-01-24 15:09:08,CARD
4,152,131,174.00,2025-01-25 07:28:26,CARD
4,153,132,174.00,2025-01-25 08:35:21,CARD
2,139,111,99.80,2025-01-24 16:11:33,CARD
4,154,133,78.00,2025-01-25 11:56:06,CARD
4,155,134,116.00,2025-01-25 13:25:43,CARD
2,140,112,299.80,2025-01-24 19:46:26,CARD
3,137,114,24.00,2025-01-25 08:47:06,CASH
3,138,115,520.00,2025-01-25 09:52:57,CARD
1,163,135,64.95,2025-01-25 08:16:24,CARD
1,164,136,53.90,2025-01-25 08:45:53,CARD
1,165,136,53.90,2025-01-25 08:46:23,VOUCHER
3,139,116,192.00,2025-01-25 13:54:11,CASH
1,166,137,80.85,2025-01-25 10:41:08,CARD
1,167,138,99.75,2025-01-25 12:28:16,CARD
3,140,117,96.00,2025-01-25 18:13:56,CASH
1,168,139,80.85,2025-01-25 14:26:39,CARD
2,141,113,107.70,2025-01-25 16:12:54,CARD
1,169,140,64.95,2025-01-25 19:26:54,CARD
4,156,135,534.00,2025-01-26 14:08:41,CARD
2,142,114,99.80,2025-01-25 20:22:10,CARD
1,170,141,324.75,2025-01-26 10:33:54,CARD
2,143,115,49.90,2025-01-26 11:31:19,CARD
1,171,142,119.70,2025-01-26 14:20:07,CARD
4,157,136,87.00,2025-01-27 07:06:37,CARD
4,158,137,78.00,2025-01-27 08:07:30,CARD
4,159,138,267.00,2025-01-27 09:16:04,CARD
1,172,143,79.80,2025-01-26 17:51:58,CARD
1,173,144,26.95,2025-01-26 19:24:25,CARD
1,174,145,80.85,2025-01-26 21:00:15,CARD
1,175,146,39.90,2025-01-26 23:41:36,CARD
3,141,117,-24.00,2025-01-27 06:30:00,CASH
3,142,118,120.00,2025-01-27 09:10:59,CARD
2,144,116,107.70,2025-01-27 11:12:17,CARD
1,176,147,324.75,2025-01-27 13:55:33,CASH
3,143,119,72.00,2025-01-27 19:38:22,CASH
2,145,117,35.90,2025-01-27 15:12:08,CARD
1,177,148,161.70,2025-01-27 17:54:09,CARD
4,160,139,116.00,2025-01-28 09:59:41,CARD
2,146,114,-99.80,2025-01-27 17:26:44,CARD
2,147,118,149.90,2025-01-27 21:35:52,CARD
4,161,140,145.00,2025-01-28 18:35:02,CARD
4,162,141,117.00,2025-01-28 19:17:19,CARD
4,163,142,39.00,2025-01-28 19:27:41,CARD
4,164,143,117.00,2025-01-28 21:57:59,CARD
1,178,149,161.70,2025-01-28 07:52:53,CARD
1,179,150,19.95,2025-01-28 15:04:08,CASH
1,180,151,107.80,2025-01-28 16:06:12,CARD
3,144,120,90.00,2025-01-28 22:56:46,CASH
2,148,119,49.90,2025-01-28 19:02:17,CARD
4,165,144,178.00,2025-01-29 13:03:26,CARD
2,149,120,74.95,2025-01-28 19:51:37,CARD
4,166,145,58.00,2025-01-29 15:06:15,CARD
3,145,121,48.00,2025-01-29 07:43:24,CASH
1,181,137,-80.85,2025-01-29 05:59:17,CARD
4,167,146,174.00,2025-01-30 07:31:29,CASH
3,146,122,130.00,2025-01-29 22:10:50,CARD
2,150,121,224.85,2025-01-29 18:00:25,CASH
3,147,123,126.00,2025-01-30 09:40:08,CASH
4,168,147,195.00,2025-01-30 23:03:30,CASH
1,182,152,324.75,2025-01-30 07:52:23,CARD
2,151,122,124.75,2025-01-30 08:45:03,CASH
2,152,123,89.75,2025-01-30 08:46:01,CARD
1,183,153,79.80,2025-01-30 11:40:01,CASH
2,153,124,44.88,2025-01-30 12:58:52,CARD
2,154,124,44.87,2025-01-30 12:59:22,VOUCHER
1,184,154,134.75,2025-01-30 15:32:16,CARD
2,155,125,71.80,2025-01-30 15:49:23,CASH
2,156,126,149.70,2025-01-30 16:13:34,CARD
3,148,124,168.00,2025-01-30 23:42:23,CARD
4,169,148,29.00,2025-01-31 13:34:46,CARD
4,170,148,29.00,2025-01-31 13:35:16,VOUCHER
1,185,155,389.70,2025-01-30 23:23:27,CASH
3,149,121,-48.00,2025-01-31 04:50:26,CASH
4,171,143,-117.00,2025-01-31 16:17:32,CARD
1,186,121,-324.75,2025-01-31 07:19:34,CARD
1,187,156,64.95,2025-01-31 08:52:08,CARD
1,188,157,80.85,2025-01-31 10:02:24,CARD
2,157,127,35.90,2025-01-31 10:49:40,CARD
3,150,18,-36.00,2025-01-31 18:46:40,CASH
2,158,128,374.75,2025-01-31 13:00:08,CARD
2,159,129,149.70,2025-01-31 14:25:41,CARD
1,189,158,134.75,2025-01-31 17:35:26,CARD
4,172,149,87.00,2025-02-01 10:13:34,CARD
4,173,150,156.00,2025-02-01 13:02:32,CARD
4,174,151,116.00,2025-02-01 16:20:52,CASH
4,175,152,445.00,2025-02-01 17:49:20,CARD
2,160,27,-299.80,2025-02-01 02:13:53,CARD
3,151,125,18.00,2025-02-01 11:39:09,CARD
1,190,159,26.95,2025-02-01 08:49:03,CARD
3,152,126,126.00,2025-02-01 14:50:05,CARD
1,191,160,389.70,2025-02-01 10:38:18,CARD
1,192,161,134.75,2025-02-01 11:58:08,CASH
3,153,127,72.00,2025-02-01 18:15:11,CASH
2,161,130,53.85,2025-02-01 11:42:27,CARD
2,162,131,35.90,2025-02-01 13:28:52,CARD
2,162,131,35.90,2025-02-01 13:28:52,CARD
4,176,153,234.00,2025-02-02 08:03:02,CARD
3,154,128,90.00,2025-02-01 23:30:44,CARD
1,193,162,19.95,2025-02-01 19:06:06,CARD
4,177,25,-78.00,2025-02-02 16:21:42,CARD
4,178,149,-43.50,2025-02-02 22:00:00,CARD
4,179,154,145.00,2025-02-02 22:42:19,CARD
3,155,129,96.00,2025-02-02 14:48:51,CASH
2,163,132,224.85,2025-02-02 09:38:29,CARD
1,194,163,64.95,2025-02-02 12:30:30,CASH
1,195,164,67.38,2025-02-02 12:42:10,CARD
1,196,164,67.37,2025-02-02 12:42:40,VOUCHER
2,164,133,107.70,2025-02-02 13:37:47,CASH
4,180,155,234.00,2025-02-03 07:50:55,CARD
1,197,165,389.70,2025-02-02 20:12:51,CASH
2,165,134,107.70,2025-02-02 18:40:44,CASH
4,181,156,534.00,2025-02-03 16:30:57,CARD
2,166,115,-12.48,2025-02-03 03:30:00,CARD
4,182,157,178.00,2025-02-03 23:13:16,CARD
1,198,166,80.85,2025-02-03 10:22:21,CARD
3,156,96,-32.50,2025-02-03 19:52:55,CASH
3,157,13,-72.00,2025-02-03 21:12:37,CARD
4,183,158,267.00,2025-02-04 12:16:13,CARD
1,199,167,53.90,2025-02-04 07:40:48,CASH
1,200,168,259.80,2025-02-04 08:48:36,CARD
2,167,135,449.70,2025-02-04 10:59:28,CARD
5,17,14,1.00,2025-02-04 13:39:12,CASH
4,184,159,178.00,2025-02-05 08:44:14,CARD
1,201,169,59.85,2025-02-04 17:26:55,CARD
4,185,160,29.00,2025-02-05 09:27:32,CARD
4,186,161,78.00,2025-02-05 09:27:57,CARD
4,187,162,356.00,2025-02-05 10:27:46,CARD
4,188,163,178.00,2025-02-05 11:10:57,CARD
4,189,164,145.00,2025-02-05 11:20:08,CARD
1,202,170,59.85,2025-02-04 20:07:41,CASH
1,203,171,107.80,2025-02-04 22:35:54,CARD
1,204,172,134.75,2025-02-04 23:27:01,CARD
2,168,136,49.90,2025-02-05 09:27:32,CARD
4,190,137,-19.50,2025-02-06 08:00:00,CARD
4,191,165,267.00,2025-02-06 12:08:59,CASH
4,192,166,29.00,2025-02-06 12:11:27,CASH
4,193,167,445.00,2025-02-06 14:12:55,CARD
4,194,168,234.00,2025-02-06 14:49:58,CARD
3,158,130,325.00,2025-02-06 08:29:28,CASH
3,159,131,144.00,2025-02-06 09:23:58,CASH
4,195,169,195.00,2025-02-06 22:53:37,CARD
2,169,137,124.75,2025-02-06 12:07:11,CARD
4,196,170,534.00,2025-02-07 09:04:19,CASH
3,160,132,72.00,2025-02-06 22:57:24,CARD
4,197,171,58.00,2025-02-07 10:29:40,CARD
4,198,172,156.00,2025-02-07 12:11:05,CARD
4,199,173,195.00,2025-02-07 16:35:18,CARD
4,200,174,156.00,2025-02-07 22:15:56,CARD
2,170,138,149.90,2025-02-07 08:46:59,CASH
3,161,133,65.00,2025-02-07 16:20:43,CASH
4,201,175,195.00,2025-02-08 07:38:55,CASH
2,171,139,299.80,2025-02-07 13:55:07,CARD
4,202,176,145.00,2025-02-08 08:56:33,CARD
2,172,140,49.90,2025-02-07 15:27:22,CARD
1,205,173,80.85,2025-02-07 21:02:08,CARD
4,203,177,178.00,2025-02-08 19:11:43,CARD
4,203,177,178.00,2025-02-08 19:11:43,CARD
4,204,178,356.00,2025-02-08 20:48:38,CARD
4,205,179,133.50,2025-02-08 21:58:01,CARD
4,206,179,133.50,2025-02-08 21:58:31,CARD
1,206,174,67.38,2025-02-08 09:37:41,CARD
1,207,174,67.37,2025-02-08 09:38:11,CARD
3,162,134,126.00,2025-02-08 17:47:05,CARD
1,208,175,134.75,2025-02-08 15:31:12,CARD
1,209,176,324.75,2025-02-08 15:48:03,CARD
1,210,177,99.75,2025-02-08 16:32:17,CARD
2,173,141,89.75,2025-02-08 14:39:33,CARD
4,207,180,87.00,2025-02-09 10:05:04,CARD
1,211,178,259.80,2025-02-08 18:52:19,CARD
2,174,142,24.95,2025-02-08 16:59:57,CASH
1,212,179,129.90,2025-02-08 20:30:38,CARD
1,213,180,324.75,2025-02-08 22:21:27,CARD
4,208,181,195.00,2025-02-09 16:43:24,CASH
3,163,135,36.00,2025-02-09 07:23:44,CARD
3,164,135,36.00,2025-02-09 07:24:14,CARD
1,214,181,324.75,2025-02-09 09:39:34,CASH
2,175,143,224.85,2025-02-09 10:29:10,CARD
2,176,144,107.70,2025-02-09 12:39:26,CARD
2,177,50703,65.00,2025-02-09 13:00:00,CASH
4,209,159,-178.00,2025-02-10 07:06:16,CARD
2,178,145,74.95,2025-02-09 16:31:38,CARD
2,179,146,74.95,2025-02-09 17:45:05,CASH
5,18,15,1.00,2025-02-09 20:49:17,CASH
4,210,182,39.00,2025-02-10 16:23:03,CARD
4,211,182,39.00,2025-02-10 16:23:33,VOUCHER
2,180,147,224.85,2025-02-09 23:04:29,CASH
4,212,183,145.00,2025-02-10 21:32:50,CARD
4,213,184,534.00,2025-02-10 23:34:28,CARD
5,19,16,1.00,2025-02-10 08:19:56,CASH
2,181,148,89.75,2025-02-10 09:05:44,CARD
2,182,149,149.70,2025-02-10 10:24:58,CARD
1,215,182,324.75,2025-02-10 13:00:39,CASH
1,216,179,-32.48,2025-02-10 14:00:00,CARD
1,217,183,119.70,2025-02-10 14:44:02,CARD
4,214,185,356.00,2025-02-11 08:18:46,CARD
4,215,186,89.00,2025-02-11 10:31:27,CARD
1,218,184,26.95,2025-02-10 19:13:51,CARD
1,219,184,26.95,2025-02-10 19:14:21,VOUCHER
4,216,187,39.00,2025-02-11 15:01:24,CARD
4,217,188,145.00,2025-02-11 17:53:05,CARD
4,218,189,534.00,2025-02-11 19:04:22,CARD
3,165,136,72.00,2025-02-11 12:22:22,CARD
1,220,185,194.85,2025-02-11 11:29:50,CASH
2,183,150,17.95,2025-02-11 13:56:16,CARD
5,20,17,1.00,2025-02-11 16:38:56,CASH
2,184,151,35.90,2025-02-11 14:43:39,CARD
3,166,137,130.00,2025-02-11 22:30:41,CARD
1,221,149,-161.70,2025-02-12 02:11:16,CARD
4,219,190,72.50,2025-02-12 19:11:45,CARD
4,220,190,72.50,2025-02-12 19:12:15,VOUCHER
3,167,138,192.00,2025-02-12 10:09:39,CARD
4,221,191,178.00,2025-02-12 22:02:58,CASH
1,222,126,-161.70,2025-02-12 08:11:31,CASH
3,168,139,130.00,2025-02-12 15:40:29,CARD
3,168,139,130.00,2025-02-12 15:40:29,CARD
3,169,140,390.00,2025-02-12 17:51:33,CASH
4,222,192,145.00,2025-02-13 07:15:34,CARD
2,185,152,35.90,2025-02-12 14:13:43,CASH
3,170,141,325.00,2025-02-12 21:14:04,CARD
4,223,193,58.00,2025-02-13 08:29:29,CASH
2,186,153,44.88,2025-02-12 14:55:57,CARD
2,187,153,44.87,2025-02-12 14:56:27,CARD
4,224,194,58.00,2025-02-13 09:04:20,CARD
4,225,195,116.00,2025-02-13 09:11:16,CARD
1,223,186,134.75,2025-02-12 19:13:01,CARD
1,224,187,26.95,2025-02-12 23:26:22,CARD
3,171,141,-162.50,2025-02-13 07:26:17,CARD
3,172,142,168.00,2025-02-13 12:14:11,CARD
3,173,143,126.00,2025-02-13 14:06:19,CARD
3,174,144,144.00,2025-02-13 14:18:56,CARD
3,175,144,-144.00,2025-02-13 19:35:22,CARD
3,176,145,72.00,2025-02-13 20:35:19,CARD
1,225,188,64.95,2025-02-13 15:59:55,CARD
4,226,196,156.00,2025-02-14 09:47:22,CARD
4,227,197,87.00,2025-02-14 11:02:28,CARD
4,228,198,234.00,2025-02-14 13:46:12,CARD
4,229,199,87.00,2025-02-14 14:30:50,CASH
4,230,200,267.00,2025-02-14 15:15:40,CARD
4,231,201,534.00,2025-02-14 15:41:53,CARD
4,232,202,534.00,2025-02-14 17:53:44,CARD
3,177,146,24.00,2025-02-14 07:40:39,CASH
5,21,18,2.00,2025-02-14 07:49:30,CASH
1,226,189,79.80,2025-02-14 09:51:15,CARD
3,178,142,-168.00,2025-02-14 15:49:51,CARD
5,22,16,-1.00,2025-02-14 11:12:09,CASH
4,233,203,195.00,2025-02-15 07:09:31,CARD
1,227,190,80.85,2025-02-14 15:45:51,CARD
4,234,204,267.00,2025-02-15 08:24:00,CARD
4,235,23,-445.00,2025-02-15 10:53:47,CARD
4,236,205,72.50,2025-02-15 14:29:51,CARD
4,237,205,72.50,2025-02-15 14:30:21,VOUCHER
3,179,147,18.00,2025-02-15 07:00:21,CARD
5,23,19,1.00,2025-02-15 08:02:08,CARD
1,228,191,39.90,2025-02-15 08:11:50,CARD
1,229,191,39.90,2025-02-15 08:12:20,CARD
1,230,192,59.85,2025-02-15 09:30:50,CARD
1,231,193,324.75,2025-02-15 12:59:10,CARD
4,238,206,356.00,2025-02-16 07:43:50,CASH
2,188,154,71.80,2025-02-15 14:03:17,CARD
1,232,194,161.70,2025-02-15 16:05:31,CARD
2,189,155,224.85,2025-02-15 14:05:55,CARD
3,180,148,72.00,2025-02-15 23:14:34,CARD
3,181,148,72.00,2025-02-15 23:15:04,VOUCHER
1,233,195,389.70,2025-02-15 19:54:27,CARD
4,239,207,39.00,2025-02-16 15:28:16,CARD
4,240,207,39.00,2025-02-16 15:28:46,CARD
4,241,208,58.00,2025-02-16 17:38:45,CARD
3,182,149,72.00,2025-02-16 09:16:54,CARD
3,183,150,168.00,2025-02-16 11:57:58,CARD
1,234,196,19.95,2025-02-16 08:23:02,CARD
3,184,151,48.00,2025-02-16 21:38:25,CARD
1,235,197,64.95,2025-02-16 17:56:30,CASH
3,185,152,325.00,2025-02-16 23:20:21,CARD
2,190,69,-17.95,2025-02-16 17:19:51,CARD
2,191,156,17.95,2025-02-16 18:00:01,CASH
3,186,153,120.00,2025-02-17 07:02:04,CARD
3,187,154,24.00,2025-02-17 09:58:04,CARD
3,188,155,455.00,2025-02-17 12:08:43,CARD
2,192,157,149.90,2025-02-17 07:14:01,CARD
3,189,156,108.00,2025-02-17 15:39:43,CARD
4,242,209,234.00,2025-02-18 07:04:37,CASH
3,190,157,24.00,2025-02-17 22:33:54,CARD
5,24,20,1.00,2025-02-17 18:06:00,CARD
1,236,198,389.70,2025-02-17 18:46:41,CARD
1,237,199,39.90,2025-02-17 20:49:59,CARD
3,191,158,520.00,2025-02-18 10:24:06,CASH
2,193,158,107.70,2025-02-18 07:40:03,CARD
1,238,200,161.70,2025-02-18 09:56:51,CARD
2,194,159,53.85,2025-02-18 09:07:05,CARD
3,192,159,120.00,2025-02-18 18:00:04,CASH
1,239,201,26.95,2025-02-18 14:01:51,CARD
2,195,160,74.95,2025-02-18 12:35:55,CARD
1,240,202,26.95,2025-02-18 17:39:20,CARD
2,196,161,24.95,2025-02-18 20:24:18,CARD
2,197,162,149.90,2025-02-18 20:59:32,CASH
2,198,163,71.80,2025-02-18 21:44:14,CARD
2,199,160,-18.74,2025-02-19 02:15:00,CARD
2,200,164,107.70,2025-02-19 09:33:11,CASH
2,201,165,224.85,2025-02-19 09:42:46,CARD
2,202,165,224.85,2025-02-19 09:43:16,CARD
1,241,203,389.70,2025-02-19 16:01:12,CARD
4,243,210,195.00,2025-02-20 10:32:19,CARD
2,203,166,299.80,2025-02-19 18:21:43,CARD
2,204,120,-74.95,2025-02-19 20:51:53,CARD
3,193,160,108.00,2025-02-20 19:49:49,CARD
4,244,211,78.00,2025-02-21 07:51:45,CARD
1,242,204,259.80,2025-02-20 17:54:54,CARD
4,245,212,78.00,2025-02-21 13:55:05,CARD
2,205,164,-107.70,2025-02-20 21:27:09,CASH
3,194,161,126.00,2025-02-21 10:08:54,CARD
3,195,162,90.00,2025-02-21 12:17:53,CARD
3,196,163,36.00,2025-02-21 14:48:15,CASH
4,246,213,195.00,2025-02-22 08:20:10,CARD
4,247,214,534.00,2025-02-22 08:38:23,CARD
1,243,205,19.95,2025-02-21 17:22:45,CARD
4,248,215,117.00,2025-02-22 09:25:33,CARD
3,197,164,260.00,2025-02-21 23:27:43,CASH
1,244,206,64.95,2025-02-21 20:39:39,CASH
2,206,136,-49.90,2025-02-22 09:39:35,CARD
3,198,165,130.00,2025-02-22 19:08:15,CARD
1,245,207,259.80,2025-02-22 14:31:28,CARD
1,246,208,107.80,2025-02-22 16:07:13,CARD
2,207,167,299.80,2025-02-22 15:44:31,CARD
2,208,168,299.80,2025-02-22 16:24:06,CASH
1,247,209,259.80,2025-02-23 10:03:02,CARD
1,248,210,194.85,2025-02-23 10:54:49,CARD
3,199,166,48.00,2025-02-23 16:57:37,CASH
2,209,169,74.95,2025-02-23 10:30:49,CARD
3,200,167,36.00,2025-02-23 20:41:30,CARD
4,249,216,116.00,2025-02-24 09:21:17,CARD
2,210,170,49.90,2025-02-23 15:29:34,CASH
1,249,211,134.75,2025-02-23 21:19:04,CASH
1,250,212,67.38,2025-02-23 22:45:04,CARD
1,251,212,67.37,2025-02-23 22:45:34,VOUCHER
4,250,217,156.00,2025-02-24 18:15:18,CARD
1,252,213,161.70,2025-02-24 07:39:09,CARD
3,201,168,18.00,2025-02-24 15:38:01,CASH
2,211,171,449.70,2025-02-24 10:04:22,CARD
1,253,214,134.75,2025-02-24 15:52:00,CASH
4,251,218,445.00,2025-02-25 19:33:46,CARD
3,202,169,45.00,2025-02-25 10:58:56,CARD
3,203,169,45.00,2025-02-25 10:59:26,VOUCHER
3,204,170,65.00,2025-02-25 14:16:11,CARD
3,205,154,-12.00,2025-02-25 15:00:00,CARD
1,254,215,389.70,2025-02-25 15:14:59,CASH
4,252,219,117.00,2025-02-26 07:59:48,CARD
4,253,220,178.00,2025-02-26 08:11:18,CARD
3,206,171,72.00,2025-02-25 21:14:29,CASH
2,212,172,107.70,2025-02-25 14:57:55,CARD
1,255,216,194.85,2025-02-25 17:29:46,CASH
4,254,94,-234.00,2025-02-26 13:17:10,CARD
2,213,173,149.70,2025-02-25 22:26:29,CARD
3,207,148,-144.00,2025-02-26 05:28:44,CARD
1,256,217,107.80,2025-02-26 09:29:22,CASH
3,208,172,65.00,2025-02-26 17:43:44,CARD
2,214,174,17.95,2025-02-26 11:13:14,CARD
2,215,175,89.75,2025-02-26 11:48:07,CASH
1,257,218,389.70,2025-02-26 15:54:56,CARD
4,255,221,445.00,2025-02-27 08:47:56,CARD
2,216,176,24.95,2025-02-26 15:34:02,CARD
2,217,176,24.95,2025-02-26 15:34:32,CARD
4,256,222,89.00,2025-02-27 10:05:43,CASH
2,218,177,374.75,2025-02-26 22:40:02,CARD
3,209,173,72.00,2025-02-27 08:27:10,CARD
4,257,223,445.00,2025-02-27 20:33:12,CARD
1,258,219,59.85,2025-02-27 08:51:45,CARD
1,259,220,129.90,2025-02-27 08:55:58,CASH
2,219,178,124.75,2025-02-27 12:03:46,CASH
2,220,179,99.80,2025-02-27 13:59:52,CASH
1,260,221,129.90,2025-02-27 18:41:12,CASH
1,261,222,59.85,2025-02-27 20:10:40,CARD
4,258,224,117.00,2025-02-28 13:43:26,CARD
1,262,223,64.95,2025-02-27 21:49:08,CARD
4,259,225,29.00,2025-02-28 17:56:31,CARD
4,260,226,445.00,2025-02-28 19:12:47,CARD
4,261,227,89.00,2025-02-28 20:11:31,CARD
1,263,224,64.95,2025-02-28 07:59:08,CARD
3,210,174,18.00,2025-02-28 15:27:42,CARD
2,221,180,35.90,2025-02-28 09:56:46,CARD
2,222,181,74.95,2025-02-28 13:45:43,CASH
1,264,225,134.75,2025-02-28 16:21:03,CARD
4,262,228,87.00,2025-03-01 20:06:25,CARD
4,263,229,174.00,2025-03-01 22:31:46,CARD
5,25,21,1.00,2025-03-01 07:27:56,CARD
3,211,175,260.00,2025-03-01 23:23:15,CARD
3,212,175,260.00,2025-03-01 23:23:45,VOUCHER
2,223,182,374.75,2025-03-01 18:36:05,CARD
3,213,176,120.00,2025-03-02 09:21:47,CARD
3,214,165,-65.00,2025-03-02 09:30:00,CARD
2,224,183,374.75,2025-03-02 11:18:53,CARD
1,265,226,389.70,2025-03-02 14:15:27,CASH
1,266,227,119.70,2025-03-02 14:24:54,CARD
1,267,228,194.85,2025-03-02 15:30:00,CARD
2,225,184,449.70,2025-03-02 16:24:47,CARD
1,268,229,26.95,2025-03-02 21:54:08,CARD
2,226,185,149.70,2025-03-02 20:21:08,CASH
4,264,230,356.00,2025-03-03 18:24:37,CASH
3,215,177,90.00,2025-03-03 19:58:40,CARD
3,216,178,144.00,2025-03-04 08:25:46,CASH
4,265,231,87.00,2025-03-04 22:55:04,CASH
2,227,186,12.48,2025-03-04 07:45:50,CARD
2,228,186,12.47,2025-03-04 07:46:20,VOUCHER
3,217,179,168.00,2025-03-04 16:03:58,CARD
3,218,76,-72.00,2025-03-04 19:16:39,CARD
1,269,230,26.95,2025-03-04 14:22:07,CASH
3,219,180,48.00,2025-03-04 20:52:34,CASH
4,266,232,156.00,2025-03-05 10:38:01,CASH
1,270,231,99.75,2025-03-04 23:35:22,CASH
2,229,187,24.95,2025-03-04 22:51:42,CARD
3,220,166,-48.00,2025-03-05 08:49:51,CASH
3,221,181,120.00,2025-03-05 09:52:03,CARD
3,222,151,-48.00,2025-03-05 10:13:55,CARD
3,223,182,455.00,2025-03-05 11:47:30,CARD
2,230,188,299.80,2025-03-05 07:27:53,CARD
1,271,204,-259.80,2025-03-05 10:10:57,CARD
2,231,189,149.90,2025-03-05 09:25:57,CARD
2,232,189,149.90,2025-03-05 09:26:27,VOUCHER
2,233,190,449.70,2025-03-05 10:07:52,CARD
2,234,191,224.85,2025-03-05 10:34:56,CARD
3,224,183,18.00,2025-03-05 17:54:32,CARD
2,235,192,99.80,2025-03-05 11:45:12,CARD
2,236,193,74.95,2025-03-05 13:25:20,CASH
1,272,232,129.90,2025-03-05 16:09:56,CARD
2,237,194,49.90,2025-03-05 16:33:41,CARD
2,238,195,49.90,2025-03-05 21:10:20,CARD
3,225,184,48.00,2025-03-06 07:34:39,CASH
3,226,185,390.00,2025-03-06 09:33:32,CARD
2,239,179,-99.80,2025-03-06 03:36:38,CASH
3,227,138,-192.00,2025-03-06 11:41:28,CARD
3,228,186,126.00,2025-03-06 12:48:00,CARD
3,229,187,72.00,2025-03-06 16:02:44,CARD
1,273,91,-19.95,2025-03-06 12:46:42,CARD
3,230,188,72.00,2025-03-06 18:09:42,CARD
3,231,188,72.00,2025-03-06 18:10:12,VOUCHER
1,274,233,259.80,2025-03-06 13:11:57,CARD
4,267,233,267.00,2025-03-07 08:08:28,CASH
2,240,196,299.80,2025-03-06 15:45:01,CASH
3,232,189,144.00,2025-03-06 22:49:57,CASH
4,268,234,145.00,2025-03-07 14:14:08,CASH
4,269,235,29.00,2025-03-07 16:11:12,CARD
2,241,197,89.75,2025-03-06 23:49:40,CARD
1,275,234,39.90,2025-03-07 08:17:52,CARD
2,242,198,299.80,2025-03-07 08:17:06,CARD
2,243,199,124.75,2025-03-07 08:22:35,CARD
3,233,190,108.00,2025-03-07 15:53:36,CARD
3,234,191,195.00,2025-03-07 16:34:06,CARD
3,235,191,195.00,2025-03-07 16:34:36,CARD
2,244,200,149.70,2025-03-07 09:57:11,CARD
4,270,236,145.00,2025-03-08 08:44:36,CARD
4,271,237,117.00,2025-03-08 10:09:31,CASH
4,272,238,116.00,2025-03-08 22:47:36,CARD
2,245,153,-89.75,2025-03-08 05:17:53,CARD
2,246,201,35.90,2025-03-08 07:49:13,CARD
3,236,192,54.00,2025-03-08 15:45:39,CARD
3,237,193,144.00,2025-03-08 15:49:42,CARD
1,276,235,19.95,2025-03-08 11:36:43,CARD
1,277,235,19.95,2025-03-08 11:37:13,VOUCHER
2,247,202,35.90,2025-03-08 12:01:03,CARD
2,248,203,149.90,2025-03-08 14:23:33,CARD
4,273,239,445.00,2025-03-09 09:06:08,CARD
5,26,22,1.00,2025-03-08 17:12:08,CARD
1,278,236,39.90,2025-03-08 17:44:43,CARD
1,279,236,39.90,2025-03-08 17:45:13,VOUCHER
2,249,204,449.70,2025-03-09 07:06:58,CARD
1,280,200,-161.70,2025-03-09 10:34:32,CARD
1,281,237,80.85,2025-03-09 10:50:19,CARD
1,282,237,80.85,2025-03-09 10:50:49,CARD
1,283,81,-79.80,2025-03-09 12:33:15,CARD
2,250,205,35.90,2025-03-09 09:51:38,CARD
1,284,238,259.80,2025-03-09 14:50:49,CARD
4,274,240,174.00,2025-03-10 08:19:29,CARD
2,251,206,107.70,2025-03-09 21:04:35,CARD
1,285,239,99.75,2025-03-10 08:04:25,CARD
3,238,194,120.00,2025-03-10 13:59:11,CARD
3,239,195,144.00,2025-03-10 15:44:16,CARD
3,240,196,520.00,2025-03-10 16:33:48,CARD
5,27,23,2.00,2025-03-10 17:07:53,CASH
1,286,240,59.85,2025-03-10 17:59:40,CARD
3,241,197,455.00,2025-03-10 23:04:38,CARD
2,252,207,187.38,2025-03-10 16:20:25,CARD
2,253,207,187.37,2025-03-10 16:20:55,CARD
1,287,241,134.75,2025-03-10 21:49:23,CARD
2,254,208,224.85,2025-03-10 21:09:56,CARD
1,288,242,129.90,2025-03-11 08:52:31,CARD
1,289,242,129.90,2025-03-11 08:53:01,VOUCHER
1,290,243,119.70,2025-03-11 13:09:48,CASH
2,255,209,149.90,2025-03-11 19:10:14,CARD
4,275,181,-97.50,2025-03-12 14:15:00,CASH
2,256,210,449.70,2025-03-11 22:01:40,CARD
3,242,198,390.00,2025-03-12 07:09:56,CARD
1,291,244,161.70,2025-03-12 07:16:44,CARD
2,257,211,99.80,2025-03-12 08:55:39,CARD
1,292,245,119.70,2025-03-12 15:07:57,CARD
1,292,245,119.70,2025-03-12 15:07:57,CARD
1,293,246,129.90,2025-03-12 18:04:39,CARD
2,258,212,299.80,2025-03-12 20:01:09,CASH
4,276,241,445.00,2025-03-13 16:14:03,CARD
4,277,242,89.00,2025-03-13 16:50:07,CASH
4,278,243,116.00,2025-03-13 23:37:15,CASH
4,279,244,39.00,2025-03-13 23:41:19,CARD
3,243,199,120.00,2025-03-13 13:19:41,CARD
3,244,200,144.00,2025-03-13 14:31:43,CARD
4,280,241,-445.00,2025-03-14 03:06:44,CARD
3,245,201,36.00,2025-03-13 16:40:40,CARD
3,246,202,36.00,2025-03-13 20:11:11,CARD
3,247,202,36.00,2025-03-13 20:11:41,VOUCHER
3,248,203,54.00,2025-03-13 20:49:44,CARD
4,281,245,78.00,2025-03-14 08:42:07,CARD
4,282,245,78.00,2025-03-14 08:42:37,VOUCHER
1,294,247,64.95,2025-03-13 18:08:05,CARD
1,295,248,39.90,2025-03-13 18:55:50,CARD
2,259,213,17.95,2025-03-13 16:09:55,CASH
1,296,249,324.75,2025-03-13 20:47:11,CASH
4,283,246,178.00,2025-03-14 12:06:31,CARD
3,249,197,-455.00,2025-03-14 03:05:20,CARD
3,250,204,195.00,2025-03-14 07:27:22,CARD
2,260,214,149.90,2025-03-14 08:36:16,CARD
1,297,250,39.90,2025-03-14 12:22:49,CARD
1,298,251,79.80,2025-03-14 14:20:04,CARD
2,261,215,53.85,2025-03-14 12:22:45,CASH
2,262,216,149.70,2025-03-14 12:32:38,CARD
1,299,252,64.95,2025-03-14 15:57:58,CARD
1,300,253,80.85,2025-03-14 16:35:33,CASH
4,284,247,445.00,2025-03-15 07:48:03,CARD
2,263,217,71.80,2025-03-14 16:10:05,CASH
4,285,248,39.00,2025-03-15 10:42:29,CARD
2,264,218,53.85,2025-03-14 17:46:28,CARD
1,301,254,324.75,2025-03-14 21:24:05,CARD
4,286,249,87.00,2025-03-15 12:58:24,CARD
1,302,255,389.70,2025-03-14 23:08:50,CARD
4,287,250,78.00,2025-03-15 17:55:56,CASH
3,251,205,325.00,2025-03-15 12:26:57,CARD
1,303,256,389.70,2025-03-15 09:50:46,CARD
2,265,212,-149.90,2025-03-15 07:30:00,CASH
3,252,206,48.00,2025-03-15 14:37:42,CARD
2,266,219,24.95,2025-03-15 13:14:07,CARD
2,267,220,12.48,2025-03-15 13:45:27,CARD
2,268,220,12.47,2025-03-15 13:45:57,VOUCHER
1,304,257,161.70,2025-03-15 18:03:50,CARD
4,288,251,58.00,2025-03-16 12:16:10,CARD
4,289,252,534.00,2025-03-16 19:31:35,CARD
3,253,207,54.00,2025-03-16 11:22:48,CASH
1,305,258,26.95,2025-03-16 08:49:05,CARD
1,306,259,9.98,2025-03-16 09:35:27,CARD
1,307,259,9.97,2025-03-16 09:35:57,CARD
3,254,208,72.00,2025-03-16 16:20:09,CARD
1,308,260,79.80,2025-03-16 16:11:59,CARD
1,309,261,161.70,2025-03-16 17:37:37,CASH
1,310,262,40.43,2025-03-16 23:11:50,CARD
1,311,262,40.42,2025-03-16 23:12:20,CARD
1,312,263,119.70,2025-03-16 23:56:48,CARD
4,290,253,117.00,2025-03-17 18:49:55,CARD
3,255,209,144.00,2025-03-17 09:01:10,CARD
4,291,254,534.00,2025-03-17 20:39:14,CASH
4,292,220,-178.00,2025-03-18 01:28:45,CARD
3,256,210,168.00,2025-03-17 15:16:53,CARD
2,269,208,-224.85,2025-03-17 08:29:17,CARD
2,270,221,26.93,2025-03-17 08:31:03,CARD
2,271,221,26.92,2025-03-17 08:31:33,CARD
2,272,222,24.95,2025-03-17 10:34:06,CARD
1,313,264,26.95,2025-03-17 14:44:12,CARD
3,257,211,520.00,2025-03-17 21:13:27,CARD
3,258,212,195.00,2025-03-18 13:20:53,CARD
3,259,213,65.00,2025-03-18 14:35:04,CARD
3,260,213,65.00,2025-03-18 14:35:34,CARD
1,314,265,389.70,2025-03-18 15:30:00,CARD
1,315,266,194.85,2025-03-18 17:09:53,CASH
2,273,209,-149.90,2025-03-18 14:52:42,CARD
2,274,223,149.90,2025-03-18 15:50:37,CARD
2,275,223,149.90,2025-03-18 15:51:07,VOUCHER
1,316,267,134.75,2025-03-18 21:05:32,CARD
3,261,214,54.00,2025-03-19 09:40:11,CARD
3,262,215,24.00,2025-03-19 13:03:37,CARD
1,317,268,79.80,2025-03-19 11:01:40,CARD
3,263,216,195.00,2025-03-19 15:23:02,CASH
1,318,269,119.70,2025-03-19 12:16:26,CARD
3,264,217,12.00,2025-03-19 16:31:47,CARD
3,265,217,12.00,2025-03-19 16:32:17,CARD
2,276,224,35.90,2025-03-19 09:36:12,CARD
3,266,218,520.00,2025-03-19 17:24:48,CARD
2,277,225,24.95,2025-03-19 13:35:17,CARD
2,278,225,24.95,2025-03-19 13:35:47,CARD
3,267,219,24.00,2025-03-19 22:22:27,CARD
3,268,220,130.00,2025-03-19 22:24:27,CARD
2,279,226,74.95,2025-03-19 15:50:55,CARD
2,280,226,74.95,2025-03-19 15:51:25,CARD
2,281,227,17.95,2025-03-19 17:38:43,CASH
3,269,221,65.00,2025-03-20 14:22:15,CARD
1,319,270,389.70,2025-03-20 12:55:02,CARD
3,270,222,455.00,2025-03-20 17:03:15,CARD
3,271,223,96.00,2025-03-20 18:54:35,CASH
2,282,228,299.80,2025-03-20 13:34:14,CASH
3,272,224,130.00,2025-03-20 20:44:34,CARD
3,273,199,-120.00,2025-03-20 22:47:31,CARD
2,283,229,17.95,2025-03-20 19:46:02,CARD
4,293,255,178.00,2025-03-21 17:31:00,CARD
1,320,183,-29.93,2025-03-21 05:30:00,CARD
2,284,230,17.95,2025-03-21 09:21:29,CARD
2,285,231,99.80,2025-03-21 18:06:44,CASH
4,294,256,234.00,2025-03-22 12:31:00,CARD
2,286,232,49.90,2025-03-21 21:26:57,CARD
4,295,257,29.00,2025-03-22 16:04:42,CARD
4,296,257,29.00,2025-03-22 16:05:12,VOUCHER
4,297,258,445.00,2025-03-22 17:25:33,CARD
3,274,225,72.00,2025-03-22 08:06:21,CARD
3,275,226,72.00,2025-03-22 08:11:28,CARD
4,298,259,78.00,2025-03-22 23:59:57,CASH
2,287,233,74.95,2025-03-22 12:53:42,CARD
3,276,227,54.00,2025-03-22 20:54:35,CARD
3,277,228,65.00,2025-03-22 21:44:43,CASH
2,288,234,53.85,2025-03-22 17:34:46,CARD
2,289,234,53.85,2025-03-22 17:35:16,CARD
2,290,235,24.95,2025-03-22 18:03:50,CARD
4,299,260,445.00,2025-03-23 22:56:52,CARD
2,291,236,149.90,2025-03-23 11:36:05,CARD
1,321,271,59.85,2025-03-23 16:56:20,CARD
2,292,237,44.88,2025-03-23 15:17:36,CARD
2,293,237,44.87,2025-03-23 15:18:06,VOUCHER
2,294,238,74.95,2025-03-23 16:34:02,CASH
2,295,239,71.80,2025-03-23 19:41:05,CARD
3,278,217,-12.00,2025-03-24 03:00:00,CARD
4,300,261,174.00,2025-03-24 17:30:37,CARD
2,296,240,74.85,2025-03-23 23:32:54,CARD
3,279,229,108.00,2025-03-24 08:30:54,CARD
3,280,102,-130.00,2025-03-24 10:07:03,CARD
2,297,241,224.85,2025-03-24 07:28:08,CARD
1,322,272,107.80,2025-03-24 16:38:21,CARD
4,301,262,356.00,2025-03-25 15:29:48,CASH
2,298,242,124.75,2025-03-24 22:15:32,CARD
2,299,243,17.95,2025-03-24 23:15:12,CARD
2,300,243,17.95,2025-03-24 23:15:42,CARD
2,301,244,74.95,2025-03-25 08:10:39,CARD
2,302,245,299.80,2025-03-25 09:34:17,CARD
4,302,263,178.00,2025-03-26 09:24:40,CARD
2,303,246,49.90,2025-03-25 19:48:08,CARD
2,304,246,49.90,2025-03-25 19:48:38,CARD
4,303,264,195.00,2025-03-26 14:01:10,CARD
2,305,247,35.90,2025-03-25 21:41:42,CASH
4,304,265,356.00,2025-03-26 17:26:37,CARD
3,281,230,520.00,2025-03-26 07:44:16,CASH
3,282,231,72.00,2025-03-26 09:53:01,CARD
1,323,273,39.90,2025-03-26 08:24:53,CARD
1,324,274,59.85,2025-03-26 10:01:36,CASH
1,325,275,119.70,2025-03-26 10:23:40,CARD
2,306,248,49.90,2025-03-26 09:45:59,CASH
1,326,276,107.80,2025-03-26 13:32:10,CASH
4,305,266,39.00,2025-03-27 09:31:05,CASH
1,327,277,59.85,2025-03-27 07:56:44,CARD
1,328,277,59.85,2025-03-27 07:57:14,VOUCHER
3,283,232,195.00,2025-03-27 17:28:31,CARD
1,329,278,39.90,2025-03-27 13:34:21,CASH
3,284,233,455.00,2025-03-27 21:27:43,CARD
1,330,279,49.88,2025-03-27 23:19:53,CARD
1,331,279,49.87,2025-03-27 23:20:23,CARD
4,306,267,58.00,2025-03-28 14:41:02,CASH
3,285,234,97.50,2025-03-28 07:33:52,CARD
3,286,234,97.50,2025-03-28 07:34:22,CARD
3,287,235,108.00,2025-03-28 08:50:06,CARD
4,307,268,222.50,2025-03-29 07:48:19,CARD
4,308,268,222.50,2025-03-29 07:48:49,CARD
4,309,269,29.00,2025-03-29 09:31:43,CARD
1,332,280,26.95,2025-03-28 18:36:36,CARD
2,307,249,53.85,2025-03-28 16:08:29,CARD
3,288,236,72.00,2025-03-28 23:27:29,CARD
1,333,281,64.95,2025-03-28 22:23:00,CARD
4,310,270,116.00,2025-03-29 16:28:29,CARD
3,289,237,97.50,2025-03-29 11:50:27,CARD
3,290,237,97.50,2025-03-29 11:50:57,VOUCHER
3,291,238,126.00,2025-03-29 13:32:42,CARD
3,292,239,54.00,2025-03-29 13:33:20,CARD
2,308,250,74.95,2025-03-29 08:49:02,CARD
1,334,282,134.75,2025-03-29 14:07:28,CARD
3,293,240,192.00,2025-03-29 19:02:44,CARD
4,311,271,89.00,2025-03-30 07:33:18,CASH
1,335,283,119.70,2025-03-29 17:58:24,CARD
1,336,284,59.85,2025-03-29 18:53:34,CARD
3,294,195,-144.00,2025-03-29 23:05:26,CARD
1,337,285,59.85,2025-03-29 20:40:52,CARD
1,338,286,194.85,2025-03-29 21:59:18,CARD
1,339,287,26.95,2025-03-29 22:42:28,CASH
4,312,272,39.00,2025-03-30 16:10:54,CASH
3,295,227,-54.00,2025-03-30 06:47:13,CARD
4,313,269,-7.25,2025-03-30 19:30:00,CARD
3,296,241,48.00,2025-03-30 09:36:04,CARD
3,297,242,390.00,2025-03-30 10:09:20,CARD
4,314,242,-89.00,2025-03-31 02:51:15,CASH
2,309,130,-53.85,2025-03-30 09:57:12,CARD
1,340,288,19.95,2025-03-30 13:00:32,CASH
3,298,243,455.00,2025-03-30 20:55:04,CARD
1,341,281,-64.95,2025-03-30 16:19:41,CARD
1,342,289,194.85,2025-03-30 16:48:00,CARD
5,28,24,2.00,2025-03-30 19:30:11,CASH
1,343,290,99.75,2025-03-30 21:34:23,CASH
2,310,251,124.75,2025-03-30 22:31:47,CASH
4,315,273,116.00,2025-03-31 22:50:21,CASH
1,344,291,119.70,2025-03-31 11:57:23,CASH
1,345,292,129.90,2025-03-31 12:22:56,CARD
1,346,233,-259.80,2025-03-31 14:58:15,CARD
1,347,293,26.95,2025-03-31 22:12:02,CARD
3,299,244,48.00,2025-04-01 08:01:50,CARD
3,300,245,390.00,2025-04-01 15:31:29,CASH
3,301,246,24.00,2025-04-01 17:23:47,CARD
2,311,252,35.90,2025-04-01 09:53:29,CARD
5,29,25,1.00,2025-04-02 08:45:20,CASH
2,312,253,53.85,2025-04-02 13:02:57,CARD
2,313,253,53.85,2025-04-02 13:03:27,VOUCHER
3,302,247,144.00,2025-04-02 21:06:35,CARD
3,303,248,455.00,2025-04-02 22:06:04,CARD
2,314,254,149.70,2025-04-02 18:04:49,CARD
4,316,274,87.00,2025-04-03 18:54:40,CARD
4,317,275,78.00,2025-04-03 22:30:38,CARD
2,315,211,-99.80,2025-04-03 07:16:37,CARD
2,316,255,89.75,2025-04-03 09:11:11,CARD
2,317,256,71.80,2025-04-03 12:12:37,CARD
4,318,276,39.00,2025-04-04 08:01:33,CASH
1,348,294,324.75,2025-04-03 23:27:05,CARD
3,304,249,120.00,2025-04-04 11:27:09,CARD
1,349,295,80.85,2025-04-04 10:31:27,CARD
3,305,250,130.00,2025-04-04 16:06:34,CARD
3,306,250,130.00,2025-04-04 16:07:04,CARD
3,307,251,520.00,2025-04-04 18:24:11,CASH
5,30,26,1.00,2025-04-04 18:00:12,CARD
4,319,277,178.00,2025-04-05 09:22:41,CARD
4,320,277,178.00,2025-04-05 09:23:11,VOUCHER
1,350,296,161.70,2025-04-04 21:10:23,CARD
4,321,278,156.00,2025-04-05 12:58:41,CARD
1,351,297,129.90,2025-04-04 23:05:13,CARD
2,318,257,299.80,2025-04-04 21:45:46,CARD
3,308,252,24.00,2025-04-05 07:27:22,CARD
3,309,252,24.00,2025-04-05 07:27:52,VOUCHER
3,310,253,108.00,2025-04-05 10:04:48,CASH
3,311,254,144.00,2025-04-05 10:12:50,CARD
3,312,255,130.00,2025-04-05 14:14:14,CARD
1,352,298,259.80,2025-04-05 10:20:35,CARD
2,319,258,53.85,2025-04-05 09:42:02,CASH
1,353,299,67.38,2025-04-05 14:17:00,CARD
1,354,299,67.37,2025-04-05 14:17:30,VOUCHER
1,355,300,39.90,2025-04-05 15:03:39,CARD
3,313,256,120.00,2025-04-05 20:23:00,CARD
1,356,301,161.70,2025-04-05 15:48:06,CARD
3,314,257,520.00,2025-04-05 21:47:48,CASH
1,357,302,39.90,2025-04-05 17:57:19,CARD
4,322,279,234.00,2025-04-06 10:25:53,CASH
1,358,303,119.70,2025-04-05 20:59:43,CARD
4,323,280,87.00,2025-04-06 12:07:07,CASH
3,315,258,195.00,2025-04-06 07:11:38,CARD
3,316,259,48.00,2025-04-06 08:11:34,CARD
3,317,260,390.00,2025-04-06 09:17:59,CASH
3,318,261,168.00,2025-04-06 09:46:30,CARD
3,319,262,90.00,2025-04-06 11:43:01,CARD
3,320,263,192.00,2025-04-06 14:54:59,CARD
2,320,259,24.95,2025-04-06 07:04:29,CASH
2,321,260,74.95,2025-04-06 08:23:09,CASH
2,322,261,449.70,2025-04-06 09:49:30,CARD
1,359,304,99.75,2025-04-06 14:12:38,CARD
1,360,305,129.90,2025-04-06 15:07:19,CARD
3,321,264,36.00,2025-04-06 22:11:57,CARD
2,323,262,24.95,2025-04-06 15:06:50,CARD
3,322,265,90.00,2025-04-06 23:53:05,CARD
1,361,306,49.88,2025-04-06 21:19:23,CARD
1,362,306,49.87,2025-04-06 21:19:53,VOUCHER
1,363,307,79.80,2025-04-06 22:15:31,CARD
2,324,263,89.75,2025-04-06 20:29:36,CARD
1,364,308,324.75,2025-04-06 23:42:10,CASH
2,325,264,99.80,2025-04-06 22:31:38,CARD
3,323,266,144.00,2025-04-07 07:08:52,CARD
3,324,267,48.00,2025-04-07 10:49:36,CARD
3,325,268,455.00,2025-04-07 14:38:01,CARD
2,326,265,299.80,2025-04-07 07:05:48,CARD
2,327,266,37.43,2025-04-07 07:26:54,CARD
2,328,266,37.42,2025-04-07 07:27:24,VOUCHER
2,329,267,71.80,2025-04-07 08:06:35,CARD
1,365,309,161.70,2025-04-07 12:53:08,CARD
2,330,268,24.95,2025-04-07 10:49:07,CASH
1,366,310,80.85,2025-04-07 15:15:12,CARD
2,331,269,17.95,2025-04-07 16:48:26,CARD
2,332,270,99.80,2025-04-07 17:37:23,CASH
2,333,271,24.95,2025-04-07 22:38:04,CARD
3,326,269,120.00,2025-04-08 09:11:27,CARD
1,367,311,161.70,2025-04-08 13:55:56,CARD
1,368,312,80.85,2025-04-08 17:03:38,CARD
2,334,272,53.85,2025-04-08 14:55:03,CASH
4,324,281,78.00,2025-04-09 11:10:06,CASH
1,369,313,129.90,2025-04-08 21:12:13,CASH
4,325,282,178.00,2025-04-09 12:31:44,CARD
2,335,273,53.85,2025-04-08 20:10:32,CARD
3,327,270,72.00,2025-04-09 13:11:26,CARD
1,370,314,80.85,2025-04-09 08:34:13,CARD
1,371,315,26.95,2025-04-09 09:25:46,CARD
1,372,316,324.75,2025-04-09 09:32:04,CARD
2,336,269,-17.95,2025-04-09 06:53:18,CARD
2,337,274,71.80,2025-04-09 07:14:20,CARD
2,338,275,224.85,2025-04-09 09:22:52,CASH
2,339,276,24.95,2025-04-09 09:31:38,CARD
1,373,317,53.90,2025-04-09 12:41:49,CARD
1,374,318,39.90,2025-04-09 14:22:56,CARD
2,340,277,74.95,2025-04-09 11:25:16,CASH
2,341,278,24.95,2025-04-09 13:30:07,CARD
2,342,279,35.90,2025-04-09 13:40:13,CARD
1,375,319,194.85,2025-04-09 19:09:03,CARD
1,376,320,324.75,2025-04-09 20:10:39,CARD
1,377,321,389.70,2025-04-09 20:52:23,CARD
2,343,255,-89.75,2025-04-09 19:40:59,CARD
4,326,283,178.00,2025-04-10 16:13:33,CASH
3,328,271,18.00,2025-04-10 07:24:22,CARD
3,329,272,18.00,2025-04-10 09:27:18,CASH
3,330,271,-9.00,2025-04-10 13:38:35,CARD
3,331,273,48.00,2025-04-10 15:22:29,CARD
1,378,322,97.43,2025-04-10 17:56:38,CARD
1,379,322,97.42,2025-04-10 17:57:08,VOUCHER
4,327,284,29.00,2025-04-11 08:46:19,CASH
4,328,285,234.00,2025-04-11 15:06:35,CARD
2,344,280,149.70,2025-04-10 23:17:44,CASH
4,329,286,222.50,2025-04-11 22:55:55,CARD
4,330,286,222.50,2025-04-11 22:56:25,VOUCHER
3,332,178,-144.00,2025-04-11 16:59:58,CASH
1,380,323,107.80,2025-04-11 12:43:32,CARD
4,331,287,89.00,2025-04-12 15:58:49,CASH
3,333,274,144.00,2025-04-12 13:10:16,CARD
1,381,324,39.90,2025-04-12 08:42:08,CARD
4,332,288,29.00,2025-04-12 22:47:57,CARD
4,333,288,29.00,2025-04-12 22:48:27,VOUCHER
1,382,325,40.43,2025-04-12 08:51:36,CARD
1,383,325,40.42,2025-04-12 08:52:06,VOUCHER
4,334,289,78.00,2025-04-12 23:07:34,CASH
3,334,275,325.00,2025-04-12 16:55:10,CARD
2,345,281,49.90,2025-04-12 09:28:20,CARD
2,346,282,149.90,2025-04-12 10:01:40,CARD
2,347,282,149.90,2025-04-12 10:02:10,VOUCHER
4,335,290,29.00,2025-04-13 10:25:52,CARD
2,348,283,449.70,2025-04-12 17:41:10,CARD
4,336,291,156.00,2025-04-13 16:53:12,CARD
4,337,292,178.00,2025-04-13 19:26:30,CARD
1,384,326,49.88,2025-04-13 09:27:06,CARD
1,385,326,49.87,2025-04-13 09:27:36,VOUCHER
4,338,293,534.00,2025-04-13 23:41:54,CARD
1,386,327,64.95,2025-04-13 09:45:05,CASH
3,335,276,120.00,2025-04-13 14:59:42,CARD
1,387,328,107.80,2025-04-13 11:03:22,CARD
3,336,276,-120.00,2025-04-13 17:15:34,CARD
2,349,284,149.90,2025-04-13 09:37:41,CARD
3,337,277,36.00,2025-04-13 20:15:50,CARD
4,339,294,267.00,2025-04-14 09:38:19,CASH
1,388,329,19.95,2025-04-13 22:43:03,CASH
3,338,278,144.00,2025-04-14 07:44:06,CARD
4,340,295,178.00,2025-04-14 22:37:00,CARD
1,389,330,26.95,2025-04-14 08:42:36,CARD
1,390,331,161.70,2025-04-14 12:20:54,CARD
2,350,285,449.70,2025-04-14 10:23:48,CARD
3,339,279,48.00,2025-04-14 19:49:47,CARD
1,391,332,119.70,2025-04-14 15:07:59,CARD
2,351,286,449.70,2025-04-14 12:42:02,CARD
2,352,287,107.70,2025-04-14 16:02:29,CARD
4,341,296,356.00,2025-04-15 09:17:15,CARD
3,340,280,195.00,2025-04-15 08:43:58,CARD
3,341,206,-48.00,2025-04-15 09:19:46,CARD
1,392,333,59.85,2025-04-15 08:31:36,CARD
2,353,288,24.95,2025-04-15 07:21:08,CARD
2,354,289,17.95,2025-04-15 12:11:01,CARD
1,393,334,80.85,2025-04-15 15:19:16,CARD
1,394,335,13.48,2025-04-15 17:06:27,CARD
1,395,335,13.47,2025-04-15 17:06:57,VOUCHER
2,355,290,53.85,2025-04-15 15:54:32,CARD
1,396,336,26.95,2025-04-15 19:39:25,CARD
1,397,337,26.95,2025-04-15 19:42:03,CARD
4,342,297,117.00,2025-04-16 12:24:26,CARD
1,398,338,107.80,2025-04-15 23:04:12,CARD
3,342,281,455.00,2025-04-16 08:56:26,CARD
3,343,282,18.00,2025-04-16 10:48:00,CARD
1,399,339,19.95,2025-04-16 15:25:19,CARD
1,400,340,79.80,2025-04-16 15:48:20,CARD
2,356,237,-89.75,2025-04-16 15:51:41,CARD
4,343,298,87.00,2025-04-17 11:12:26,CASH
1,401,341,49.88,2025-04-16 23:48:13,CARD
1,402,341,49.87,2025-04-16 23:48:43,VOUCHER
3,344,283,455.00,2025-04-17 12:16:50,CARD
4,344,299,195.00,2025-04-17 21:39:30,CARD
2,357,272,-53.85,2025-04-17 05:04:23,CASH
1,403,342,79.80,2025-04-17 13:19:34,CASH
3,345,284,24.00,2025-04-17 19:14:31,CARD
1,404,343,194.85,2025-04-17 14:26:38,CARD
2,358,291,374.75,2025-04-17 12:45:45,CARD
2,359,292,71.80,2025-04-17 13:58:12,CARD
3,346,285,168.00,2025-04-17 22:13:08,CARD
4,345,281,-78.00,2025-04-18 19:27:31,CASH
2,360,273,-53.85,2025-04-18 04:21:23,CARD
3,347,246,-24.00,2025-04-18 16:24:07,CARD
2,361,293,49.90,2025-04-18 10:40:52,CARD
4,346,300,87.00,2025-04-19 09:08:17,CASH
4,347,301,116.00,2025-04-19 11:50:39,CARD
2,362,270,-99.80,2025-04-18 18:58:45,CASH
2,363,294,74.85,2025-04-18 20:26:56,CARD
2,364,295,74.95,2025-04-18 21:52:30,CARD
2,365,296,224.85,2025-04-18 22:46:00,CARD
2,366,296,224.85,2025-04-18 22:46:30,CARD
2,367,297,224.85,2025-04-18 23:26:34,CARD
4,348,302,58.00,2025-04-19 18:09:36,CARD
5,31,27,2.00,2025-04-19 08:07:21,CARD
3,348,286,144.00,2025-04-19 15:18:52,CARD
2,368,298,112.43,2025-04-19 07:42:16,CARD
2,369,298,112.42,2025-04-19 07:42:46,CARD
3,349,287,192.00,2025-04-19 18:04:47,CARD
1,405,344,259.80,2025-04-19 18:24:24,CARD
4,349,303,156.00,2025-04-20 11:46:48,CARD
1,406,339,-19.95,2025-04-20 03:07:26,CARD
3,350,288,72.00,2025-04-20 09:32:33,CARD
4,350,304,234.00,2025-04-20 23:12:03,CASH
4,351,305,195.00,2025-04-20 23:30:52,CASH
3,351,289,192.00,2025-04-20 17:12:39,CARD
1,407,345,79.80,2025-04-20 13:49:01,CASH
3,352,290,120.00,2025-04-20 22:24:10,CARD
2,370,299,24.95,2025-04-20 14:24:25,CARD
2,371,300,124.75,2025-04-20 15:55:34,CASH
2,372,301,124.75,2025-04-20 16:13:04,CARD
2,373,302,224.85,2025-04-20 19:57:38,CARD
3,353,291,18.00,2025-04-21 10:47:15,CARD
4,352,306,195.00,2025-04-21 22:57:02,CARD
3,354,292,126.00,2025-04-21 15:08:11,CARD
1,408,346,26.95,2025-04-21 10:17:37,CARD
4,353,265,-89.00,2025-04-22 00:45:00,CARD
2,374,303,224.85,2025-04-21 09:24:40,CARD
5,32,28,2.00,2025-04-21 13:06:41,CARD
1,409,347,99.75,2025-04-21 15:07:45,CASH
1,410,348,80.85,2025-04-21 17:44:37,CARD
4,354,295,-178.00,2025-04-22 07:54:28,CARD
1,411,349,162.38,2025-04-21 20:22:20,CARD
1,412,349,162.37,2025-04-21 20:22:50,CARD
1,413,350,39.90,2025-04-21 22:57:26,CARD
3,355,266,-144.00,2025-04-22 06:53:53,CARD
2,375,304,107.70,2025-04-21 23:31:49,CARD
3,356,293,168.00,2025-04-22 11:29:41,CARD
1,414,351,194.85,2025-04-22 12:16:10,CARD
1,415,351,194.85,2025-04-22 12:16:40,CARD
2,376,305,107.70,2025-04-22 16:01:02,CARD
1,416,352,259.80,2025-04-22 19:15:39,CARD
1,417,353,259.80,2025-04-22 22:02:31,CASH
2,377,306,299.80,2025-04-22 19:23:58,CARD
4,355,307,267.00,2025-04-23 12:36:51,CARD
1,418,199,-19.95,2025-04-22 22:47:28,CARD
3,357,294,48.00,2025-04-23 07:32:15,CARD
2,378,299,-24.95,2025-04-23 03:19:54,CARD
2,379,307,149.70,2025-04-23 10:11:41,CARD
4,356,308,89.00,2025-04-24 09:42:45,CARD
1,419,354,99.75,2025-04-23 22:29:07,CARD
5,33,29,2.00,2025-04-24 08:49:44,CARD
1,420,355,67.38,2025-04-24 11:28:42,CARD
1,421,355,67.37,2025-04-24 11:29:12,VOUCHER
1,422,356,129.90,2025-04-24 12:15:42,CASH
1,423,357,59.85,2025-04-24 21:33:38,CARD
4,357,309,445.00,2025-04-25 13:50:45,CASH
2,380,177,-374.75,2025-04-25 00:14:25,CARD
3,358,256,-120.00,2025-04-25 10:24:19,CARD
2,381,308,35.90,2025-04-25 10:07:47,CARD
2,382,308,35.90,2025-04-25 10:08:17,CARD
1,424,358,29.93,2025-04-25 14:37:30,CARD
1,425,358,29.92,2025-04-25 14:38:00,CARD
2,383,309,124.75,2025-04-25 22:50:45,CARD
4,358,310,445.00,2025-04-26 20:47:15,CASH
5,34,30,2.00,2025-04-26 08:01:47,CARD
5,35,31,1.00,2025-04-26 09:45:18,CARD
2,384,310,299.80,2025-04-26 09:16:46,CASH
2,385,311,107.70,2025-04-26 11:52:25,CARD
3,359,295,24.00,2025-04-26 21:17:31,CARD
3,360,295,24.00,2025-04-26 21:18:01,VOUCHER
3,361,296,520.00,2025-04-26 21:22:11,CASH
4,359,311,267.00,2025-04-27 07:54:34,CARD
4,360,311,267.00,2025-04-27 07:55:04,VOUCHER
4,361,312,156.00,2025-04-27 09:18:30,CARD
4,362,313,39.00,2025-04-27 10:06:12,CARD
1,426,359,259.80,2025-04-26 20:21:39,CARD
2,386,312,74.95,2025-04-26 22:22:35,CASH
3,362,297,48.00,2025-04-27 07:50:34,CARD
3,363,297,48.00,2025-04-27 07:51:04,CARD
4,363,314,174.00,2025-04-27 20:05:49,CARD
1,427,360,389.70,2025-04-27 09:35:26,CARD
3,364,298,65.00,2025-04-27 16:42:08,CARD
3,365,299,144.00,2025-04-27 17:20:47,CARD
5,36,32,2.00,2025-04-27 13:21:18,CARD
4,364,315,87.00,2025-04-28 07:29:03,CARD
1,428,361,79.80,2025-04-27 17:45:52,CARD
4,365,316,178.00,2025-04-28 07:59:11,CARD
1,429,362,80.85,2025-04-27 18:17:34,CARD
2,387,313,17.95,2025-04-27 15:43:15,CASH
1,430,363,26.95,2025-04-27 19:56:43,CARD
2,388,314,374.75,2025-04-27 17:43:10,CARD
1,431,364,53.90,2025-04-27 21:40:46,CARD
2,389,221,-53.85,2025-04-27 18:52:55,CARD
2,390,315,124.75,2025-04-27 22:41:00,CARD
3,366,300,325.00,2025-04-28 14:08:21,CARD
2,391,316,71.80,2025-04-28 08:35:47,CARD
2,392,317,71.80,2025-04-28 08:58:36,CARD
1,432,365,64.95,2025-04-28 16:23:16,CARD
1,433,365,64.95,2025-04-28 16:23:46,CARD
2,393,318,49.90,2025-04-28 14:23:24,CARD
1,434,366,59.85,2025-04-28 19:57:47,CARD
5,37,33,1.00,2025-04-28 21:14:04,CARD
2,394,319,37.43,2025-04-28 20:20:41,CARD
2,395,319,37.42,2025-04-28 20:21:11,VOUCHER
3,367,301,54.00,2025-04-29 10:04:44,CASH
3,368,302,48.00,2025-04-29 14:34:57,CARD
5,38,34,2.00,2025-04-29 10:13:28,CASH
1,435,367,53.90,2025-04-29 11:02:39,CARD
1,436,368,99.75,2025-04-29 11:27:37,CARD
1,437,369,161.70,2025-04-29 12:43:42,CASH
2,396,320,299.80,2025-04-29 09:43:48,CARD
2,397,312,-18.74,2025-04-29 10:15:00,CASH
1,438,370,324.75,2025-04-29 13:25:19,CARD
1,439,371,194.85,2025-04-29 14:25:30,CARD
2,398,321,24.95,2025-04-29 13:06:37,CARD
3,369,303,65.00,2025-04-29 22:17:01,CARD
1,440,372,39.90,2025-04-29 18:40:32,CASH
1,441,373,119.70,2025-04-29 19:11:06,CARD
2,399,322,17.95,2025-04-29 17:46:33,CASH
3,370,304,126.00,2025-04-30 08:28:06,CARD
3,371,305,72.00,2025-04-30 08:29:28,CARD
3,372,306,144.00,2025-04-30 16:10:03,CARD
3,373,307,96.00,2025-04-30 16:19:52,CARD
1,442,374,99.75,2025-04-30 12:22:27,CARD
2,400,323,24.95,2025-04-30 12:18:05,CARD
4,366,317,195.00,2025-05-01 09:06:39,CARD
3,374,308,90.00,2025-05-01 08:48:40,CARD
1,443,375,64.95,2025-05-01 09:12:48,CASH
5,39,35,1.00,2025-05-01 10:02:55,CARD
2,401,324,99.80,2025-05-01 08:23:55,CASH
1,444,376,64.95,2025-05-01 11:42:19,CARD
1,445,376,64.95,2025-05-01 11:42:49,CARD
2,402,325,71.80,2025-05-01 08:43:59,CARD
3,375,309,48.00,2025-05-01 17:28:35,CARD
2,403,326,49.90,2025-05-01 10:56:07,CARD
4,367,318,145.00,2025-05-02 09:09:34,CARD
4,368,319,87.00,2025-05-02 09:56:55,CARD
2,404,327,149.90,2025-05-01 17:32:54,CARD
1,446,377,79.80,2025-05-01 21:02:57,CARD
4,369,320,534.00,2025-05-02 11:07:45,CASH
4,370,321,174.00,2025-05-02 13:32:20,CARD
3,376,310,18.00,2025-05-02 07:41:53,CARD
3,377,310,18.00,2025-05-02 07:42:23,VOUCHER
2,405,328,17.95,2025-05-02 07:39:27,CARD
2,406,328,17.95,2025-05-02 07:39:57,VOUCHER
3,378,311,48.00,2025-05-02 15:42:00,CARD
2,407,329,71.80,2025-05-02 11:11:54,CASH
1,447,378,99.75,2025-05-02 15:59:13,CARD
3,379,312,54.00,2025-05-02 23:35:46,CARD
4,371,322,195.00,2025-05-03 09:21:50,CARD
3,380,313,260.00,2025-05-03 08:31:33,CARD
3,381,313,260.00,2025-05-03 08:32:03,VOUCHER
1,448,379,259.80,2025-05-03 07:17:43,CASH
3,382,314,18.00,2025-05-03 14:01:03,CASH
3,383,315,168.00,2025-05-03 16:06:02,CARD
2,408,330,99.80,2025-05-03 12:10:58,CARD
1,449,380,194.85,2025-05-03 19:48:56,CARD
1,450,381,64.95,2025-05-03 19:54:02,CARD
2,409,331,299.80,2025-05-03 17:06:20,CARD
3,384,316,260.00,2025-05-04 08:20:47,CARD
1,451,382,134.75,2025-05-04 07:32:57,CARD
3,385,317,72.00,2025-05-04 12:58:07,CARD
2,410,332,24.95,2025-05-04 07:08:16,CARD
3,386,318,90.00,2025-05-04 16:27:23,CASH
2,411,333,299.80,2025-05-04 14:07:16,CARD
3,387,319,192.00,2025-05-04 22:46:43,CARD
4,372,217,-156.00,2025-05-05 08:25:34,CARD
4,373,323,534.00,2025-05-05 09:21:15,CASH
2,412,334,107.70,2025-05-04 17:04:39,CARD
2,413,335,99.80,2025-05-04 17:39:47,CARD
3,388,320,144.00,2025-05-05 09:10:49,CARD
1,452,359,-259.80,2025-05-05 05:39:19,CARD
3,389,321,63.00,2025-05-05 11:05:07,CARD
3,390,321,63.00,2025-05-05 11:05:37,VOUCHER
4,374,324,78.00,2025-05-05 20:55:13,CARD
4,375,324,78.00,2025-05-05 20:55:43,CARD
1,453,383,161.70,2025-05-05 10:55:28,CASH
1,454,384,53.90,2025-05-05 13:05:54,CASH
2,414,336,49.90,2025-05-05 17:42:59,CASH
4,376,325,356.00,2025-05-06 10:43:04,CARD
2,415,337,149.90,2025-05-05 18:04:06,CARD
2,416,338,53.85,2025-05-05 18:54:00,CARD
4,377,326,267.00,2025-05-06 14:56:02,CARD
2,417,339,107.70,2025-05-05 23:54:21,CARD
3,391,322,48.00,2025-05-06 10:05:00,CARD
1,455,361,-79.80,2025-05-06 05:11:24,CARD
1,456,385,80.85,2025-05-06 10:20:49,CASH
3,392,323,390.00,2025-05-06 19:37:15,CARD
3,393,324,48.00,2025-05-06 21:15:50,CARD
3,394,324,48.00,2025-05-06 21:16:20,CARD
2,418,218,-53.85,2025-05-06 20:15:32,CARD
3,395,325,96.00,2025-05-07 08:11:26,CASH
1,457,386,79.80,2025-05-07 15:18:59,CARD
1,458,387,99.75,2025-05-07 20:48:03,CARD
2,419,340,24.95,2025-05-07 18:46:54,CARD
2,420,341,74.95,2025-05-07 19:39:23,CARD
2,421,342,299.80,2025-05-07 21:02:43,CASH
1,459,216,-194.85,2025-05-08 01:09:42,CASH
4,378,327,89.00,2025-05-08 22:20:10,CARD
4,379,327,89.00,2025-05-08 22:20:40,CARD
3,396,326,144.00,2025-05-08 15:19:34,CARD
3,397,327,390.00,2025-05-08 15:30:26,CARD
1,460,388,80.85,2025-05-08 15:26:24,CARD
2,422,343,299.80,2025-05-08 13:04:52,CASH
2,423,344,74.95,2025-05-08 13:26:54,CARD
1,461,389,79.80,2025-05-08 17:55:42,CARD
3,398,328,126.00,2025-05-08 23:53:01,CARD
1,462,390,129.90,2025-05-08 19:00:46,CASH
1,463,391,64.95,2025-05-08 19:04:18,CARD
1,464,392,79.80,2025-05-08 22:35:11,CASH
2,424,323,-24.95,2025-05-08 23:38:13,CARD
4,380,328,87.00,2025-05-09 19:29:22,CARD
3,399,294,-24.00,2025-05-09 14:02:26,CARD
3,400,329,168.00,2025-05-09 15:21:29,CARD
2,425,345,99.80,2025-05-09 07:25:20,CARD
2,426,346,35.90,2025-05-09 09:01:04,CASH
1,465,393,129.90,2025-05-09 15:28:06,CARD
4,381,329,156.00,2025-05-10 14:26:15,CASH
3,401,330,90.00,2025-05-10 07:26:58,CARD
3,402,331,60.00,2025-05-10 07:45:05,CARD
3,403,331,60.00,2025-05-10 07:45:35,CARD
3,404,332,520.00,2025-05-10 09:53:47,CASH
3,405,333,18.00,2025-05-10 12:56:30,CASH
4,382,330,156.00,2025-05-10 22:35:05,CASH
3,406,330,-90.00,2025-05-10 16:24:30,CARD
4,383,331,58.00,2025-05-11 10:58:17,CARD
4,384,332,445.00,2025-05-11 13:37:46,CARD
5,40,36,1.00,2025-05-10 23:38:34,CARD
2,427,338,-53.85,2025-05-10 21:48:38,CARD
3,407,334,18.00,2025-05-11 10:49:42,CASH
3,408,335,144.00,2025-05-11 12:34:12,CARD
1,466,394,119.70,2025-05-11 10:52:31,CARD
3,409,335,-144.00,2025-05-11 16:18:57,CARD
1,467,344,-259.80,2025-05-11 11:19:31,CARD
1,468,395,162.38,2025-05-11 12:36:58,CARD
1,469,395,162.37,2025-05-11 12:37:28,CARD
5,41,37,2.00,2025-05-11 14:08:46,CARD
3,410,336,390.00,2025-05-11 20:18:16,CARD
3,411,337,192.00,2025-05-11 23:36:16,CARD
1,470,396,19.95,2025-05-11 19:50:56,CARD
1,471,397,79.80,2025-05-11 20:11:16,CARD
4,385,333,195.00,2025-05-12 10:18:01,CARD
4,386,334,178.00,2025-05-12 10:35:37,CARD
1,472,398,324.75,2025-05-11 20:38:47,CARD
4,387,335,445.00,2025-05-12 10:56:16,CARD
4,388,336,156.00,2025-05-12 13:30:30,CARD
1,473,399,194.85,2025-05-11 23:39:20,CARD
3,412,338,90.00,2025-05-12 10:23:54,CARD
4,389,337,39.00,2025-05-12 21:44:39,CASH
1,474,400,80.85,2025-05-12 08:39:31,CARD
1,475,401,26.95,2025-05-12 11:28:01,CARD
3,413,339,192.00,2025-05-12 17:01:31,CARD
2,428,347,71.80,2025-05-12 09:03:19,CASH
1,476,402,194.85,2025-05-12 13:08:23,CARD
3,414,340,48.00,2025-05-12 18:38:10,CARD
2,429,348,449.70,2025-05-12 12:16:44,CARD
3,415,341,126.00,2025-05-12 22:52:10,CARD
1,477,403,99.75,2025-05-12 20:26:27,CARD
4,390,338,58.00,2025-05-13 11:14:15,CARD
4,391,339,267.00,2025-05-13 12:51:17,CASH
4,392,340,58.00,2025-05-13 17:20:53,CARD
1,478,404,13.48,2025-05-13 07:37:30,CARD
1,479,404,13.47,2025-05-13 07:38:00,CARD
1,480,405,80.85,2025-05-13 08:01:58,CASH
3,416,342,195.00,2025-05-13 13:56:55,CARD
3,417,342,195.00,2025-05-13 13:57:25,CARD
3,418,343,144.00,2025-05-13 16:08:08,CASH
5,42,38,2.00,2025-05-13 14:01:28,CARD
3,419,344,144.00,2025-05-13 19:09:30,CASH
2,430,349,124.75,2025-05-13 11:17:51,CARD
1,481,406,26.95,2025-05-13 21:15:41,CASH
1,482,407,59.85,2025-05-13 21:55:04,CARD
4,393,341,116.00,2025-05-14 14:48:33,CASH
3,420,345,120.00,2025-05-14 12:35:25,CASH
3,421,346,130.00,2025-05-14 14:11:42,CARD
2,431,350,99.80,2025-05-14 10:03:53,CARD
4,394,342,78.00,2025-05-15 08:59:08,CARD
1,483,408,26.95,2025-05-14 20:51:03,CARD
3,422,326,-144.00,2025-05-15 07:13:49,CARD
2,432,351,35.90,2025-05-14 23:50:52,CARD
3,423,347,48.00,2025-05-15 08:39:04,CASH
5,43,39,1.00,2025-05-15 07:47:17,CASH
4,395,343,234.00,2025-05-15 21:51:17,CARD
3,424,348,325.00,2025-05-15 13:12:30,CARD
3,425,349,260.00,2025-05-15 17:28:59,CASH
1,484,409,119.70,2025-05-15 13:34:26,CARD
2,433,352,449.70,2025-05-15 11:58:10,CARD
2,434,353,17.95,2025-05-15 13:27:50,CARD
4,396,343,-234.00,2025-05-16 10:14:48,CARD
4,397,344,89.00,2025-05-16 11:56:39,CARD
2,435,354,107.70,2025-05-15 19:17:10,CARD
4,398,345,117.00,2025-05-16 13:54:42,CARD
4,399,346,145.00,2025-05-16 14:52:52,CASH
1,485,410,134.75,2025-05-16 10:38:32,CARD
2,436,355,24.95,2025-05-16 09:48:22,CARD
3,426,350,36.00,2025-05-16 18:24:13,CARD
3,427,351,120.00,2025-05-16 18:42:33,CARD
5,44,40,1.00,2025-05-16 14:27:02,CARD
3,428,352,72.00,2025-05-16 23:15:50,CARD
2,437,356,53.85,2025-05-16 15:27:31,CARD
3,429,353,120.00,2025-05-17 08:11:44,CARD
4,400,347,156.00,2025-05-17 18:25:22,CARD
4,401,348,58.00,2025-05-17 18:40:02,CASH
4,402,349,356.00,2025-05-17 21:01:09,CASH
1,486,411,134.75,2025-05-17 07:05:34,CARD
4,403,346,-36.25,2025-05-17 22:00:00,CASH
1,487,412,26.95,2025-05-17 09:25:23,CARD
1,488,413,39.90,2025-05-17 09:54:29,CARD
1,489,414,324.75,2025-05-17 12:22:40,CARD
1,490,415,59.85,2025-05-17 13:51:56,CARD
4,404,339,-133.50,2025-05-18 06:15:00,CASH
2,438,357,107.70,2025-05-17 13:41:30,CARD
3,430,354,162.50,2025-05-17 21:42:57,CARD
3,431,354,162.50,2025-05-17 21:43:27,CARD
2,439,358,149.70,2025-05-17 16:00:12,CARD
2,440,359,99.80,2025-05-17 17:42:51,CARD
3,432,355,130.00,2025-05-18 11:37:47,CARD
3,433,355,130.00,2025-05-18 11:38:17,VOUCHER
3,434,356,65.00,2025-05-18 12:02:43,CARD
1,491,416,162.38,2025-05-18 09:06:53,CARD
1,492,416,162.37,2025-05-18 09:07:23,CARD
2,441,360,24.95,2025-05-18 08:28:09,CARD
5,45,41,2.00,2025-05-18 14:50:17,CASH
2,442,361,53.85,2025-05-18 13:21:23,CARD
1,493,417,119.70,2025-05-18 16:55:13,CARD
2,443,362,149.90,2025-05-18 14:02:24,CARD
2,444,363,224.85,2025-05-18 18:39:16,CARD
4,405,350,234.00,2025-05-19 12:52:15,CASH
4,406,351,58.00,2025-05-19 15:58:09,CARD
4,407,351,58.00,2025-05-19 15:58:39,VOUCHER
3,435,357,54.00,2025-05-19 15:40:10,CARD
2,445,364,26.93,2025-05-19 09:37:02,CARD
2,446,364,26.92,2025-05-19 09:37:32,CARD
2,447,365,299.80,2025-05-19 10:35:10,CARD
3,436,358,126.00,2025-05-19 18:42:45,CARD
3,437,359,72.00,2025-05-19 21:40:43,CARD
1,494,418,194.85,2025-05-19 17:18:03,CARD
4,408,352,445.00,2025-05-20 07:34:37,CARD
3,438,360,520.00,2025-05-19 23:10:01,CARD
2,448,366,374.75,2025-05-19 16:09:45,CASH
2,449,367,149.90,2025-05-19 19:06:06,CASH
1,495,419,389.70,2025-05-19 23:33:05,CARD
1,496,420,79.80,2025-05-19 23:53:15,CARD
4,409,353,78.00,2025-05-20 15:32:08,CARD
3,439,361,126.00,2025-05-20 07:31:13,CARD
3,440,362,260.00,2025-05-20 11:46:22,CARD
3,441,362,260.00,2025-05-20 11:46:52,VOUCHER
1,497,421,119.70,2025-05-20 08:02:21,CARD
1,498,422,80.85,2025-05-20 09:02:06,CASH
2,450,368,224.85,2025-05-20 08:14:07,CARD
1,499,423,119.70,2025-05-20 11:25:14,CASH
1,500,424,99.75,2025-05-20 15:36:38,CARD
3,442,363,260.00,2025-05-20 20:53:31,CARD
4,410,354,195.00,2025-05-21 10:00:19,CASH
2,451,369,224.85,2025-05-20 18:34:33,CARD
2,452,370,49.90,2025-05-20 19:22:30,CARD
2,453,370,49.90,2025-05-20 19:23:00,VOUCHER
2,454,371,107.70,2025-05-20 22:10:42,CASH
4,411,355,89.00,2025-05-21 20:51:27,CARD
4,412,355,89.00,2025-05-21 20:51:57,CARD
1,501,399,-194.85,2025-05-21 08:19:30,CARD
1,502,425,129.90,2025-05-21 09:27:50,CARD
2,455,372,74.85,2025-05-21 07:08:17,CARD
1,503,426,389.70,2025-05-21 11:32:10,CARD
3,443,364,325.00,2025-05-21 17:38:00,CARD
3,444,365,168.00,2025-05-21 22:22:58,CARD
2,456,373,24.95,2025-05-21 17:32:36,CASH
4,413,356,117.00,2025-05-22 11:13:14,CASH
1,504,427,194.85,2025-05-22 08:14:09,CASH
2,457,374,112.43,2025-05-22 08:12:42,CARD
2,458,374,112.42,2025-05-22 08:13:12,CARD
3,445,366,520.00,2025-05-22 19:50:20,CASH
1,505,428,79.80,2025-05-22 15:25:52,CARD
3,446,367,390.00,2025-05-22 20:33:23,CARD
2,459,375,24.95,2025-05-22 19:45:50,CARD
1,506,429,324.75,2025-05-23 13:50:57,CASH
3,447,368,130.00,2025-05-23 19:34:16,CARD
2,460,376,149.70,2025-05-23 12:02:07,CASH
3,448,369,144.00,2025-05-23 22:02:40,CASH
4,414,357,195.00,2025-05-24 07:32:18,CARD
2,461,377,71.80,2025-05-23 16:08:06,CARD
1,507,430,64.95,2025-05-23 20:04:40,CASH
1,508,392,-79.80,2025-05-23 22:12:08,CASH
4,415,358,445.00,2025-05-24 14:49:07,CARD
3,449,370,48.00,2025-05-24 08:35:44,CARD
3,449,370,48.00,2025-05-24 08:35:44,CARD
3,450,371,18.00,2025-05-24 08:44:11,CARD
3,451,372,48.00,2025-05-24 09:19:41,CARD
4,416,359,145.00,2025-05-24 19:10:17,CARD
3,452,373,72.00,2025-05-24 18:31:45,CARD
2,462,378,89.75,2025-05-24 12:35:22,CARD
4,417,360,116.00,2025-05-25 07:07:01,CARD
3,453,374,192.00,2025-05-24 22:47:05,CARD
2,463,379,89.75,2025-05-24 15:11:57,CARD
4,418,361,534.00,2025-05-25 10:04:05,CARD
2,464,380,71.80,2025-05-24 21:25:51,CARD
3,454,375,65.00,2025-05-25 07:04:53,CARD
3,455,376,126.00,2025-05-25 13:01:48,CARD
1,509,431,53.90,2025-05-25 10:11:38,CARD
1,510,432,194.85,2025-05-25 10:12:02,CARD
1,511,432,194.85,2025-05-25 10:12:32,CARD
3,456,377,32.50,2025-05-25 15:58:44,CARD
3,457,377,32.50,2025-05-25 15:59:14,VOUCHER
3,458,378,72.00,2025-05-25 17:15:21,CARD
2,465,357,-53.85,2025-05-25 09:30:00,CARD
1,512,433,99.75,2025-05-25 17:47:23,CARD
2,466,381,107.70,2025-05-25 14:48:29,CARD
1,513,434,39.90,2025-05-25 19:06:53,CARD
3,459,299,-36.00,2025-05-26 03:30:00,CARD
2,467,382,74.85,2025-05-25 22:33:06,CARD
4,419,362,78.00,2025-05-26 17:05:16,CASH
3,460,379,108.00,2025-05-26 10:36:07,CARD
4,420,335,-445.00,2025-05-26 21:05:09,CARD
1,514,435,19.95,2025-05-26 10:41:05,CARD
1,515,436,26.95,2025-05-26 11:05:53,CARD
3,461,380,126.00,2025-05-26 16:27:24,CARD
2,468,383,89.75,2025-05-26 08:46:33,CARD
3,462,381,260.00,2025-05-26 19:56:05,CASH
1,516,437,39.90,2025-05-26 16:31:46,CARD
2,469,384,99.80,2025-05-26 13:41:20,CARD
1,517,438,19.95,2025-05-26 18:12:27,CARD
2,470,385,17.95,2025-05-26 17:17:06,CARD
2,471,386,24.95,2025-05-26 18:35:42,CASH
2,472,380,-17.95,2025-05-26 22:15:00,CARD
4,421,312,-78.00,2025-05-27 15:30:47,CARD
3,463,382,126.00,2025-05-27 10:59:11,CARD
1,518,439,107.80,2025-05-27 09:07:33,CASH
1,519,440,389.70,2025-05-27 10:02:32,CARD
3,464,368,-130.00,2025-05-27 15:23:26,CARD
2,473,387,107.70,2025-05-27 11:33:13,CARD
5,46,42,1.00,2025-05-27 15:15:35,CARD
5,47,42,1.00,2025-05-27 15:16:05,CARD
2,474,388,12.48,2025-05-27 13:27:09,CARD
2,475,388,12.47,2025-05-27 13:27:39,VOUCHER
3,465,383,390.00,2025-05-27 22:22:51,CARD
1,520,441,389.70,2025-05-27 22:09:58,CARD
4,422,363,174.00,2025-05-28 17:32:38,CASH
3,466,384,65.00,2025-05-28 10:11:28,CARD
3,467,385,36.00,2025-05-28 12:57:26,CARD
2,476,345,-99.80,2025-05-28 05:27:38,CARD
3,468,386,390.00,2025-05-28 14:29:26,CARD
3,469,336,-195.00,2025-05-28 14:36:21,CARD
1,521,442,19.95,2025-05-28 10:48:57,CARD
1,522,430,-64.95,2025-05-28 11:36:59,CASH
2,477,389,71.80,2025-05-28 09:24:40,CASH
2,478,390,299.80,2025-05-28 09:43:06,CASH
2,479,391,99.80,2025-05-28 11:29:07,CASH
3,470,387,390.00,2025-05-28 21:00:20,CARD
3,471,388,168.00,2025-05-28 21:03:02,CARD
3,472,389,36.00,2025-05-28 22:30:23,CARD
3,473,390,126.00,2025-05-28 22:46:59,CASH
4,423,364,234.00,2025-05-29 09:11:05,CARD
1,523,443,134.75,2025-05-28 19:20:54,CARD
1,524,444,161.70,2025-05-28 20:37:59,CARD
2,480,392,17.95,2025-05-28 23:46:15,CARD
4,424,365,267.00,2025-05-29 17:26:01,CARD
4,425,365,267.00,2025-05-29 17:26:31,VOUCHER
3,474,391,126.00,2025-05-29 08:43:25,CARD
3,475,354,-325.00,2025-05-29 15:25:41,CARD
2,481,393,374.75,2025-05-29 11:24:24,CASH
3,476,392,390.00,2025-05-29 20:16:50,CASH
2,482,390,-299.80,2025-05-29 13:44:42,CASH
4,426,366,39.00,2025-05-30 07:02:10,CASH
4,427,367,87.00,2025-05-30 07:20:34,CARD
4,428,368,78.00,2025-05-30 07:31:56,CASH
4,429,369,145.00,2025-05-30 07:58:28,CARD
1,525,445,53.90,2025-05-29 18:13:16,CARD
1,526,446,39.90,2025-05-29 18:19:53,CARD
4,430,370,234.00,2025-05-30 10:06:54,CASH
2,483,341,-18.74,2025-05-29 18:30:00,CARD
2,484,383,-89.75,2025-05-30 02:09:23,CARD
4,431,371,89.00,2025-05-30 21:23:33,CARD
1,527,447,107.80,2025-05-30 10:07:42,CARD
3,477,393,227.50,2025-05-30 16:04:00,CARD
3,478,393,227.50,2025-05-30 16:04:30,VOUCHER
5,48,43,2.00,2025-05-30 12:31:32,CARD
1,528,448,259.80,2025-05-30 14:05:59,CARD
1,529,449,79.80,2025-05-30 14:52:56,CARD
2,485,394,74.85,2025-05-30 11:55:12,CARD
2,486,395,149.70,2025-05-30 12:31:20,CARD
2,487,396,71.80,2025-05-30 13:19:15,CASH
1,530,450,64.95,2025-05-30 17:27:08,CARD
2,488,397,107.70,2025-05-30 16:23:22,CARD
1,531,451,97.43,2025-05-30 21:42:04,CARD
1,532,451,97.42,2025-05-30 21:42:34,VOUCHER
2,489,398,124.75,2025-05-30 21:00:22,CARD
2,490,399,149.90,2025-05-30 23:52:44,CARD
4,432,372,78.00,2025-05-31 19:36:24,CARD
1,533,452,59.85,2025-05-31 09:45:40,CARD
1,534,453,134.75,2025-05-31 10:20:18,CARD
3,479,394,96.00,2025-05-31 17:37:05,CARD
2,491,400,99.80,2025-05-31 10:03:41,CASH
2,492,401,224.85,2025-05-31 10:18:24,CASH
2,493,402,89.75,2025-05-31 11:32:25,CARD
2,494,403,124.75,2025-05-31 13:53:34,CARD
4,433,373,58.00,2025-06-01 10:37:01,CASH
2,495,404,89.75,2025-05-31 22:28:08,CARD
4,434,374,87.00,2025-06-01 15:38:31,CARD
4,435,375,39.00,2025-06-01 16:25:27,CARD
2,496,405,35.90,2025-06-01 07:11:55,CARD
1,535,454,324.75,2025-06-01 10:25:20,CARD
3,480,395,144.00,2025-06-01 17:05:03,CARD
2,497,406,124.75,2025-06-01 09:46:55,CARD
3,481,396,18.00,2025-06-01 17:48:15,CARD
2,498,407,53.85,2025-06-01 11:31:41,CARD
1,536,455,64.95,2025-06-01 15:15:06,CARD
1,537,455,64.95,2025-06-01 15:15:36,CARD
2,499,408,124.75,2025-06-01 13:43:42,CARD
2,500,409,374.75,2025-06-01 14:39:41,CARD
2,501,410,374.75,2025-06-01 19:58:37,CARD
4,436,376,174.00,2025-06-02 16:16:41,CARD
2,502,411,149.70,2025-06-02 09:38:44,CARD
3,482,397,144.00,2025-06-02 19:19:05,CASH
3,483,398,144.00,2025-06-02 19:50:14,CARD
1,538,456,119.70,2025-06-02 15:03:59,CARD
5,49,44,2.00,2025-06-02 16:04:49,CASH
2,503,412,35.90,2025-06-02 15:51:01,CASH
1,539,457,259.80,2025-06-02 20:23:29,CARD
2,504,385,-17.95,2025-06-03 02:04:42,CARD
4,437,377,156.00,2025-06-03 23:14:53,CARD
1,540,458,79.80,2025-06-03 11:14:02,CARD
1,541,459,259.80,2025-06-03 12:55:07,CASH
2,505,413,24.95,2025-06-03 12:46:48,CARD
2,506,414,74.85,2025-06-03 14:36:45,CASH
2,507,415,149.90,2025-06-03 15:20:19,CARD
4,438,378,43.50,2025-06-04 12:07:20,CARD
4,439,378,43.50,2025-06-04 12:07:50,CARD
1,542,460,389.70,2025-06-03 23:30:42,CARD
4,440,379,145.00,2025-06-04 14:01:59,CARD
3,484,399,36.00,2025-06-04 12:36:57,CARD
1,543,461,79.80,2025-06-04 08:20:49,CARD
5,50,45,2.00,2025-06-04 08:36:15,CARD
3,485,400,90.00,2025-06-04 14:17:36,CARD
3,486,401,520.00,2025-06-04 14:25:37,CASH
3,487,402,90.00,2025-06-04 15:15:27,CASH
2,508,416,53.85,2025-06-04 07:57:43,CARD
2,509,417,224.85,2025-06-04 10:01:54,CASH
1,544,462,259.80,2025-06-04 13:03:40,CASH
1,545,463,194.85,2025-06-04 18:13:52,CARD
2,510,418,449.70,2025-06-04 18:40:21,CARD
4,441,380,267.00,2025-06-05 14:40:08,CARD
3,488,403,72.00,2025-06-05 07:03:30,CARD
2,511,373,-24.95,2025-06-05 04:24:32,CASH
1,546,464,161.70,2025-06-05 12:04:58,CARD
1,547,462,-129.90,2025-06-05 18:30:00,CASH
1,548,465,26.95,2025-06-05 21:13:07,CASH
4,442,381,58.00,2025-06-06 11:27:20,CASH
5,51,46,1.00,2025-06-05 21:38:38,CASH
4,443,382,195.00,2025-06-06 13:21:49,CARD
4,444,383,445.00,2025-06-06 16:13:04,CARD
4,445,384,445.00,2025-06-06 18:56:31,CARD
5,52,47,1.00,2025-06-06 09:24:14,CARD
3,489,389,-36.00,2025-06-06 16:53:37,CARD
1,549,466,324.75,2025-06-06 12:23:28,CASH
3,490,404,455.00,2025-06-06 17:51:20,CASH
1,550,467,107.80,2025-06-06 13:14:25,CARD
3,491,405,72.00,2025-06-06 18:52:32,CARD
1,551,468,26.95,2025-06-06 14:23:22,CASH
3,492,406,390.00,2025-06-06 19:39:05,CARD
1,552,469,119.70,2025-06-06 17:02:52,CARD
4,446,377,-156.00,2025-06-07 09:22:47,CARD
2,512,419,35.90,2025-06-06 17:26:40,CASH
4,447,385,39.00,2025-06-07 11:41:23,CARD
4,448,386,43.50,2025-06-07 14:31:04,CARD
4,449,386,43.50,2025-06-07 14:31:34,CARD
4,450,387,356.00,2025-06-07 15:13:08,CARD
3,493,407,192.00,2025-06-07 07:09:17,CARD
3,494,408,390.00,2025-06-07 07:49:16,CARD
2,513,400,-99.80,2025-06-07 00:12:26,CASH
3,495,409,390.00,2025-06-07 13:10:26,CASH
2,514,420,107.70,2025-06-07 09:58:49,CARD
2,515,421,149.70,2025-06-07 10:25:13,CARD
5,53,43,-1.00,2025-06-07 16:00:00,CARD
2,516,422,107.70,2025-06-07 15:26:37,CARD
5,54,48,1.00,2025-06-07 20:58:36,CARD
4,451,388,178.00,2025-06-08 11:24:26,CARD
2,517,388,-12.48,2025-06-07 22:30:00,CARD
5,55,37,-1.00,2025-06-08 08:00:00,CARD
1,553,470,194.85,2025-06-08 10:44:18,CASH
2,518,423,8.98,2025-06-08 08:31:11,CARD
2,519,423,8.97,2025-06-08 08:31:41,CARD
2,520,371,-107.70,2025-06-08 10:10:19,CASH
2,521,424,299.80,2025-06-08 10:21:15,CARD
1,554,471,19.95,2025-06-08 14:31:11,CARD
2,522,425,374.75,2025-06-08 14:01:54,CARD
1,555,472,389.70,2025-06-08 17:10:10,CASH
1,556,473,161.70,2025-06-08 17:44:07,CARD
3,496,410,72.00,2025-06-08 23:58:37,CASH
1,557,474,194.85,2025-06-08 23:43:28,CASH
4,452,389,356.00,2025-06-09 20:56:57,CARD
3,497,411,195.00,2025-06-09 13:12:34,CASH
1,558,475,26.95,2025-06-09 12:40:37,CARD
3,498,359,-72.00,2025-06-10 02:47:41,CARD
2,523,426,35.90,2025-06-09 19:09:27,CARD
2,524,427,149.70,2025-06-09 21:25:39,CARD
3,499,412,72.00,2025-06-10 08:45:36,CARD
3,500,413,65.00,2025-06-10 10:15:15,CARD
4,453,390,14.50,2025-06-10 19:28:54,CARD
4,454,390,14.50,2025-06-10 19:29:24,VOUCHER
3,501,283,-455.00,2025-06-10 10:52:18,CARD
3,502,414,96.00,2025-06-10 12:25:37,CARD
3,503,414,96.00,2025-06-10 12:26:07,CARD
2,525,428,17.95,2025-06-10 09:22:11,CARD
1,559,476,19.95,2025-06-10 12:29:27,CARD
1,560,477,259.80,2025-06-10 14:24:54,CASH
3,504,384,-65.00,2025-06-10 20:52:34,CARD
1,561,478,19.95,2025-06-10 19:40:40,CASH
1,561,478,19.95,2025-06-10 19:40:40,CASH
2,526,429,149.70,2025-06-10 18:03:06,CARD
2,527,430,37.43,2025-06-10 19:57:23,CARD
2,528,430,37.42,2025-06-10 19:57:53,VOUCHER
4,455,391,116.00,2025-06-11 13:42:15,CARD
4,456,392,178.00,2025-06-11 19:41:33,CARD
3,505,387,-390.00,2025-06-11 11:36:56,CARD
3,506,415,390.00,2025-06-11 12:18:56,CASH
3,507,416,325.00,2025-06-11 12:36:06,CARD
1,562,479,324.75,2025-06-11 08:47:53,CARD
1,563,480,161.70,2025-06-11 10:17:20,CARD
3,508,417,144.00,2025-06-11 17:50:53,CASH
3,509,418,18.00,2025-06-11 22:02:03,CARD
4,457,393,145.00,2025-06-12 07:19:49,CARD
4,458,394,178.00,2025-06-12 08:25:07,CARD
1,564,481,64.95,2025-06-11 22:52:01,CARD
2,529,431,107.70,2025-06-11 20:40:26,CARD
3,510,377,-65.00,2025-06-12 05:25:55,CARD
2,530,432,374.75,2025-06-11 22:55:53,CARD
3,511,419,144.00,2025-06-12 19:29:17,CARD
3,512,420,90.00,2025-06-12 20:30:01,CARD
4,459,395,178.00,2025-06-13 07:46:41,CARD
1,565,482,259.80,2025-06-12 18:04:27,CARD
5,56,49,2.00,2025-06-12 18:12:52,CARD
2,531,433,299.80,2025-06-12 15:26:39,CARD
4,460,396,116.00,2025-06-13 10:31:08,CARD
2,532,434,74.85,2025-06-12 19:23:55,CASH
1,566,483,107.80,2025-06-12 23:08:03,CARD
2,533,435,149.70,2025-06-12 20:17:06,CASH
3,513,421,72.00,2025-06-13 09:41:30,CARD
3,514,422,96.00,2025-06-13 11:20:39,CARD
3,515,423,72.00,2025-06-13 11:42:50,CARD
4,461,397,356.00,2025-06-13 20:50:10,CARD
3,516,419,-144.00,2025-06-13 13:50:29,CARD
1,567,484,79.80,2025-06-13 15:44:15,CARD
1,568,485,161.70,2025-06-13 16:09:28,CARD
4,462,398,174.00,2025-06-14 07:10:35,CASH
3,517,424,108.00,2025-06-13 23:05:21,CARD
4,463,399,145.00,2025-06-14 08:29:32,CASH
4,464,400,145.00,2025-06-14 08:47:56,CARD
2,534,436,374.75,2025-06-13 16:26:59,CASH
2,535,437,17.95,2025-06-13 18:21:11,CASH
2,536,438,124.75,2025-06-13 19:58:18,CARD
4,465,401,43.50,2025-06-14 15:31:38,CARD
4,466,401,43.50,2025-06-14 15:32:08,CARD
2,537,439,89.75,2025-06-13 23:32:33,CASH
4,467,402,58.00,2025-06-14 20:06:15,CARD
1,569,486,39.90,2025-06-14 07:57:15,CARD
1,570,487,53.90,2025-06-14 08:51:50,CASH
2,538,440,71.80,2025-06-14 07:24:22,CARD
1,571,488,259.80,2025-06-14 12:41:55,CARD
1,572,489,259.80,2025-06-14 13:22:16,CARD
2,539,441,374.75,2025-06-14 10:27:55,CASH
1,573,490,324.75,2025-06-14 20:05:13,CARD
1,574,491,29.93,2025-06-14 20:29:29,CARD
1,575,491,29.92,2025-06-14 20:29:59,VOUCHER
4,468,403,534.00,2025-06-15 11:10:52,CARD
1,576,492,324.75,2025-06-14 23:17:50,CARD
4,469,404,267.00,2025-06-15 14:09:06,CASH
3,518,338,-90.00,2025-06-15 05:45:18,CARD
4,470,405,445.00,2025-06-15 16:01:18,CARD
3,519,425,108.00,2025-06-15 08:39:15,CARD
4,471,406,89.00,2025-06-15 18:15:37,CARD
3,520,426,65.00,2025-06-15 10:38:57,CARD
1,577,493,9.98,2025-06-15 07:55:15,CARD
1,578,493,9.97,2025-06-15 07:55:45,CARD
3,521,427,260.00,2025-06-15 13:17:23,CARD
1,579,494,259.80,2025-06-15 11:29:58,CASH
1,580,495,80.85,2025-06-15 11:40:32,CARD
3,522,428,192.00,2025-06-15 20:22:09,CASH
1,581,496,67.38,2025-06-15 16:06:46,CARD
1,582,496,67.37,2025-06-15 16:07:16,CARD
2,540,442,35.90,2025-06-15 14:11:16,CARD
5,57,50,2.00,2025-06-15 18:57:52,CARD
1,583,497,59.85,2025-06-15 19:17:50,CASH
2,541,443,449.70,2025-06-15 18:13:23,CARD
2,542,444,149.70,2025-06-15 18:19:50,CARD
2,543,445,99.80,2025-06-15 18:46:00,CARD
1,584,498,194.85,2025-06-15 22:39:50,CARD
1,585,498,194.85,2025-06-15 22:40:20,VOUCHER
4,472,407,445.00,2025-06-16 13:13:46,CARD
4,473,408,195.00,2025-06-16 16:18:50,CASH
3,523,429,72.00,2025-06-16 07:29:21,CARD
4,474,409,29.00,2025-06-16 22:08:32,CASH
3,524,430,455.00,2025-06-16 15:14:37,CARD
1,586,499,389.70,2025-06-16 10:53:16,CARD
3,525,431,108.00,2025-06-16 16:18:35,CARD
1,587,500,194.85,2025-06-16 11:19:15,CARD
2,544,446,89.75,2025-06-16 08:48:49,CARD
1,588,501,53.90,2025-06-16 13:37:02,CASH
1,588,501,53.90,2025-06-16 13:37:02,CASH
3,526,432,455.00,2025-06-16 19:07:46,CASH
1,589,502,129.90,2025-06-16 18:12:35,CARD
4,475,410,87.00,2025-06-17 12:21:44,CASH
2,545,447,35.90,2025-06-16 20:18:44,CARD
4,476,411,156.00,2025-06-17 13:29:42,CARD
1,590,503,39.90,2025-06-16 23:35:41,CARD
4,477,412,87.00,2025-06-17 13:53:57,CARD
4,478,412,87.00,2025-06-17 13:54:27,CARD
4,479,401,-43.50,2025-06-17 14:59:51,CARD
2,546,448,89.75,2025-06-16 22:32:02,CARD
2,547,449,49.90,2025-06-16 23:57:35,CASH
3,527,433,195.00,2025-06-17 09:19:21,CASH
1,591,504,26.95,2025-06-17 09:05:05,CASH
5,58,51,1.00,2025-06-17 09:26:44,CARD
1,592,505,161.70,2025-06-17 10:29:47,CARD
4,480,402,-58.00,2025-06-18 01:21:43,CARD
3,528,434,18.00,2025-06-17 16:47:51,CARD
2,548,450,17.95,2025-06-17 10:56:00,CASH
2,549,451,44.88,2025-06-17 13:37:06,CARD
2,550,451,44.87,2025-06-17 13:37:36,VOUCHER
1,593,450,-64.95,2025-06-17 18:36:31,CARD
1,594,506,324.75,2025-06-17 22:56:17,CARD
1,595,507,13.48,2025-06-17 23:26:06,CARD
1,596,507,13.47,2025-06-17 23:26:36,VOUCHER
1,596,507,13.47,2025-06-17 23:26:36,VOUCHER
2,551,452,26.93,2025-06-18 08:17:03,CARD
2,552,452,26.92,2025-06-18 08:17:33,VOUCHER
3,529,435,260.00,2025-06-18 16:20:19,CARD
1,597,508,129.90,2025-06-18 12:01:29,CARD
1,598,509,26.95,2025-06-18 12:11:29,CARD
2,553,453,149.70,2025-06-18 10:26:49,CARD
2,554,454,35.90,2025-06-18 11:08:08,CARD
3,530,436,260.00,2025-06-18 20:39:12,CARD
1,599,510,194.85,2025-06-18 16:05:41,CARD
2,555,455,24.95,2025-06-18 15:36:49,CARD
4,481,413,234.00,2025-06-19 10:34:08,CARD
1,600,511,389.70,2025-06-18 21:13:18,CARD
4,482,414,145.00,2025-06-19 16:33:08,CASH
2,556,456,49.90,2025-06-18 23:52:06,CARD
3,531,437,126.00,2025-06-19 08:59:14,CASH
1,601,512,19.95,2025-06-19 10:20:03,CARD
2,557,457,124.75,2025-06-19 07:50:39,CARD
1,602,513,194.85,2025-06-19 11:40:15,CARD
3,532,438,260.00,2025-06-19 16:46:29,CARD
3,533,439,144.00,2025-06-19 16:47:36,CARD
2,558,458,224.85,2025-06-19 09:17:37,CARD
1,603,514,129.90,2025-06-19 14:08:12,CARD
1,604,515,26.95,2025-06-19 16:04:25,CARD
1,605,515,26.95,2025-06-19 16:04:55,VOUCHER
2,559,459,149.70,2025-06-19 13:38:20,CARD
2,560,460,149.70,2025-06-19 15:40:50,CARD
2,561,461,124.75,2025-06-19 18:42:20,CASH
1,606,516,134.75,2025-06-19 23:13:48,CARD
3,534,440,520.00,2025-06-20 07:14:56,CARD
4,483,415,267.00,2025-06-20 20:54:36,CARD
3,535,441,390.00,2025-06-20 14:10:11,CARD
3,536,442,130.00,2025-06-20 15:06:27,CASH
2,562,462,74.85,2025-06-20 07:55:35,CARD
1,607,517,129.90,2025-06-20 11:20:38,CARD
2,563,463,37.43,2025-06-20 11:01:20,CARD
2,564,463,37.42,2025-06-20 11:01:50,CARD
2,565,464,224.85,2025-06-20 11:03:51,CARD
5,59,52,2.00,2025-06-20 19:09:09,CARD
1,608,518,64.95,2025-06-20 20:18:26,CARD
2,566,465,8.98,2025-06-20 17:22:55,CARD
2,567,465,8.97,2025-06-20 17:23:25,VOUCHER
4,484,416,195.00,2025-06-21 12:58:13,CASH
4,485,417,174.00,2025-06-21 16:22:09,CARD
3,537,443,144.00,2025-06-21 10:18:15,CARD
3,538,444,126.00,2025-06-21 11:28:29,CASH
4,486,418,534.00,2025-06-21 23:04:40,CARD
1,609,519,19.95,2025-06-21 11:11:36,CARD
1,609,519,19.95,2025-06-21 11:11:36,CARD
1,610,500,-97.43,2025-06-21 11:42:23,CARD
3,539,445,195.00,2025-06-21 17:27:46,CARD
2,568,466,74.85,2025-06-21 09:29:00,CARD
3,540,446,72.00,2025-06-21 18:06:30,CASH
2,569,467,71.80,2025-06-21 10:50:06,CARD
1,611,520,119.70,2025-06-21 14:34:05,CARD
2,570,468,224.85,2025-06-21 11:49:59,CARD
3,541,447,54.00,2025-06-21 20:07:38,CARD
3,542,447,54.00,2025-06-21 20:08:08,CARD
2,571,436,-374.75,2025-06-21 14:47:02,CASH
1,612,521,129.90,2025-06-21 18:38:41,CARD
3,543,448,144.00,2025-06-21 23:52:30,CASH
2,572,469,149.90,2025-06-21 16:11:11,CARD
1,613,522,53.90,2025-06-21 19:22:03,CARD
2,573,470,17.95,2025-06-21 19:14:20,CARD
2,574,470,17.95,2025-06-21 19:14:50,CARD
4,487,419,39.00,2025-06-22 20:01:48,CASH
4,488,420,78.00,2025-06-22 20:20:21,CARD
4,489,420,78.00,2025-06-22 20:20:51,CARD
3,544,449,126.00,2025-06-22 12:39:26,CARD
3,545,450,54.00,2025-06-22 13:15:21,CARD
1,614,523,19.95,2025-06-22 08:19:41,CARD
3,546,451,36.00,2025-06-22 13:47:37,CARD
5,60,53,2.00,2025-06-22 09:46:44,CARD
1,615,524,107.80,2025-06-22 09:56:07,CARD
2,575,471,74.95,2025-06-22 07:18:09,CARD
2,576,472,124.75,2025-06-22 08:06:58,CARD
3,547,452,126.00,2025-06-22 18:27:27,CARD
3,548,453,195.00,2025-06-22 22:24:40,CARD
1,616,525,64.95,2025-06-22 20:41:42,CARD
1,617,526,29.93,2025-06-22 21:37:21,CARD
1,618,526,29.92,2025-06-22 21:37:51,VOUCHER
1,619,422,-80.85,2025-06-22 23:28:18,CASH
4,490,421,145.00,2025-06-23 17:08:17,CASH
4,491,422,58.00,2025-06-23 18:28:31,CARD
3,549,454,168.00,2025-06-23 12:24:43,CARD
1,620,451,-194.85,2025-06-23 08:16:42,CARD
3,550,455,72.00,2025-06-23 13:49:25,CARD
3,551,289,-48.00,2025-06-23 15:00:00,CARD
3,552,456,90.00,2025-06-23 15:22:36,CARD
3,553,457,72.00,2025-06-23 17:10:53,CARD
2,577,473,74.85,2025-06-23 09:12:12,CASH
1,621,527,194.85,2025-06-23 15:49:14,CARD
4,492,423,117.00,2025-06-24 07:17:02,CASH
1,622,528,324.75,2025-06-23 19:19:13,CASH
1,623,529,161.70,2025-06-23 20:14:26,CARD
2,578,474,149.70,2025-06-23 17:30:14,CASH
5,61,54,2.00,2025-06-23 21:26:21,CASH
1,624,530,19.95,2025-06-23 23:03:41,CARD
3,554,458,390.00,2025-06-24 07:27:03,CASH
4,493,424,78.00,2025-06-24 18:36:16,CARD
1,625,531,194.85,2025-06-24 07:14:02,CARD
1,626,532,19.95,2025-06-24 16:48:13,CARD
4,494,425,174.00,2025-06-25 07:54:49,CARD
2,579,475,8.98,2025-06-24 19:29:49,CARD
2,580,475,8.97,2025-06-24 19:30:19,VOUCHER
2,581,476,74.95,2025-06-24 23:43:09,CARD
1,627,477,-259.80,2025-06-25 03:02:54,CASH
1,628,393,-129.90,2025-06-25 04:34:14,CARD
3,555,459,260.00,2025-06-25 10:18:47,CARD
3,556,460,72.00,2025-06-25 15:20:27,CARD
3,557,460,72.00,2025-06-25 15:20:57,VOUCHER
2,582,477,74.95,2025-06-25 08:37:34,CARD
1,629,533,26.95,2025-06-25 14:26:03,CARD
3,558,461,520.00,2025-06-25 23:34:56,CARD
1,630,534,194.85,2025-06-25 21:32:54,CASH
4,495,426,156.00,2025-06-26 14:13:16,CARD
4,496,427,445.00,2025-06-26 18:37:47,CASH
3,559,462,168.00,2025-06-26 11:08:15,CARD
3,560,463,108.00,2025-06-26 11:51:28,CASH
3,561,420,-90.00,2025-06-26 12:10:18,CARD
5,62,55,0.50,2025-06-26 08:47:00,CARD
5,63,55,0.50,2025-06-26 08:47:30,VOUCHER
3,562,464,325.00,2025-06-26 16:58:28,CARD
2,583,478,49.90,2025-06-26 09:12:49,CARD
2,584,479,89.75,2025-06-26 11:42:51,CASH
5,64,56,1.00,2025-06-26 15:37:23,CARD
3,563,465,144.00,2025-06-26 22:00:30,CARD
4,497,428,19.50,2025-06-27 07:28:17,CARD
4,498,428,19.50,2025-06-27 07:28:47,VOUCHER
1,631,535,19.95,2025-06-26 17:31:35,CARD
1,632,535,19.95,2025-06-26 17:32:05,VOUCHER
1,632,535,19.95,2025-06-26 17:32:05,VOUCHER
4,499,429,89.00,2025-06-27 10:10:01,CARD
4,500,430,145.00,2025-06-27 15:53:12,CARD
2,585,480,74.95,2025-06-26 23:44:30,CARD
3,564,466,130.00,2025-06-27 11:12:10,CARD
3,565,467,72.00,2025-06-27 12:31:31,CASH
1,633,536,39.90,2025-06-27 09:45:30,CARD
1,634,536,39.90,2025-06-27 09:46:00,VOUCHER
1,635,537,26.95,2025-06-27 11:53:38,CARD
1,636,538,49.88,2025-06-27 14:52:15,CARD
1,637,538,49.87,2025-06-27 14:52:45,VOUCHER
3,566,468,144.00,2025-06-27 20:53:51,CARD
3,567,469,390.00,2025-06-27 21:13:12,CARD
1,638,539,119.70,2025-06-27 16:23:25,CARD
3,568,470,455.00,2025-06-27 23:48:14,CARD
4,501,431,29.00,2025-06-28 12:42:44,CARD
4,502,432,116.00,2025-06-28 14:22:54,CARD
3,569,471,63.00,2025-06-28 11:15:38,CARD
3,570,471,63.00,2025-06-28 11:16:08,VOUCHER
3,571,472,260.00,2025-06-28 15:31:32,CARD
3,572,472,260.00,2025-06-28 15:32:02,VOUCHER
5,65,57,1.00,2025-06-28 13:06:05,CASH
1,639,540,64.95,2025-06-28 20:49:47,CASH
1,640,541,134.75,2025-06-28 20:53:10,CARD
1,641,542,53.90,2025-06-28 22:45:14,CASH
2,586,481,74.95,2025-06-28 20:58:23,CARD
3,573,473,120.00,2025-06-29 08:15:57,CARD
1,642,543,59.85,2025-06-29 07:01:24,CASH
1,643,544,53.90,2025-06-29 07:02:25,CASH
3,574,474,520.00,2025-06-29 14:22:13,CARD
4,503,433,178.00,2025-06-29 23:27:26,CARD
4,504,428,-39.00,2025-06-30 00:34:06,CARD
1,644,545,324.75,2025-06-29 10:48:59,CARD
3,575,475,36.00,2025-06-29 22:15:45,CASH
1,645,546,107.80,2025-06-29 17:30:55,CASH
2,587,482,74.85,2025-06-29 14:31:50,CASH
2,588,483,449.70,2025-06-29 14:41:13,CARD
2,589,484,99.80,2025-06-29 15:45:55,CARD
1,646,547,64.95,2025-06-29 19:13:52,CARD
2,590,485,71.80,2025-06-29 19:04:17,CARD
1,647,548,119.70,2025-06-29 23:36:13,CARD
1,648,549,194.85,2025-06-29 23:57:16,CARD
3,576,476,54.00,2025-06-30 08:26:31,CARD
3,577,477,36.00,2025-06-30 14:21:11,CARD
2,591,486,37.43,2025-06-30 07:20:59,CARD
2,592,486,37.42,2025-06-30 07:21:29,VOUCHER
1,649,550,134.75,2025-06-30 12:26:58,CARD
5,66,58,0.50,2025-06-30 13:11:18,CARD
5,67,58,0.50,2025-06-30 13:11:48,CARD
1,650,551,79.80,2025-06-30 14:46:18,CARD
1,651,552,134.75,2025-06-30 14:52:02,CARD
1,652,553,26.95,2025-06-30 20:01:10,CARD
5,68,59,2.00,2025-06-30 21:09:32,CARD
4,505,434,178.00,2025-07-01 11:10:56,CARD
2,593,487,74.85,2025-06-30 18:59:11,CARD
3,578,478,12.00,2025-07-01 07:59:06,CARD
3,579,478,12.00,2025-07-01 07:59:36,VOUCHER
3,580,479,36.00,2025-07-01 08:38:43,CASH
3,581,480,72.00,2025-07-01 11:39:48,CARD
1,653,554,134.75,2025-07-01 09:08:54,CARD
3,582,481,390.00,2025-07-01 23:16:41,CASH
2,594,488,17.95,2025-07-01 15:16:45,CARD
3,583,482,108.00,2025-07-01 23:40:46,CARD
1,654,555,107.80,2025-07-01 23:51:38,CARD
4,506,435,29.00,2025-07-02 21:38:51,CARD
4,507,436,178.00,2025-07-02 22:28:40,CARD
2,595,489,449.70,2025-07-02 07:01:20,CARD
1,655,556,64.95,2025-07-02 10:34:48,CASH
3,584,483,144.00,2025-07-02 17:26:03,CARD
2,596,490,74.95,2025-07-02 10:39:04,CASH
3,585,484,96.00,2025-07-02 19:06:48,CARD
3,586,485,260.00,2025-07-02 22:54:55,CARD
2,597,491,53.85,2025-07-02 21:03:31,CARD
1,656,557,194.85,2025-07-03 08:55:26,CARD
1,657,558,324.75,2025-07-03 09:27:56,CARD
1,658,559,53.90,2025-07-03 09:48:55,CARD
1,659,560,80.85,2025-07-03 10:25:21,CARD
1,660,561,64.95,2025-07-03 11:09:27,CARD
3,587,486,390.00,2025-07-03 17:57:04,CARD
2,598,492,35.90,2025-07-03 09:59:36,CARD
3,588,487,54.00,2025-07-03 19:57:18,CARD
2,599,493,74.95,2025-07-03 13:10:39,CARD
2,600,493,74.95,2025-07-03 13:11:09,VOUCHER
2,601,494,26.93,2025-07-03 13:12:36,CARD
2,602,494,26.92,2025-07-03 13:13:06,VOUCHER
1,661,562,129.90,2025-07-03 17:37:10,CASH
4,508,437,178.00,2025-07-04 08:14:37,CASH
2,603,495,149.90,2025-07-03 17:42:06,CARD
4,509,438,156.00,2025-07-04 11:12:53,CARD
2,604,496,53.85,2025-07-03 20:04:52,CASH
2,605,497,12.48,2025-07-03 22:09:29,CARD
2,606,497,12.47,2025-07-03 22:09:59,VOUCHER
3,589,488,63.00,2025-07-04 07:14:08,CARD
3,590,488,63.00,2025-07-04 07:14:38,CARD
3,591,489,72.00,2025-07-04 10:08:24,CARD
1,662,563,107.80,2025-07-04 07:23:05,CARD
1,663,513,-194.85,2025-07-04 08:25:49,CARD
4,510,439,267.00,2025-07-04 23:31:29,CARD
1,664,564,99.75,2025-07-04 11:19:51,CARD
1,665,565,79.80,2025-07-04 14:22:14,CARD
2,607,498,74.85,2025-07-04 11:34:23,CARD
1,666,472,-389.70,2025-07-04 15:22:01,CASH
1,667,565,-79.80,2025-07-04 15:26:00,CARD
3,592,490,144.00,2025-07-04 20:45:05,CASH
1,668,566,129.90,2025-07-04 16:29:01,CASH
3,593,491,520.00,2025-07-04 23:20:14,CARD
4,511,415,-267.00,2025-07-05 09:03:19,CARD
4,512,440,445.00,2025-07-05 11:50:08,CARD
3,594,492,108.00,2025-07-05 07:43:18,CARD
4,513,441,89.00,2025-07-05 17:50:58,CASH
3,595,493,455.00,2025-07-05 11:11:32,CASH
3,596,494,65.00,2025-07-05 12:57:48,CASH
1,669,567,39.90,2025-07-05 09:12:51,CARD
3,597,495,130.00,2025-07-05 14:46:57,CARD
4,514,442,117.00,2025-07-05 23:50:23,CASH
1,670,568,53.90,2025-07-05 10:34:01,CARD
1,671,569,129.90,2025-07-05 14:06:33,CARD
1,672,569,129.90,2025-07-05 14:07:03,VOUCHER
1,673,570,19.95,2025-07-05 14:35:48,CARD
2,608,499,224.85,2025-07-05 12:51:53,CARD
2,609,499,224.85,2025-07-05 12:52:23,VOUCHER
1,674,571,19.95,2025-07-05 15:52:57,CARD
1,675,572,53.90,2025-07-05 16:32:13,CARD
2,610,372,-74.85,2025-07-05 14:27:56,CARD
2,611,500,17.95,2025-07-05 14:39:38,CARD
1,676,573,129.90,2025-07-05 18:01:22,CARD
2,612,501,149.70,2025-07-05 17:39:01,CARD
2,613,502,35.90,2025-07-05 18:22:16,CARD
2,614,503,224.85,2025-07-05 19:03:44,CARD
1,677,574,64.95,2025-07-05 23:45:48,CASH
4,515,443,156.00,2025-07-06 18:14:52,CARD
4,516,419,-39.00,2025-07-06 20:18:48,CASH
3,598,496,72.00,2025-07-06 13:56:57,CARD
2,615,430,-74.85,2025-07-06 06:53:08,CARD
3,599,497,144.00,2025-07-06 15:32:46,CARD
2,616,504,53.85,2025-07-06 09:45:58,CARD
1,678,575,119.70,2025-07-06 14:14:03,CARD
2,617,505,107.70,2025-07-06 12:58:03,CARD
4,517,444,222.50,2025-07-07 08:16:44,CARD
4,518,444,222.50,2025-07-07 08:17:14,VOUCHER
2,618,506,49.90,2025-07-06 16:00:05,CARD
1,679,576,107.80,2025-07-06 19:09:16,CARD
2,619,507,149.90,2025-07-06 16:18:47,CARD
2,620,508,374.75,2025-07-06 17:48:17,CARD
2,621,509,71.80,2025-07-06 18:19:33,CASH
1,680,577,389.70,2025-07-06 23:09:18,CARD
1,681,578,80.85,2025-07-06 23:49:29,CARD
3,600,498,18.00,2025-07-07 08:14:19,CARD
4,519,445,116.00,2025-07-07 21:25:54,CASH
1,682,579,40.43,2025-07-07 09:30:33,CARD
1,683,579,40.42,2025-07-07 09:31:03,CARD
3,601,499,168.00,2025-07-07 15:20:53,CARD
1,684,569,-64.95,2025-07-07 12:00:00,CARD
1,685,580,324.75,2025-07-07 12:47:20,CARD
3,602,500,195.00,2025-07-07 18:21:29,CARD
5,69,60,2.00,2025-07-07 13:47:48,CARD
2,622,510,37.48,2025-07-07 12:31:23,CARD
2,623,510,37.47,2025-07-07 12:31:53,VOUCHER
2,624,511,224.85,2025-07-07 15:51:56,CARD
4,520,446,195.00,2025-07-08 13:46:29,CARD
2,625,512,449.70,2025-07-07 22:07:48,CARD
3,603,501,72.00,2025-07-08 07:05:59,CARD
3,604,502,260.00,2025-07-08 07:43:17,CARD
3,605,502,260.00,2025-07-08 07:43:47,VOUCHER
3,606,503,54.00,2025-07-08 08:45:20,CARD
3,607,504,54.00,2025-07-08 10:05:47,CASH
4,521,447,174.00,2025-07-08 21:26:41,CARD
3,608,505,455.00,2025-07-08 13:09:05,CARD
4,522,448,39.00,2025-07-08 23:30:56,CARD
2,626,513,49.90,2025-07-08 07:07:14,CARD
3,609,506,260.00,2025-07-08 16:11:08,CARD
1,686,581,129.90,2025-07-08 11:17:30,CARD
3,610,507,24.00,2025-07-08 16:48:10,CASH
2,627,514,449.70,2025-07-08 10:09:00,CARD
3,611,508,130.00,2025-07-08 20:49:35,CARD
3,612,509,48.00,2025-07-08 21:52:31,CASH
1,687,582,26.95,2025-07-08 17:41:46,CARD
4,523,422,-58.00,2025-07-09 08:35:16,CARD
4,524,449,87.00,2025-07-09 09:26:04,CARD
4,525,449,87.00,2025-07-09 09:26:34,CARD
4,526,450,178.00,2025-07-09 10:40:40,CARD
4,527,451,156.00,2025-07-09 11:14:59,CARD
1,688,583,53.90,2025-07-08 21:35:53,CASH
1,689,584,161.70,2025-07-08 22:38:25,CARD
1,690,585,129.90,2025-07-08 23:29:00,CARD
2,628,515,374.75,2025-07-08 21:03:09,CARD
3,613,510,36.00,2025-07-09 08:37:16,CARD
3,614,511,455.00,2025-07-09 08:41:28,CARD
4,528,452,178.00,2025-07-09 18:47:33,CASH
4,529,453,156.00,2025-07-09 20:02:51,CASH
1,691,586,19.95,2025-07-09 08:15:12,CASH
2,629,516,74.85,2025-07-09 07:31:23,CARD
1,692,587,99.75,2025-07-09 13:48:48,CARD
1,693,588,324.75,2025-07-09 14:08:33,CARD
3,615,512,130.00,2025-07-09 19:09:27,CARD
2,630,517,26.93,2025-07-09 12:06:26,CARD
2,631,517,26.92,2025-07-09 12:06:56,VOUCHER
2,632,518,149.70,2025-07-09 12:18:38,CARD
2,633,519,187.38,2025-07-09 13:54:23,CARD
2,634,519,187.37,2025-07-09 13:54:53,CARD
1,694,589,64.95,2025-07-09 22:20:20,CARD
3,616,500,-195.00,2025-07-10 04:19:41,CARD
2,635,498,-74.85,2025-07-09 20:33:10,CARD
2,636,520,24.95,2025-07-09 20:40:47,CASH
3,617,513,192.00,2025-07-10 08:21:37,CASH
3,618,514,144.00,2025-07-10 08:50:29,CARD
3,619,515,455.00,2025-07-10 12:02:34,CARD
3,620,516,390.00,2025-07-10 13:19:05,CARD
1,695,590,99.75,2025-07-10 14:08:50,CARD
4,530,454,267.00,2025-07-11 07:10:07,CARD
1,696,591,19.95,2025-07-10 20:16:21,CARD
1,697,592,161.70,2025-07-10 21:35:25,CARD
1,698,593,259.80,2025-07-10 23:01:47,CARD
1,699,594,194.85,2025-07-10 23:09:41,CARD
4,531,455,116.00,2025-07-11 14:21:55,CASH
3,621,517,195.00,2025-07-11 07:30:43,CARD
2,637,521,74.85,2025-07-10 23:55:15,CARD
3,622,518,192.00,2025-07-11 09:15:02,CARD
3,623,519,126.00,2025-07-11 09:20:14,CARD
3,624,520,24.00,2025-07-11 10:09:40,CARD
5,70,61,0.50,2025-07-11 09:16:33,CARD
5,71,61,0.50,2025-07-11 09:17:03,CARD
4,532,456,89.00,2025-07-11 23:53:54,CARD
3,625,521,325.00,2025-07-11 15:15:26,CASH
1,700,595,119.70,2025-07-11 12:50:55,CASH
3,626,522,72.00,2025-07-11 19:20:47,CARD
3,627,522,72.00,2025-07-11 19:21:17,VOUCHER
3,628,523,72.00,2025-07-11 20:17:35,CASH
1,701,596,119.70,2025-07-11 15:36:01,CASH
4,533,457,39.00,2025-07-12 08:19:42,CARD
4,534,458,445.00,2025-07-12 10:42:36,CARD
1,702,597,19.95,2025-07-11 21:06:14,CASH
1,703,598,64.95,2025-07-11 22:42:03,CASH
1,704,599,194.85,2025-07-11 23:27:02,CARD
3,629,379,-108.00,2025-07-12 04:39:47,CARD
2,638,522,124.75,2025-07-11 21:02:40,CASH
3,630,524,48.00,2025-07-12 11:11:15,CARD
1,705,600,259.80,2025-07-12 08:20:19,CARD
5,72,62,1.00,2025-07-12 09:19:33,CARD
5,73,62,1.00,2025-07-12 09:20:03,VOUCHER
1,706,601,39.90,2025-07-12 09:44:25,CASH
1,707,602,97.43,2025-07-12 12:12:32,CARD
1,708,602,97.42,2025-07-12 12:13:02,CARD
1,709,603,99.75,2025-07-12 12:22:33,CARD
2,639,523,299.80,2025-07-12 10:03:51,CARD
1,710,604,324.75,2025-07-12 15:13:11,CASH
2,640,524,374.75,2025-07-12 15:13:49,CARD
2,641,525,24.95,2025-07-12 15:46:44,CARD
4,535,459,87.00,2025-07-13 12:31:27,CARD
4,536,459,87.00,2025-07-13 12:31:57,CARD
4,537,460,78.00,2025-07-13 18:42:19,CARD
1,711,605,324.75,2025-07-13 07:56:52,CARD
3,631,525,325.00,2025-07-13 13:06:58,CASH
5,74,63,2.00,2025-07-13 08:31:22,CARD
1,712,606,119.70,2025-07-13 09:17:45,CARD
5,75,64,2.00,2025-07-13 11:58:01,CARD
3,632,526,144.00,2025-07-13 18:38:12,CARD
2,642,526,74.85,2025-07-13 11:28:08,CARD
2,643,526,74.85,2025-07-13 11:28:38,VOUCHER
1,713,607,194.85,2025-07-13 14:35:35,CARD
1,714,608,99.75,2025-07-13 15:21:36,CARD
2,644,527,53.85,2025-07-13 13:38:43,CARD
3,633,527,48.00,2025-07-13 21:51:54,CARD
1,715,608,-99.75,2025-07-13 17:10:02,CARD
2,645,506,-49.90,2025-07-13 15:00:24,CARD
2,646,528,374.75,2025-07-13 15:10:54,CASH
2,647,529,224.85,2025-07-13 18:38:26,CARD
3,634,528,72.00,2025-07-14 07:01:29,CARD
4,538,461,58.50,2025-07-14 21:20:40,CARD
4,539,461,58.50,2025-07-14 21:21:10,CARD
1,716,609,107.80,2025-07-14 08:28:01,CARD
2,648,530,17.95,2025-07-14 08:07:23,CARD
1,717,610,259.80,2025-07-14 11:58:30,CASH
2,649,531,89.75,2025-07-14 11:01:26,CASH
2,650,532,99.80,2025-07-14 12:43:31,CARD
4,540,462,29.00,2025-07-15 07:09:14,CASH
5,76,65,1.00,2025-07-14 18:28:24,CARD
5,77,65,1.00,2025-07-14 18:28:54,VOUCHER
4,541,463,58.00,2025-07-15 12:29:06,CARD
2,651,533,449.70,2025-07-14 20:56:26,CASH
4,542,464,39.00,2025-07-15 15:21:32,CARD
3,635,529,144.00,2025-07-15 09:32:16,CARD
4,543,465,178.00,2025-07-15 19:51:21,CARD
4,544,466,87.00,2025-07-15 22:09:31,CARD
3,636,493,-455.00,2025-07-15 14:45:24,CASH
4,545,462,-14.50,2025-07-16 01:30:00,CASH
3,637,530,63.00,2025-07-15 17:36:16,CARD
3,638,530,63.00,2025-07-15 17:36:46,CARD
1,718,611,80.85,2025-07-15 13:03:59,CARD
1,719,612,119.70,2025-07-15 14:08:53,CARD
3,639,531,168.00,2025-07-15 20:51:23,CARD
1,720,613,324.75,2025-07-15 16:50:35,CARD
4,546,449,-87.00,2025-07-16 06:58:20,CARD
1,721,614,64.95,2025-07-15 20:01:50,CARD
4,547,467,72.50,2025-07-16 15:17:57,CARD
4,548,467,72.50,2025-07-16 15:18:27,VOUCHER
4,549,468,156.00,2025-07-16 16:03:41,CARD
2,652,534,71.80,2025-07-15 23:09:41,CARD
3,640,532,126.00,2025-07-16 12:22:52,CARD
4,550,469,145.00,2025-07-16 21:26:01,CARD
1,722,615,64.95,2025-07-16 09:09:26,CARD
1,723,616,194.85,2025-07-16 11:03:39,CARD
3,641,533,120.00,2025-07-16 17:46:35,CARD
2,653,535,35.90,2025-07-16 09:54:18,CARD
1,724,617,49.88,2025-07-16 17:45:14,CARD
1,725,617,49.87,2025-07-16 17:45:44,VOUCHER
3,642,534,195.00,2025-07-16 23:11:22,CARD
3,643,535,195.00,2025-07-16 23:41:12,CARD
2,654,536,26.93,2025-07-16 16:07:44,CARD
2,655,536,26.92,2025-07-16 16:08:14,CARD
2,656,537,149.70,2025-07-16 19:10:13,CASH
1,726,606,-119.70,2025-07-16 22:32:28,CARD
1,727,618,79.80,2025-07-16 23:22:07,CARD
4,551,470,178.00,2025-07-17 14:58:37,CARD
2,657,538,99.80,2025-07-16 22:02:09,CARD
2,658,494,-26.93,2025-07-16 23:46:15,CARD
4,552,471,78.00,2025-07-17 17:13:43,CASH
2,659,539,107.70,2025-07-17 10:45:27,CARD
3,644,536,144.00,2025-07-17 19:21:36,CARD
3,645,537,90.00,2025-07-17 19:52:12,CASH
1,728,619,134.75,2025-07-17 15:14:46,CARD
1,729,620,161.70,2025-07-17 15:42:07,CARD
2,660,540,74.85,2025-07-17 14:29:58,CARD
1,730,621,129.90,2025-07-17 18:29:53,CARD
4,553,472,156.00,2025-07-18 12:27:09,CASH
2,661,541,149.70,2025-07-17 23:48:06,CASH
1,731,568,-53.90,2025-07-18 03:08:28,CARD
3,646,468,-144.00,2025-07-18 08:45:35,CARD
4,554,473,174.00,2025-07-18 18:55:52,CASH
3,647,538,168.00,2025-07-18 11:19:36,CARD
4,555,474,58.00,2025-07-18 22:47:28,CASH
1,732,622,389.70,2025-07-18 09:49:03,CARD
3,648,539,18.00,2025-07-18 16:16:44,CARD
3,649,539,18.00,2025-07-18 16:17:14,VOUCHER
5,78,66,1.00,2025-07-18 11:46:17,CARD
5,79,66,1.00,2025-07-18 11:46:47,CARD
3,650,516,-97.50,2025-07-18 19:00:00,CARD
1,733,623,324.75,2025-07-18 16:31:25,CARD
1,734,624,119.70,2025-07-18 18:15:18,CARD
1,735,625,19.95,2025-07-18 19:50:00,CARD
4,556,475,178.00,2025-07-19 09:50:12,CARD
2,662,542,74.85,2025-07-18 16:59:08,CARD
4,557,476,534.00,2025-07-19 10:55:55,CARD
2,663,543,17.95,2025-07-18 19:47:03,CARD
1,736,626,79.80,2025-07-18 23:15:27,CARD
2,664,544,17.95,2025-07-18 23:47:45,CARD
3,651,540,18.00,2025-07-19 09:17:30,CARD
3,652,541,520.00,2025-07-19 09:33:23,CASH
4,558,477,29.00,2025-07-19 19:29:34,CARD
4,559,478,117.00,2025-07-19 19:30:51,CARD
3,653,542,65.00,2025-07-19 17:42:16,CARD
3,654,543,144.00,2025-07-19 17:42:42,CARD
1,737,627,40.43,2025-07-19 14:15:34,CARD
1,738,627,40.42,2025-07-19 14:16:04,VOUCHER
5,80,67,1.00,2025-07-19 15:08:00,CARD
4,560,479,267.00,2025-07-20 07:04:46,CASH
2,665,545,53.85,2025-07-19 14:33:51,CARD
1,739,628,64.95,2025-07-19 17:54:15,CARD
4,561,480,234.00,2025-07-20 13:21:45,CARD
2,666,546,24.95,2025-07-19 23:55:02,CARD
3,655,544,108.00,2025-07-20 12:14:13,CARD
3,656,545,120.00,2025-07-20 14:37:19,CARD
1,740,629,194.85,2025-07-20 10:49:54,CASH
2,667,547,449.70,2025-07-20 11:30:34,CARD
2,668,548,62.38,2025-07-20 11:50:52,CARD
2,669,548,62.37,2025-07-20 11:51:22,CARD
2,670,549,17.95,2025-07-20 13:36:38,CARD
3,657,546,108.00,2025-07-20 22:00:31,CASH
1,741,630,26.95,2025-07-20 17:55:39,CASH
1,742,631,79.80,2025-07-20 23:26:26,CASH
2,671,550,74.95,2025-07-20 22:40:20,CASH
2,672,551,374.75,2025-07-21 08:26:14,CARD
1,743,632,259.80,2025-07-21 13:18:07,CARD
2,673,552,112.43,2025-07-21 10:46:31,CARD
2,674,552,112.42,2025-07-21 10:47:01,CARD
2,675,553,99.80,2025-07-21 13:54:12,CARD
4,562,481,78.00,2025-07-22 10:21:33,CARD
2,676,554,24.95,2025-07-21 18:07:15,CARD
1,744,633,119.70,2025-07-21 22:02:41,CARD
1,745,634,97.43,2025-07-21 22:33:00,CARD
1,746,634,97.42,2025-07-21 22:33:30,CARD
3,658,547,260.00,2025-07-22 08:16:10,CARD
1,747,635,39.90,2025-07-22 07:05:46,CARD
1,748,636,64.95,2025-07-22 09:21:41,CARD
2,677,555,149.70,2025-07-22 07:37:03,CARD
3,659,548,36.00,2025-07-22 15:45:35,CARD
1,749,637,53.90,2025-07-22 11:30:19,CARD
1,750,638,161.70,2025-07-22 12:34:56,CARD
4,563,470,-178.00,2025-07-23 04:46:26,CARD
3,660,501,-72.00,2025-07-22 20:50:00,CARD
2,678,556,149.90,2025-07-22 14:08:20,CARD
2,679,557,74.95,2025-07-22 14:12:22,CARD
1,751,639,26.95,2025-07-22 17:51:37,CASH
2,680,558,99.80,2025-07-22 16:05:14,CARD
1,752,573,-129.90,2025-07-22 20:46:10,CARD
4,564,482,174.00,2025-07-23 12:39:37,CARD
2,681,559,71.80,2025-07-22 22:14:15,CARD
2,682,560,99.80,2025-07-22 23:08:46,CASH
3,661,549,144.00,2025-07-23 08:51:30,CASH
4,565,483,445.00,2025-07-23 19:41:23,CARD
3,662,550,126.00,2025-07-23 11:34:12,CARD
3,663,551,96.00,2025-07-23 13:17:09,CARD
4,566,484,87.00,2025-07-23 22:51:28,CASH
3,664,552,455.00,2025-07-23 14:19:49,CASH
1,753,640,13.48,2025-07-23 10:59:09,CARD
1,754,640,13.47,2025-07-23 10:59:39,VOUCHER
3,665,553,24.00,2025-07-23 16:12:36,CARD
3,666,553,24.00,2025-07-23 16:13:06,CARD
1,755,641,64.95,2025-07-23 11:47:30,CASH
3,667,554,520.00,2025-07-23 17:15:15,CARD
3,668,555,390.00,2025-07-23 19:18:55,CASH
3,669,556,144.00,2025-07-23 22:26:35,CARD
1,756,642,119.70,2025-07-23 21:59:15,CARD
4,567,485,72.50,2025-07-24 12:14:32,CARD
4,568,485,72.50,2025-07-24 12:15:02,VOUCHER
1,757,643,19.95,2025-07-23 22:38:14,CARD
2,683,550,-74.95,2025-07-23 22:34:58,CASH
4,569,486,234.00,2025-07-24 16:35:45,CASH
3,670,557,48.00,2025-07-24 10:04:51,CARD
5,81,68,1.00,2025-07-24 08:00:08,CARD
5,82,68,1.00,2025-07-24 08:00:38,VOUCHER
1,758,644,19.95,2025-07-24 08:24:57,CARD
3,671,558,455.00,2025-07-24 13:42:30,CASH
1,759,645,80.85,2025-07-24 09:27:15,CARD
3,672,559,96.00,2025-07-24 16:45:16,CARD
3,673,560,96.00,2025-07-24 19:01:57,CARD
2,684,561,24.95,2025-07-24 12:06:22,CARD
1,760,646,79.80,2025-07-24 15:22:09,CARD
2,685,562,35.90,2025-07-24 12:37:44,CARD
4,570,487,58.00,2025-07-25 08:50:27,CASH
1,761,647,64.95,2025-07-24 19:17:05,CARD
1,762,647,64.95,2025-07-24 19:17:35,CARD
1,763,648,194.85,2025-07-24 22:02:42,CARD
4,571,378,-87.00,2025-07-25 12:20:22,CARD
2,686,563,449.70,2025-07-24 19:45:10,CARD
4,572,488,267.00,2025-07-25 12:59:01,CARD
2,687,382,-74.85,2025-07-25 00:05:39,CARD
3,674,561,192.00,2025-07-25 08:17:29,CARD
2,688,554,-24.95,2025-07-25 04:10:11,CARD
3,675,562,390.00,2025-07-25 12:44:24,CASH
3,676,563,72.00,2025-07-25 13:05:40,CASH
2,689,564,224.85,2025-07-25 07:56:38,CARD
3,677,564,520.00,2025-07-25 15:56:40,CARD
1,764,649,80.85,2025-07-25 10:57:16,CARD
3,678,564,-260.00,2025-07-25 17:43:50,CARD
1,765,650,53.90,2025-07-25 14:03:06,CASH
2,690,565,299.80,2025-07-25 11:27:13,CARD
1,766,633,-119.70,2025-07-25 15:19:58,CARD
2,691,566,149.70,2025-07-25 13:24:44,CASH
1,767,651,324.75,2025-07-25 20:39:07,CARD
4,573,489,356.00,2025-07-26 11:34:50,CARD
1,768,652,26.95,2025-07-25 23:07:29,CARD
3,679,561,-96.00,2025-07-26 05:30:00,CARD
2,692,567,17.95,2025-07-25 22:40:58,CASH
4,574,490,87.00,2025-07-26 22:15:07,CARD
3,680,565,108.00,2025-07-26 13:26:16,CARD
1,769,653,80.85,2025-07-26 08:35:32,CARD
1,770,654,53.90,2025-07-26 10:45:01,CARD
2,693,559,-71.80,2025-07-26 07:52:36,CARD
2,694,568,71.80,2025-07-26 08:06:57,CASH
1,771,655,259.80,2025-07-26 14:48:11,CARD
1,772,656,19.95,2025-07-26 14:50:54,CARD
2,695,569,124.75,2025-07-26 12:04:02,CASH
2,696,570,24.95,2025-07-26 12:16:42,CASH
2,697,571,49.90,2025-07-26 13:30:52,CARD
1,773,657,129.90,2025-07-26 17:02:16,CARD
1,774,658,389.70,2025-07-26 17:16:28,CARD
3,681,566,195.00,2025-07-26 22:40:51,CARD
2,698,572,299.80,2025-07-26 17:15:03,CARD
1,775,659,119.70,2025-07-26 20:42:33,CARD
3,682,567,96.00,2025-07-27 09:15:16,CASH
3,683,512,-65.00,2025-07-27 09:15:34,CARD
3,684,568,325.00,2025-07-27 10:45:04,CARD
1,776,660,129.90,2025-07-27 10:26:19,CARD
1,777,661,107.80,2025-07-27 11:24:44,CASH
3,685,569,65.00,2025-07-27 20:59:19,CARD
2,699,573,17.95,2025-07-27 13:20:53,CARD
2,700,573,17.95,2025-07-27 13:21:23,VOUCHER
1,778,662,99.75,2025-07-27 16:42:16,CARD
3,686,570,455.00,2025-07-27 22:46:24,CARD
1,779,663,80.85,2025-07-27 23:20:01,CARD
1,780,664,39.90,2025-07-27 23:49:56,CARD
3,687,571,520.00,2025-07-28 07:17:12,CARD
4,575,491,87.00,2025-07-28 17:56:04,CARD
3,688,572,97.50,2025-07-28 09:39:53,CARD
3,689,572,97.50,2025-07-28 09:40:23,CARD
4,576,492,116.00,2025-07-28 22:02:56,CARD
1,781,665,26.95,2025-07-28 09:10:10,CARD
3,690,526,-36.00,2025-07-28 16:00:00,CARD
3,691,573,108.00,2025-07-28 18:29:20,CARD
1,782,666,19.95,2025-07-28 13:53:17,CARD
3,692,574,72.00,2025-07-28 20:05:43,CARD
1,783,667,107.80,2025-07-28 16:18:10,CARD
3,693,575,144.00,2025-07-28 22:57:07,CASH
4,577,493,178.00,2025-07-29 08:23:01,CASH
2,701,574,71.80,2025-07-28 16:14:14,CARD
4,578,494,117.00,2025-07-29 09:22:44,CASH
4,579,495,156.00,2025-07-29 10:50:32,CARD
1,784,668,161.70,2025-07-28 20:54:51,CARD
1,785,669,80.85,2025-07-28 22:25:26,CARD
3,694,476,-27.00,2025-07-29 03:30:00,CARD
4,580,496,445.00,2025-07-29 13:03:46,CARD
3,695,576,96.00,2025-07-29 10:49:16,CARD
4,581,497,267.00,2025-07-29 20:39:27,CARD
1,786,670,39.90,2025-07-29 09:37:58,CARD
4,582,498,356.00,2025-07-29 23:52:53,CARD
2,702,575,449.70,2025-07-29 07:57:11,CASH
1,787,671,99.75,2025-07-29 13:49:13,CASH
1,788,672,64.95,2025-07-29 14:08:47,CARD
3,696,577,130.00,2025-07-29 19:47:30,CARD
1,789,673,53.90,2025-07-29 19:22:54,CARD
1,790,674,59.85,2025-07-29 19:28:45,CASH
2,703,576,89.75,2025-07-29 17:02:28,CARD
2,704,577,24.95,2025-07-29 18:16:53,CARD
2,705,577,24.95,2025-07-29 18:17:23,CARD
2,706,578,224.85,2025-07-29 21:22:30,CARD
2,707,579,107.70,2025-07-29 23:12:08,CARD
4,583,423,-58.50,2025-07-30 17:18:00,CASH
3,697,578,325.00,2025-07-30 09:17:44,CARD
1,791,675,39.90,2025-07-30 07:43:37,CARD
1,792,676,129.90,2025-07-30 08:26:40,CASH
1,793,677,259.80,2025-07-30 09:19:36,CARD
2,708,580,49.90,2025-07-30 07:25:16,CASH
1,794,678,194.85,2025-07-30 13:28:12,CASH
1,795,679,39.90,2025-07-30 15:04:13,CARD
4,584,499,89.00,2025-07-31 08:52:49,CARD
1,796,680,79.80,2025-07-30 20:36:34,CARD
4,585,500,195.00,2025-07-31 14:22:08,CARD
3,698,579,96.00,2025-07-31 09:04:27,CARD
1,797,681,119.70,2025-07-31 07:22:17,CARD
1,798,682,67.38,2025-07-31 09:21:36,CARD
1,799,682,67.37,2025-07-31 09:22:06,VOUCHER
3,699,580,260.00,2025-07-31 14:49:44,CARD
3,700,581,168.00,2025-07-31 16:19:56,CASH
4,586,450,-44.50,2025-08-01 02:45:00,CARD
2,709,581,149.90,2025-07-31 11:27:29,CASH
3,701,582,227.50,2025-07-31 20:39:25,CARD
3,702,582,227.50,2025-07-31 20:39:55,CARD
2,710,582,74.95,2025-07-31 20:09:19,CARD
2,711,583,449.70,2025-07-31 21:37:55,CARD
3,703,583,390.00,2025-08-01 11:39:28,CARD
4,587,496,-445.00,2025-08-01 21:27:51,CARD
1,800,683,26.95,2025-08-01 09:18:08,CARD
3,704,584,96.00,2025-08-01 14:34:39,CARD
2,712,584,17.95,2025-08-01 13:53:19,CARD
2,713,585,17.95,2025-08-01 15:10:35,CARD
1,801,684,80.85,2025-08-01 19:09:39,CARD
2,714,586,99.80,2025-08-01 16:21:36,CASH
3,705,394,-96.00,2025-08-02 00:36:31,CARD
4,588,501,116.00,2025-08-02 10:52:19,CARD
1,802,685,389.70,2025-08-01 22:11:36,CARD
1,803,668,-161.70,2025-08-02 00:59:56,CARD
4,589,502,534.00,2025-08-02 18:49:02,CARD
1,804,686,39.90,2025-08-02 09:27:25,CARD
4,590,503,58.00,2025-08-02 23:58:46,CARD
3,706,585,24.00,2025-08-02 17:08:24,CARD
1,805,687,134.75,2025-08-02 14:04:48,CASH
3,707,586,97.50,2025-08-02 21:15:40,CARD
3,708,586,97.50,2025-08-02 21:16:10,VOUCHER
3,709,587,520.00,2025-08-02 21:36:25,CARD
1,806,688,49.88,2025-08-02 23:28:59,CARD
1,807,688,49.87,2025-08-02 23:29:29,CARD
4,591,504,29.00,2025-08-03 13:44:58,CARD
2,715,587,99.80,2025-08-02 22:26:54,CARD
4,592,505,145.00,2025-08-03 16:36:18,CARD
4,593,506,29.00,2025-08-03 22:22:07,CARD
2,716,588,374.75,2025-08-03 08:34:13,CARD
2,717,589,26.93,2025-08-03 09:47:45,CARD
2,718,589,26.92,2025-08-03 09:48:15,VOUCHER
1,808,689,79.80,2025-08-03 16:20:02,CARD
2,719,590,26.93,2025-08-03 17:42:25,CARD
2,720,590,26.92,2025-08-03 17:42:55,VOUCHER
3,710,588,168.00,2025-08-04 11:20:41,CARD
1,809,690,161.70,2025-08-04 12:32:33,CASH
2,721,568,-71.80,2025-08-04 10:17:20,CASH
4,594,507,145.00,2025-08-05 08:40:54,CARD
1,810,691,80.85,2025-08-04 20:14:42,CARD
3,711,589,54.00,2025-08-05 07:04:40,CARD
3,712,590,195.00,2025-08-05 07:18:42,CARD
3,713,591,455.00,2025-08-05 13:23:07,CARD
1,811,692,99.75,2025-08-05 08:57:08,CARD
1,812,693,389.70,2025-08-05 10:34:40,CARD
2,722,591,74.85,2025-08-05 07:34:40,CARD
1,813,694,26.95,2025-08-05 12:08:32,CASH
2,723,592,49.90,2025-08-05 15:46:04,CASH
2,723,592,49.90,2025-08-05 15:46:04,CASH
2,724,593,374.75,2025-08-05 16:02:04,CARD
2,725,594,107.70,2025-08-05 17:25:55,CARD
1,814,398,-162.38,2025-08-06 00:15:00,CARD
4,595,508,174.00,2025-08-06 17:59:50,CARD
4,596,509,222.50,2025-08-06 19:40:58,CARD
4,597,509,222.50,2025-08-06 19:41:28,CARD
1,815,695,134.75,2025-08-06 07:14:46,CARD
1,816,696,107.80,2025-08-06 07:23:04,CARD
2,726,565,-299.80,2025-08-06 07:25:30,CARD
1,817,697,194.85,2025-08-06 10:51:05,CARD
1,818,697,194.85,2025-08-06 10:51:35,VOUCHER
3,714,592,325.00,2025-08-06 19:59:08,CARD
3,715,593,90.00,2025-08-06 21:01:47,CASH
4,598,510,39.00,2025-08-07 07:18:05,CASH
1,819,698,64.95,2025-08-06 19:59:29,CASH
3,716,560,-96.00,2025-08-07 07:08:57,CARD
3,717,594,192.00,2025-08-07 10:27:13,CARD
5,83,69,1.00,2025-08-07 08:41:08,CARD
2,727,595,35.90,2025-08-07 09:10:18,CARD
2,728,596,35.90,2025-08-07 09:30:19,CARD
3,718,595,390.00,2025-08-07 18:12:22,CASH
1,820,699,324.75,2025-08-07 14:50:27,CARD
4,599,511,145.00,2025-08-08 11:37:51,CARD
2,729,597,107.70,2025-08-07 18:59:33,CASH
1,821,700,161.70,2025-08-07 22:45:00,CARD
3,719,596,144.00,2025-08-08 11:33:54,CARD
4,600,512,39.00,2025-08-08 21:07:27,CASH
1,822,701,59.85,2025-08-08 10:32:14,CARD
3,720,597,130.00,2025-08-08 17:14:06,CARD
2,730,598,24.95,2025-08-08 11:45:36,CARD
3,721,598,130.00,2025-08-08 21:55:28,CARD
1,823,702,119.70,2025-08-08 19:47:49,CARD
1,824,703,19.95,2025-08-08 21:04:47,CARD
1,825,704,19.95,2025-08-08 22:05:42,CASH
3,722,599,144.00,2025-08-09 07:21:42,CARD
3,723,600,325.00,2025-08-09 08:38:02,CASH
1,826,646,-79.80,2025-08-09 03:48:51,CARD
4,601,513,117.00,2025-08-09 20:06:09,CASH
4,602,514,117.00,2025-08-09 21:37:29,CARD
3,724,601,72.00,2025-08-09 14:51:46,CARD
2,731,599,71.80,2025-08-09 07:36:25,CARD
1,827,705,64.95,2025-08-09 16:47:43,CARD
2,732,600,99.80,2025-08-09 15:06:37,CARD
4,603,515,156.00,2025-08-10 10:45:46,CARD
2,733,601,26.93,2025-08-09 18:22:15,CARD
2,734,601,26.92,2025-08-09 18:22:45,VOUCHER
4,604,516,44.50,2025-08-10 11:46:25,CARD
4,605,516,44.50,2025-08-10 11:46:55,VOUCHER
3,725,602,48.00,2025-08-10 10:09:14,CASH
3,726,603,45.00,2025-08-10 12:57:56,CARD
3,727,603,45.00,2025-08-10 12:58:26,CARD
3,728,604,195.00,2025-08-10 16:10:08,CASH
1,828,706,107.80,2025-08-10 11:21:00,CASH
1,829,707,32.48,2025-08-10 16:06:47,CARD
1,830,707,32.47,2025-08-10 16:07:17,CARD
3,729,605,36.00,2025-08-10 23:36:43,CARD
3,730,605,36.00,2025-08-10 23:37:13,CARD
1,831,708,64.95,2025-08-10 18:52:42,CARD
4,606,517,178.00,2025-08-11 16:57:01,CASH
3,731,606,48.00,2025-08-11 09:24:09,CARD
3,732,607,60.00,2025-08-11 10:11:38,CARD
3,733,607,60.00,2025-08-11 10:12:08,VOUCHER
3,734,608,195.00,2025-08-11 11:42:13,CARD
1,832,709,64.95,2025-08-11 11:20:39,CARD
3,735,609,72.00,2025-08-11 17:10:36,CARD
2,735,602,299.80,2025-08-11 13:01:33,CARD
4,607,518,178.00,2025-08-12 09:23:24,CASH
4,608,519,178.00,2025-08-12 11:45:43,CASH
3,736,610,195.00,2025-08-12 08:10:53,CARD
3,737,611,520.00,2025-08-12 08:34:53,CASH
3,738,612,54.00,2025-08-12 08:44:21,CARD
3,739,613,24.00,2025-08-12 10:21:52,CARD
3,740,613,24.00,2025-08-12 10:22:22,CARD
4,609,520,78.00,2025-08-12 20:42:06,CASH
1,833,710,39.90,2025-08-12 09:32:41,CARD
1,834,710,39.90,2025-08-12 09:33:11,CARD
2,736,597,-53.85,2025-08-12 15:30:00,CASH
2,737,603,89.75,2025-08-12 21:17:42,CARD
4,610,521,178.00,2025-08-13 18:12:31,CARD
1,835,711,79.80,2025-08-13 08:02:28,CARD
1,836,712,324.75,2025-08-13 09:28:42,CASH
1,837,713,259.80,2025-08-13 11:32:48,CASH
1,838,714,194.85,2025-08-13 11:40:09,CARD
1,839,715,324.75,2025-08-13 19:52:43,CASH
5,84,70,2.00,2025-08-13 23:52:55,CARD
4,611,522,267.00,2025-08-14 14:40:59,CARD
4,612,522,267.00,2025-08-14 14:41:29,CARD
3,741,614,108.00,2025-08-14 09:06:26,CARD
3,742,615,144.00,2025-08-14 11:49:28,CARD
1,840,716,259.80,2025-08-14 08:23:23,CARD
2,738,604,24.95,2025-08-14 10:26:06,CARD
2,739,604,24.95,2025-08-14 10:26:36,VOUCHER
2,740,605,74.95,2025-08-14 10:46:14,CASH
2,741,606,37.48,2025-08-14 12:11:47,CARD
2,742,606,37.47,2025-08-14 12:12:17,CARD
1,841,717,129.90,2025-08-14 19:09:05,CASH
4,613,523,174.00,2025-08-15 09:48:44,CARD
4,614,524,117.00,2025-08-15 09:51:25,CASH
2,743,607,74.95,2025-08-14 16:59:14,CARD
1,842,718,134.75,2025-08-14 20:27:47,CASH
2,744,608,71.80,2025-08-14 19:36:05,CARD
4,615,525,178.00,2025-08-15 18:41:17,CARD
4,616,525,178.00,2025-08-15 18:41:47,VOUCHER
5,85,71,1.00,2025-08-15 07:04:07,CARD
3,743,616,36.00,2025-08-15 15:36:14,CARD
1,843,719,194.85,2025-08-15 12:44:16,CARD
2,745,609,17.95,2025-08-15 11:21:36,CARD
2,746,610,449.70,2025-08-15 12:15:46,CARD
3,744,617,144.00,2025-08-15 20:49:54,CARD
2,747,611,49.90,2025-08-15 15:06:31,CARD
2,748,612,24.95,2025-08-15 17:51:42,CARD
4,617,526,87.00,2025-08-16 10:55:59,CARD
3,745,618,390.00,2025-08-16 09:42:50,CARD
3,746,619,48.00,2025-08-16 11:44:31,CARD
3,747,620,36.00,2025-08-16 12:33:29,CARD
1,844,720,194.85,2025-08-16 09:57:12,CARD
3,748,621,12.00,2025-08-16 15:43:48,CARD
3,749,621,12.00,2025-08-16 15:44:18,VOUCHER
2,749,613,35.90,2025-08-16 10:33:29,CARD
1,845,676,-129.90,2025-08-16 14:59:37,CASH
4,618,527,178.00,2025-08-17 09:49:35,CARD
4,619,527,178.00,2025-08-17 09:50:05,VOUCHER
2,750,614,71.80,2025-08-16 17:05:28,CARD
1,846,721,134.75,2025-08-16 23:00:35,CARD
3,750,622,27.00,2025-08-17 07:17:21,CARD
3,751,622,27.00,2025-08-17 07:17:51,CARD
2,751,610,-449.70,2025-08-17 00:43:17,CARD
3,752,623,130.00,2025-08-17 12:08:12,CASH
3,753,624,195.00,2025-08-17 16:30:12,CARD
1,847,722,324.75,2025-08-17 13:16:57,CARD
2,752,615,149.70,2025-08-17 14:32:47,CASH
1,848,723,53.90,2025-08-17 18:23:02,CARD
2,753,616,107.70,2025-08-17 16:02:50,CARD
2,754,576,-89.75,2025-08-17 16:30:25,CARD
1,849,724,26.95,2025-08-17 21:49:09,CARD
1,850,724,26.95,2025-08-17 21:49:39,CARD
4,620,528,534.00,2025-08-18 13:45:47,CARD
4,621,529,534.00,2025-08-18 14:17:48,CASH
2,755,617,374.75,2025-08-17 23:47:24,CARD
4,622,530,445.00,2025-08-18 19:19:50,CARD
4,623,531,145.00,2025-08-18 19:28:16,CARD
1,851,725,80.85,2025-08-18 07:29:53,CARD
4,624,532,234.00,2025-08-18 22:43:25,CARD
4,625,533,39.00,2025-08-18 22:43:28,CARD
1,852,726,53.90,2025-08-18 09:19:22,CARD
1,853,727,79.80,2025-08-18 14:11:13,CARD
3,754,625,72.00,2025-08-18 22:01:51,CARD
1,854,728,107.80,2025-08-18 17:08:06,CARD
3,755,626,195.00,2025-08-18 22:58:22,CARD
3,756,618,-390.00,2025-08-18 23:42:40,CARD
2,756,618,74.85,2025-08-18 20:11:20,CASH
2,757,619,17.95,2025-08-18 21:31:17,CARD
3,757,627,108.00,2025-08-19 10:38:16,CARD
3,758,628,48.00,2025-08-19 10:52:44,CARD
4,626,534,44.50,2025-08-19 20:20:05,CARD
4,627,534,44.50,2025-08-19 20:20:35,CARD
4,628,535,29.00,2025-08-19 23:09:58,CASH
3,759,629,390.00,2025-08-19 14:18:36,CASH
2,758,620,99.80,2025-08-19 09:48:22,CARD
3,760,550,-126.00,2025-08-19 20:10:25,CARD
2,759,621,299.80,2025-08-19 16:28:35,CARD
2,760,622,24.95,2025-08-19 22:39:58,CARD
3,761,630,455.00,2025-08-20 12:41:51,CARD
1,855,729,324.75,2025-08-20 07:48:26,CARD
5,86,72,1.00,2025-08-20 10:12:45,CASH
1,856,730,26.95,2025-08-20 23:32:42,CARD
1,857,731,259.80,2025-08-20 23:51:22,CARD
3,762,631,72.00,2025-08-21 13:44:14,CARD
3,763,632,96.00,2025-08-21 15:02:40,CARD
3,764,633,65.00,2025-08-21 15:29:22,CARD
3,765,634,36.00,2025-08-21 16:17:10,CARD
1,858,732,324.75,2025-08-21 14:25:31,CASH
1,859,733,161.70,2025-08-21 16:05:28,CASH
2,761,623,17.95,2025-08-21 14:45:25,CASH
1,860,734,59.85,2025-08-21 18:27:03,CARD
1,861,735,107.80,2025-08-21 18:55:11,CARD
1,862,736,19.95,2025-08-21 19:09:11,CASH
1,863,737,389.70,2025-08-21 19:44:37,CARD
1,864,738,80.85,2025-08-21 20:03:38,CASH
4,629,536,89.00,2025-08-22 12:38:14,CARD
4,630,537,116.00,2025-08-22 20:07:40,CARD
1,865,739,67.38,2025-08-22 09:45:47,CARD
1,866,739,67.37,2025-08-22 09:46:17,VOUCHER
2,762,536,-53.85,2025-08-22 10:59:13,CARD
1,867,740,194.85,2025-08-22 14:16:33,CARD
1,868,741,79.80,2025-08-22 15:47:08,CARD
3,766,635,36.00,2025-08-22 21:24:54,CASH
4,631,538,195.00,2025-08-23 07:52:42,CARD
4,632,539,178.00,2025-08-23 08:02:08,CARD
4,633,540,356.00,2025-08-23 08:36:58,CARD
4,634,541,178.00,2025-08-23 10:10:36,CARD
2,763,624,74.95,2025-08-22 17:14:48,CARD
4,635,542,78.00,2025-08-23 10:38:36,CARD
3,767,636,120.00,2025-08-23 08:21:23,CARD
3,768,637,36.00,2025-08-23 12:16:55,CARD
3,769,637,36.00,2025-08-23 12:17:25,CARD
1,869,742,194.85,2025-08-23 09:30:01,CARD
1,870,743,39.90,2025-08-23 09:48:28,CARD
3,770,638,96.00,2025-08-23 14:49:19,CARD
1,871,744,64.95,2025-08-23 12:15:07,CASH
3,771,639,108.00,2025-08-23 19:11:32,CARD
1,872,745,129.90,2025-08-23 14:14:17,CARD
2,764,625,53.85,2025-08-23 12:46:20,CARD
2,765,626,74.95,2025-08-23 13:13:01,CASH
4,636,543,117.00,2025-08-24 08:07:22,CASH
3,772,50869,88.00,2025-08-24 00:00:00,CASH
1,873,746,79.80,2025-08-23 20:59:25,CARD
1,874,747,79.80,2025-08-23 21:37:35,CARD
1,875,748,64.95,2025-08-23 23:34:01,CARD
1,876,748,64.95,2025-08-23 23:34:31,VOUCHER
4,637,544,117.00,2025-08-24 14:05:12,CARD
3,773,640,390.00,2025-08-24 10:18:56,CARD
1,877,749,64.95,2025-08-24 08:48:27,CASH
3,774,641,54.00,2025-08-24 16:31:07,CASH
2,766,627,74.85,2025-08-24 08:48:30,CARD
2,767,627,74.85,2025-08-24 08:49:00,CARD
1,878,750,129.90,2025-08-24 13:49:01,CASH
3,775,642,36.00,2025-08-24 19:01:13,CARD
3,776,642,36.00,2025-08-24 19:01:43,CARD
2,768,628,49.90,2025-08-24 16:59:16,CASH
1,879,751,119.70,2025-08-24 21:27:47,CARD
1,880,752,107.80,2025-08-24 22:32:41,CARD
4,638,545,156.00,2025-08-25 17:06:23,CARD
4,639,546,87.00,2025-08-25 20:24:46,CASH
3,777,643,144.00,2025-08-25 11:28:34,CARD
5,87,73,2.00,2025-08-25 08:21:20,CARD
3,778,644,455.00,2025-08-25 13:54:55,CARD
3,779,645,36.00,2025-08-25 14:37:33,CARD
2,769,629,99.80,2025-08-25 11:04:26,CARD
3,780,646,144.00,2025-08-25 20:25:34,CARD
3,781,647,192.00,2025-08-25 20:54:22,CARD
2,770,630,89.75,2025-08-25 12:54:54,CARD
4,640,547,195.00,2025-08-26 13:47:59,CARD
2,771,631,89.75,2025-08-25 22:30:24,CARD
4,641,548,58.00,2025-08-26 17:17:55,CARD
3,782,648,455.00,2025-08-26 12:48:39,CARD
2,772,632,35.90,2025-08-26 08:08:25,CARD
1,881,753,26.95,2025-08-26 13:12:12,CARD
1,882,753,26.95,2025-08-26 13:12:42,VOUCHER
2,773,633,53.85,2025-08-26 10:54:31,CARD
2,774,633,53.85,2025-08-26 10:55:01,VOUCHER
1,883,645,-40.43,2025-08-26 16:13:13,CARD
1,884,754,107.80,2025-08-26 19:01:23,CARD
2,775,634,53.85,2025-08-26 17:50:13,CASH
4,642,549,178.00,2025-08-27 15:53:28,CARD
3,783,649,260.00,2025-08-27 08:34:47,CARD
1,885,755,26.95,2025-08-27 08:51:53,CASH
3,784,650,54.00,2025-08-27 14:23:39,CARD
4,643,550,445.00,2025-08-27 23:32:05,CARD
3,785,651,325.00,2025-08-27 19:04:45,CASH
1,886,711,-79.80,2025-08-27 14:39:56,CARD
2,776,635,35.90,2025-08-27 14:35:31,CASH
2,777,636,149.90,2025-08-27 15:37:43,CARD
2,778,636,149.90,2025-08-27 15:38:13,VOUCHER
1,887,756,324.75,2025-08-27 20:02:22,CARD
4,644,551,117.00,2025-08-28 12:04:40,CARD
3,786,652,126.00,2025-08-28 08:17:36,CARD
1,888,585,-129.90,2025-08-28 05:06:55,CARD
3,787,653,455.00,2025-08-28 12:01:26,CARD
1,889,757,97.43,2025-08-28 08:05:12,CARD
1,890,757,97.42,2025-08-28 08:05:42,VOUCHER
3,788,653,-455.00,2025-08-28 17:42:00,CARD
1,891,758,161.70,2025-08-28 15:38:18,CARD
2,779,637,71.80,2025-08-28 13:56:34,CASH
1,892,759,13.48,2025-08-28 17:22:26,CARD
1,893,759,13.47,2025-08-28 17:22:56,CARD
4,645,552,267.00,2025-08-29 12:07:44,CASH
1,894,760,129.90,2025-08-29 07:55:39,CARD
3,789,654,90.00,2025-08-29 14:15:40,CARD
2,780,638,99.80,2025-08-29 08:41:22,CARD
2,781,639,49.90,2025-08-29 14:37:30,CARD
1,895,761,64.95,2025-08-29 18:09:35,CARD
1,896,762,389.70,2025-08-29 18:26:45,CARD
4,646,546,-87.00,2025-08-30 11:02:29,CASH
1,897,763,19.95,2025-08-29 21:18:45,CASH
1,898,764,53.90,2025-08-30 07:13:03,CASH
1,899,765,80.85,2025-08-30 07:30:37,CARD
3,790,655,130.00,2025-08-30 15:08:33,CASH
1,900,766,80.85,2025-08-30 11:55:13,CARD
2,782,640,374.75,2025-08-30 10:11:41,CASH
2,783,641,35.90,2025-08-30 10:28:51,CARD
1,901,767,194.85,2025-08-30 16:21:18,CASH
4,647,553,145.00,2025-08-31 07:49:29,CASH
2,784,642,74.85,2025-08-30 19:14:03,CARD
3,791,656,36.00,2025-08-31 14:22:55,CARD
1,902,768,161.70,2025-08-31 10:40:02,CASH
3,792,657,24.00,2025-08-31 15:43:59,CARD
3,793,658,520.00,2025-08-31 18:25:20,CARD
1,903,756,-324.75,2025-08-31 14:55:21,CARD
2,785,643,74.95,2025-08-31 14:10:00,CASH
3,794,659,260.00,2025-08-31 22:51:05,CARD
4,648,478,-117.00,2025-09-01 09:16:37,CARD
2,786,644,224.85,2025-08-31 20:03:56,CARD
2,787,644,224.85,2025-08-31 20:04:26,VOUCHER
2,788,645,149.90,2025-08-31 23:19:23,CARD
2,789,645,149.90,2025-08-31 23:19:53,VOUCHER
3,795,660,24.00,2025-09-01 07:48:15,CARD
4,649,554,267.00,2025-09-01 23:31:56,CASH
2,790,646,149.70,2025-09-01 07:08:12,CARD
2,791,50581,85.00,2025-09-01 09:00:00,CASH
2,792,647,299.80,2025-09-01 16:08:19,CARD
4,650,555,178.00,2025-09-02 11:52:44,CARD
3,796,661,144.00,2025-09-02 07:25:01,CARD
3,797,662,325.00,2025-09-02 13:22:58,CARD
3,798,663,144.00,2025-09-02 14:17:40,CARD
3,799,664,192.00,2025-09-02 16:29:55,CARD
1,904,769,134.75,2025-09-02 16:26:47,CARD
1,905,770,194.85,2025-09-02 21:28:50,CARD
2,793,648,53.85,2025-09-02 21:49:21,CARD
4,651,556,174.00,2025-09-03 17:13:00,CARD
4,652,557,117.00,2025-09-03 21:16:38,CARD
1,906,771,39.90,2025-09-03 09:54:45,CARD
3,800,665,126.00,2025-09-03 15:28:00,CARD
1,907,772,107.80,2025-09-03 10:59:35,CASH
1,908,773,13.48,2025-09-03 11:30:38,CARD
1,909,773,13.47,2025-09-03 11:31:08,CARD
2,794,649,149.70,2025-09-03 08:32:47,CARD
3,801,666,108.00,2025-09-03 18:39:17,CARD
2,795,650,107.70,2025-09-03 13:09:08,CARD
4,653,558,195.00,2025-09-04 10:06:52,CARD
1,910,774,39.90,2025-09-03 20:11:36,CARD
1,911,775,134.75,2025-09-03 20:38:35,CARD
2,796,651,374.75,2025-09-03 20:36:23,CASH
1,912,776,389.70,2025-09-03 23:39:02,CARD
1,913,777,19.95,2025-09-04 07:23:48,CARD
3,802,667,520.00,2025-09-04 13:29:29,CARD
1,914,778,194.85,2025-09-04 10:23:53,CASH
3,803,668,455.00,2025-09-04 16:17:38,CARD
3,804,659,-130.00,2025-09-04 17:49:55,CARD
1,915,779,129.90,2025-09-04 17:21:41,CARD
4,654,559,534.00,2025-09-05 07:30:16,CARD
1,916,780,53.90,2025-09-04 19:02:50,CASH
2,797,652,44.88,2025-09-04 17:29:42,CARD
2,798,652,44.87,2025-09-04 17:30:12,CARD
3,805,664,-96.00,2025-09-05 01:42:06,CARD
4,655,560,234.00,2025-09-05 15:35:28,CARD
2,799,653,35.90,2025-09-04 23:58:56,CARD
3,806,669,90.00,2025-09-05 08:21:53,CASH
4,656,561,178.00,2025-09-05 19:32:31,CARD
4,657,561,178.00,2025-09-05 19:33:01,VOUCHER
3,807,670,65.00,2025-09-05 19:05:38,CARD
3,808,670,65.00,2025-09-05 19:06:08,VOUCHER
2,800,654,299.80,2025-09-05 11:46:51,CASH
1,917,781,99.75,2025-09-05 17:57:13,CASH
1,918,782,99.75,2025-09-05 20:02:49,CARD
4,658,562,58.00,2025-09-06 10:48:01,CARD
4,659,562,58.00,2025-09-06 10:48:31,CARD
1,919,783,194.85,2025-09-05 22:35:43,CARD
3,809,671,18.00,2025-09-06 13:41:01,CASH
1,920,784,107.80,2025-09-06 11:27:47,CARD
1,921,785,119.70,2025-09-06 11:44:50,CARD
1,922,786,80.85,2025-09-06 12:51:46,CARD
1,923,786,80.85,2025-09-06 12:52:16,VOUCHER
2,801,655,17.95,2025-09-06 10:03:00,CASH
3,810,672,195.00,2025-09-06 21:15:40,CARD
1,924,787,259.80,2025-09-06 17:03:02,CARD
5,88,74,1.00,2025-09-06 21:44:18,CARD
1,925,788,49.88,2025-09-06 22:52:08,CARD
1,926,788,49.87,2025-09-06 22:52:38,CARD
2,802,656,35.90,2025-09-06 20:56:41,CARD
4,660,563,78.00,2025-09-07 17:08:03,CASH
1,927,769,-134.75,2025-09-07 03:25:27,CARD
4,661,564,89.00,2025-09-07 18:07:31,CASH
3,811,673,168.00,2025-09-07 10:56:36,CASH
4,662,565,534.00,2025-09-07 21:31:15,CARD
4,663,566,356.00,2025-09-07 22:56:50,CARD
3,812,658,-130.00,2025-09-07 14:30:00,CARD
1,928,789,389.70,2025-09-07 11:50:45,CARD
3,813,674,195.00,2025-09-07 16:56:01,CARD
1,929,790,119.70,2025-09-07 15:31:58,CASH
1,930,791,324.75,2025-09-07 20:33:28,CARD
1,931,792,64.95,2025-09-07 20:55:24,CARD
5,89,75,1.00,2025-09-07 21:27:49,CARD
1,932,793,64.95,2025-09-07 22:00:07,CARD
1,933,793,64.95,2025-09-07 22:00:37,CARD
1,934,794,19.95,2025-09-07 22:55:06,CARD
1,935,795,324.75,2025-09-08 07:00:44,CASH
1,936,796,59.85,2025-09-08 08:43:43,CARD
1,937,781,-99.75,2025-09-08 09:46:29,CASH
2,803,657,53.85,2025-09-08 15:37:15,CARD
2,804,658,49.90,2025-09-08 15:45:47,CASH
2,805,659,149.90,2025-09-08 17:17:02,CARD
4,664,567,356.00,2025-09-09 12:37:41,CARD
2,806,660,35.90,2025-09-08 21:59:03,CARD
2,807,661,449.70,2025-09-08 22:17:22,CARD
4,665,568,89.00,2025-09-09 16:13:11,CASH
3,814,675,72.00,2025-09-09 07:59:55,CARD
1,938,780,-26.95,2025-09-09 03:06:35,CASH
3,815,643,-144.00,2025-09-09 10:02:14,CARD
3,816,676,390.00,2025-09-09 13:12:19,CARD
4,666,552,-267.00,2025-09-09 23:03:51,CASH
3,817,677,54.00,2025-09-09 14:55:06,CASH
2,808,662,149.90,2025-09-09 09:38:48,CARD
3,818,678,108.00,2025-09-09 20:31:17,CARD
1,939,797,99.75,2025-09-09 23:03:04,CASH
1,940,726,-53.90,2025-09-10 05:27:58,CARD
2,809,663,49.90,2025-09-10 09:58:02,CASH
2,810,664,71.80,2025-09-10 15:31:46,CASH
2,811,659,-149.90,2025-09-10 16:55:31,CARD
3,819,679,195.00,2025-09-11 08:43:13,CARD
1,941,798,194.85,2025-09-11 07:15:19,CARD
1,942,798,194.85,2025-09-11 07:15:49,VOUCHER
5,90,76,1.00,2025-09-11 07:32:12,CARD
1,943,799,134.75,2025-09-11 08:46:00,CARD
1,944,800,107.80,2025-09-11 22:06:45,CASH
2,812,665,449.70,2025-09-11 19:33:47,CARD
2,813,666,74.95,2025-09-11 21:53:17,CARD
2,814,666,74.95,2025-09-11 21:53:47,CARD
3,820,680,162.50,2025-09-12 12:18:12,CARD
3,821,680,162.50,2025-09-12 12:18:42,VOUCHER
3,822,681,130.00,2025-09-12 12:44:03,CARD
1,945,801,9.98,2025-09-12 10:19:19,CARD
1,946,801,9.97,2025-09-12 10:19:49,CARD
3,823,682,120.00,2025-09-12 15:23:47,CASH
3,824,683,18.00,2025-09-12 16:50:30,CARD
2,815,667,74.85,2025-09-12 10:00:54,CARD
4,667,481,-78.00,2025-09-13 04:56:25,CARD
3,825,684,120.00,2025-09-12 20:05:17,CARD
1,947,802,64.95,2025-09-12 22:54:54,CASH
2,816,668,99.80,2025-09-12 20:39:04,CASH
4,668,569,267.00,2025-09-13 19:03:46,CARD
3,826,685,65.00,2025-09-13 11:36:40,CARD
2,817,669,449.70,2025-09-13 08:01:42,CASH
1,948,803,13.48,2025-09-13 11:51:29,CARD
1,949,803,13.47,2025-09-13 11:51:59,CARD
3,827,686,18.00,2025-09-13 17:58:08,CARD
1,950,804,39.90,2025-09-13 19:13:06,CARD
1,951,804,39.90,2025-09-13 19:13:36,CARD
1,952,805,119.70,2025-09-13 19:55:04,CARD
2,818,670,149.90,2025-09-13 17:33:46,CARD
1,953,806,39.90,2025-09-13 21:57:48,CARD
1,954,806,39.90,2025-09-13 21:58:18,VOUCHER
2,819,671,224.85,2025-09-13 20:09:33,CARD
4,669,570,87.00,2025-09-14 17:02:54,CARD
1,955,807,32.48,2025-09-14 07:17:09,CARD
1,956,807,32.47,2025-09-14 07:17:39,VOUCHER
1,957,808,59.85,2025-09-14 08:22:17,CARD
1,958,808,59.85,2025-09-14 08:22:47,CARD
1,959,809,19.95,2025-09-14 08:54:05,CASH
4,670,571,195.00,2025-09-14 23:29:40,CARD
1,960,763,-19.95,2025-09-14 09:42:19,CASH
5,91,77,2.00,2025-09-14 12:03:49,CARD
1,961,810,26.95,2025-09-14 12:17:49,CARD
2,820,672,124.75,2025-09-14 10:18:26,CARD
1,962,811,79.80,2025-09-14 14:47:13,CARD
1,963,812,79.80,2025-09-14 17:24:30,CASH
2,821,673,224.85,2025-09-14 16:45:22,CARD
2,822,674,49.90,2025-09-14 18:41:43,CARD
4,671,572,445.00,2025-09-15 20:50:06,CARD
2,823,675,53.85,2025-09-15 13:16:07,CARD
3,828,687,90.00,2025-09-15 21:16:43,CARD
4,672,573,39.00,2025-09-16 07:39:55,CASH
1,964,813,19.95,2025-09-15 18:20:28,CARD
3,829,688,108.00,2025-09-15 23:46:26,CASH
5,92,78,2.00,2025-09-15 20:28:03,CARD
2,824,676,89.75,2025-09-15 18:00:14,CARD
2,825,677,299.80,2025-09-15 21:48:43,CASH
4,673,574,445.00,2025-09-16 20:18:01,CARD
1,965,814,107.80,2025-09-16 10:24:01,CASH
1,966,815,259.80,2025-09-16 21:05:55,CARD
2,826,678,224.85,2025-09-16 19:51:29,CARD
2,827,679,35.90,2025-09-16 20:16:57,CASH
3,830,689,18.00,2025-09-17 08:52:58,CARD
3,831,689,18.00,2025-09-17 08:53:28,VOUCHER
1,967,816,26.95,2025-09-17 12:24:29,CARD
2,828,680,124.75,2025-09-17 10:53:49,CASH
2,829,681,74.95,2025-09-17 11:04:48,CARD
1,968,817,13.48,2025-09-17 15:26:52,CARD
1,969,817,13.47,2025-09-17 15:27:22,CARD
1,970,818,107.80,2025-09-17 17:48:44,CASH
4,674,575,145.00,2025-09-18 13:42:16,CARD
3,832,690,48.00,2025-09-18 09:23:49,CARD
1,971,819,19.95,2025-09-18 07:52:35,CARD
3,833,691,455.00,2025-09-18 15:41:02,CARD
2,830,682,49.90,2025-09-18 07:54:48,CARD
2,831,683,224.85,2025-09-18 12:09:12,CARD
3,834,692,144.00,2025-09-18 22:58:05,CASH
2,832,684,35.90,2025-09-18 17:07:01,CARD
2,833,675,-26.93,2025-09-18 18:09:28,CARD
1,972,820,19.95,2025-09-18 22:09:44,CARD
2,834,685,149.70,2025-09-18 20:21:41,CARD
4,675,576,195.00,2025-09-19 14:43:08,CASH
3,835,693,65.00,2025-09-19 09:34:00,CARD
5,93,68,-2.00,2025-09-19 04:59:13,CARD
3,836,694,130.00,2025-09-19 11:56:45,CARD
4,676,577,156.00,2025-09-19 22:26:13,CARD
1,973,821,19.95,2025-09-19 09:32:18,CARD
3,837,695,18.00,2025-09-19 15:37:12,CARD
2,835,686,89.75,2025-09-19 08:46:04,CASH
5,94,79,1.00,2025-09-19 12:38:10,CARD
2,836,687,53.85,2025-09-19 10:35:30,CARD
1,974,822,99.75,2025-09-19 14:03:36,CASH
1,975,823,194.85,2025-09-19 16:18:19,CARD
4,677,578,43.50,2025-09-20 07:08:44,CARD
4,678,578,43.50,2025-09-20 07:09:14,VOUCHER
3,838,692,-144.00,2025-09-19 22:41:42,CASH
1,976,824,324.75,2025-09-19 17:47:27,CARD
4,679,579,116.00,2025-09-20 15:42:56,CASH
3,839,696,54.00,2025-09-20 11:26:52,CARD
4,680,580,267.00,2025-09-20 22:13:42,CARD
4,681,580,267.00,2025-09-20 22:14:12,CARD
3,840,697,108.00,2025-09-20 18:06:07,CARD
4,682,581,117.00,2025-09-21 13:07:12,CARD
4,683,582,58.00,2025-09-21 16:07:30,CARD
3,841,698,195.00,2025-09-21 07:42:50,CARD
3,842,698,195.00,2025-09-21 07:43:20,VOUCHER
3,843,699,108.00,2025-09-21 09:25:34,CASH
4,684,583,534.00,2025-09-21 19:43:09,CARD
4,685,584,145.00,2025-09-21 20:44:12,CARD
2,837,688,107.70,2025-09-21 07:24:17,CASH
2,838,689,35.90,2025-09-21 09:21:27,CARD
2,839,689,35.90,2025-09-21 09:21:57,CARD
1,977,825,389.70,2025-09-21 16:46:50,CARD
4,686,585,87.00,2025-09-22 07:54:14,CARD
2,840,690,374.75,2025-09-21 18:22:19,CARD
3,844,700,520.00,2025-09-22 11:27:45,CASH
3,845,701,72.00,2025-09-22 16:30:18,CARD
2,841,691,224.85,2025-09-22 20:53:16,CARD
3,846,702,120.00,2025-09-23 09:41:37,CARD
3,847,703,260.00,2025-09-23 10:17:17,CARD
1,978,826,119.70,2025-09-23 07:21:49,CARD
3,848,704,65.00,2025-09-23 16:43:29,CASH
1,979,827,107.80,2025-09-23 15:11:20,CARD
2,842,692,374.75,2025-09-23 13:42:01,CARD
4,687,586,39.00,2025-09-24 07:41:31,CASH
1,980,828,389.70,2025-09-23 20:16:33,CARD
2,843,693,49.90,2025-09-23 18:23:25,CARD
4,688,587,356.00,2025-09-24 14:04:29,CASH
4,689,588,267.00,2025-09-24 16:54:19,CARD
1,981,829,19.95,2025-09-24 07:59:29,CARD
1,982,830,59.85,2025-09-24 08:10:36,CARD
3,849,705,260.00,2025-09-24 14:30:52,CARD
1,983,831,259.80,2025-09-24 10:32:23,CARD
5,95,80,1.00,2025-09-24 10:45:10,CASH
2,844,694,17.95,2025-09-24 13:18:33,CARD
2,845,694,17.95,2025-09-24 13:19:03,CARD
3,850,706,390.00,2025-09-24 23:49:35,CARD
4,690,589,89.00,2025-09-25 11:14:01,CARD
2,846,660,-35.90,2025-09-24 19:41:35,CARD
1,984,832,194.85,2025-09-24 23:14:36,CARD
3,851,707,18.00,2025-09-25 07:18:24,CARD
3,852,708,192.00,2025-09-25 07:36:52,CASH
4,691,590,534.00,2025-09-25 17:17:12,CARD
1,985,833,59.85,2025-09-25 08:32:34,CARD
1,986,834,19.95,2025-09-25 10:00:56,CARD
1,987,835,80.85,2025-09-25 10:27:05,CARD
3,853,709,54.00,2025-09-25 15:53:14,CARD
2,847,695,24.95,2025-09-25 08:56:09,CARD
3,854,710,90.00,2025-09-25 19:38:25,CARD
3,855,711,48.00,2025-09-25 22:53:20,CARD
1,988,836,59.85,2025-09-25 18:42:28,CASH
2,848,696,74.95,2025-09-25 16:05:31,CARD
4,692,591,58.00,2025-09-26 09:41:41,CARD
4,693,592,222.50,2025-09-26 11:54:06,CARD
4,694,592,222.50,2025-09-26 11:54:36,CARD
2,849,697,99.80,2025-09-25 19:43:54,CARD
4,695,593,267.00,2025-09-26 13:40:35,CARD
2,850,698,187.38,2025-09-25 21:44:14,CARD
2,851,698,187.37,2025-09-25 21:44:44,CARD
2,852,699,187.38,2025-09-25 21:48:08,CARD
2,853,699,187.37,2025-09-25 21:48:38,CARD
3,856,660,-24.00,2025-09-26 09:54:29,CARD
4,696,594,87.00,2025-09-26 18:57:38,CARD
4,697,594,87.00,2025-09-26 18:58:08,VOUCHER
2,854,700,112.43,2025-09-26 15:43:09,CARD
2,855,700,112.42,2025-09-26 15:43:39,CARD
2,856,701,107.70,2025-09-26 19:03:18,CARD
3,857,705,-260.00,2025-09-27 05:57:25,CARD
4,698,595,178.00,2025-09-27 15:44:13,CASH
4,699,596,195.00,2025-09-27 15:51:55,CARD
3,858,712,72.00,2025-09-27 07:03:50,CARD
3,859,713,72.00,2025-09-27 12:48:29,CARD
3,860,714,325.00,2025-09-27 13:45:59,CARD
3,861,715,60.00,2025-09-27 20:06:53,CARD
3,862,715,60.00,2025-09-27 20:07:23,VOUCHER
1,989,837,389.70,2025-09-27 17:14:47,CASH
3,863,716,390.00,2025-09-27 22:53:43,CARD
2,857,702,89.75,2025-09-27 15:16:41,CARD
2,858,703,74.95,2025-09-27 16:41:14,CARD
4,700,597,195.00,2025-09-28 10:03:20,CASH
4,701,598,39.00,2025-09-28 10:36:45,CARD
2,859,704,49.90,2025-09-27 21:27:25,CARD
4,702,599,156.00,2025-09-28 15:23:54,CARD
4,703,600,58.50,2025-09-28 18:38:41,CARD
4,704,600,58.50,2025-09-28 18:39:11,CARD
1,990,838,59.85,2025-09-28 10:58:27,CARD
3,864,717,192.00,2025-09-28 19:43:25,CASH
1,991,839,40.43,2025-09-28 17:03:56,CARD
1,992,839,40.42,2025-09-28 17:04:26,VOUCHER
4,705,601,78.00,2025-09-29 07:25:15,CARD
3,865,718,72.00,2025-09-29 08:44:25,CASH
3,866,719,54.00,2025-09-29 09:11:41,CARD
4,706,602,87.00,2025-09-29 18:23:58,CASH
3,867,720,48.00,2025-09-29 11:42:45,CASH
1,993,840,259.80,2025-09-29 08:01:24,CARD
2,860,705,24.95,2025-09-29 07:24:35,CASH
1,994,825,-194.85,2025-09-29 11:15:00,CARD
3,868,721,84.00,2025-09-29 19:04:51,CARD
3,869,721,84.00,2025-09-29 19:05:21,VOUCHER
3,870,722,18.00,2025-09-29 22:58:23,CARD
3,871,722,18.00,2025-09-29 22:58:53,VOUCHER
1,995,841,19.95,2025-09-29 19:41:25,CARD
2,861,706,299.80,2025-09-29 17:13:39,CARD
1,996,842,389.70,2025-09-29 22:49:05,CARD
4,707,603,267.00,2025-09-30 13:46:15,CASH
4,708,604,116.00,2025-09-30 16:05:41,CARD
4,709,597,-97.50,2025-09-30 18:30:00,CASH
3,872,723,108.00,2025-09-30 14:27:44,CARD
2,862,707,53.85,2025-09-30 11:29:33,CASH
1,997,843,107.80,2025-09-30 14:55:30,CARD
1,998,844,259.80,2025-09-30 18:49:29,CARD
4,710,605,267.00,2025-10-01 10:29:23,CASH
1,999,845,53.90,2025-09-30 22:24:20,CARD
4,711,606,87.00,2025-10-01 14:59:17,CARD
3,873,724,144.00,2025-10-01 13:05:41,CARD
3,874,725,72.00,2025-10-01 13:09:48,CARD
3,875,654,-90.00,2025-10-01 15:26:26,CARD
1,1000,846,324.75,2025-10-01 12:05:00,CASH
1,1001,847,64.95,2025-10-01 12:54:21,CARD
1,1002,848,161.70,2025-10-01 14:30:20,CARD
2,863,708,74.85,2025-10-01 12:16:56,CASH
1,1003,849,79.80,2025-10-01 16:03:27,CARD
1,1004,850,162.38,2025-10-01 20:03:51,CARD
1,1005,850,162.37,2025-10-01 20:04:21,VOUCHER
2,864,709,224.85,2025-10-01 20:52:57,CARD
5,96,81,1.00,2025-10-02 07:29:30,CASH
2,865,680,-124.75,2025-10-02 08:31:37,CASH
5,97,82,2.00,2025-10-02 15:27:34,CASH
1,1006,804,-39.90,2025-10-02 15:49:30,CARD
2,866,710,74.95,2025-10-02 21:36:29,CARD
4,712,607,58.00,2025-10-03 14:58:56,CARD
2,867,711,299.80,2025-10-02 23:37:28,CASH
3,876,726,325.00,2025-10-03 14:57:20,CARD
3,877,727,455.00,2025-10-03 17:51:19,CARD
1,1007,851,80.85,2025-10-03 14:22:38,CARD
2,868,712,224.85,2025-10-03 11:52:08,CARD
1,1008,852,80.85,2025-10-03 15:22:48,CARD
1,1009,853,53.90,2025-10-03 16:28:41,CARD
4,713,608,87.00,2025-10-04 08:20:52,CARD
4,714,609,156.00,2025-10-04 08:23:22,CARD
4,715,610,117.00,2025-10-04 08:34:40,CARD
4,716,611,117.00,2025-10-04 09:43:55,CARD
4,717,611,117.00,2025-10-04 09:44:25,VOUCHER
1,1010,854,80.85,2025-10-03 19:49:43,CARD
4,718,612,234.00,2025-10-04 12:33:06,CARD
4,719,613,116.00,2025-10-04 21:40:26,CASH
3,878,728,18.00,2025-10-04 12:58:29,CARD
1,1011,855,129.90,2025-10-04 09:58:27,CARD
2,869,713,149.90,2025-10-04 07:38:29,CARD
2,870,713,149.90,2025-10-04 07:38:59,VOUCHER
3,879,729,120.00,2025-10-04 16:13:44,CASH
2,871,714,71.80,2025-10-04 09:12:18,CARD
2,872,607,-37.48,2025-10-04 12:00:00,CARD
3,880,730,325.00,2025-10-04 20:53:06,CARD
4,720,614,356.00,2025-10-05 08:35:55,CARD
1,1012,856,59.85,2025-10-04 19:56:25,CARD
4,721,615,29.00,2025-10-05 11:47:01,CARD
4,722,616,29.00,2025-10-05 15:02:33,CARD
2,873,715,149.70,2025-10-04 21:21:56,CASH
3,881,731,120.00,2025-10-05 07:07:34,CARD
4,723,617,117.00,2025-10-06 07:33:35,CARD
3,882,732,27.00,2025-10-05 22:04:43,CARD
3,883,732,27.00,2025-10-05 22:05:13,VOUCHER
1,1013,857,39.90,2025-10-05 18:38:08,CARD
4,724,618,78.00,2025-10-06 16:12:25,CARD
2,874,672,-62.38,2025-10-06 04:45:00,CARD
3,884,733,24.00,2025-10-06 14:34:00,CASH
3,885,734,24.00,2025-10-06 21:15:09,CARD
3,886,734,24.00,2025-10-06 21:15:39,VOUCHER
1,1014,858,134.75,2025-10-06 16:31:25,CASH
4,725,611,-234.00,2025-10-07 11:38:56,CARD
1,1015,859,64.95,2025-10-06 21:49:25,CARD
3,887,735,168.00,2025-10-07 08:27:47,CARD
3,888,736,96.00,2025-10-07 10:54:20,CARD
5,98,83,2.00,2025-10-07 11:46:04,CASH
2,875,716,449.70,2025-10-07 11:38:38,CARD
3,889,737,120.00,2025-10-07 20:07:26,CASH
4,726,508,-174.00,2025-10-08 08:11:43,CARD
3,890,738,24.00,2025-10-07 22:18:25,CARD
4,727,619,29.00,2025-10-08 11:43:35,CARD
4,728,619,29.00,2025-10-08 11:44:05,VOUCHER
4,729,620,178.00,2025-10-08 12:01:38,CARD
3,891,739,168.00,2025-10-08 07:54:27,CARD
3,892,740,260.00,2025-10-08 12:56:43,CARD
1,1016,860,389.70,2025-10-08 11:39:12,CARD
1,1017,861,26.95,2025-10-08 13:28:12,CASH
4,730,619,-58.00,2025-10-09 09:17:40,CARD
2,876,717,149.70,2025-10-08 16:24:05,CASH
4,731,534,-44.50,2025-10-09 11:01:00,CARD
1,1018,862,59.85,2025-10-09 08:14:04,CASH
2,877,718,299.80,2025-10-09 12:44:23,CARD
4,732,621,445.00,2025-10-10 07:13:38,CASH
4,733,622,174.00,2025-10-10 07:25:58,CARD
1,1019,863,99.75,2025-10-09 17:54:24,CARD
2,878,706,-149.90,2025-10-09 14:56:13,CARD
1,1020,864,26.95,2025-10-09 18:57:09,CARD
2,879,719,299.80,2025-10-09 20:45:16,CARD
4,734,574,-445.00,2025-10-10 18:42:56,CARD
3,893,740,-260.00,2025-10-10 11:10:25,CARD
3,894,741,24.00,2025-10-10 12:51:33,CARD
1,1021,865,53.90,2025-10-10 08:08:01,CARD
5,99,84,1.00,2025-10-10 08:19:25,CARD
3,895,742,120.00,2025-10-10 14:40:14,CARD
2,880,720,35.90,2025-10-10 08:25:24,CASH
1,1022,866,389.70,2025-10-10 18:27:58,CASH
3,896,743,455.00,2025-10-11 14:27:52,CASH
2,881,721,49.90,2025-10-11 07:02:17,CARD
2,882,721,49.90,2025-10-11 07:02:47,CARD
2,883,722,374.75,2025-10-11 07:06:13,CASH
3,897,744,455.00,2025-10-11 15:56:21,CARD
1,1023,867,389.70,2025-10-11 11:51:31,CARD
1,1024,844,-129.90,2025-10-11 12:55:54,CARD
2,884,723,149.70,2025-10-11 12:04:44,CARD
1,1025,868,324.75,2025-10-11 17:20:07,CASH
2,885,724,37.43,2025-10-11 18:15:13,CARD
2,886,724,37.42,2025-10-11 18:15:43,CARD
4,735,623,87.00,2025-10-12 12:25:22,CARD
4,736,624,445.00,2025-10-12 13:18:27,CARD
1,1026,869,107.80,2025-10-11 22:29:06,CARD
1,1027,870,194.85,2025-10-11 22:48:42,CARD
2,887,725,35.90,2025-10-11 21:01:10,CARD
2,888,726,89.75,2025-10-11 23:38:10,CARD
3,898,745,96.00,2025-10-12 13:03:11,CARD
3,899,730,-162.50,2025-10-12 13:46:58,CARD
2,889,727,49.90,2025-10-12 09:31:40,CARD
2,890,727,49.90,2025-10-12 09:32:10,CARD
1,1028,871,19.95,2025-10-12 16:18:33,CASH
1,1029,872,389.70,2025-10-12 22:36:36,CARD
3,900,746,144.00,2025-10-13 08:52:00,CARD
1,1030,873,107.80,2025-10-13 11:28:04,CARD
1,1031,874,64.95,2025-10-13 15:50:44,CARD
4,737,625,534.00,2025-10-14 09:49:22,CARD
1,1032,875,259.80,2025-10-13 21:37:43,CARD
1,1033,876,161.70,2025-10-13 23:09:45,CASH
4,738,626,534.00,2025-10-14 15:17:37,CARD
4,738,626,534.00,2025-10-14 15:17:37,CARD
3,901,747,192.00,2025-10-14 07:25:03,CARD
2,891,728,17.95,2025-10-13 23:32:30,CARD
3,902,748,54.00,2025-10-14 09:56:49,CARD
3,903,749,65.00,2025-10-14 13:12:47,CARD
2,892,729,49.90,2025-10-14 08:16:16,CARD
2,893,729,49.90,2025-10-14 08:16:46,VOUCHER
1,1034,877,161.70,2025-10-14 19:57:58,CARD
1,1035,682,-67.38,2025-10-14 21:24:35,CARD
1,1036,878,53.90,2025-10-14 22:37:00,CARD
4,739,627,534.00,2025-10-15 13:47:15,CARD
4,740,628,58.00,2025-10-15 16:03:23,CARD
3,904,750,520.00,2025-10-15 11:34:49,CARD
1,1037,879,59.85,2025-10-15 07:45:08,CARD
1,1038,880,161.70,2025-10-15 08:07:13,CARD
1,1039,881,79.80,2025-10-15 10:26:29,CASH
2,894,730,124.75,2025-10-15 10:18:52,CARD
2,895,731,53.85,2025-10-15 10:41:18,CARD
2,896,732,107.70,2025-10-15 11:22:17,CARD
2,897,733,71.80,2025-10-15 13:00:45,CARD
2,898,734,299.80,2025-10-15 14:47:37,CASH
4,741,629,445.00,2025-10-16 12:23:31,CASH
3,905,751,96.00,2025-10-16 10:36:33,CARD
1,1040,882,39.90,2025-10-16 09:13:31,CARD
3,906,752,126.00,2025-10-16 15:13:49,CARD
1,1041,883,53.90,2025-10-16 10:22:49,CARD
2,899,735,149.90,2025-10-16 08:05:50,CARD
1,1042,884,13.48,2025-10-16 11:54:41,CARD
1,1043,884,13.47,2025-10-16 11:55:11,CARD
5,100,85,2.00,2025-10-16 12:56:00,CASH
4,742,630,39.00,2025-10-17 13:23:16,CARD
4,743,631,117.00,2025-10-17 16:40:02,CASH
3,907,753,48.00,2025-10-17 10:05:40,CASH
3,908,754,260.00,2025-10-17 10:10:29,CARD
4,744,632,267.00,2025-10-17 21:57:04,CASH
2,900,736,17.95,2025-10-17 07:42:26,CARD
3,909,755,195.00,2025-10-17 16:34:33,CARD
2,901,737,53.85,2025-10-17 08:38:54,CARD
1,1044,885,80.85,2025-10-17 12:48:47,CARD
2,902,738,224.85,2025-10-17 14:29:50,CARD
1,1045,886,39.90,2025-10-17 20:35:25,CARD
3,910,756,96.00,2025-10-18 10:11:39,CARD
2,903,734,-299.80,2025-10-18 02:13:41,CASH
1,1046,887,194.85,2025-10-18 08:20:33,CARD
1,1047,888,134.75,2025-10-18 09:27:21,CARD
1,1048,889,26.95,2025-10-18 13:05:00,CASH
2,904,739,124.75,2025-10-18 12:39:34,CARD
4,745,633,29.00,2025-10-19 07:04:35,CARD
3,911,757,168.00,2025-10-18 22:19:06,CARD
1,1049,890,19.95,2025-10-18 17:36:15,CARD
4,746,634,78.00,2025-10-19 09:45:09,CARD
4,747,634,78.00,2025-10-19 09:45:39,VOUCHER
4,748,635,145.00,2025-10-19 12:41:25,CASH
3,912,758,54.00,2025-10-19 12:45:41,CARD
2,905,740,99.80,2025-10-19 07:04:31,CARD
2,906,741,149.70,2025-10-19 08:05:52,CARD
1,1050,891,259.80,2025-10-19 11:07:52,CASH
3,913,759,108.00,2025-10-19 16:23:13,CASH
1,1051,892,39.90,2025-10-19 14:33:22,CASH
1,1052,893,39.90,2025-10-19 16:48:59,CARD
2,907,742,17.95,2025-10-19 14:09:35,CASH
3,914,760,108.00,2025-10-19 23:04:24,CARD
1,1053,894,59.85,2025-10-19 19:09:35,CARD
4,749,636,534.00,2025-10-20 10:35:41,CARD
2,908,743,74.95,2025-10-19 17:58:55,CARD
4,750,637,174.00,2025-10-20 20:37:37,CARD
1,1054,895,79.80,2025-10-20 11:30:25,CARD
1,1055,896,129.90,2025-10-20 17:15:33,CARD
2,909,744,17.95,2025-10-20 20:15:05,CARD
4,751,638,445.00,2025-10-21 15:26:49,CARD
4,752,639,174.00,2025-10-21 15:36:51,CASH
1,1056,846,-81.19,2025-10-21 04:00:00,CASH
1,1057,897,64.95,2025-10-21 07:10:26,CASH
3,915,761,108.00,2025-10-21 13:15:35,CARD
4,753,640,89.00,2025-10-21 23:29:19,CASH
3,916,762,36.00,2025-10-21 13:43:07,CARD
3,917,762,36.00,2025-10-21 13:43:37,CARD
1,1058,898,134.75,2025-10-21 09:52:37,CARD
3,918,763,72.00,2025-10-21 16:14:07,CARD
1,1059,899,99.75,2025-10-21 12:04:27,CARD
3,919,763,-72.00,2025-10-21 17:41:05,CARD
2,910,744,-17.95,2025-10-21 12:45:03,CARD
2,911,745,8.98,2025-10-21 16:17:57,CARD
2,912,745,8.97,2025-10-21 16:18:27,CARD
2,913,746,35.90,2025-10-21 18:51:07,CARD
4,754,641,39.00,2025-10-22 14:09:22,CARD
2,914,747,299.80,2025-10-21 23:40:23,CARD
3,920,764,72.00,2025-10-22 07:59:41,CASH
1,1060,890,-19.95,2025-10-22 03:59:20,CARD
4,755,642,234.00,2025-10-22 19:57:42,CASH
2,915,748,49.90,2025-10-22 08:13:19,CARD
2,916,749,299.80,2025-10-22 09:14:53,CARD
2,917,697,-99.80,2025-10-22 10:17:25,CARD
5,101,86,0.50,2025-10-22 15:02:13,CARD
5,102,86,0.50,2025-10-22 15:02:43,CARD
1,1061,900,26.95,2025-10-22 15:26:57,CARD
3,921,765,96.00,2025-10-22 22:46:49,CARD
4,756,643,117.00,2025-10-23 10:39:03,CARD
4,757,644,89.00,2025-10-23 13:29:01,CARD
4,758,645,178.00,2025-10-23 15:04:41,CARD
2,918,750,374.75,2025-10-23 14:06:12,CARD
2,919,748,-49.90,2025-10-23 16:58:14,CARD
4,759,646,58.00,2025-10-24 11:46:07,CARD
4,760,647,156.00,2025-10-24 12:31:00,CARD
3,922,766,168.00,2025-10-24 07:34:59,CARD
4,761,648,43.50,2025-10-24 20:28:56,CARD
4,762,648,43.50,2025-10-24 20:29:26,VOUCHER
3,923,765,-96.00,2025-10-24 11:04:00,CARD
1,1062,896,-129.90,2025-10-24 11:55:17,CARD
2,920,751,71.80,2025-10-24 09:40:19,CARD
3,924,767,195.00,2025-10-24 19:06:52,CARD
1,1063,901,59.85,2025-10-24 14:15:56,CARD
4,763,629,-222.50,2025-10-25 05:30:00,CASH
4,764,626,-267.00,2025-10-25 06:32:38,CARD
2,921,752,89.75,2025-10-24 13:04:58,CASH
4,765,649,87.00,2025-10-25 10:30:58,CARD
1,1064,902,161.70,2025-10-24 20:17:22,CASH
2,922,753,449.70,2025-10-24 17:51:59,CARD
3,925,768,520.00,2025-10-25 07:55:12,CARD
3,926,769,36.00,2025-10-25 09:14:54,CASH
1,1065,903,64.95,2025-10-25 09:03:51,CARD
1,1066,904,259.80,2025-10-25 10:21:04,CARD
3,927,770,97.50,2025-10-25 21:57:56,CARD
3,928,770,97.50,2025-10-25 21:58:26,VOUCHER
2,923,754,449.70,2025-10-25 16:50:14,CASH
2,924,755,99.80,2025-10-25 17:17:45,CASH
3,929,771,260.00,2025-10-26 08:50:10,CARD
3,930,772,144.00,2025-10-26 10:34:26,CARD
1,1067,905,39.90,2025-10-26 07:45:12,CARD
3,931,773,18.00,2025-10-26 14:12:22,CARD
3,932,773,18.00,2025-10-26 14:12:52,CARD
2,925,756,107.70,2025-10-26 10:24:31,CASH
1,1068,828,-389.70,2025-10-26 15:02:58,CARD
1,1069,906,59.85,2025-10-26 15:47:35,CARD
4,766,650,445.00,2025-10-27 11:10:25,CARD
1,1070,907,64.95,2025-10-26 20:39:10,CARD
1,1071,908,99.75,2025-10-26 23:11:18,CARD
3,933,774,144.00,2025-10-27 10:00:22,CARD
1,1072,909,80.85,2025-10-27 07:16:02,CARD
1,1073,909,80.85,2025-10-27 07:16:32,VOUCHER
1,1074,910,80.85,2025-10-27 09:04:05,CASH
2,926,757,149.70,2025-10-27 07:42:04,CARD
2,927,758,124.75,2025-10-27 08:27:00,CASH
2,928,759,74.85,2025-10-27 08:48:54,CASH
1,1075,911,259.80,2025-10-27 13:03:05,CASH
2,929,760,35.90,2025-10-27 13:59:50,CARD
2,930,761,17.95,2025-10-27 14:40:12,CARD
2,931,762,12.48,2025-10-27 17:05:49,CARD
2,932,762,12.47,2025-10-27 17:06:19,VOUCHER
4,767,651,97.50,2025-10-28 12:50:09,CARD
4,768,651,97.50,2025-10-28 12:50:39,CARD
3,934,775,144.00,2025-10-28 10:11:53,CARD
3,935,776,72.00,2025-10-28 11:09:35,CARD
4,769,652,445.00,2025-10-28 22:36:33,CARD
1,1076,912,49.88,2025-10-28 07:46:29,CARD
1,1077,912,49.87,2025-10-28 07:46:59,CARD
1,1078,913,19.95,2025-10-28 10:43:56,CASH
2,933,763,224.85,2025-10-28 10:00:52,CASH
1,1079,914,64.95,2025-10-28 13:09:32,CARD
4,770,653,445.00,2025-10-29 11:00:09,CASH
1,1080,852,-80.85,2025-10-28 20:26:34,CARD
1,1081,915,161.70,2025-10-28 20:56:32,CASH
1,1082,916,194.85,2025-10-28 22:22:39,CARD
1,1083,916,194.85,2025-10-28 22:23:09,CARD
2,934,764,149.90,2025-10-28 20:45:45,CARD
3,936,777,144.00,2025-10-29 07:47:50,CARD
1,1084,917,161.70,2025-10-29 07:17:26,CASH
1,1085,918,161.70,2025-10-29 08:57:44,CARD
2,935,765,53.85,2025-10-29 11:18:00,CARD
2,936,766,74.95,2025-10-29 11:42:29,CARD
3,937,778,260.00,2025-10-29 19:58:15,CARD
2,937,767,99.80,2025-10-29 14:27:43,CASH
4,771,654,29.00,2025-10-30 08:50:21,CARD
1,1086,919,161.70,2025-10-29 17:50:58,CARD
1,1087,920,64.95,2025-10-29 17:52:38,CARD
1,1088,921,259.80,2025-10-29 18:50:49,CARD
4,772,655,222.50,2025-10-30 10:55:11,CARD
4,773,655,222.50,2025-10-30 10:55:41,VOUCHER
4,774,656,534.00,2025-10-30 12:20:11,CARD
1,1089,922,32.48,2025-10-29 22:58:34,CARD
1,1090,922,32.47,2025-10-29 22:59:04,CARD
1,1091,923,59.85,2025-10-29 23:56:01,CARD
2,938,759,-74.85,2025-10-29 23:11:53,CASH
4,775,657,29.00,2025-10-30 19:22:52,CARD
4,776,658,174.00,2025-10-30 19:29:47,CARD
3,938,779,65.00,2025-10-30 08:48:01,CARD
3,939,780,168.00,2025-10-30 14:12:46,CARD
2,939,768,89.75,2025-10-30 08:08:34,CARD
2,940,769,99.80,2025-10-30 12:37:04,CARD
2,941,770,71.80,2025-10-30 13:52:27,CARD
4,777,659,58.00,2025-10-31 13:23:33,CASH
4,778,660,117.00,2025-10-31 14:54:08,CARD
4,779,661,445.00,2025-10-31 16:13:05,CARD
4,780,662,195.00,2025-10-31 16:40:39,CARD
3,940,781,108.00,2025-10-31 08:59:23,CASH
1,1092,924,79.80,2025-10-31 07:32:51,CARD
3,941,782,36.00,2025-10-31 15:45:27,CARD
3,942,778,-260.00,2025-10-31 20:06:47,CARD
3,943,783,195.00,2025-10-31 20:40:46,CASH
2,942,771,89.75,2025-10-31 14:47:45,CARD
2,943,772,149.90,2025-10-31 15:05:51,CARD
2,944,773,24.95,2025-10-31 17:07:41,CARD
2,945,774,449.70,2025-10-31 20:20:25,CARD
3,944,784,65.00,2025-11-01 07:18:17,CARD
3,945,785,455.00,2025-11-01 11:20:25,CASH
5,103,87,2.00,2025-11-01 11:59:51,CASH
3,946,786,120.00,2025-11-01 16:08:58,CARD
1,1093,925,53.90,2025-11-01 13:18:00,CARD
2,946,775,299.80,2025-11-01 17:05:27,CASH
2,947,776,37.48,2025-11-01 17:58:01,CARD
2,948,776,37.47,2025-11-01 17:58:31,CARD
2,949,777,37.43,2025-11-01 18:25:06,CARD
2,950,777,37.42,2025-11-01 18:25:36,VOUCHER
2,951,778,74.85,2025-11-01 20:57:29,CASH
3,947,783,-195.00,2025-11-02 04:02:36,CASH
3,948,787,126.00,2025-11-02 07:36:10,CARD
3,949,788,36.00,2025-11-02 09:47:31,CARD
3,950,789,120.00,2025-11-02 10:58:36,CARD
1,1094,926,134.75,2025-11-02 07:31:45,CARD
3,951,790,36.00,2025-11-02 15:05:29,CARD
1,1095,927,162.38,2025-11-02 10:56:10,CARD
1,1096,927,162.37,2025-11-02 10:56:40,VOUCHER
3,952,791,126.00,2025-11-02 18:08:57,CARD
2,952,779,299.80,2025-11-02 19:01:35,CARD
1,1097,928,324.75,2025-11-02 23:27:14,CARD
3,953,792,195.00,2025-11-03 07:34:46,CARD
3,954,793,48.00,2025-11-03 10:41:02,CARD
4,781,663,156.00,2025-11-03 22:17:49,CASH
1,1098,929,26.95,2025-11-03 08:59:39,CARD
2,953,780,449.70,2025-11-03 10:47:11,CASH
3,955,794,192.00,2025-11-03 18:59:07,CARD
3,956,795,108.00,2025-11-03 19:18:41,CASH
1,1099,930,134.75,2025-11-03 19:44:41,CASH
1,1100,931,107.80,2025-11-03 19:46:36,CARD
1,1101,889,-6.74,2025-11-03 21:30:00,CASH
3,957,796,108.00,2025-11-04 07:50:28,CARD
3,958,797,520.00,2025-11-04 15:56:43,CARD
4,782,664,89.00,2025-11-05 08:46:57,CARD
2,954,781,35.90,2025-11-04 15:19:52,CARD
2,955,782,107.70,2025-11-04 16:05:00,CARD
1,1102,822,-99.75,2025-11-04 19:09:05,CASH
1,1103,932,53.90,2025-11-04 20:06:00,CASH
1,1104,933,119.70,2025-11-04 20:28:16,CARD
1,1105,934,389.70,2025-11-04 21:30:18,CASH
2,956,783,107.70,2025-11-04 19:31:27,CASH
1,1106,935,161.70,2025-11-04 22:09:52,CASH
1,1107,936,134.75,2025-11-04 22:42:29,CARD
4,783,665,117.00,2025-11-05 18:02:16,CARD
3,959,798,60.00,2025-11-05 08:05:22,CARD
3,960,798,60.00,2025-11-05 08:05:52,VOUCHER
3,960,798,60.00,2025-11-05 08:05:52,VOUCHER
4,784,648,-87.00,2025-11-06 00:31:57,CARD
2,957,784,49.90,2025-11-05 07:01:16,CARD
3,961,799,48.00,2025-11-05 15:06:48,CARD
1,1108,937,194.85,2025-11-05 12:52:48,CARD
1,1109,937,194.85,2025-11-05 12:53:18,VOUCHER
2,958,785,99.80,2025-11-05 12:13:21,CARD
3,962,800,455.00,2025-11-05 19:36:58,CARD
2,959,786,124.75,2025-11-05 13:12:30,CARD
4,785,666,267.00,2025-11-06 10:30:23,CARD
4,786,667,234.00,2025-11-06 10:56:37,CARD
2,960,643,-37.48,2025-11-05 21:37:06,CASH
3,963,801,96.00,2025-11-06 08:55:57,CARD
3,964,802,325.00,2025-11-06 11:22:06,CARD
3,964,802,325.00,2025-11-06 11:22:06,CARD
5,104,77,-1.00,2025-11-06 08:45:00,CARD
2,961,787,26.93,2025-11-06 08:34:21,CARD
2,962,787,26.92,2025-11-06 08:34:51,VOUCHER
3,965,803,390.00,2025-11-06 15:51:53,CARD
1,1110,938,324.75,2025-11-06 13:59:09,CARD
1,1111,917,-161.70,2025-11-06 14:51:45,CASH
1,1112,939,194.85,2025-11-06 15:13:52,CARD
1,1113,940,39.90,2025-11-06 15:53:34,CARD
3,966,804,192.00,2025-11-06 21:33:08,CARD
4,787,668,356.00,2025-11-07 10:16:26,CASH
3,967,805,520.00,2025-11-07 07:57:30,CARD
3,968,806,54.00,2025-11-07 09:48:17,CARD
1,1114,941,19.95,2025-11-07 07:44:59,CARD
2,963,788,71.80,2025-11-07 08:33:12,CASH
5,105,88,1.00,2025-11-07 11:26:14,CARD
2,964,789,71.80,2025-11-07 09:28:45,CASH
2,965,790,71.80,2025-11-07 10:05:23,CASH
3,969,787,-126.00,2025-11-07 19:49:53,CARD
4,788,669,534.00,2025-11-08 09:34:47,CASH
3,970,798,-120.00,2025-11-08 02:39:23,CARD
4,789,670,78.00,2025-11-08 15:31:31,CARD
4,790,671,29.00,2025-11-08 17:37:37,CARD
3,971,807,144.00,2025-11-08 12:39:08,CARD
1,1115,942,119.70,2025-11-08 08:21:41,CARD
3,972,808,60.00,2025-11-08 14:43:46,CARD
3,973,808,60.00,2025-11-08 14:44:16,CARD
2,966,791,124.75,2025-11-08 09:17:59,CARD
1,1116,943,324.75,2025-11-08 11:39:51,CARD
2,967,792,99.80,2025-11-08 09:53:14,CARD
3,974,809,130.00,2025-11-08 18:03:13,CARD
3,975,809,130.00,2025-11-08 18:03:43,VOUCHER
1,1117,944,324.75,2025-11-08 15:06:23,CARD
4,791,672,117.00,2025-11-09 09:50:06,CARD
2,968,793,24.95,2025-11-08 17:05:38,CARD
2,969,793,24.95,2025-11-08 17:06:08,CARD
4,792,673,267.00,2025-11-09 12:51:16,CARD
4,793,674,178.00,2025-11-09 15:06:57,CARD
4,794,675,195.00,2025-11-09 21:42:47,CASH
3,976,810,168.00,2025-11-09 13:35:09,CARD
1,1118,945,26.95,2025-11-09 09:20:26,CARD
1,1119,946,26.95,2025-11-09 11:26:16,CARD
1,1120,947,194.85,2025-11-09 13:39:03,CARD
5,106,89,1.00,2025-11-09 18:01:31,CASH
2,970,794,49.90,2025-11-09 16:19:58,CARD
4,795,676,39.00,2025-11-10 10:25:55,CARD
2,971,795,17.95,2025-11-09 18:14:43,CARD
3,977,715,-120.00,2025-11-10 02:49:38,CARD
4,796,677,39.00,2025-11-10 19:27:40,CARD
4,797,678,39.00,2025-11-10 20:52:42,CARD
1,1121,948,99.75,2025-11-10 08:46:47,CARD
1,1122,949,161.70,2025-11-10 13:17:11,CARD
2,972,786,-124.75,2025-11-10 11:55:55,CARD
1,1123,950,80.85,2025-11-10 15:03:38,CARD
2,973,796,299.80,2025-11-10 13:22:11,CARD
2,974,797,449.70,2025-11-10 15:36:07,CARD
3,978,811,192.00,2025-11-10 23:03:50,CARD
1,1124,951,107.80,2025-11-10 18:09:04,CASH
1,1125,952,59.85,2025-11-10 21:31:11,CARD
3,979,812,260.00,2025-11-11 09:51:35,CARD
4,798,679,356.00,2025-11-11 23:59:41,CARD
3,980,813,260.00,2025-11-11 14:51:06,CARD
3,981,813,260.00,2025-11-11 14:51:36,CARD
2,975,798,124.75,2025-11-11 09:39:59,CARD
3,982,814,144.00,2025-11-11 17:43:30,CARD
1,1126,953,26.95,2025-11-11 15:08:49,CARD
2,976,799,99.80,2025-11-11 13:09:23,CASH
3,983,815,72.00,2025-11-11 22:23:50,CARD
3,984,816,18.00,2025-11-11 23:28:31,CARD
4,799,677,-39.00,2025-11-12 20:25:18,CARD
4,800,680,234.00,2025-11-12 21:21:07,CARD
3,985,817,455.00,2025-11-12 10:57:21,CARD
3,986,818,126.00,2025-11-12 11:21:52,CARD
3,987,819,36.00,2025-11-12 12:21:56,CARD
1,1127,954,389.70,2025-11-12 10:57:43,CARD
4,801,681,58.00,2025-11-13 08:14:08,CARD
1,1128,955,19.95,2025-11-12 16:29:26,CARD
4,802,682,174.00,2025-11-13 09:07:03,CARD
4,803,640,-44.50,2025-11-14 00:15:00,CASH
3,988,820,72.00,2025-11-13 13:47:39,CARD
2,977,800,17.95,2025-11-13 07:27:45,CARD
2,978,800,17.95,2025-11-13 07:28:15,VOUCHER
1,1129,956,134.75,2025-11-13 10:10:35,CASH
2,979,801,74.95,2025-11-13 10:04:19,CARD
2,980,802,299.80,2025-11-13 11:00:57,CASH
1,1130,957,53.90,2025-11-13 15:23:37,CARD
3,989,821,325.00,2025-11-13 21:04:51,CARD
4,804,683,156.00,2025-11-14 08:17:57,CASH
1,1131,958,80.85,2025-11-13 16:39:44,CARD
1,1132,958,80.85,2025-11-13 16:40:14,CARD
3,990,822,168.00,2025-11-13 21:43:44,CARD
2,981,803,449.70,2025-11-13 16:00:38,CARD
3,991,802,-162.50,2025-11-14 00:52:46,CARD
5,107,90,1.00,2025-11-13 22:04:04,CARD
2,982,804,49.90,2025-11-13 21:01:09,CASH
3,992,823,72.00,2025-11-14 12:39:45,CARD
2,983,805,224.85,2025-11-14 07:18:27,CARD
2,984,806,449.70,2025-11-14 07:47:19,CARD
1,1133,959,59.85,2025-11-14 11:48:22,CASH
1,1134,960,119.70,2025-11-14 13:06:12,CARD
3,993,824,72.00,2025-11-14 19:20:57,CARD
1,1135,961,53.90,2025-11-14 14:51:56,CASH
3,994,825,192.00,2025-11-14 23:04:48,CARD
4,805,684,534.00,2025-11-15 13:31:10,CARD
2,985,807,449.70,2025-11-14 20:41:17,CARD
3,995,826,126.00,2025-11-15 09:21:22,CASH
1,1136,960,-59.85,2025-11-15 05:00:00,CARD
4,806,681,-58.00,2025-11-15 21:57:15,CARD
4,807,685,178.00,2025-11-15 22:35:30,CARD
3,996,827,120.00,2025-11-15 11:45:26,CARD
1,1137,962,134.75,2025-11-15 07:36:46,CARD
3,997,828,72.00,2025-11-15 14:16:29,CARD
1,1138,963,80.85,2025-11-15 11:25:37,CARD
1,1139,964,80.85,2025-11-15 12:41:02,CARD
2,986,808,374.75,2025-11-15 11:47:24,CASH
2,987,809,74.85,2025-11-15 11:55:32,CASH
1,1140,965,129.90,2025-11-15 14:34:33,CARD
1,1141,966,324.75,2025-11-15 16:06:23,CARD
2,988,810,374.75,2025-11-15 15:08:07,CARD
4,808,686,234.00,2025-11-16 12:52:30,CARD
1,1142,967,107.80,2025-11-15 23:48:01,CARD
3,998,829,45.00,2025-11-16 09:45:41,CARD
3,999,829,45.00,2025-11-16 09:46:11,VOUCHER
3,1000,830,192.00,2025-11-16 11:42:46,CASH
3,1001,831,192.00,2025-11-16 12:43:53,CARD
3,1002,832,72.00,2025-11-16 12:50:31,CARD
2,989,811,74.85,2025-11-16 08:15:38,CASH
1,1143,968,119.70,2025-11-16 15:27:12,CARD
2,990,753,-449.70,2025-11-16 18:24:55,CARD
4,809,687,534.00,2025-11-17 21:08:01,CARD
1,1144,969,259.80,2025-11-17 07:32:24,CASH
3,1003,790,-36.00,2025-11-17 14:32:04,CARD
3,1004,833,168.00,2025-11-17 15:02:00,CARD
1,1145,970,259.80,2025-11-17 14:37:00,CARD
4,810,688,534.00,2025-11-18 18:08:40,CARD
3,1005,834,126.00,2025-11-18 10:04:08,CARD
1,1146,971,80.85,2025-11-18 07:50:36,CASH
2,991,812,124.75,2025-11-18 08:56:21,CASH
1,1147,972,39.90,2025-11-18 12:29:53,CASH
3,1006,800,-455.00,2025-11-18 17:39:12,CARD
2,992,813,24.95,2025-11-18 12:30:29,CARD
4,811,689,267.00,2025-11-19 08:00:32,CASH
2,993,814,35.90,2025-11-18 15:32:17,CARD
3,1007,835,195.00,2025-11-19 07:44:39,CASH
4,812,690,267.00,2025-11-19 22:32:41,CARD
1,1148,973,19.95,2025-11-19 07:11:00,CARD
2,994,815,224.85,2025-11-19 10:18:45,CARD
1,1149,974,39.90,2025-11-19 12:36:24,CARD
5,108,91,2.00,2025-11-19 14:55:58,CASH
2,995,816,53.85,2025-11-19 12:56:24,CARD
2,996,682,-49.90,2025-11-19 13:08:42,CARD
2,997,817,89.75,2025-11-19 15:00:44,CASH
4,813,691,195.00,2025-11-20 10:08:09,CARD
1,1150,962,-134.75,2025-11-19 19:17:36,CARD
1,1151,975,324.75,2025-11-19 20:58:21,CARD
2,998,818,149.70,2025-11-19 19:22:00,CARD
5,109,92,2.00,2025-11-19 23:54:59,CASH
4,814,692,267.00,2025-11-20 17:00:56,CARD
3,1008,836,192.00,2025-11-20 07:53:52,CARD
3,1009,837,192.00,2025-11-20 07:54:28,CARD
3,1010,838,130.00,2025-11-20 08:39:14,CARD
4,815,693,174.00,2025-11-20 21:26:26,CARD
1,1152,931,-26.95,2025-11-20 05:30:00,CARD
1,1153,976,53.90,2025-11-20 09:36:34,CASH
1,1154,977,389.70,2025-11-20 12:38:51,CARD
1,1155,978,26.95,2025-11-20 16:09:22,CASH
4,816,694,39.00,2025-11-21 13:41:26,CASH
4,817,695,44.50,2025-11-21 14:10:35,CARD
4,818,695,44.50,2025-11-21 14:11:05,CARD
4,819,696,445.00,2025-11-21 14:12:47,CARD
4,820,697,267.00,2025-11-21 19:10:23,CARD
4,821,697,267.00,2025-11-21 19:10:53,CARD
3,1011,839,260.00,2025-11-21 09:49:52,CASH
2,999,790,-35.90,2025-11-21 06:11:54,CASH
3,1012,840,18.00,2025-11-21 15:47:16,CASH
1,1156,979,99.75,2025-11-21 13:06:29,CARD
2,1000,819,89.75,2025-11-21 11:22:22,CASH
1,1157,971,-80.85,2025-11-21 13:28:34,CASH
3,1013,841,108.00,2025-11-21 21:53:18,CARD
4,822,698,445.00,2025-11-22 13:14:40,CARD
2,1001,796,-299.80,2025-11-21 21:13:14,CARD
1,1158,980,389.70,2025-11-21 23:24:45,CASH
2,1002,820,74.85,2025-11-21 21:47:40,CARD
3,1014,842,65.00,2025-11-22 08:09:41,CARD
4,823,699,117.00,2025-11-22 21:34:58,CARD
1,1159,981,324.75,2025-11-22 07:07:55,CASH
1,1160,977,-194.85,2025-11-22 10:40:53,CARD
1,1161,982,99.75,2025-11-22 11:14:48,CARD
3,1015,843,108.00,2025-11-22 16:51:01,CARD
3,1016,844,520.00,2025-11-22 17:51:59,CARD
3,1017,845,36.00,2025-11-23 07:43:54,CARD
3,1018,846,130.00,2025-11-23 11:36:00,CARD
1,1162,983,134.75,2025-11-23 08:54:58,CARD
1,1163,984,59.85,2025-11-23 12:11:02,CARD
3,1019,847,325.00,2025-11-23 17:25:24,CASH
1,1164,985,194.85,2025-11-23 15:17:06,CARD
1,1165,985,194.85,2025-11-23 15:17:36,VOUCHER
1,1166,986,259.80,2025-11-23 15:50:43,CARD
4,824,700,29.00,2025-11-24 08:56:44,CARD
2,1003,821,299.80,2025-11-23 15:14:00,CARD
2,1004,821,-299.80,2025-11-23 18:31:50,CARD
4,825,701,117.00,2025-11-24 13:10:26,CASH
2,1005,822,24.95,2025-11-23 21:34:16,CARD
2,1006,822,24.95,2025-11-23 21:34:46,VOUCHER
3,1020,848,36.00,2025-11-24 09:48:51,CARD
2,1007,823,299.80,2025-11-24 07:01:22,CARD
1,1167,987,259.80,2025-11-24 10:45:50,CASH
1,1168,943,-324.75,2025-11-24 12:34:24,CARD
3,1021,849,108.00,2025-11-24 18:20:06,CARD
1,1169,988,29.93,2025-11-24 19:49:33,CARD
1,1170,988,29.92,2025-11-24 19:50:03,VOUCHER
4,826,702,87.00,2025-11-25 12:12:30,CARD
2,1008,824,149.90,2025-11-24 18:57:29,CARD
3,1022,850,90.00,2025-11-25 08:00:15,CARD
3,1023,851,54.00,2025-11-25 08:48:40,CARD
2,1009,825,49.90,2025-11-25 08:31:42,CASH
2,1010,826,107.70,2025-11-25 09:44:45,CARD
1,1171,989,13.48,2025-11-25 15:56:51,CARD
1,1172,989,13.47,2025-11-25 15:57:21,CARD
3,1024,852,65.00,2025-11-25 23:47:45,CARD
2,1011,827,37.48,2025-11-25 18:01:21,CARD
2,1012,827,37.47,2025-11-25 18:01:51,VOUCHER
2,1013,828,99.80,2025-11-25 21:22:18,CARD
3,1025,853,192.00,2025-11-26 08:21:30,CARD
3,1026,854,24.00,2025-11-26 10:50:33,CARD
4,827,703,116.00,2025-11-26 22:21:44,CARD
4,828,704,78.00,2025-11-26 22:54:51,CARD
4,829,704,78.00,2025-11-26 22:55:21,VOUCHER
4,830,705,44.50,2025-11-26 22:55:27,CARD
4,831,705,44.50,2025-11-26 22:55:57,VOUCHER
1,1173,990,39.90,2025-11-26 07:23:14,CARD
2,1014,829,49.90,2025-11-26 11:01:24,CARD
3,1027,855,260.00,2025-11-26 19:01:30,CARD
1,1174,981,-324.75,2025-11-26 14:13:32,CASH
3,1028,856,144.00,2025-11-26 21:25:13,CASH
3,1029,857,96.00,2025-11-26 22:42:18,CARD
3,1030,858,260.00,2025-11-26 23:56:00,CARD
3,1031,858,260.00,2025-11-26 23:56:30,VOUCHER
1,1175,991,259.80,2025-11-26 20:58:13,CARD
4,832,706,195.00,2025-11-27 13:54:20,CARD
4,833,707,356.00,2025-11-27 15:09:12,CARD
4,834,708,58.00,2025-11-27 23:42:46,CARD
3,1032,859,144.00,2025-11-27 12:44:40,CASH
5,110,93,1.00,2025-11-27 09:14:52,CARD
3,1033,860,65.00,2025-11-27 14:45:02,CARD
1,1176,992,80.85,2025-11-27 12:27:39,CARD
1,1177,993,119.70,2025-11-27 12:35:20,CARD
3,1034,861,120.00,2025-11-27 19:13:07,CARD
3,1035,862,168.00,2025-11-27 19:36:12,CASH
2,1015,830,71.80,2025-11-27 15:07:39,CARD
1,1178,994,99.75,2025-11-27 17:20:26,CARD
4,835,709,29.00,2025-11-28 09:38:02,CASH
2,1016,831,74.85,2025-11-27 17:38:21,CARD
3,1036,858,-520.00,2025-11-28 04:24:40,CARD
3,1037,863,90.00,2025-11-28 07:13:25,CARD
3,1038,864,108.00,2025-11-28 11:44:39,CARD
3,1039,865,48.00,2025-11-28 12:41:21,CARD
3,1040,866,72.00,2025-11-28 14:31:02,CASH
1,1179,995,26.95,2025-11-28 11:13:54,CARD
1,1180,996,39.90,2025-11-28 11:21:25,CARD
3,1041,867,455.00,2025-11-28 18:24:34,CARD
1,1181,997,64.95,2025-11-28 14:26:35,CARD
1,1182,998,99.75,2025-11-28 14:54:33,CARD
1,1183,999,129.90,2025-11-28 16:48:00,CARD
1,1184,999,129.90,2025-11-28 16:48:30,VOUCHER
1,1185,992,-80.85,2025-11-28 17:43:18,CARD
1,1186,1000,26.95,2025-11-28 18:39:19,CARD
2,1017,832,224.85,2025-11-28 18:55:15,CARD
4,836,710,178.00,2025-11-29 16:38:56,CARD
4,837,711,39.00,2025-11-29 18:54:08,CASH
3,1042,868,24.00,2025-11-29 10:08:31,CARD
1,1187,1001,26.95,2025-11-29 09:47:49,CARD
2,1018,833,74.95,2025-11-29 09:50:02,CARD
1,1188,1002,161.70,2025-11-29 12:08:41,CARD
1,1189,1003,259.80,2025-11-29 12:37:17,CARD
3,1043,869,260.00,2025-11-29 17:38:35,CARD
3,1044,870,126.00,2025-11-29 18:01:39,CARD
3,1045,871,63.00,2025-11-29 18:42:16,CARD
3,1046,871,63.00,2025-11-29 18:42:46,VOUCHER
2,1019,834,17.95,2025-11-29 12:45:18,CASH
4,838,712,534.00,2025-11-30 09:54:59,CASH
2,1020,835,71.80,2025-11-29 18:29:08,CARD
1,1190,919,-40.43,2025-11-30 00:30:00,CARD
3,1047,872,90.00,2025-11-30 07:55:54,CARD
3,1048,873,65.00,2025-11-30 16:56:25,CASH
1,1191,1004,59.85,2025-11-30 12:23:28,CARD
3,1049,874,18.00,2025-11-30 19:16:46,CASH
1,1192,1005,119.70,2025-11-30 15:21:34,CARD
1,1193,952,-59.85,2025-11-30 17:25:03,CARD
2,1021,836,99.80,2025-11-30 16:09:19,CARD
4,839,713,89.00,2025-12-01 12:12:38,CASH
3,1050,862,-84.00,2025-12-01 02:10:25,CASH
4,840,714,356.00,2025-12-01 13:38:07,CASH
3,1051,875,108.00,2025-12-01 08:24:59,CARD
3,1052,876,36.00,2025-12-01 08:51:22,CARD
4,841,634,-156.00,2025-12-01 23:47:38,CARD
3,1053,877,325.00,2025-12-01 15:24:57,CARD
1,1194,1006,99.75,2025-12-01 11:56:02,CASH
2,1022,837,124.75,2025-12-01 10:27:10,CARD
3,1054,878,45.00,2025-12-01 18:51:15,CARD
3,1055,878,45.00,2025-12-01 18:51:45,VOUCHER
4,842,715,445.00,2025-12-02 09:41:38,CARD
1,1195,1007,129.90,2025-12-01 22:14:06,CASH
4,843,716,174.00,2025-12-02 16:40:43,CASH
4,844,717,145.00,2025-12-02 22:06:11,CARD
1,1196,1008,161.70,2025-12-02 10:59:47,CARD
1,1197,1009,19.95,2025-12-02 11:11:36,CARD
1,1198,1009,19.95,2025-12-02 11:12:06,CARD
2,1023,838,149.70,2025-12-02 12:03:03,CASH
1,1199,1010,389.70,2025-12-02 19:00:16,CARD
3,1056,879,72.00,2025-12-03 10:42:26,CARD
3,1057,880,18.00,2025-12-03 12:38:05,CASH
1,1200,995,-13.48,2025-12-03 07:41:33,CARD
2,1024,839,53.85,2025-12-03 10:31:17,CASH
3,1058,881,130.00,2025-12-03 18:32:22,CARD
2,1025,840,74.85,2025-12-03 11:51:16,CASH
4,845,718,178.00,2025-12-04 09:22:19,CARD
3,1059,882,72.00,2025-12-03 22:48:24,CARD
3,1060,882,72.00,2025-12-03 22:48:54,VOUCHER
2,1026,841,374.75,2025-12-03 18:13:38,CARD
4,846,719,145.00,2025-12-04 12:30:48,CARD
1,1201,1011,80.85,2025-12-03 21:20:35,CARD
1,1202,1011,80.85,2025-12-03 21:21:05,VOUCHER
4,847,720,356.00,2025-12-04 14:42:38,CASH
4,848,721,117.00,2025-12-04 23:18:04,CARD
3,1061,883,195.00,2025-12-04 16:52:20,CARD
1,1203,1012,324.75,2025-12-04 12:03:59,CARD
1,1204,988,-59.85,2025-12-04 13:50:56,CARD
4,849,722,72.50,2025-12-05 08:49:13,CARD
4,850,722,72.50,2025-12-05 08:49:43,CARD
4,851,693,-174.00,2025-12-05 14:43:59,CARD
3,1062,884,90.00,2025-12-05 09:50:06,CASH
1,1205,1013,64.95,2025-12-05 07:11:54,CASH
1,1206,1014,19.95,2025-12-05 09:01:37,CARD
1,1207,1014,19.95,2025-12-05 09:02:07,CARD
2,1027,842,35.90,2025-12-05 09:54:13,CARD
1,1208,1015,259.80,2025-12-05 12:12:03,CARD
3,1063,885,144.00,2025-12-05 22:05:34,CARD
4,852,723,234.00,2025-12-06 11:43:51,CARD
1,1209,1016,324.75,2025-12-05 20:09:30,CASH
4,853,724,78.00,2025-12-06 14:07:15,CARD
2,1028,843,374.75,2025-12-05 21:19:17,CARD
2,1029,844,149.70,2025-12-05 23:37:42,CARD
1,1210,1017,129.90,2025-12-06 10:21:16,CARD
3,1064,886,192.00,2025-12-06 15:39:12,CARD
3,1065,887,126.00,2025-12-06 15:42:05,CARD
3,1066,888,108.00,2025-12-06 16:14:19,CASH
3,1067,889,97.50,2025-12-06 16:33:34,CARD
3,1068,889,97.50,2025-12-06 16:34:04,VOUCHER
1,1211,1018,389.70,2025-12-06 13:44:21,CASH
1,1212,1019,194.85,2025-12-06 13:44:41,CASH
2,1030,845,49.90,2025-12-06 16:43:39,CARD
2,1031,846,374.75,2025-12-06 17:12:48,CARD
2,1032,847,53.85,2025-12-06 17:25:05,CARD
4,854,725,39.00,2025-12-07 12:47:46,CARD
4,855,725,39.00,2025-12-07 12:48:16,VOUCHER
4,856,726,117.00,2025-12-07 14:59:08,CARD
4,857,692,-66.75,2025-12-07 17:15:00,CARD
3,1069,890,390.00,2025-12-07 08:42:22,CARD
4,858,727,78.00,2025-12-07 22:12:15,CARD
5,111,94,1.00,2025-12-07 08:07:04,CARD
1,1213,1020,107.80,2025-12-07 10:53:40,CARD
1,1214,1021,194.85,2025-12-07 14:41:51,CARD
4,859,728,116.00,2025-12-08 08:13:28,CARD
1,1215,1022,134.75,2025-12-07 20:32:25,CARD
3,1070,891,65.00,2025-12-08 07:47:04,CARD
4,860,729,87.00,2025-12-08 22:27:43,CASH
1,1216,1023,389.70,2025-12-08 08:08:45,CARD
2,1033,848,449.70,2025-12-08 07:18:11,CASH
3,1071,892,24.00,2025-12-08 18:03:01,CARD
3,1072,893,108.00,2025-12-08 22:23:11,CARD
1,1217,1024,80.85,2025-12-08 19:22:51,CARD
1,1218,1025,99.75,2025-12-08 20:56:59,CARD
1,1219,1026,161.70,2025-12-08 21:23:47,CARD
3,1073,894,72.00,2025-12-09 07:56:01,CARD
4,861,730,356.00,2025-12-09 23:31:07,CARD
1,1220,1027,80.85,2025-12-09 07:53:04,CARD
1,1221,1028,53.90,2025-12-09 11:58:17,CARD
1,1222,1028,53.90,2025-12-09 11:58:47,VOUCHER
1,1223,1029,162.38,2025-12-09 13:03:04,CARD
1,1224,1029,162.37,2025-12-09 13:03:34,VOUCHER
2,1034,849,49.90,2025-12-09 11:06:37,CARD
2,1035,850,53.85,2025-12-09 11:18:10,CARD
2,1036,850,53.85,2025-12-09 11:18:40,VOUCHER
1,1225,1030,161.70,2025-12-09 14:02:25,CARD
3,1074,895,325.00,2025-12-09 20:26:51,CASH
4,862,731,117.00,2025-12-10 07:48:33,CARD
2,1037,851,74.85,2025-12-10 07:37:43,CARD
2,1038,852,74.85,2025-12-10 11:02:16,CARD
4,863,732,58.00,2025-12-11 07:10:59,CASH
3,1075,896,520.00,2025-12-10 23:52:58,CARD
5,112,94,-1.00,2025-12-11 02:24:35,CARD
3,1076,897,48.00,2025-12-11 12:08:34,CARD
1,1226,1031,40.43,2025-12-11 13:34:02,CARD
1,1227,1031,40.42,2025-12-11 13:34:32,VOUCHER
1,1228,1032,53.90,2025-12-11 14:26:22,CARD
3,1077,898,144.00,2025-12-11 21:32:56,CARD
4,864,726,-117.00,2025-12-12 11:06:18,CARD
4,865,733,195.00,2025-12-12 14:18:36,CARD
3,1078,899,144.00,2025-12-12 07:18:50,CASH
3,1079,900,260.00,2025-12-12 07:25:52,CARD
3,1080,901,144.00,2025-12-12 09:20:11,CARD
4,866,734,156.00,2025-12-12 21:41:58,CARD
3,1081,902,108.00,2025-12-12 10:59:32,CARD
1,1229,1033,26.95,2025-12-12 12:44:06,CASH
1,1230,1034,389.70,2025-12-12 14:45:18,CASH
1,1231,1035,194.85,2025-12-12 14:56:30,CARD
3,1082,903,54.00,2025-12-12 20:38:28,CARD
4,867,735,267.00,2025-12-13 08:52:36,CARD
3,1083,904,390.00,2025-12-12 21:55:43,CARD
2,1039,853,74.85,2025-12-12 17:25:35,CARD
2,1040,853,74.85,2025-12-12 17:26:05,VOUCHER
1,1232,1036,53.90,2025-12-12 22:12:41,CASH
1,1233,1037,19.95,2025-12-12 23:42:27,CASH
4,868,736,29.00,2025-12-13 16:49:47,CARD
4,869,737,534.00,2025-12-13 17:35:49,CARD
3,1084,905,65.00,2025-12-13 07:35:23,CARD
4,870,738,117.00,2025-12-13 20:53:51,CARD
3,1085,906,520.00,2025-12-13 10:18:11,CARD
4,871,739,89.00,2025-12-13 21:36:27,CASH
1,1234,1038,107.80,2025-12-13 09:14:31,CARD
3,1086,907,90.00,2025-12-13 15:07:00,CARD
2,1041,854,37.43,2025-12-13 11:31:56,CARD
2,1042,854,37.42,2025-12-13 11:32:26,VOUCHER
2,1043,855,49.90,2025-12-13 16:48:57,CASH
4,872,740,356.00,2025-12-14 15:11:15,CARD
2,1044,856,224.85,2025-12-13 22:04:24,CASH
2,1045,857,89.75,2025-12-13 22:36:40,CASH
3,1087,908,18.00,2025-12-14 13:40:44,CARD
2,1046,858,24.95,2025-12-14 08:33:13,CARD
3,1088,909,18.00,2025-12-14 16:10:14,CARD
3,1089,910,144.00,2025-12-14 16:10:24,CARD
1,1235,1039,39.90,2025-12-14 11:37:11,CARD
3,1090,911,130.00,2025-12-14 16:57:07,CARD
1,1236,1040,119.70,2025-12-14 13:56:34,CASH
1,1237,1041,107.80,2025-12-14 15:15:35,CASH
1,1238,1042,59.85,2025-12-14 15:51:41,CASH
2,1047,859,149.90,2025-12-14 20:11:36,CARD
3,1091,912,65.00,2025-12-15 13:06:54,CARD
3,1092,912,65.00,2025-12-15 13:07:24,VOUCHER
3,1093,913,108.00,2025-12-15 14:45:18,CARD
2,1048,860,149.70,2025-12-15 13:40:24,CARD
4,873,741,145.00,2025-12-16 07:45:03,CARD
1,1239,1043,32.48,2025-12-15 16:31:52,CARD
1,1240,1043,32.47,2025-12-15 16:32:22,VOUCHER
4,874,695,-89.00,2025-12-16 09:28:15,CARD
2,1049,861,124.75,2025-12-15 16:06:49,CASH
1,1241,1044,79.80,2025-12-15 18:47:23,CASH
2,1050,807,-449.70,2025-12-16 00:42:42,CARD
3,1094,914,390.00,2025-12-16 14:25:31,CARD
3,1095,915,144.00,2025-12-16 16:47:12,CARD
3,1096,916,72.00,2025-12-16 23:48:19,CARD
1,1242,1045,53.90,2025-12-16 20:43:05,CARD
4,875,742,145.00,2025-12-17 13:26:47,CASH
4,876,743,116.00,2025-12-17 22:36:48,CARD
5,113,95,2.00,2025-12-17 08:14:18,CARD
2,1051,843,-374.75,2025-12-17 06:35:41,CARD
1,1243,1046,161.70,2025-12-17 10:11:47,CARD
1,1244,1047,64.95,2025-12-17 10:39:10,CARD
2,1052,862,124.75,2025-12-17 12:04:44,CARD
4,877,50496,68.00,2025-12-18 10:00:00,CASH
3,1097,917,455.00,2025-12-17 23:59:19,CARD
1,1245,1048,324.75,2025-12-17 20:45:58,CARD
2,1053,863,149.70,2025-12-17 20:43:23,CARD
1,1246,1049,19.95,2025-12-18 07:29:01,CARD
5,114,96,1.00,2025-12-18 09:26:45,CARD
3,1098,918,192.00,2025-12-18 19:51:30,CARD
3,1098,918,192.00,2025-12-18 19:51:30,CARD
1,1247,1050,259.80,2025-12-18 22:53:24,CARD
1,1248,1051,259.80,2025-12-18 23:07:10,CARD
4,878,744,445.00,2025-12-19 15:50:36,CARD
3,1099,919,126.00,2025-12-19 08:21:52,CARD
3,1100,920,96.00,2025-12-19 09:44:49,CARD
4,879,745,174.00,2025-12-19 23:34:24,CARD
5,115,97,2.00,2025-12-19 08:35:47,CARD
1,1249,1052,79.80,2025-12-19 09:31:50,CARD
3,1101,921,192.00,2025-12-19 14:45:35,CARD
2,1054,864,449.70,2025-12-19 09:16:10,CARD
2,1055,862,-124.75,2025-12-19 12:53:52,CARD
4,880,746,39.00,2025-12-20 07:10:54,CARD
3,1102,914,-390.00,2025-12-19 20:20:16,CARD
1,1250,1053,161.70,2025-12-19 17:23:53,CARD
1,1251,1020,-26.95,2025-12-19 23:30:00,CARD
1,1252,1054,99.75,2025-12-20 10:05:49,CARD
1,1253,1055,53.90,2025-12-20 13:39:34,CARD
2,1056,865,24.95,2025-12-20 14:34:44,CARD
4,881,747,174.00,2025-12-21 09:21:33,CARD
4,882,748,145.00,2025-12-21 11:22:03,CARD
2,1057,866,74.85,2025-12-20 17:40:46,CARD
4,883,749,87.00,2025-12-21 12:32:25,CASH
2,1058,867,299.80,2025-12-20 22:44:29,CARD
4,884,750,87.00,2025-12-21 22:08:07,CARD
3,1103,864,-108.00,2025-12-21 12:33:23,CARD
1,1254,1056,59.85,2025-12-21 09:07:53,CARD
1,1255,1057,79.80,2025-12-21 09:15:18,CARD
4,885,751,534.00,2025-12-22 07:16:59,CARD
2,1059,868,8.98,2025-12-21 14:24:22,CARD
2,1060,868,8.97,2025-12-21 14:24:52,VOUCHER
2,1061,869,449.70,2025-12-21 15:03:36,CARD
4,886,752,78.00,2025-12-22 10:21:31,CARD
4,887,753,145.00,2025-12-22 13:04:18,CARD
4,888,754,356.00,2025-12-22 19:57:01,CARD
4,889,755,39.00,2025-12-22 22:35:15,CARD
1,1256,1058,64.95,2025-12-22 15:25:13,CASH
2,1062,870,74.85,2025-12-22 14:24:05,CARD
4,890,756,29.00,2025-12-23 09:00:29,CARD
2,1063,871,149.70,2025-12-22 19:43:07,CASH
4,891,757,97.50,2025-12-23 14:08:57,CARD
4,892,757,97.50,2025-12-23 14:09:27,VOUCHER
2,1064,872,74.95,2025-12-22 23:34:55,CARD
3,1104,922,130.00,2025-12-23 07:30:30,CARD
3,1105,923,72.00,2025-12-23 08:33:59,CARD
1,1257,1059,389.70,2025-12-23 07:43:44,CARD
1,1258,1060,39.90,2025-12-23 08:33:00,CARD
3,1106,924,120.00,2025-12-23 13:41:58,CARD
2,1065,820,-37.43,2025-12-23 07:30:00,CARD
3,1107,925,144.00,2025-12-23 18:23:59,CARD
1,1259,1023,-389.70,2025-12-23 14:19:32,CARD
4,893,758,174.00,2025-12-24 11:04:36,CARD
1,1260,1061,107.80,2025-12-23 21:33:31,CARD
2,1066,873,149.90,2025-12-23 19:59:31,CASH
4,894,759,195.00,2025-12-24 17:32:21,CARD
3,1108,924,-120.00,2025-12-24 10:09:56,CARD
4,895,760,534.00,2025-12-24 21:10:30,CARD
3,1109,926,520.00,2025-12-24 12:43:34,CASH
2,1067,874,53.85,2025-12-24 12:24:30,CARD
3,1110,927,520.00,2025-12-24 19:48:40,CARD
4,896,761,29.00,2025-12-25 07:05:15,CASH
2,1068,875,35.90,2025-12-24 13:22:10,CARD
1,1261,1062,39.90,2025-12-24 17:28:00,CASH
1,1262,1063,119.70,2025-12-24 20:00:23,CARD
4,897,736,-29.00,2025-12-25 14:25:00,CARD
4,898,762,156.00,2025-12-25 15:25:41,CARD
2,1069,876,24.95,2025-12-24 21:47:45,CARD
2,1070,876,24.95,2025-12-24 21:48:15,CARD
3,1111,928,192.00,2025-12-25 14:31:51,CASH
2,1071,877,74.85,2025-12-25 11:00:47,CARD
2,1072,877,74.85,2025-12-25 11:01:17,VOUCHER
4,899,763,89.00,2025-12-26 08:03:12,CARD
4,900,763,89.00,2025-12-26 08:03:42,VOUCHER
4,901,764,58.50,2025-12-26 08:13:30,CARD
4,902,764,58.50,2025-12-26 08:14:00,CARD
2,1073,878,24.95,2025-12-25 20:35:43,CASH
4,903,765,195.00,2025-12-26 15:46:53,CARD
4,904,766,39.00,2025-12-26 17:28:02,CARD
1,1263,990,-39.90,2025-12-26 02:27:34,CARD
1,1264,1064,194.85,2025-12-26 07:07:23,CARD
4,905,767,145.00,2025-12-27 08:04:29,CARD
1,1265,1065,107.80,2025-12-26 17:54:17,CASH
4,906,768,195.00,2025-12-27 10:05:21,CASH
1,1266,1066,53.90,2025-12-26 18:22:26,CARD
4,907,769,534.00,2025-12-27 12:03:31,CASH
1,1267,1067,53.90,2025-12-26 20:59:29,CARD
1,1268,1067,53.90,2025-12-26 20:59:59,CARD
4,908,770,178.00,2025-12-27 13:49:55,CASH
3,1112,929,72.00,2025-12-27 08:22:15,CARD
1,1269,1068,26.95,2025-12-27 11:12:15,CARD
1,1270,1068,26.95,2025-12-27 11:12:45,VOUCHER
2,1074,879,149.70,2025-12-27 11:55:01,CARD
2,1075,880,449.70,2025-12-27 13:48:33,CASH
2,1076,881,12.48,2025-12-27 14:30:48,CARD
2,1077,881,12.47,2025-12-27 14:31:18,VOUCHER
4,909,771,117.00,2025-12-28 08:33:21,CARD
1,1271,1069,19.95,2025-12-27 17:44:10,CASH
4,910,772,58.00,2025-12-28 12:41:13,CASH
2,1078,882,107.70,2025-12-27 22:12:53,CARD
3,1113,930,18.00,2025-12-28 08:17:25,CASH
1,1272,1070,80.85,2025-12-28 09:32:10,CARD
1,1273,1012,-162.38,2025-12-28 11:15:00,CARD
1,1274,1071,107.80,2025-12-28 11:31:17,CARD
1,1275,1072,134.75,2025-12-28 12:05:55,CARD
2,1079,883,149.90,2025-12-28 13:38:38,CARD
4,911,773,89.00,2025-12-29 09:28:58,CARD
4,912,773,89.00,2025-12-29 09:29:28,CARD
2,1080,884,224.85,2025-12-28 15:34:37,CARD
2,1081,884,224.85,2025-12-28 15:35:07,CARD
1,1276,1073,79.80,2025-12-28 20:41:09,CARD
4,913,774,43.50,2025-12-29 15:28:23,CARD
4,914,774,43.50,2025-12-29 15:28:53,VOUCHER
2,1082,859,-149.90,2025-12-28 23:47:28,CARD
4,915,775,78.00,2025-12-29 22:15:11,CARD
3,1114,931,72.00,2025-12-29 12:31:30,CARD
3,1115,932,48.00,2025-12-29 15:06:51,CASH
3,1116,933,195.00,2025-12-29 19:03:14,CARD
4,916,776,445.00,2025-12-30 07:22:57,CARD
5,116,98,1.00,2025-12-29 17:04:39,CARD
4,917,777,58.00,2025-12-30 17:46:46,CARD
4,918,778,156.00,2025-12-30 18:02:03,CASH
1,1277,1071,-53.90,2025-12-30 04:30:00,CARD
3,1117,934,48.00,2025-12-30 10:32:29,CASH
3,1118,935,36.00,2025-12-30 13:39:27,CARD
1,1278,1074,99.75,2025-12-30 10:50:14,CARD
2,1083,885,53.85,2025-12-30 15:15:29,CARD
2,1084,886,49.90,2025-12-30 19:15:57,CARD
4,919,777,-58.00,2025-12-31 16:45:51,CARD
3,1119,933,-195.00,2025-12-31 07:14:53,CARD
4,920,779,145.00,2025-12-31 23:41:00,CARD
1,1279,1075,53.90,2025-12-31 08:00:06,CARD
1,1280,1076,99.75,2025-12-31 08:13:18,CARD
2,1085,887,17.95,2025-12-31 07:31:12,CARD
2,1086,888,374.75,2025-12-31 13:33:28,CARD
4,921,780,87.00,2026-01-01 19:50:35,CASH
1,1281,1077,99.75,2026-01-01 10:11:24,CARD
2,1087,889,107.70,2026-01-01 08:19:17,CARD
2,1088,890,89.75,2026-01-01 11:30:41,CASH
1,1282,1078,99.75,2026-01-01 14:53:49,CARD
1,1283,1079,80.85,2026-01-01 15:29:21,CARD
1,1284,1080,99.75,2026-01-01 15:31:00,CASH
4,922,781,87.00,2026-01-02 08:51:30,CARD
4,923,781,87.00,2026-01-02 08:52:00,VOUCHER
4,924,782,534.00,2026-01-02 09:45:44,CARD
4,925,783,195.00,2026-01-02 10:28:17,CARD
2,1089,891,107.70,2026-01-01 22:56:46,CARD
3,1120,936,108.00,2026-01-02 09:53:28,CARD
1,1285,1081,64.95,2026-01-02 09:32:01,CARD
1,1286,1081,64.95,2026-01-02 09:32:31,VOUCHER
3,1121,937,65.00,2026-01-02 18:32:38,CARD
3,1122,937,65.00,2026-01-02 18:33:08,VOUCHER
2,1090,892,17.95,2026-01-02 13:05:09,CARD
2,1091,892,17.95,2026-01-02 13:05:39,VOUCHER
4,926,784,39.00,2026-01-03 11:51:44,CARD
4,927,784,39.00,2026-01-03 11:52:14,CARD
4,928,785,117.00,2026-01-03 14:00:31,CARD
4,929,786,39.00,2026-01-03 23:48:08,CASH
3,1123,938,36.00,2026-01-03 12:48:47,CARD
3,1124,938,36.00,2026-01-03 12:49:17,CARD
1,1287,1082,59.85,2026-01-03 10:57:04,CARD
1,1288,1083,129.90,2026-01-03 13:42:44,CARD
4,930,787,87.00,2026-01-04 10:07:52,CARD
1,1289,1084,194.85,2026-01-03 19:35:01,CARD
1,1290,1085,53.90,2026-01-03 21:55:22,CARD
3,1125,939,520.00,2026-01-04 10:16:43,CARD
3,1126,940,192.00,2026-01-04 11:37:48,CARD
1,1291,1086,80.85,2026-01-04 08:56:46,CARD
2,1092,893,124.75,2026-01-04 07:42:58,CARD
1,1292,1087,59.85,2026-01-04 11:23:16,CARD
2,1093,894,374.75,2026-01-04 09:34:45,CARD
2,1094,890,-44.88,2026-01-04 09:59:49,CASH
1,1293,1088,26.95,2026-01-04 16:34:12,CARD
4,931,788,117.00,2026-01-05 09:38:32,CARD
1,1294,1089,80.85,2026-01-04 19:57:02,CASH
2,1095,895,71.80,2026-01-04 18:51:20,CARD
1,1295,1090,107.80,2026-01-04 21:52:37,CARD
2,1096,896,49.90,2026-01-04 22:27:28,CARD
3,1127,941,126.00,2026-01-05 08:51:31,CARD
4,932,789,445.00,2026-01-05 20:01:14,CARD
4,933,790,534.00,2026-01-05 23:54:36,CASH
4,934,784,-78.00,2026-01-06 02:18:23,CARD
5,117,99,1.00,2026-01-05 10:36:18,CARD
2,1097,897,99.80,2026-01-05 10:45:10,CARD
1,1296,1091,79.80,2026-01-05 15:08:13,CARD
2,1098,898,149.70,2026-01-05 14:15:43,CARD
3,1128,942,325.00,2026-01-05 23:25:53,CARD
4,935,791,145.00,2026-01-06 12:44:27,CARD
4,936,785,-29.25,2026-01-06 16:00:00,CARD
3,1129,943,96.00,2026-01-06 22:28:25,CARD
4,937,792,178.00,2026-01-07 11:22:02,CASH
2,1099,899,299.80,2026-01-06 23:22:44,CASH
1,1297,1090,-107.80,2026-01-07 07:52:26,CARD
1,1298,1092,259.80,2026-01-07 11:41:59,CARD
3,1130,944,260.00,2026-01-07 19:48:58,CARD
4,938,793,29.00,2026-01-08 07:28:02,CASH
1,1299,1093,99.75,2026-01-07 17:30:48,CARD
4,939,794,178.00,2026-01-08 10:21:13,CARD
4,940,795,29.00,2026-01-08 10:43:00,CASH
1,1300,1067,-107.80,2026-01-07 19:55:47,CARD
2,1100,900,8.98,2026-01-07 18:45:33,CARD
2,1101,900,8.97,2026-01-07 18:46:03,CARD
2,1102,886,-49.90,2026-01-08 19:12:17,CARD
4,941,796,267.00,2026-01-09 13:16:24,CARD
3,1131,945,108.00,2026-01-09 08:36:02,CARD
3,1132,946,120.00,2026-01-09 12:18:13,CASH
1,1301,1094,99.75,2026-01-09 08:28:30,CASH
3,1133,947,48.00,2026-01-09 22:15:12,CARD
3,1134,948,90.00,2026-01-10 11:24:18,CASH
5,118,100,2.00,2026-01-10 07:43:12,CARD
1,1302,1095,53.90,2026-01-10 07:56:57,CARD
1,1303,1096,39.90,2026-01-10 08:19:20,CARD
1,1304,1097,64.95,2026-01-10 12:00:44,CARD
4,942,797,58.00,2026-01-11 09:48:50,CARD
4,943,798,195.00,2026-01-11 11:29:17,CARD
4,944,799,356.00,2026-01-11 20:20:16,CARD
3,1135,949,65.00,2026-01-11 15:23:04,CARD
1,1305,1098,194.85,2026-01-11 12:39:12,CASH
1,1306,1099,194.85,2026-01-11 13:58:50,CARD
1,1307,1097,-32.48,2026-01-12 16:00:00,CARD
3,1136,950,195.00,2026-01-12 21:27:24,CARD
4,945,800,234.00,2026-01-13 12:11:06,CARD
2,1103,763,-56.21,2026-01-12 18:45:00,CASH
1,1308,1100,389.70,2026-01-13 16:19:34,CARD
