site_no,ticket_no,profile_no,opened_local,session_local,product_label,head_count,gross_minor,outcome,withdrawn_local
4,1,1,2024-10-02 07:40:40,2024-12-19 13:00:00,Adult Race 10 Laps,1,3900,FULFILLED,
1,1,1,2024-10-04 14:53:20,2024-12-22 20:30:00,Adult Race 14 Laps,3,8085,WITHDRAWN,2024-12-10 06:19:48
1,2,2,2024-10-04 20:14:33,2024-12-30 20:15:00,3-Race Pack,4,25980,FULFILLED,
4,2,2,2024-10-05 17:03:14,2024-12-17 15:45:00,Adult Race 10 Laps,4,15600,FULFILLED,
1,3,3,2024-10-14 14:49:50,2024-12-15 19:45:00,3-Race Pack,4,25980,FULFILLED,
1,4,1,2024-10-14 16:56:59,2024-12-27 18:00:00,3-Race Pack,3,19485,FULFILLED,
4,3,3,2024-10-15 15:45:28,2025-01-13 17:30:00,Endurance 30 min,6,53400,FULFILLED,
4,4,4,2024-10-16 09:52:26,2025-01-13 15:30:00,Junior Race,1,2900,WITHDRAWN,2024-12-14 19:08:29
2,1,1,2024-10-18 14:55:28,2025-01-04 20:00:00,Adult Race 12 Laps,5,12475,FULFILLED,
2,2,1,2024-10-19 20:39:29,2024-12-25 18:00:00,Adult Race 12 Laps,6,14970,WITHDRAWN,2024-12-20 09:03:09
1,5,1,2024-10-22 13:30:10,2025-01-19 20:15:00,3-Race Pack,5,32475,FULFILLED,
2,3,2,2024-10-22 16:27:57,2025-01-10 21:00:00,Adult Race 12 Laps,1,2495,WITHDRAWN,2024-12-12 13:55:25
2,4,1,2024-10-23 16:00:30,2024-12-23 19:15:00,Junior Race 8 Laps,3,5385,WITHDRAWN,2024-12-10 01:50:43
2,5,3,2024-10-24 19:29:38,2025-01-04 20:00:00,Adult Race 12 Laps,4,9980,WITHDRAWN,2024-12-05 06:32:48
1,6,2,2024-10-25 08:39:48,2025-01-06 19:15:00,3-Race Pack,2,12990,FULFILLED,
1,7,3,2024-10-29 09:48:01,2025-01-25 15:00:00,Adult Race 14 Laps,5,13475,FULFILLED,
4,5,1,2024-10-30 19:52:16,2024-12-24 11:45:00,Adult Race 10 Laps,6,23400,WITHDRAWN,2024-11-28 04:44:04
2,6,4,2024-10-31 18:51:33,2025-01-25 18:00:00,Grand Prix Package,5,37475,FULFILLED,
4,6,5,2024-11-01 21:13:44,2024-12-23 15:00:00,Adult Race 10 Laps,6,23400,FULFILLED,
1,8,2,2024-11-01 15:32:00,2025-01-04 19:00:00,3-Race Pack,2,12990,FULFILLED,
1,9,4,2024-11-05 16:24:10,2025-01-16 19:15:00,3-Race Pack,3,19485,WITHDRAWN,2025-01-10 08:07:45
2,7,5,2024-11-05 16:29:33,2025-01-11 19:00:00,Grand Prix Package,5,37475,FULFILLED,
5,1,1,2024-11-07 11:27:02,2025-01-01 11:45:00,TEST RACE,1,100,WITHDRAWN,2024-12-09 20:58:37
2,8,6,2024-11-11 15:05:21,2025-01-03 20:15:00,Junior Race 8 Laps,5,8975,FULFILLED,
3,1,1,2024-11-14 14:45:56,2025-02-09 18:30:00,Junior Session,1,1800,FULFILLED,
4,7,6,2024-11-16 11:18:41,2024-12-15 12:30:00,Endurance 30 min,2,17800,FULFILLED,
2,9,7,2024-11-18 14:28:35,2025-01-18 16:00:00,Junior Race 8 Laps,1,1795,FULFILLED,
4,8,7,2024-11-19 19:12:43,2025-02-16 15:45:00,Junior Race,5,14500,FULFILLED,
1,10,3,2024-11-19 11:35:03,2025-01-22 11:00:00,Adult Race 14 Laps,3,8085,FULFILLED,
1,11,5,2024-11-20 15:22:49,2025-02-14 20:45:00,Adult Race 14 Laps,4,10780,FULFILLED,
4,9,8,2024-11-21 09:26:24,2024-12-15 13:45:00,Junior Race,4,11600,FULFILLED,
5,2,2,2024-11-21 23:28:33,2025-01-24 10:15:00,TEST RACE,1,100,WITHDRAWN,2025-01-10 02:16:16
3,2,1,2024-11-22 19:58:35,2024-12-19 14:30:00,Stag/Hen Grand Prix,1,6500,FULFILLED,
3,3,2,2024-11-23 20:16:10,2024-12-22 17:00:00,Junior Session,3,5400,FULFILLED,
3,4,3,2024-11-23 21:29:25,2025-01-31 11:45:00,Arrive & Drive 15 min,8,19200,WITHDRAWN,2025-01-10 00:30:55
3,5,4,2024-11-23 23:46:39,2025-01-25 16:00:00,Arrive & Drive 15 min,2,4800,WITHDRAWN,2025-01-19 07:28:11
1,12,6,2024-11-24 08:41:12,2025-01-11 13:30:00,3-Race Pack,4,25980,WITHDRAWN,2024-12-22 10:32:30
3,6,5,2024-11-24 16:55:16,2024-12-23 17:30:00,Arrive & Drive 15 min,2,4800,FULFILLED,
2,10,3,2024-11-24 14:23:28,2025-02-13 14:15:00,Grand Prix Package,1,7495,WITHDRAWN,2025-01-19 15:47:41
2,11,8,2024-11-25 18:26:23,2024-12-21 18:15:00,Grand Prix Package,6,44970,FULFILLED,
2,12,9,2024-11-26 07:10:50,2024-12-22 20:30:00,Adult Race 12 Laps,5,12475,FULFILLED,
1,13,7,2024-11-26 13:55:25,2025-02-10 11:30:00,3-Race Pack,6,38970,FULFILLED,
3,7,4,2024-11-26 19:32:39,2025-01-25 17:00:00,Junior Session,5,9000,FULFILLED,
1,14,8,2024-11-26 15:14:07,2025-01-25 19:30:00,3-Race Pack,6,38970,FULFILLED,
2,13,10,2024-11-27 19:58:43,2024-12-16 19:00:00,Adult Race 12 Laps,2,4990,FULFILLED,
1,15,9,2024-11-28 23:45:35,2025-01-29 15:30:00,Junior Race 10 Laps,6,11970,FULFILLED,
3,8,6,2024-11-29 16:45:45,2024-12-21 16:00:00,Junior Session,4,7200,FULFILLED,
3,9,6,2024-11-29 22:31:14,2024-12-15 18:30:00,Arrive & Drive 15 min,8,19200,FULFILLED,
3,10,7,2024-11-29 22:39:10,2025-01-17 17:15:00,Stag/Hen Grand Prix,5,32500,FULFILLED,
2,14,11,2024-11-29 17:57:19,2024-12-18 19:15:00,Adult Race 12 Laps,5,12475,FULFILLED,
2,15,12,2024-12-01 13:16:35,2024-12-24 20:00:00,Junior Race 8 Laps,3,5385,FULFILLED,
1,16,10,2024-12-01 19:30:14,2024-12-18 15:30:00,Junior Race 10 Laps,6,11970,FULFILLED,
4,10,7,2024-12-02 21:21:38,2024-12-29 13:45:00,Adult Race 10 Laps,1,3900,FULFILLED,
3,11,5,2024-12-02 16:16:14,2024-12-18 11:45:00,Junior Session,7,12600,FULFILLED,
2,16,3,2024-12-02 10:06:26,2025-02-10 20:15:00,Junior Race 8 Laps,1,1795,FULFILLED,
4,11,9,2024-12-03 15:36:09,2024-12-29 16:15:00,Endurance 30 min,5,44500,WITHDRAWN,2024-12-24 06:15:38
3,12,8,2024-12-03 18:52:14,2025-01-11 18:45:00,Junior Session,6,10800,WITHDRAWN,2024-12-31 17:35:26
1,17,3,2024-12-04 10:46:37,2025-01-03 17:15:00,Adult Race 14 Laps,3,8085,FULFILLED,
4,12,7,2024-12-05 09:27:03,2024-12-23 14:30:00,Adult Race 10 Laps,4,15600,FULFILLED,
2,17,13,2024-12-04 16:30:28,2024-12-15 18:00:00,Adult Race 12 Laps,1,2495,FULFILLED,
4,13,10,2024-12-05 10:44:19,2025-02-13 12:30:00,Junior Race,3,8700,FULFILLED,
4,14,11,2024-12-05 12:15:00,2024-12-16 13:00:00,Adult Race 10 Laps,4,15600,FULFILLED,
4,15,1,2024-12-05 16:50:13,2025-01-11 17:30:00,Endurance 30 min,1,8900,WITHDRAWN,2025-01-05 06:45:58
3,13,4,2024-12-05 07:34:44,2025-02-27 19:00:00,Arrive & Drive 15 min,3,7200,WITHDRAWN,2025-02-03 21:11:37
3,14,9,2024-12-05 07:46:21,2024-12-21 18:00:00,Arrive & Drive 15 min,1,2400,FULFILLED,
3,15,10,2024-12-05 15:36:31,2024-12-21 16:15:00,Arrive & Drive 15 min,5,12000,WITHDRAWN,2024-12-17 04:01:44
4,16,12,2024-12-06 07:26:38,2024-12-19 15:00:00,Adult Race 10 Laps,4,15600,FULFILLED,
1,18,11,2024-12-06 12:50:03,2024-12-16 19:30:00,Adult Race 14 Laps,5,13475,FULFILLED,
1,19,12,2024-12-06 17:09:11,2025-01-03 19:30:00,3-Race Pack,4,25980,FULFILLED,
1,20,13,2024-12-06 20:54:40,2024-12-27 15:30:00,3-Race Pack,5,32475,FULFILLED,
4,17,13,2024-12-07 15:20:27,2024-12-22 15:00:00,Endurance 30 min,6,53400,FULFILLED,
3,16,11,2024-12-07 07:51:25,2024-12-23 16:15:00,Arrive & Drive 15 min,1,2400,FULFILLED,
1,21,14,2024-12-07 13:57:35,2024-12-22 19:30:00,3-Race Pack,2,12990,FULFILLED,
4,18,14,2024-12-08 10:01:55,2024-12-28 13:30:00,Adult Race 10 Laps,6,23400,FULFILLED,
3,17,12,2024-12-08 09:00:13,2024-12-21 20:00:00,Stag/Hen Grand Prix,8,52000,WITHDRAWN,2024-12-20 16:03:05
2,18,14,2024-12-08 07:49:42,2025-01-05 20:30:00,Grand Prix Package,5,37475,FULFILLED,
3,18,13,2024-12-08 15:35:49,2025-02-22 20:00:00,Junior Session,2,3600,WITHDRAWN,2025-01-31 18:45:40
1,22,15,2024-12-08 11:15:50,2025-01-04 17:00:00,3-Race Pack,4,25980,WITHDRAWN,2024-12-22 13:07:24
3,19,14,2024-12-08 16:38:45,2024-12-24 13:45:00,Stag/Hen Grand Prix,1,6500,WITHDRAWN,2024-12-18 14:59:05
1,23,16,2024-12-08 12:41:40,2024-12-29 17:15:00,Junior Race 10 Laps,2,3990,FULFILLED,
1,24,8,2024-12-08 15:18:40,2025-01-07 20:45:00,Junior Race 10 Laps,1,1995,WITHDRAWN,2024-12-30 12:17:51
3,20,15,2024-12-08 21:02:58,2025-02-22 18:00:00,Junior Session,6,10800,FULFILLED,
3,21,11,2024-12-08 22:22:40,2024-12-15 19:30:00,Arrive & Drive 15 min,3,7200,FULFILLED,
4,19,15,2024-12-09 11:55:38,2025-01-04 15:00:00,Endurance 30 min,3,26700,FULFILLED,
3,22,16,2024-12-09 07:32:25,2024-12-29 17:45:00,Junior Session,5,9000,FULFILLED,
1,25,17,2024-12-09 08:02:40,2024-12-27 18:30:00,Adult Race 14 Laps,3,8085,FULFILLED,
2,19,15,2024-12-09 08:19:28,2024-12-15 18:00:00,Adult Race 12 Laps,2,4990,FULFILLED,
4,20,7,2024-12-10 11:36:07,2025-02-22 17:00:00,Endurance 30 min,2,17800,FULFILLED,
3,23,17,2024-12-10 08:00:07,2024-12-21 16:30:00,Stag/Hen Grand Prix,8,52000,WITHDRAWN,2024-12-18 04:28:25
4,21,16,2024-12-10 19:45:17,2024-12-31 15:00:00,Endurance 30 min,2,17800,FULFILLED,
1,26,3,2024-12-10 09:39:35,2024-12-29 19:30:00,Adult Race 14 Laps,6,16170,FULFILLED,
2,20,14,2024-12-10 08:54:30,2025-02-19 19:15:00,Grand Prix Package,5,37475,FULFILLED,
1,27,10,2024-12-10 12:51:02,2024-12-26 17:30:00,3-Race Pack,5,32475,FULFILLED,
5,3,3,2024-12-10 13:16:03,2024-12-26 10:45:00,TEST RACE,2,200,FULFILLED,
1,28,18,2024-12-10 14:24:35,2024-12-15 20:30:00,3-Race Pack,1,6495,FULFILLED,
3,24,18,2024-12-11 07:13:50,2025-02-13 18:00:00,Junior Session,5,9000,FULFILLED,
3,25,19,2024-12-11 08:41:59,2024-12-15 18:15:00,Arrive & Drive 15 min,6,14400,FULFILLED,
3,26,5,2024-12-11 09:37:22,2025-01-03 16:15:00,Arrive & Drive 15 min,5,12000,FULFILLED,
1,29,19,2024-12-11 09:15:17,2024-12-17 18:00:00,Adult Race 14 Laps,6,16170,FULFILLED,
2,21,16,2024-12-11 13:08:50,2024-12-15 19:30:00,Junior Race 8 Laps,2,3590,FULFILLED,
3,27,20,2024-12-11 20:13:47,2024-12-15 17:00:00,Junior Session,3,5400,FULFILLED,
3,28,18,2024-12-11 21:38:38,2024-12-29 18:00:00,Stag/Hen Grand Prix,8,52000,FULFILLED,
1,30,20,2024-12-11 17:45:16,2025-02-07 19:15:00,Adult Race 14 Laps,2,5390,FULFILLED,
1,31,3,2024-12-11 20:16:35,2024-12-15 20:15:00,Junior Race 10 Laps,3,5985,FULFILLED,
2,22,17,2024-12-11 20:22:39,2024-12-15 21:15:00,Junior Race 8 Laps,6,10770,FULFILLED,
4,22,5,2024-12-12 15:09:31,2025-01-03 13:30:00,Adult Race 10 Laps,4,15600,FULFILLED,
3,29,21,2024-12-12 08:01:32,2024-12-28 16:30:00,Junior Session,3,5400,FULFILLED,
2,23,18,2024-12-12 12:01:56,2024-12-16 21:30:00,Junior Race 8 Laps,2,3590,FULFILLED,
4,23,17,2024-12-13 07:47:55,2025-02-23 15:00:00,Endurance 30 min,5,44500,WITHDRAWN,2025-02-15 10:52:47
4,24,18,2024-12-13 19:02:13,2024-12-15 15:30:00,Junior Race,4,11600,FULFILLED,
4,25,14,2024-12-13 19:51:31,2025-03-03 12:30:00,Adult Race 10 Laps,2,7800,WITHDRAWN,2025-02-02 16:20:42
3,30,22,2024-12-13 16:41:47,2025-03-01 14:45:00,Junior Session,8,14400,FULFILLED,
4,26,13,2024-12-14 08:41:56,2025-02-21 12:30:00,Junior Race,6,17400,FULFILLED,
1,32,21,2024-12-13 22:40:37,2024-12-27 11:45:00,Junior Race 10 Laps,2,3990,FULFILLED,
3,31,23,2024-12-14 12:15:47,2024-12-15 19:30:00,Stag/Hen Grand Prix,5,32500,FULFILLED,
4,27,7,2024-12-14 23:34:42,2024-12-15 16:15:00,Adult Race 10 Laps,1,3900,FULFILLED,
4,28,19,2024-12-15 07:00:46,2025-01-05 10:45:00,Adult Race 10 Laps,3,11700,FULFILLED,
4,29,20,2024-12-15 08:42:39,2024-12-21 15:15:00,Junior Race,4,11600,FULFILLED,
3,32,13,2024-12-14 22:24:03,2025-02-18 20:45:00,Junior Session,5,9000,FULFILLED,
1,33,22,2024-12-14 18:02:29,2025-01-03 18:00:00,Junior Race 10 Laps,6,11970,FULFILLED,
1,34,23,2024-12-14 19:24:37,2024-12-21 20:30:00,Junior Race 10 Laps,6,11970,FULFILLED,
2,24,19,2024-12-14 18:58:39,2024-12-15 18:45:00,Grand Prix Package,4,29980,FULFILLED,
2,25,20,2024-12-14 23:12:08,2024-12-21 20:30:00,Grand Prix Package,1,7495,FULFILLED,
3,33,18,2024-12-15 10:17:38,2024-12-19 13:15:00,Junior Session,1,1800,FULFILLED,
3,34,15,2024-12-15 14:39:45,2024-12-29 19:00:00,Stag/Hen Grand Prix,7,45500,FULFILLED,
3,35,24,2024-12-15 15:05:54,2024-12-20 20:00:00,Arrive & Drive 15 min,2,4800,FULFILLED,
1,35,1,2024-12-15 11:02:31,2024-12-15 18:45:00,3-Race Pack,5,32475,FULFILLED,
1,36,24,2024-12-15 13:25:43,2024-12-19 13:30:00,3-Race Pack,6,38970,FULFILLED,
2,26,8,2024-12-15 12:17:50,2024-12-20 20:00:00,Adult Race 12 Laps,4,9980,FULFILLED,
4,30,21,2024-12-16 08:07:37,2025-01-11 15:15:00,Adult Race 10 Laps,1,3900,FULFILLED,
4,31,22,2024-12-16 16:42:37,2025-01-25 14:00:00,Adult Race 10 Laps,1,3900,FULFILLED,
5,4,4,2024-12-16 07:10:08,2024-12-16 10:00:00,TEST RACE,1,100,FULFILLED,
1,37,25,2024-12-16 07:46:53,2024-12-26 19:15:00,Junior Race 10 Laps,6,11970,FULFILLED,
1,38,3,2024-12-16 08:52:07,2025-02-21 20:30:00,Adult Race 14 Laps,2,5390,WITHDRAWN,2025-01-23 16:36:34
4,32,23,2024-12-17 10:01:24,2024-12-17 16:00:00,Endurance 30 min,6,53400,FULFILLED,
2,27,10,2024-12-16 17:09:24,2025-02-07 20:30:00,Grand Prix Package,4,29980,WITHDRAWN,2025-02-01 02:12:53
4,33,24,2024-12-17 11:17:36,2024-12-21 16:45:00,Adult Race 10 Laps,5,19500,FULFILLED,
1,39,1,2024-12-16 19:59:26,2024-12-18 15:30:00,Junior Race 10 Laps,3,5985,WITHDRAWN,2024-12-18 01:55:36
3,36,25,2024-12-17 12:07:54,2024-12-17 17:00:00,Junior Session,6,10800,FULFILLED,
4,34,25,2024-12-18 08:24:37,2024-12-18 10:45:00,Adult Race 10 Laps,2,7800,FULFILLED,
2,28,21,2024-12-17 20:20:01,2024-12-19 19:30:00,Junior Race 8 Laps,4,7180,WITHDRAWN,2024-12-19 01:34:39
4,35,26,2024-12-18 16:52:24,2024-12-23 17:00:00,Endurance 30 min,5,44500,FULFILLED,
3,37,26,2024-12-18 08:49:08,2024-12-24 18:45:00,Arrive & Drive 15 min,6,14400,FULFILLED,
4,36,27,2024-12-18 21:22:08,2024-12-21 14:45:00,Endurance 30 min,4,35600,FULFILLED,
4,37,28,2024-12-18 22:14:10,2024-12-21 13:45:00,Adult Race 10 Laps,1,3900,FULFILLED,
3,38,27,2024-12-18 11:33:02,2024-12-19 17:30:00,Arrive & Drive 15 min,3,7200,FULFILLED,
4,38,1,2024-12-18 23:24:04,2024-12-31 13:30:00,Junior Race,3,8700,FULFILLED,
4,39,29,2024-12-18 23:37:14,2024-12-28 10:15:00,Junior Race,2,5800,FULFILLED,
5,5,5,2024-12-18 08:15:56,2024-12-25 10:30:00,TEST RACE,2,200,FULFILLED,
3,39,2,2024-12-18 21:26:56,2024-12-20 17:45:00,Stag/Hen Grand Prix,7,45500,FULFILLED,
1,40,26,2024-12-18 20:02:47,2025-01-16 18:00:00,3-Race Pack,5,32475,FULFILLED,
4,40,14,2024-12-19 12:34:08,2024-12-25 13:30:00,Endurance 30 min,6,53400,FULFILLED,
2,29,22,2024-12-18 23:17:08,2025-03-02 14:30:00,Junior Race 8 Laps,4,7180,FULFILLED,
3,40,28,2024-12-19 07:14:22,2024-12-19 17:00:00,Arrive & Drive 15 min,6,14400,FULFILLED,
3,41,29,2024-12-19 07:33:33,2025-01-11 14:00:00,Stag/Hen Grand Prix,1,6500,WITHDRAWN,2025-01-01 17:54:49
4,41,30,2024-12-19 19:00:05,2025-02-08 14:30:00,Junior Race,2,5800,FULFILLED,
1,41,8,2024-12-19 14:11:27,2024-12-19 17:30:00,3-Race Pack,6,38970,FULFILLED,
2,30,16,2024-12-19 15:21:46,2024-12-19 21:15:00,Grand Prix Package,5,37475,FULFILLED,
4,42,31,2024-12-20 11:06:06,2024-12-29 11:45:00,Adult Race 10 Laps,4,15600,FULFILLED,
4,43,32,2024-12-20 13:43:10,2024-12-20 14:30:00,Junior Race,5,14500,FULFILLED,
2,31,23,2024-12-19 20:18:26,2025-02-20 21:30:00,Grand Prix Package,1,7495,FULFILLED,
3,42,30,2024-12-20 07:42:37,2025-02-05 18:00:00,Stag/Hen Grand Prix,2,13000,FULFILLED,
4,44,33,2024-12-20 21:27:14,2024-12-30 17:45:00,Junior Race,3,8700,FULFILLED,
4,45,9,2024-12-20 22:29:18,2024-12-26 11:00:00,Endurance 30 min,2,17800,FULFILLED,
2,32,24,2024-12-20 10:38:26,2025-02-22 21:00:00,Junior Race 8 Laps,1,1795,FULFILLED,
4,46,34,2024-12-21 07:44:44,2024-12-21 11:45:00,Adult Race 10 Laps,3,11700,FULFILLED,
4,47,35,2024-12-21 12:00:36,2024-12-21 15:15:00,Endurance 30 min,4,35600,FULFILLED,
2,33,25,2024-12-20 18:26:37,2024-12-21 21:00:00,Grand Prix Package,2,14990,FULFILLED,
4,48,36,2024-12-21 12:34:10,2024-12-21 15:30:00,Endurance 30 min,1,8900,FULFILLED,
4,49,37,2024-12-21 21:32:52,2024-12-22 14:45:00,Junior Race,2,5800,FULFILLED,
3,43,31,2024-12-21 11:47:15,2024-12-26 16:00:00,Arrive & Drive 15 min,1,2400,WITHDRAWN,2024-12-25 20:04:19
3,44,32,2024-12-21 13:15:43,2024-12-25 20:00:00,Junior Session,4,7200,FULFILLED,
3,45,33,2024-12-21 13:38:19,2024-12-21 17:00:00,Stag/Hen Grand Prix,4,26000,FULFILLED,
1,42,27,2024-12-21 08:42:14,2025-03-16 18:00:00,3-Race Pack,1,6495,FULFILLED,
1,43,28,2024-12-21 10:16:17,2024-12-27 11:00:00,Adult Race 14 Laps,5,13475,FULFILLED,
1,44,29,2024-12-21 10:35:33,2024-12-23 20:45:00,3-Race Pack,4,25980,FULFILLED,
2,34,26,2024-12-21 10:55:11,2025-01-15 20:00:00,Adult Race 12 Laps,4,9980,FULFILLED,
1,45,30,2024-12-21 13:40:41,2024-12-28 21:30:00,Junior Race 10 Laps,5,9975,FULFILLED,
4,50,16,2024-12-22 09:00:50,2024-12-22 14:30:00,Junior Race,6,17400,FULFILLED,
2,35,27,2024-12-21 15:19:10,2024-12-21 16:30:00,Adult Race 12 Laps,4,9980,FULFILLED,
2,36,11,2024-12-21 15:24:30,2025-01-05 20:00:00,Junior Race 8 Laps,5,8975,FULFILLED,
1,46,31,2024-12-21 19:53:16,2024-12-29 21:00:00,Adult Race 14 Laps,5,13475,WITHDRAWN,2024-12-28 13:53:11
4,51,38,2024-12-22 15:50:59,2025-01-13 11:00:00,Junior Race,4,11600,WITHDRAWN,2025-01-04 13:10:47
3,46,34,2024-12-22 08:55:16,2024-12-29 20:45:00,Junior Session,4,7200,FULFILLED,
1,47,32,2024-12-22 08:22:32,2024-12-22 20:30:00,3-Race Pack,1,6495,FULFILLED,
1,48,2,2024-12-22 10:51:22,2024-12-25 19:30:00,Junior Race 10 Laps,4,7980,WITHDRAWN,2024-12-24 10:33:16
2,37,28,2024-12-22 09:44:33,2024-12-25 16:15:00,Junior Race 8 Laps,3,5385,FULFILLED,
1,49,33,2024-12-22 14:51:06,2024-12-29 18:45:00,3-Race Pack,4,25980,FULFILLED,
2,38,29,2024-12-22 13:43:04,2024-12-25 19:45:00,Grand Prix Package,3,22485,FULFILLED,
3,47,28,2024-12-22 21:45:58,2025-03-09 13:15:00,Stag/Hen Grand Prix,1,6500,FULFILLED,
4,52,39,2024-12-23 13:15:49,2024-12-29 10:00:00,Endurance 30 min,1,8900,FULFILLED,
4,53,29,2024-12-23 19:44:38,2024-12-28 12:30:00,Junior Race,6,17400,FULFILLED,
4,54,40,2024-12-23 22:15:33,2025-01-16 16:00:00,Endurance 30 min,4,35600,FULFILLED,
1,50,19,2024-12-23 13:25:21,2025-01-07 17:00:00,Adult Race 14 Laps,6,16170,FULFILLED,
4,55,41,2024-12-24 09:28:05,2024-12-28 10:30:00,Adult Race 10 Laps,2,7800,FULFILLED,
4,56,42,2024-12-24 12:39:21,2024-12-24 14:45:00,Adult Race 10 Laps,1,3900,FULFILLED,
3,48,35,2024-12-24 11:31:25,2024-12-29 17:15:00,Junior Session,4,7200,FULFILLED,
3,49,2,2024-12-24 11:42:28,2024-12-24 18:00:00,Arrive & Drive 15 min,4,9600,FULFILLED,
3,50,36,2024-12-24 12:42:43,2025-01-26 14:00:00,Junior Session,6,10800,FULFILLED,
3,51,37,2024-12-24 14:10:28,2025-01-17 14:15:00,Stag/Hen Grand Prix,1,6500,WITHDRAWN,2025-01-06 07:50:44
3,52,38,2024-12-24 15:06:09,2024-12-28 18:00:00,Junior Session,4,7200,FULFILLED,
1,51,34,2024-12-24 11:19:51,2024-12-26 17:00:00,Junior Race 10 Laps,5,9975,FULFILLED,
2,39,30,2024-12-24 10:58:49,2024-12-29 20:00:00,Grand Prix Package,4,29980,FULFILLED,
2,40,31,2024-12-24 12:07:20,2025-02-27 16:30:00,Grand Prix Package,6,44970,FULFILLED,
1,52,35,2024-12-24 16:37:30,2024-12-24 18:00:00,Junior Race 10 Laps,3,5985,FULFILLED,
1,53,36,2024-12-24 16:55:39,2025-01-12 20:30:00,Junior Race 10 Laps,5,9975,FULFILLED,
1,54,37,2024-12-24 18:03:52,2024-12-29 15:45:00,3-Race Pack,3,19485,WITHDRAWN,2024-12-28 00:53:16
4,57,10,2024-12-25 12:35:30,2025-01-02 15:00:00,Junior Race,3,8700,FULFILLED,
1,55,31,2024-12-24 23:49:24,2025-01-12 21:00:00,Adult Race 14 Laps,6,16170,FULFILLED,
4,58,43,2024-12-25 16:02:49,2025-01-24 14:15:00,Adult Race 10 Laps,6,23400,FULFILLED,
4,59,44,2024-12-25 16:32:43,2025-01-04 13:00:00,Endurance 30 min,5,44500,FULFILLED,
2,41,8,2024-12-24 23:29:54,2025-01-25 21:15:00,Adult Race 12 Laps,2,4990,FULFILLED,
4,60,45,2024-12-25 17:40:13,2025-02-15 15:45:00,Junior Race,3,8700,FULFILLED,
4,61,46,2024-12-25 17:49:38,2025-01-19 16:45:00,Adult Race 10 Laps,6,23400,FULFILLED,
3,53,39,2024-12-25 11:40:14,2024-12-31 19:45:00,Arrive & Drive 15 min,6,14400,FULFILLED,
1,56,38,2024-12-25 15:28:45,2025-03-08 19:00:00,Junior Race 10 Laps,3,5985,FULFILLED,
1,57,11,2024-12-25 16:15:16,2024-12-25 19:00:00,Adult Race 14 Laps,1,2695,FULFILLED,
1,58,39,2024-12-25 16:52:38,2024-12-31 18:30:00,Adult Race 14 Laps,3,8085,FULFILLED,
1,59,40,2024-12-25 17:48:13,2025-01-01 20:30:00,Adult Race 14 Laps,4,10780,WITHDRAWN,2024-12-31 12:05:52
3,54,34,2024-12-26 07:44:33,2025-01-02 16:30:00,Stag/Hen Grand Prix,5,32500,FULFILLED,
3,55,11,2024-12-26 08:46:16,2024-12-26 18:00:00,Junior Session,4,7200,FULFILLED,
3,56,5,2024-12-26 09:50:20,2024-12-28 16:45:00,Junior Session,4,7200,FULFILLED,
3,57,29,2024-12-26 12:46:12,2025-01-14 18:45:00,Junior Session,7,12600,FULFILLED,
3,58,25,2024-12-26 13:21:55,2024-12-27 16:45:00,Junior Session,3,5400,FULFILLED,
3,59,40,2024-12-26 15:00:58,2024-12-26 16:45:00,Arrive & Drive 15 min,7,16800,FULFILLED,
1,60,41,2024-12-26 10:52:11,2025-01-04 13:45:00,Adult Race 14 Laps,6,16170,FULFILLED,
1,61,42,2024-12-26 14:08:55,2025-01-10 18:30:00,Adult Race 14 Laps,2,5390,FULFILLED,
3,60,41,2024-12-26 20:59:12,2025-03-20 18:00:00,Arrive & Drive 15 min,1,2400,FULFILLED,
4,62,25,2024-12-27 10:06:17,2024-12-27 15:30:00,Junior Race,1,2900,FULFILLED,
4,63,47,2024-12-27 14:38:34,2025-01-21 10:45:00,Junior Race,2,5800,FULFILLED,
1,62,43,2024-12-26 23:49:50,2025-01-17 20:00:00,Adult Race 14 Laps,2,5390,FULFILLED,
4,64,13,2024-12-27 18:10:36,2025-01-24 15:45:00,Adult Race 10 Laps,4,15600,FULFILLED,
4,65,48,2024-12-27 18:14:00,2025-01-17 15:15:00,Adult Race 10 Laps,1,3900,FULFILLED,
4,66,49,2024-12-27 18:18:20,2024-12-29 15:30:00,Junior Race,5,14500,WITHDRAWN,2024-12-29 01:23:20
4,67,50,2024-12-27 20:00:27,2025-01-18 14:00:00,Endurance 30 min,6,53400,FULFILLED,
1,63,44,2024-12-27 09:10:36,2025-01-17 18:15:00,3-Race Pack,5,32475,FULFILLED,
2,42,32,2024-12-27 09:03:05,2024-12-27 19:45:00,Junior Race 8 Laps,6,10770,FULFILLED,
1,64,45,2024-12-27 11:29:48,2024-12-28 19:00:00,Junior Race 10 Laps,2,3990,FULFILLED,
1,65,46,2024-12-27 11:32:19,2025-01-08 19:15:00,Adult Race 14 Laps,2,5390,FULFILLED,
2,43,26,2024-12-27 10:06:50,2024-12-27 20:00:00,Adult Race 12 Laps,2,4990,FULFILLED,
2,44,16,2024-12-27 14:42:26,2024-12-31 20:00:00,Junior Race 8 Laps,3,5385,FULFILLED,
1,66,4,2024-12-27 17:11:24,2024-12-27 18:00:00,Junior Race 10 Laps,4,7980,FULFILLED,
1,67,47,2024-12-27 20:33:33,2024-12-29 13:15:00,Adult Race 14 Laps,2,5390,FULFILLED,
2,45,33,2024-12-27 21:15:13,2025-01-24 16:00:00,Grand Prix Package,3,22485,FULFILLED,
3,61,42,2024-12-28 08:44:27,2024-12-28 16:00:00,Arrive & Drive 15 min,2,4800,FULFILLED,
3,62,4,2024-12-28 09:29:16,2025-01-02 19:45:00,Arrive & Drive 15 min,4,9600,FULFILLED,
3,63,11,2024-12-28 22:30:17,2025-01-18 17:00:00,Junior Session,3,5400,FULFILLED,
4,68,26,2024-12-29 14:19:59,2025-01-04 13:30:00,Junior Race,1,2900,FULFILLED,
2,46,34,2024-12-28 23:05:06,2025-01-25 21:00:00,Adult Race 12 Laps,5,12475,FULFILLED,
4,69,51,2024-12-29 19:23:48,2025-01-05 17:45:00,Adult Race 10 Laps,2,7800,FULFILLED,
3,64,43,2024-12-29 09:54:45,2025-01-11 18:15:00,Stag/Hen Grand Prix,5,32500,FULFILLED,
4,70,52,2024-12-29 21:06:46,2024-12-31 10:30:00,Endurance 30 min,4,35600,FULFILLED,
1,68,3,2024-12-29 07:52:42,2024-12-29 19:15:00,Junior Race 10 Laps,4,7980,FULFILLED,
5,6,3,2024-12-29 08:59:41,2024-12-29 11:00:00,TEST RACE,2,200,FULFILLED,
1,69,31,2024-12-29 10:56:14,2025-01-03 21:00:00,3-Race Pack,5,32475,FULFILLED,
3,65,44,2024-12-29 16:33:58,2025-01-01 19:30:00,Junior Session,5,9000,FULFILLED,
2,47,35,2024-12-29 11:20:41,2024-12-29 16:30:00,Adult Race 12 Laps,4,9980,FULFILLED,
1,70,48,2024-12-29 14:36:26,2024-12-29 18:45:00,Junior Race 10 Laps,1,1995,FULFILLED,
2,48,36,2024-12-29 13:49:26,2025-01-11 20:00:00,Junior Race 8 Laps,1,1795,FULFILLED,
1,71,49,2024-12-29 16:53:38,2025-03-09 20:15:00,Adult Race 14 Laps,4,10780,FULFILLED,
3,66,22,2024-12-29 22:10:33,2025-01-01 18:00:00,Arrive & Drive 15 min,3,7200,FULFILLED,
4,71,31,2024-12-30 09:53:45,2025-01-05 12:30:00,Junior Race,3,8700,FULFILLED,
1,72,50,2024-12-29 18:42:04,2024-12-30 13:30:00,3-Race Pack,6,38970,FULFILLED,
2,49,37,2024-12-29 18:01:44,2025-01-08 20:00:00,Junior Race 8 Laps,2,3590,FULFILLED,
2,50,38,2024-12-30 07:58:00,2025-01-05 20:15:00,Junior Race 8 Laps,4,7180,FULFILLED,
5,7,6,2024-12-30 11:32:22,2025-01-10 11:15:00,TEST RACE,1,100,FULFILLED,
4,72,53,2024-12-31 08:03:09,2025-01-02 14:15:00,Adult Race 10 Laps,5,19500,FULFILLED,
3,67,16,2024-12-30 21:13:12,2025-01-26 16:00:00,Arrive & Drive 15 min,6,14400,WITHDRAWN,2025-01-13 17:50:43
4,73,54,2024-12-31 09:28:26,2024-12-31 11:00:00,Junior Race,2,5800,FULFILLED,
4,74,12,2024-12-31 09:36:50,2025-01-05 19:15:00,Junior Race,3,8700,FULFILLED,
2,51,39,2024-12-30 16:08:56,2024-12-30 19:00:00,Junior Race 8 Laps,3,5385,FULFILLED,
4,75,55,2024-12-31 10:17:57,2024-12-31 13:30:00,Adult Race 10 Laps,4,15600,FULFILLED,
4,76,56,2024-12-31 13:01:16,2025-01-03 12:00:00,Adult Race 10 Laps,2,7800,FULFILLED,
2,52,40,2024-12-30 19:34:25,2025-01-04 21:30:00,Junior Race 8 Laps,1,1795,FULFILLED,
1,73,28,2024-12-30 23:49:26,2024-12-31 11:00:00,Junior Race 10 Laps,2,3990,FULFILLED,
3,68,45,2024-12-31 09:58:17,2025-01-02 18:15:00,Stag/Hen Grand Prix,4,26000,FULFILLED,
2,53,41,2024-12-31 07:46:52,2025-01-04 19:45:00,Junior Race 8 Laps,4,7180,FULFILLED,
3,69,46,2024-12-31 17:46:00,2025-01-04 17:30:00,Junior Session,6,10800,FULFILLED,
1,74,51,2024-12-31 16:48:59,2025-01-25 17:00:00,Junior Race 10 Laps,5,9975,FULFILLED,
1,75,52,2024-12-31 18:32:43,2025-01-04 17:45:00,Adult Race 14 Laps,3,8085,FULFILLED,
2,54,42,2024-12-31 16:35:38,2025-01-19 20:30:00,Grand Prix Package,1,7495,FULFILLED,
2,55,43,2024-12-31 17:45:43,2025-02-17 20:30:00,Grand Prix Package,5,37475,FULFILLED,
1,76,53,2024-12-31 19:47:19,2025-01-18 19:45:00,Junior Race 10 Laps,3,5985,FULFILLED,
2,56,44,2024-12-31 19:56:42,2025-01-07 19:45:00,Grand Prix Package,5,37475,FULFILLED,
4,77,26,2025-01-01 13:59:31,2025-01-01 15:30:00,Adult Race 10 Laps,2,7800,FULFILLED,
2,57,17,2024-12-31 21:23:20,2025-01-03 16:45:00,Junior Race 8 Laps,4,7180,FULFILLED,
4,78,31,2025-01-01 19:20:56,2025-01-18 13:45:00,Junior Race,5,14500,FULFILLED,
3,70,39,2025-01-01 08:27:20,2025-01-05 18:00:00,Arrive & Drive 15 min,5,12000,FULFILLED,
3,71,47,2025-01-01 18:27:31,2025-03-07 19:30:00,Junior Session,6,10800,FULFILLED,
3,72,48,2025-01-01 18:38:17,2025-03-29 18:00:00,Junior Session,4,7200,FULFILLED,
1,77,54,2025-01-01 13:46:33,2025-01-05 13:00:00,3-Race Pack,3,19485,FULFILLED,
3,73,49,2025-01-01 23:25:07,2025-01-04 17:45:00,Stag/Hen Grand Prix,4,26000,FULFILLED,
1,78,12,2025-01-01 19:37:38,2025-01-11 18:30:00,Junior Race 10 Laps,2,3990,FULFILLED,
1,79,55,2025-01-01 19:44:00,2025-01-01 20:30:00,Junior Race 10 Laps,2,3990,FULFILLED,
5,8,6,2025-01-01 21:52:13,2025-01-02 09:30:00,TEST RACE,1,100,FULFILLED,
1,80,56,2025-01-01 22:19:43,2025-01-03 20:30:00,Junior Race 10 Laps,1,1995,FULFILLED,
2,58,17,2025-01-01 22:06:26,2025-01-26 16:30:00,Junior Race 8 Laps,1,1795,FULFILLED,
4,79,7,2025-01-02 20:14:38,2025-01-07 13:15:00,Adult Race 10 Laps,6,23400,FULFILLED,
3,74,50,2025-01-02 10:45:18,2025-01-02 14:45:00,Arrive & Drive 15 min,8,19200,FULFILLED,
1,81,18,2025-01-02 07:08:10,2025-03-15 11:00:00,Junior Race 10 Laps,4,7980,WITHDRAWN,2025-03-09 12:32:15
4,80,41,2025-01-02 23:35:18,2025-01-07 12:30:00,Endurance 30 min,6,53400,FULFILLED,
1,82,57,2025-01-02 07:35:26,2025-01-06 19:00:00,Junior Race 10 Laps,6,11970,FULFILLED,
1,83,10,2025-01-02 15:17:01,2025-01-06 20:15:00,Adult Race 14 Laps,4,10780,FULFILLED,
4,81,57,2025-01-03 10:23:28,2025-01-03 11:15:00,Endurance 30 min,5,44500,FULFILLED,
2,59,14,2025-01-02 18:19:59,2025-01-09 16:30:00,Junior Race 8 Laps,3,5385,FULFILLED,
2,60,45,2025-01-02 21:23:16,2025-03-14 19:00:00,Adult Race 12 Laps,3,7485,FULFILLED,
4,82,58,2025-01-03 15:36:00,2025-01-05 15:00:00,Endurance 30 min,4,35600,FULFILLED,
4,83,59,2025-01-03 15:40:29,2025-01-08 15:15:00,Adult Race 10 Laps,6,23400,FULFILLED,
5,9,7,2025-01-03 07:49:33,2025-01-03 11:30:00,TEST RACE,2,200,FULFILLED,
1,84,58,2025-01-03 14:34:09,2025-01-04 13:30:00,Adult Race 14 Laps,1,2695,FULFILLED,
4,84,60,2025-01-04 08:42:45,2025-02-01 12:30:00,Junior Race,5,14500,FULFILLED,
2,61,46,2025-01-03 15:08:46,2025-02-01 16:00:00,Junior Race 8 Laps,6,10770,FULFILLED,
4,85,61,2025-01-04 10:01:02,2025-01-29 15:45:00,Junior Race,3,8700,FULFILLED,
3,75,51,2025-01-03 23:06:19,2025-01-04 17:15:00,Stag/Hen Grand Prix,7,45500,FULFILLED,
3,76,52,2025-01-03 23:12:53,2025-03-30 18:30:00,Arrive & Drive 15 min,6,14400,WITHDRAWN,2025-03-04 19:15:39
2,62,47,2025-01-03 21:05:39,2025-01-04 20:00:00,Junior Race 8 Laps,3,5385,WITHDRAWN,2025-01-04 09:47:23
2,63,48,2025-01-03 22:40:59,2025-01-04 21:30:00,Grand Prix Package,3,22485,WITHDRAWN,2025-01-04 11:13:11
4,86,62,2025-01-04 19:19:06,2025-01-25 19:15:00,Adult Race 10 Laps,4,15600,FULFILLED,
2,64,49,2025-01-04 10:55:46,2025-01-10 18:00:00,Grand Prix Package,5,37475,FULFILLED,
2,65,39,2025-01-04 12:53:22,2025-01-17 20:30:00,Junior Race 8 Laps,4,7180,FULFILLED,
3,77,52,2025-01-04 23:26:02,2025-01-31 16:00:00,Junior Session,3,5400,FULFILLED,
2,66,50,2025-01-04 17:35:26,2025-01-10 18:15:00,Grand Prix Package,2,14990,FULFILLED,
1,85,59,2025-01-04 20:44:38,2025-01-05 20:00:00,Junior Race 10 Laps,2,3990,FULFILLED,
4,87,53,2025-01-05 22:29:02,2025-01-12 15:00:00,Adult Race 10 Laps,1,3900,FULFILLED,
3,78,53,2025-01-05 14:20:32,2025-01-09 16:30:00,Junior Session,8,14400,FULFILLED,
1,86,37,2025-01-05 14:10:27,2025-01-17 17:45:00,Junior Race 10 Laps,4,7980,FULFILLED,
3,79,54,2025-01-05 19:19:47,2025-01-07 17:00:00,Stag/Hen Grand Prix,7,45500,FULFILLED,
3,80,55,2025-01-05 19:39:09,2025-01-12 19:45:00,Stag/Hen Grand Prix,8,52000,FULFILLED,
1,87,60,2025-01-05 17:11:51,2025-01-08 19:30:00,Adult Race 14 Laps,6,16170,FULFILLED,
2,67,11,2025-01-05 16:33:17,2025-01-12 19:15:00,Junior Race 8 Laps,3,5385,FULFILLED,
4,88,63,2025-01-06 10:58:29,2025-01-12 15:00:00,Endurance 30 min,6,53400,FULFILLED,
3,81,11,2025-01-06 15:54:32,2025-03-05 14:30:00,Junior Session,6,10800,FULFILLED,
2,68,1,2025-01-06 10:01:54,2025-01-06 20:30:00,Junior Race 8 Laps,2,3590,FULFILLED,
5,10,3,2025-01-06 14:32:16,2025-01-11 09:00:00,TEST RACE,2,200,FULFILLED,
1,88,61,2025-01-06 14:51:19,2025-01-31 19:00:00,Adult Race 14 Laps,1,2695,FULFILLED,
2,69,51,2025-01-06 18:37:16,2025-03-08 20:15:00,Junior Race 8 Laps,1,1795,WITHDRAWN,2025-02-16 17:18:51
4,89,37,2025-01-07 23:26:04,2025-01-31 13:00:00,Endurance 30 min,4,35600,FULFILLED,
3,82,56,2025-01-07 18:34:10,2025-02-07 18:15:00,Arrive & Drive 15 min,6,14400,FULFILLED,
4,90,25,2025-01-08 07:04:42,2025-01-08 11:30:00,Adult Race 10 Laps,1,3900,FULFILLED,
4,91,63,2025-01-08 13:35:41,2025-01-10 12:30:00,Endurance 30 min,5,44500,FULFILLED,
2,70,41,2025-01-07 21:16:05,2025-01-18 19:15:00,Grand Prix Package,5,37475,FULFILLED,
4,92,64,2025-01-08 18:00:46,2025-02-08 11:45:00,Endurance 30 min,6,53400,FULFILLED,
3,83,57,2025-01-08 13:06:24,2025-01-12 18:00:00,Junior Session,8,14400,FULFILLED,
3,84,58,2025-01-08 17:58:49,2025-02-28 14:00:00,Arrive & Drive 15 min,3,7200,FULFILLED,
1,89,62,2025-01-08 13:56:48,2025-01-08 20:00:00,3-Race Pack,6,38970,FULFILLED,
3,85,57,2025-01-08 19:43:50,2025-01-11 16:30:00,Junior Session,8,14400,FULFILLED,
1,90,63,2025-01-08 17:11:17,2025-01-19 19:00:00,Adult Race 14 Laps,4,10780,FULFILLED,
1,91,55,2025-01-08 19:56:30,2025-04-07 15:30:00,Junior Race 10 Laps,1,1995,WITHDRAWN,2025-03-06 12:45:42
1,92,10,2025-01-08 21:39:42,2025-01-18 19:00:00,Junior Race 10 Laps,1,1995,FULFILLED,
2,71,52,2025-01-08 20:49:01,2025-03-14 20:45:00,Junior Race 8 Laps,3,5385,FULFILLED,
1,93,64,2025-01-08 22:53:40,2025-01-24 21:30:00,3-Race Pack,5,32475,FULFILLED,
2,72,53,2025-01-08 22:51:51,2025-02-12 12:30:00,Adult Race 12 Laps,1,2495,FULFILLED,
3,86,59,2025-01-09 08:34:20,2025-01-09 16:30:00,Arrive & Drive 15 min,8,19200,FULFILLED,
3,87,25,2025-01-09 14:20:44,2025-01-19 19:45:00,Stag/Hen Grand Prix,4,26000,FULFILLED,
1,94,65,2025-01-09 09:24:37,2025-01-26 18:30:00,Adult Race 14 Laps,5,13475,FULFILLED,
1,95,66,2025-01-09 11:13:29,2025-01-12 11:00:00,Adult Race 14 Laps,3,8085,WITHDRAWN,2025-01-11 06:35:01
1,96,67,2025-01-09 11:27:07,2025-01-09 15:30:00,3-Race Pack,2,12990,FULFILLED,
1,97,4,2025-01-09 17:22:28,2025-01-11 18:00:00,Adult Race 14 Laps,5,13475,FULFILLED,
2,73,54,2025-01-09 16:41:19,2025-01-23 18:00:00,Grand Prix Package,2,14990,FULFILLED,
2,74,45,2025-01-09 16:43:58,2025-01-09 19:30:00,Adult Race 12 Laps,6,14970,FULFILLED,
2,75,55,2025-01-09 16:53:05,2025-01-12 21:30:00,Adult Race 12 Laps,1,2495,FULFILLED,
2,76,56,2025-01-10 07:32:49,2025-01-10 21:00:00,Adult Race 12 Laps,2,4990,FULFILLED,
3,88,60,2025-01-10 15:15:57,2025-01-12 18:00:00,Stag/Hen Grand Prix,7,45500,FULFILLED,
2,77,57,2025-01-10 18:40:02,2025-01-10 20:45:00,Grand Prix Package,1,7495,FULFILLED,
1,98,68,2025-01-10 23:48:37,2025-01-12 19:00:00,3-Race Pack,1,6495,FULFILLED,
4,93,13,2025-01-11 15:52:46,2025-01-22 14:00:00,Junior Race,2,5800,FULFILLED,
3,89,30,2025-01-11 11:30:26,2025-01-14 14:30:00,Junior Session,7,12600,FULFILLED,
3,90,61,2025-01-11 13:49:52,2025-02-02 13:45:00,Arrive & Drive 15 min,5,12000,FULFILLED,
2,78,41,2025-01-11 07:11:00,2025-01-12 20:45:00,Grand Prix Package,4,29980,FULFILLED,
2,79,58,2025-01-11 08:36:50,2025-01-11 16:30:00,Adult Race 12 Laps,4,9980,FULFILLED,
1,99,69,2025-01-11 14:20:27,2025-01-11 19:30:00,Adult Race 14 Laps,1,2695,FULFILLED,
1,100,70,2025-01-11 14:37:26,2025-01-12 18:45:00,3-Race Pack,6,38970,FULFILLED,
4,94,24,2025-01-12 07:10:08,2025-03-23 13:15:00,Adult Race 10 Laps,6,23400,WITHDRAWN,2025-02-26 13:16:10
3,91,16,2025-01-11 21:54:57,2025-02-05 16:45:00,Junior Session,1,1800,FULFILLED,
4,95,65,2025-01-12 10:55:37,2025-03-26 13:00:00,Endurance 30 min,1,8900,FULFILLED,
4,96,35,2025-01-12 11:13:24,2025-01-18 15:00:00,Adult Race 10 Laps,2,7800,WITHDRAWN,2025-01-18 00:51:49
1,101,71,2025-01-12 08:04:03,2025-01-12 15:00:00,Junior Race 10 Laps,3,5985,FULFILLED,
3,92,62,2025-01-12 15:24:49,2025-01-12 16:30:00,Junior Session,4,7200,FULFILLED,
3,93,63,2025-01-12 17:36:08,2025-02-01 18:30:00,Junior Session,8,14400,FULFILLED,
5,11,8,2025-01-12 14:53:45,2025-02-02 09:30:00,TEST RACE,1,100,FULFILLED,
3,94,64,2025-01-12 21:44:51,2025-02-05 18:45:00,Arrive & Drive 15 min,6,14400,FULFILLED,
4,97,66,2025-01-13 10:09:14,2025-01-23 15:30:00,Adult Race 10 Laps,3,11700,FULFILLED,
2,80,59,2025-01-12 17:21:58,2025-01-17 19:15:00,Grand Prix Package,2,14990,FULFILLED,
1,102,72,2025-01-12 19:33:40,2025-02-08 18:30:00,3-Race Pack,2,12990,FULFILLED,
4,98,67,2025-01-13 12:59:25,2025-03-27 14:00:00,Junior Race,5,14500,FULFILLED,
4,99,68,2025-01-13 15:30:30,2025-01-25 13:00:00,Adult Race 10 Laps,6,23400,FULFILLED,
4,100,69,2025-01-13 20:34:10,2025-04-10 15:30:00,Adult Race 10 Laps,1,3900,FULFILLED,
1,103,73,2025-01-13 08:31:19,2025-01-19 19:00:00,3-Race Pack,1,6495,FULFILLED,
3,95,8,2025-01-13 15:26:58,2025-01-16 19:15:00,Stag/Hen Grand Prix,3,19500,FULFILLED,
2,81,60,2025-01-13 08:30:55,2025-01-17 21:30:00,Adult Race 12 Laps,3,7485,FULFILLED,
2,82,61,2025-01-13 09:09:45,2025-01-14 16:15:00,Grand Prix Package,5,37475,FULFILLED,
1,104,74,2025-01-13 11:24:02,2025-01-15 19:00:00,Adult Race 14 Laps,4,10780,FULFILLED,
1,105,75,2025-01-13 13:34:03,2025-01-22 20:15:00,3-Race Pack,2,12990,FULFILLED,
2,83,62,2025-01-13 14:22:23,2025-01-14 12:30:00,Grand Prix Package,1,7495,FULFILLED,
3,96,18,2025-01-13 21:23:59,2025-02-08 17:15:00,Stag/Hen Grand Prix,1,6500,WITHDRAWN,2025-02-03 19:51:55
4,101,70,2025-01-14 08:26:14,2025-01-14 15:30:00,Endurance 30 min,3,26700,FULFILLED,
4,102,71,2025-01-14 08:26:43,2025-01-24 14:30:00,Endurance 30 min,1,8900,FULFILLED,
1,106,76,2025-01-13 20:40:13,2025-01-18 19:15:00,Adult Race 14 Laps,3,8085,FULFILLED,
4,103,72,2025-01-14 20:15:46,2025-01-15 12:00:00,Endurance 30 min,6,53400,FULFILLED,
1,107,77,2025-01-14 08:26:03,2025-01-19 19:30:00,Adult Race 14 Laps,4,10780,FULFILLED,
3,97,65,2025-01-14 15:03:38,2025-01-17 16:00:00,Stag/Hen Grand Prix,3,19500,FULFILLED,
3,98,66,2025-01-14 16:26:53,2025-02-08 17:30:00,Arrive & Drive 15 min,2,4800,FULFILLED,
1,108,78,2025-01-14 11:31:47,2025-01-17 18:30:00,Adult Race 14 Laps,3,8085,FULFILLED,
4,104,73,2025-01-15 09:18:56,2025-01-21 17:30:00,Junior Race,6,17400,WITHDRAWN,2025-01-20 14:11:33
1,109,79,2025-01-14 18:45:00,2025-02-05 20:30:00,3-Race Pack,4,25980,FULFILLED,
1,110,80,2025-01-14 23:05:57,2025-01-16 17:30:00,Adult Race 14 Laps,6,16170,FULFILLED,
3,99,67,2025-01-15 07:29:30,2025-01-24 19:00:00,Stag/Hen Grand Prix,7,45500,FULFILLED,
4,105,74,2025-01-15 19:05:21,2025-02-06 14:00:00,Endurance 30 min,4,35600,FULFILLED,
1,111,51,2025-01-15 09:03:01,2025-01-21 20:30:00,Junior Race 10 Laps,3,5985,FULFILLED,
2,84,63,2025-01-15 07:48:39,2025-01-15 18:00:00,Adult Race 12 Laps,5,12475,FULFILLED,
2,85,64,2025-01-15 09:34:17,2025-02-04 20:00:00,Junior Race 8 Laps,3,5385,FULFILLED,
1,112,81,2025-01-15 14:20:27,2025-01-21 18:30:00,Junior Race 10 Laps,3,5985,FULFILLED,
2,86,65,2025-01-15 17:08:31,2025-01-17 20:30:00,Junior Race 8 Laps,1,1795,FULFILLED,
4,106,75,2025-01-16 11:41:37,2025-02-04 14:45:00,Junior Race,1,2900,FULFILLED,
4,107,76,2025-01-16 11:42:48,2025-01-18 13:30:00,Junior Race,2,5800,FULFILLED,
4,108,9,2025-01-16 14:31:00,2025-03-26 15:15:00,Junior Race,2,5800,FULFILLED,
4,109,77,2025-01-16 16:27:24,2025-01-23 15:00:00,Endurance 30 min,6,53400,FULFILLED,
3,100,68,2025-01-16 08:12:03,2025-01-24 14:00:00,Stag/Hen Grand Prix,1,6500,FULFILLED,
1,113,82,2025-01-16 09:23:02,2025-02-12 18:45:00,Junior Race 10 Laps,3,5985,FULFILLED,
2,87,66,2025-01-16 08:46:38,2025-01-19 18:00:00,Adult Race 12 Laps,4,9980,FULFILLED,
2,88,67,2025-01-16 08:56:31,2025-01-18 19:00:00,Grand Prix Package,4,29980,FULFILLED,
3,101,69,2025-01-16 16:30:13,2025-01-18 17:30:00,Arrive & Drive 15 min,1,2400,FULFILLED,
3,102,70,2025-01-16 18:24:31,2025-03-30 18:00:00,Stag/Hen Grand Prix,2,13000,WITHDRAWN,2025-03-24 10:06:03
1,114,83,2025-01-16 13:27:13,2025-02-03 19:00:00,Adult Race 14 Laps,4,10780,FULFILLED,
4,110,61,2025-01-17 14:49:56,2025-03-09 14:15:00,Adult Race 10 Laps,4,15600,FULFILLED,
4,111,78,2025-01-17 15:29:38,2025-01-20 17:30:00,Adult Race 10 Laps,4,15600,FULFILLED,
4,112,79,2025-01-17 19:49:30,2025-01-19 10:30:00,Endurance 30 min,2,17800,FULFILLED,
1,115,84,2025-01-17 08:15:36,2025-01-17 11:15:00,Junior Race 10 Laps,3,5985,FULFILLED,
1,116,85,2025-01-17 11:16:31,2025-02-08 17:30:00,Junior Race 10 Laps,1,1995,FULFILLED,
4,113,80,2025-01-18 07:43:55,2025-01-18 11:45:00,Endurance 30 min,1,8900,FULFILLED,
4,114,81,2025-01-18 08:17:56,2025-01-18 17:30:00,Junior Race,2,5800,FULFILLED,
1,117,86,2025-01-17 21:12:16,2025-01-19 11:45:00,Adult Race 14 Laps,3,8085,FULFILLED,
2,89,51,2025-01-17 19:29:54,2025-02-06 16:00:00,Grand Prix Package,4,29980,FULFILLED,
1,118,86,2025-01-17 22:02:05,2025-04-11 19:15:00,3-Race Pack,6,38970,FULFILLED,
4,115,82,2025-01-18 14:49:36,2025-01-22 17:45:00,Junior Race,1,2900,FULFILLED,
1,119,87,2025-01-17 23:10:26,2025-01-19 13:30:00,Adult Race 14 Laps,2,5390,FULFILLED,
4,116,83,2025-01-18 17:54:31,2025-01-20 14:30:00,Adult Race 10 Laps,2,7800,FULFILLED,
3,103,71,2025-01-18 08:40:25,2025-01-18 18:30:00,Junior Session,3,5400,FULFILLED,
5,12,9,2025-01-18 08:51:02,2025-01-19 11:15:00,TEST RACE,1,100,FULFILLED,
3,104,72,2025-01-18 13:56:41,2025-01-24 18:00:00,Junior Session,5,9000,FULFILLED,
2,90,68,2025-01-18 10:18:47,2025-01-18 19:00:00,Grand Prix Package,6,44970,FULFILLED,
3,105,73,2025-01-18 17:32:25,2025-01-31 20:00:00,Stag/Hen Grand Prix,2,13000,FULFILLED,
3,106,74,2025-01-18 18:38:57,2025-01-19 20:30:00,Stag/Hen Grand Prix,4,26000,FULFILLED,
2,91,36,2025-01-18 12:03:17,2025-01-18 16:00:00,Grand Prix Package,4,29980,FULFILLED,
2,92,29,2025-01-18 13:17:14,2025-01-28 21:00:00,Junior Race 8 Laps,4,7180,FULFILLED,
4,117,14,2025-01-19 08:59:26,2025-01-19 17:45:00,Endurance 30 min,2,17800,FULFILLED,
1,120,88,2025-01-18 19:05:51,2025-02-16 21:15:00,Adult Race 14 Laps,2,5390,FULFILLED,
2,93,1,2025-01-18 19:00:10,2025-02-15 12:30:00,Grand Prix Package,1,7495,FULFILLED,
2,94,69,2025-01-18 19:30:02,2025-02-09 19:45:00,Adult Race 12 Laps,6,14970,FULFILLED,
2,95,31,2025-01-19 08:07:27,2025-01-25 12:00:00,Junior Race 8 Laps,4,7180,FULFILLED,
1,121,89,2025-01-19 10:21:55,2025-02-01 18:00:00,3-Race Pack,5,32475,WITHDRAWN,2025-01-31 07:18:34
2,96,14,2025-01-19 12:16:54,2025-02-09 18:00:00,Grand Prix Package,2,14990,FULFILLED,
4,118,84,2025-01-20 07:08:42,2025-01-20 10:30:00,Junior Race,1,2900,FULFILLED,
3,107,12,2025-01-19 20:25:47,2025-02-08 16:00:00,Stag/Hen Grand Prix,4,26000,FULFILLED,
4,119,85,2025-01-20 09:03:23,2025-01-20 13:00:00,Endurance 30 min,6,53400,FULFILLED,
2,97,70,2025-01-19 15:21:07,2025-01-20 16:00:00,Adult Race 12 Laps,3,7485,FULFILLED,
4,120,86,2025-01-20 09:47:28,2025-01-22 13:30:00,Endurance 30 min,6,53400,FULFILLED,
1,122,90,2025-01-19 17:50:26,2025-01-24 20:30:00,Junior Race 10 Laps,1,1995,FULFILLED,
2,98,71,2025-01-19 19:22:18,2025-02-09 21:45:00,Junior Race 8 Laps,5,8975,FULFILLED,
1,123,14,2025-01-19 23:31:32,2025-01-20 19:00:00,3-Race Pack,3,19485,FULFILLED,
4,121,87,2025-01-20 17:25:50,2025-01-24 12:30:00,Junior Race,4,11600,FULFILLED,
3,108,75,2025-01-20 09:33:40,2025-01-23 18:45:00,Arrive & Drive 15 min,6,14400,FULFILLED,
4,122,88,2025-01-20 22:02:33,2025-02-12 14:00:00,Endurance 30 min,3,26700,FULFILLED,
1,124,91,2025-01-20 12:42:04,2025-02-07 18:30:00,Adult Race 14 Laps,5,13475,FULFILLED,
2,99,63,2025-01-20 12:49:12,2025-01-20 18:45:00,Adult Race 12 Laps,1,2495,FULFILLED,
4,123,89,2025-01-21 08:06:45,2025-03-13 15:00:00,Adult Race 10 Laps,3,11700,FULFILLED,
2,100,15,2025-01-20 14:54:56,2025-01-22 21:45:00,Adult Race 12 Laps,2,4990,FULFILLED,
4,124,90,2025-01-21 09:58:58,2025-02-16 16:00:00,Endurance 30 min,4,35600,FULFILLED,
2,101,72,2025-01-20 18:46:08,2025-03-29 14:30:00,Adult Race 12 Laps,6,14970,FULFILLED,
2,102,73,2025-01-20 23:05:42,2025-01-27 19:30:00,Junior Race 8 Laps,6,10770,FULFILLED,
4,125,39,2025-01-21 19:19:36,2025-01-26 13:15:00,Junior Race,6,17400,FULFILLED,
5,13,10,2025-01-21 09:37:17,2025-02-18 09:45:00,TEST RACE,1,100,FULFILLED,
1,125,92,2025-01-21 12:50:21,2025-04-11 18:00:00,3-Race Pack,3,19485,FULFILLED,
1,126,4,2025-01-21 13:48:14,2025-02-19 19:00:00,Adult Race 14 Laps,6,16170,WITHDRAWN,2025-02-12 08:10:31
1,127,84,2025-01-21 14:48:43,2025-01-22 19:15:00,Junior Race 10 Laps,1,1995,FULFILLED,
4,126,77,2025-01-22 07:25:32,2025-01-22 14:00:00,Endurance 30 min,1,8900,FULFILLED,
4,127,9,2025-01-22 08:13:01,2025-01-22 17:15:00,Endurance 30 min,6,53400,FULFILLED,
2,103,74,2025-01-21 15:26:54,2025-01-21 19:30:00,Grand Prix Package,4,29980,FULFILLED,
2,104,30,2025-01-21 16:27:03,2025-01-25 12:30:00,Grand Prix Package,6,44970,FULFILLED,
1,128,93,2025-01-21 21:32:01,2025-04-18 19:30:00,Adult Race 14 Laps,1,2695,FULFILLED,
2,105,75,2025-01-21 21:14:20,2025-02-01 20:15:00,Junior Race 8 Laps,4,7180,FULFILLED,
2,106,76,2025-01-21 22:32:42,2025-01-22 20:45:00,Grand Prix Package,1,7495,FULFILLED,
3,109,76,2025-01-22 07:46:34,2025-01-22 18:30:00,Arrive & Drive 15 min,3,7200,FULFILLED,
3,110,23,2025-01-22 09:51:17,2025-02-12 16:00:00,Stag/Hen Grand Prix,5,32500,FULFILLED,
1,129,19,2025-01-22 11:36:15,2025-01-26 18:15:00,Junior Race 10 Laps,4,7980,FULFILLED,
3,111,16,2025-01-22 19:36:28,2025-01-25 20:30:00,Arrive & Drive 15 min,3,7200,FULFILLED,
4,128,91,2025-01-23 07:18:04,2025-01-25 19:00:00,Adult Race 10 Laps,4,15600,FULFILLED,
2,107,77,2025-01-22 16:29:21,2025-01-22 20:15:00,Grand Prix Package,6,44970,FULFILLED,
3,112,11,2025-01-22 23:47:29,2025-02-18 13:15:00,Junior Session,2,3600,FULFILLED,
2,108,66,2025-01-23 07:15:22,2025-01-25 20:45:00,Grand Prix Package,1,7495,FULFILLED,
3,113,43,2025-01-23 16:20:00,2025-01-24 16:45:00,Junior Session,3,5400,FULFILLED,
2,109,57,2025-01-23 10:52:39,2025-01-23 19:15:00,Adult Race 12 Laps,4,9980,FULFILLED,
2,110,78,2025-01-23 13:50:12,2025-03-14 14:00:00,Grand Prix Package,6,44970,FULFILLED,
1,130,85,2025-01-23 17:07:32,2025-02-15 19:30:00,Adult Race 14 Laps,6,16170,FULFILLED,
1,131,94,2025-01-23 17:37:14,2025-02-09 11:30:00,Adult Race 14 Laps,6,16170,FULFILLED,
4,129,31,2025-01-24 14:11:52,2025-01-24 16:45:00,Endurance 30 min,3,26700,FULFILLED,
4,130,62,2025-01-24 14:23:25,2025-01-24 17:30:00,Endurance 30 min,3,26700,FULFILLED,
1,132,95,2025-01-23 23:41:54,2025-02-22 21:30:00,3-Race Pack,3,19485,FULFILLED,
1,133,96,2025-01-24 09:12:43,2025-01-24 19:30:00,Junior Race 10 Laps,4,7980,FULFILLED,
1,134,97,2025-01-24 15:08:48,2025-01-30 17:30:00,Junior Race 10 Laps,1,1995,FULFILLED,
4,131,92,2025-01-25 07:28:06,2025-01-31 16:45:00,Junior Race,6,17400,FULFILLED,
4,132,93,2025-01-25 08:35:01,2025-01-25 16:00:00,Junior Race,6,17400,FULFILLED,
2,111,16,2025-01-24 16:11:13,2025-02-01 20:15:00,Adult Race 12 Laps,4,9980,FULFILLED,
4,133,94,2025-01-25 11:55:46,2025-01-27 15:00:00,Adult Race 10 Laps,2,7800,FULFILLED,
4,134,9,2025-01-25 13:25:23,2025-01-25 14:15:00,Junior Race,4,11600,FULFILLED,
2,112,51,2025-01-24 19:46:06,2025-02-21 18:00:00,Grand Prix Package,4,29980,FULFILLED,
3,114,77,2025-01-25 08:46:46,2025-01-25 20:00:00,Arrive & Drive 15 min,1,2400,FULFILLED,
3,115,78,2025-01-25 09:52:37,2025-01-25 13:45:00,Stag/Hen Grand Prix,8,52000,FULFILLED,
1,135,98,2025-01-25 08:16:04,2025-03-31 18:00:00,3-Race Pack,1,6495,FULFILLED,
1,136,81,2025-01-25 08:45:33,2025-01-25 18:15:00,Adult Race 14 Laps,4,10780,FULFILLED,
3,116,79,2025-01-25 13:53:51,2025-02-01 17:00:00,Arrive & Drive 15 min,8,19200,FULFILLED,
1,137,99,2025-01-25 10:40:48,2025-02-01 19:30:00,Adult Race 14 Laps,3,8085,WITHDRAWN,2025-01-29 05:58:17
1,138,19,2025-01-25 12:27:56,2025-01-28 19:15:00,Junior Race 10 Laps,5,9975,FULFILLED,
3,117,80,2025-01-25 18:13:36,2025-01-26 20:30:00,Arrive & Drive 15 min,4,9600,FULFILLED,
1,139,100,2025-01-25 14:26:19,2025-01-25 19:00:00,Adult Race 14 Laps,3,8085,FULFILLED,
2,113,79,2025-01-25 16:12:34,2025-01-25 19:30:00,Junior Race 8 Laps,6,10770,FULFILLED,
1,140,101,2025-01-25 19:26:34,2025-04-04 13:45:00,3-Race Pack,1,6495,FULFILLED,
4,135,77,2025-01-26 14:08:21,2025-02-05 15:30:00,Endurance 30 min,6,53400,FULFILLED,
2,114,80,2025-01-25 20:21:50,2025-01-28 12:30:00,Adult Race 12 Laps,4,9980,WITHDRAWN,2025-01-27 17:25:44
1,141,102,2025-01-26 10:33:34,2025-01-26 17:30:00,3-Race Pack,5,32475,FULFILLED,
2,115,14,2025-01-26 11:30:59,2025-02-01 21:30:00,Adult Race 12 Laps,2,4990,FULFILLED,
1,142,103,2025-01-26 14:19:47,2025-04-06 20:30:00,Junior Race 10 Laps,6,11970,FULFILLED,
4,136,95,2025-01-27 07:06:17,2025-02-21 13:00:00,Junior Race,3,8700,FULFILLED,
4,137,62,2025-01-27 08:07:10,2025-02-04 16:00:00,Adult Race 10 Laps,2,7800,FULFILLED,
4,138,96,2025-01-27 09:15:44,2025-01-29 10:00:00,Endurance 30 min,3,26700,FULFILLED,
1,143,104,2025-01-26 17:51:38,2025-02-08 18:00:00,Junior Race 10 Laps,4,7980,FULFILLED,
1,144,74,2025-01-26 19:24:05,2025-01-26 20:00:00,Adult Race 14 Laps,1,2695,FULFILLED,
1,145,67,2025-01-26 20:59:55,2025-02-19 19:15:00,Adult Race 14 Laps,3,8085,FULFILLED,
1,146,105,2025-01-26 23:41:16,2025-02-11 18:00:00,Junior Race 10 Laps,2,3990,FULFILLED,
3,118,81,2025-01-27 09:10:39,2025-01-27 14:00:00,Arrive & Drive 15 min,5,12000,FULFILLED,
2,116,81,2025-01-27 11:11:57,2025-02-03 20:00:00,Junior Race 8 Laps,6,10770,FULFILLED,
1,147,106,2025-01-27 13:55:13,2025-02-22 18:30:00,3-Race Pack,5,32475,FULFILLED,
3,119,75,2025-01-27 19:38:02,2025-02-01 20:30:00,Junior Session,4,7200,FULFILLED,
2,117,82,2025-01-27 15:11:48,2025-02-09 20:30:00,Junior Race 8 Laps,2,3590,FULFILLED,
1,148,107,2025-01-27 17:53:49,2025-04-27 19:45:00,Adult Race 14 Laps,6,16170,FULFILLED,
4,139,97,2025-01-28 09:59:21,2025-01-28 15:30:00,Junior Race,4,11600,FULFILLED,
2,118,79,2025-01-27 21:35:32,2025-02-01 18:15:00,Grand Prix Package,2,14990,FULFILLED,
4,140,98,2025-01-28 18:34:42,2025-02-10 15:30:00,Junior Race,5,14500,FULFILLED,
4,141,99,2025-01-28 19:16:59,2025-02-02 13:15:00,Adult Race 10 Laps,3,11700,FULFILLED,
4,142,74,2025-01-28 19:27:21,2025-02-13 17:30:00,Adult Race 10 Laps,1,3900,FULFILLED,
4,143,26,2025-01-28 21:57:39,2025-02-01 10:30:00,Adult Race 10 Laps,3,11700,WITHDRAWN,2025-01-31 16:16:32
1,149,108,2025-01-28 07:52:33,2025-02-19 21:15:00,Adult Race 14 Laps,6,16170,WITHDRAWN,2025-02-12 02:10:16
1,150,19,2025-01-28 15:03:48,2025-02-26 21:30:00,Junior Race 10 Laps,1,1995,FULFILLED,
1,151,66,2025-01-28 16:05:52,2025-03-28 17:00:00,Adult Race 14 Laps,4,10780,FULFILLED,
3,120,82,2025-01-28 22:56:26,2025-02-09 16:30:00,Junior Session,5,9000,FULFILLED,
2,119,42,2025-01-28 19:01:57,2025-01-31 14:00:00,Adult Race 12 Laps,2,4990,FULFILLED,
4,144,100,2025-01-29 13:03:06,2025-01-29 14:00:00,Endurance 30 min,2,17800,FULFILLED,
2,120,83,2025-01-28 19:51:17,2025-03-01 16:30:00,Grand Prix Package,1,7495,WITHDRAWN,2025-02-19 20:50:53
4,145,101,2025-01-29 15:05:55,2025-04-06 14:15:00,Junior Race,2,5800,FULFILLED,
3,121,19,2025-01-29 07:43:04,2025-02-01 13:30:00,Arrive & Drive 15 min,2,4800,WITHDRAWN,2025-01-31 04:49:26
4,146,102,2025-01-30 07:31:09,2025-01-30 15:45:00,Junior Race,6,17400,FULFILLED,
3,122,83,2025-01-29 22:10:30,2025-02-08 18:00:00,Stag/Hen Grand Prix,2,13000,FULFILLED,
2,121,21,2025-01-29 18:00:05,2025-01-29 21:00:00,Grand Prix Package,3,22485,FULFILLED,
3,123,34,2025-01-30 09:39:48,2025-02-02 18:00:00,Junior Session,7,12600,FULFILLED,
4,147,103,2025-01-30 23:03:10,2025-01-31 17:30:00,Adult Race 10 Laps,5,19500,FULFILLED,
1,152,109,2025-01-30 07:52:03,2025-02-07 19:30:00,3-Race Pack,5,32475,FULFILLED,
2,122,84,2025-01-30 08:44:43,2025-01-31 20:15:00,Adult Race 12 Laps,5,12475,FULFILLED,
2,123,40,2025-01-30 08:45:41,2025-01-30 21:00:00,Junior Race 8 Laps,5,8975,FULFILLED,
1,153,55,2025-01-30 11:39:41,2025-02-01 19:30:00,Junior Race 10 Laps,4,7980,FULFILLED,
2,124,44,2025-01-30 12:58:32,2025-02-06 21:00:00,Junior Race 8 Laps,5,8975,FULFILLED,
1,154,110,2025-01-30 15:31:56,2025-01-30 19:30:00,Adult Race 14 Laps,5,13475,FULFILLED,
2,125,85,2025-01-30 15:49:03,2025-02-01 21:30:00,Junior Race 8 Laps,4,7180,FULFILLED,
2,126,86,2025-01-30 16:13:14,2025-02-09 20:00:00,Adult Race 12 Laps,6,14970,FULFILLED,
3,124,84,2025-01-30 23:42:03,2025-02-01 20:30:00,Arrive & Drive 15 min,7,16800,FULFILLED,
4,148,104,2025-01-31 13:34:26,2025-01-31 15:00:00,Junior Race,2,5800,FULFILLED,
1,155,111,2025-01-30 23:23:07,2025-02-02 20:30:00,3-Race Pack,6,38970,FULFILLED,
1,156,112,2025-01-31 08:51:48,2025-02-28 13:30:00,3-Race Pack,1,6495,FULFILLED,
1,157,113,2025-01-31 10:02:04,2025-02-01 19:00:00,Adult Race 14 Laps,3,8085,FULFILLED,
2,127,87,2025-01-31 10:49:20,2025-02-04 16:00:00,Junior Race 8 Laps,2,3590,FULFILLED,
2,128,88,2025-01-31 12:59:48,2025-02-04 14:15:00,Grand Prix Package,5,37475,FULFILLED,
2,129,89,2025-01-31 14:25:21,2025-01-31 19:00:00,Adult Race 12 Laps,6,14970,FULFILLED,
1,158,114,2025-01-31 17:35:06,2025-02-10 20:30:00,Adult Race 14 Laps,5,13475,FULFILLED,
4,149,105,2025-02-01 10:13:14,2025-02-01 15:00:00,Junior Race,3,8700,FULFILLED,
4,150,106,2025-02-01 13:02:12,2025-02-01 15:30:00,Adult Race 10 Laps,4,15600,FULFILLED,
4,151,97,2025-02-01 16:20:32,2025-02-04 13:45:00,Junior Race,4,11600,FULFILLED,
4,152,107,2025-02-01 17:49:00,2025-02-26 11:30:00,Endurance 30 min,5,44500,FULFILLED,
3,125,14,2025-02-01 11:38:49,2025-02-02 18:30:00,Junior Session,1,1800,FULFILLED,
1,159,115,2025-02-01 08:48:43,2025-03-01 19:30:00,Adult Race 14 Laps,1,2695,FULFILLED,
3,126,85,2025-02-01 14:49:45,2025-03-17 20:30:00,Junior Session,7,12600,FULFILLED,
1,160,116,2025-02-01 10:37:58,2025-02-05 18:15:00,3-Race Pack,6,38970,FULFILLED,
1,161,117,2025-02-01 11:57:48,2025-02-08 20:45:00,Adult Race 14 Laps,5,13475,FULFILLED,
3,127,42,2025-02-01 18:14:51,2025-02-27 11:00:00,Junior Session,4,7200,FULFILLED,
2,130,90,2025-02-01 11:42:07,2025-04-05 14:30:00,Junior Race 8 Laps,3,5385,WITHDRAWN,2025-03-30 09:56:12
2,131,91,2025-02-01 13:28:32,2025-02-07 18:00:00,Junior Race 8 Laps,2,3590,FULFILLED,
4,153,62,2025-02-02 08:02:42,2025-02-02 12:15:00,Adult Race 10 Laps,6,23400,FULFILLED,
3,128,86,2025-02-01 23:30:24,2025-02-14 18:30:00,Junior Session,5,9000,FULFILLED,
1,162,118,2025-02-01 19:05:46,2025-02-08 18:00:00,Junior Race 10 Laps,1,1995,FULFILLED,
4,154,108,2025-02-02 22:41:59,2025-02-13 11:15:00,Junior Race,5,14500,FULFILLED,
3,129,87,2025-02-02 14:48:31,2025-02-02 16:15:00,Arrive & Drive 15 min,4,9600,FULFILLED,
2,132,92,2025-02-02 09:38:09,2025-03-31 20:15:00,Grand Prix Package,3,22485,FULFILLED,
1,163,119,2025-02-02 12:30:10,2025-03-01 17:45:00,3-Race Pack,1,6495,FULFILLED,
1,164,120,2025-02-02 12:41:50,2025-04-20 19:30:00,Adult Race 14 Laps,5,13475,FULFILLED,
2,133,93,2025-02-02 13:37:27,2025-02-02 14:30:00,Junior Race 8 Laps,6,10770,FULFILLED,
4,155,109,2025-02-03 07:50:35,2025-02-03 13:00:00,Adult Race 10 Laps,6,23400,FULFILLED,
1,165,121,2025-02-02 20:12:31,2025-02-05 19:30:00,3-Race Pack,6,38970,FULFILLED,
2,134,94,2025-02-02 18:40:24,2025-02-05 19:45:00,Junior Race 8 Laps,6,10770,FULFILLED,
4,156,109,2025-02-03 16:30:37,2025-02-05 14:30:00,Endurance 30 min,6,53400,FULFILLED,
4,157,104,2025-02-03 23:12:56,2025-02-09 12:30:00,Endurance 30 min,2,17800,FULFILLED,
1,166,122,2025-02-03 10:22:01,2025-02-07 18:30:00,Adult Race 14 Laps,3,8085,FULFILLED,
4,158,110,2025-02-04 12:15:53,2025-02-08 10:30:00,Endurance 30 min,3,26700,FULFILLED,
1,167,123,2025-02-04 07:40:28,2025-02-06 21:30:00,Adult Race 14 Laps,2,5390,FULFILLED,
1,168,124,2025-02-04 08:48:16,2025-02-22 19:00:00,3-Race Pack,4,25980,FULFILLED,
2,135,95,2025-02-04 10:59:08,2025-05-03 19:00:00,Grand Prix Package,6,44970,FULFILLED,
5,14,11,2025-02-04 13:38:52,2025-02-23 10:15:00,TEST RACE,1,100,FULFILLED,
4,159,111,2025-02-05 08:43:54,2025-02-11 11:15:00,Endurance 30 min,2,17800,WITHDRAWN,2025-02-10 07:05:16
1,169,101,2025-02-04 17:26:35,2025-02-09 19:00:00,Junior Race 10 Laps,3,5985,FULFILLED,
4,160,49,2025-02-05 09:27:12,2025-02-10 14:00:00,Junior Race,1,2900,FULFILLED,
4,161,112,2025-02-05 09:27:37,2025-02-08 11:45:00,Adult Race 10 Laps,2,7800,FULFILLED,
4,162,113,2025-02-05 10:27:26,2025-02-26 15:30:00,Endurance 30 min,4,35600,FULFILLED,
4,163,114,2025-02-05 11:10:37,2025-02-05 12:00:00,Endurance 30 min,2,17800,FULFILLED,
4,164,115,2025-02-05 11:19:48,2025-02-08 12:30:00,Junior Race,5,14500,FULFILLED,
1,170,125,2025-02-04 20:07:21,2025-02-15 21:30:00,Junior Race 10 Laps,3,5985,FULFILLED,
1,171,115,2025-02-04 22:35:34,2025-02-09 19:15:00,Adult Race 14 Laps,4,10780,FULFILLED,
1,172,68,2025-02-04 23:26:41,2025-02-07 17:00:00,Adult Race 14 Laps,5,13475,FULFILLED,
2,136,96,2025-02-05 09:27:12,2025-02-23 20:30:00,Adult Race 12 Laps,2,4990,WITHDRAWN,2025-02-22 09:38:35
4,165,18,2025-02-06 12:08:39,2025-02-09 15:30:00,Endurance 30 min,3,26700,FULFILLED,
4,166,52,2025-02-06 12:11:07,2025-02-24 15:00:00,Junior Race,1,2900,FULFILLED,
4,167,116,2025-02-06 14:12:35,2025-02-08 10:30:00,Endurance 30 min,5,44500,FULFILLED,
4,168,12,2025-02-06 14:49:38,2025-02-08 15:45:00,Adult Race 10 Laps,6,23400,FULFILLED,
3,130,88,2025-02-06 08:29:08,2025-04-18 16:30:00,Stag/Hen Grand Prix,5,32500,FULFILLED,
3,131,89,2025-02-06 09:23:38,2025-02-28 20:45:00,Junior Session,8,14400,FULFILLED,
4,169,98,2025-02-06 22:53:17,2025-04-12 17:00:00,Adult Race 10 Laps,5,19500,FULFILLED,
2,137,97,2025-02-06 12:06:51,2025-02-06 20:30:00,Adult Race 12 Laps,5,12475,FULFILLED,
4,170,117,2025-02-07 09:03:59,2025-02-13 12:30:00,Endurance 30 min,6,53400,FULFILLED,
3,132,90,2025-02-06 22:57:04,2025-02-22 16:15:00,Junior Session,4,7200,FULFILLED,
4,171,99,2025-02-07 10:29:20,2025-02-08 15:00:00,Junior Race,2,5800,FULFILLED,
4,172,118,2025-02-07 12:10:45,2025-04-26 14:30:00,Adult Race 10 Laps,4,15600,FULFILLED,
4,173,119,2025-02-07 16:34:58,2025-03-21 16:00:00,Adult Race 10 Laps,5,19500,FULFILLED,
4,174,120,2025-02-07 22:15:36,2025-02-08 19:00:00,Adult Race 10 Laps,4,15600,FULFILLED,
2,138,98,2025-02-07 08:46:39,2025-02-07 20:45:00,Grand Prix Package,2,14990,FULFILLED,
3,133,19,2025-02-07 16:20:23,2025-04-09 20:30:00,Stag/Hen Grand Prix,1,6500,FULFILLED,
4,175,121,2025-02-08 07:38:35,2025-02-11 15:30:00,Adult Race 10 Laps,5,19500,FULFILLED,
2,139,99,2025-02-07 13:54:47,2025-05-02 20:00:00,Grand Prix Package,4,29980,FULFILLED,
4,176,122,2025-02-08 08:56:13,2025-02-08 15:45:00,Junior Race,5,14500,FULFILLED,
2,140,15,2025-02-07 15:27:02,2025-03-03 16:00:00,Adult Race 12 Laps,2,4990,FULFILLED,
1,173,17,2025-02-07 21:01:48,2025-04-11 17:30:00,Adult Race 14 Laps,3,8085,FULFILLED,
4,177,123,2025-02-08 19:11:23,2025-02-16 11:45:00,Endurance 30 min,2,17800,FULFILLED,
4,178,124,2025-02-08 20:48:18,2025-02-15 17:00:00,Endurance 30 min,4,35600,FULFILLED,
4,179,44,2025-02-08 21:57:41,2025-02-15 17:30:00,Endurance 30 min,3,26700,FULFILLED,
1,174,126,2025-02-08 09:37:21,2025-02-15 11:30:00,Adult Race 14 Laps,5,13475,FULFILLED,
3,134,47,2025-02-08 17:46:45,2025-02-10 18:15:00,Junior Session,7,12600,FULFILLED,
1,175,99,2025-02-08 15:30:52,2025-02-09 15:45:00,Adult Race 14 Laps,5,13475,FULFILLED,
1,176,127,2025-02-08 15:47:43,2025-02-09 17:45:00,3-Race Pack,5,32475,FULFILLED,
1,177,128,2025-02-08 16:31:57,2025-02-08 19:00:00,Junior Race 10 Laps,5,9975,FULFILLED,
2,141,20,2025-02-08 14:39:13,2025-02-23 14:45:00,Junior Race 8 Laps,5,8975,FULFILLED,
4,180,125,2025-02-09 10:04:44,2025-02-28 14:30:00,Junior Race,3,8700,FULFILLED,
1,178,129,2025-02-08 18:51:59,2025-02-08 19:00:00,3-Race Pack,4,25980,FULFILLED,
2,142,100,2025-02-08 16:59:37,2025-02-21 14:30:00,Adult Race 12 Laps,1,2495,FULFILLED,
1,179,130,2025-02-08 20:30:18,2025-02-09 17:00:00,3-Race Pack,2,12990,FULFILLED,
1,180,131,2025-02-08 22:21:07,2025-03-14 21:30:00,3-Race Pack,5,32475,FULFILLED,
4,181,126,2025-02-09 16:43:04,2025-03-10 15:15:00,Adult Race 10 Laps,5,19500,FULFILLED,
3,135,91,2025-02-09 07:23:24,2025-02-09 11:30:00,Arrive & Drive 15 min,3,7200,FULFILLED,
1,181,132,2025-02-09 09:39:14,2025-02-14 13:15:00,3-Race Pack,5,32475,FULFILLED,
2,143,101,2025-02-09 10:28:50,2025-02-14 19:15:00,Grand Prix Package,3,22485,FULFILLED,
2,144,102,2025-02-09 12:39:06,2025-02-23 20:00:00,Junior Race 8 Laps,6,10770,FULFILLED,
2,145,103,2025-02-09 16:31:18,2025-03-09 16:30:00,Grand Prix Package,1,7495,FULFILLED,
2,146,104,2025-02-09 17:44:45,2025-02-20 21:45:00,Grand Prix Package,1,7495,FULFILLED,
5,15,2,2025-02-09 20:48:57,2025-04-24 11:30:00,TEST RACE,1,100,FULFILLED,
4,182,127,2025-02-10 16:22:43,2025-02-16 15:15:00,Adult Race 10 Laps,2,7800,FULFILLED,
2,147,105,2025-02-09 23:04:09,2025-02-16 21:45:00,Grand Prix Package,3,22485,FULFILLED,
4,183,128,2025-02-10 21:32:30,2025-02-16 13:00:00,Junior Race,5,14500,FULFILLED,
4,184,129,2025-02-10 23:34:08,2025-03-09 16:00:00,Endurance 30 min,6,53400,FULFILLED,
5,16,12,2025-02-10 08:19:36,2025-02-16 09:00:00,TEST RACE,1,100,WITHDRAWN,2025-02-14 11:11:09
2,148,106,2025-02-10 09:05:24,2025-03-01 21:15:00,Junior Race 8 Laps,5,8975,FULFILLED,
2,149,107,2025-02-10 10:24:38,2025-02-11 20:00:00,Adult Race 12 Laps,6,14970,FULFILLED,
1,182,1,2025-02-10 13:00:19,2025-02-10 21:00:00,3-Race Pack,5,32475,FULFILLED,
1,183,133,2025-02-10 14:43:42,2025-03-20 20:30:00,Junior Race 10 Laps,6,11970,FULFILLED,
4,185,130,2025-02-11 08:18:26,2025-02-11 14:00:00,Endurance 30 min,4,35600,FULFILLED,
4,186,131,2025-02-11 10:31:07,2025-02-18 15:30:00,Endurance 30 min,1,8900,FULFILLED,
1,184,72,2025-02-10 19:13:31,2025-02-10 20:30:00,Adult Race 14 Laps,2,5390,FULFILLED,
4,187,46,2025-02-11 15:01:04,2025-03-06 15:30:00,Adult Race 10 Laps,1,3900,FULFILLED,
4,188,132,2025-02-11 17:52:45,2025-02-14 14:00:00,Junior Race,5,14500,FULFILLED,
4,189,133,2025-02-11 19:04:02,2025-02-26 15:45:00,Endurance 30 min,6,53400,FULFILLED,
3,136,4,2025-02-11 12:22:02,2025-02-14 19:15:00,Junior Session,4,7200,FULFILLED,
1,185,134,2025-02-11 11:29:30,2025-02-18 20:00:00,3-Race Pack,3,19485,FULFILLED,
2,150,108,2025-02-11 13:55:56,2025-04-05 19:00:00,Junior Race 8 Laps,1,1795,FULFILLED,
5,17,11,2025-02-11 16:38:36,2025-02-12 09:00:00,TEST RACE,1,100,FULFILLED,
2,151,25,2025-02-11 14:43:19,2025-02-11 21:15:00,Junior Race 8 Laps,2,3590,FULFILLED,
3,137,92,2025-02-11 22:30:21,2025-02-13 19:00:00,Stag/Hen Grand Prix,2,13000,FULFILLED,
4,190,134,2025-02-12 19:11:25,2025-02-15 15:45:00,Junior Race,5,14500,FULFILLED,
3,138,39,2025-02-12 10:09:19,2025-03-10 19:30:00,Arrive & Drive 15 min,8,19200,WITHDRAWN,2025-03-06 11:40:28
4,191,135,2025-02-12 22:02:38,2025-03-01 13:00:00,Endurance 30 min,2,17800,FULFILLED,
3,139,93,2025-02-12 15:40:09,2025-02-16 20:45:00,Stag/Hen Grand Prix,2,13000,FULFILLED,
3,140,94,2025-02-12 17:51:13,2025-05-11 18:30:00,Stag/Hen Grand Prix,6,39000,FULFILLED,
4,192,136,2025-02-13 07:15:14,2025-03-14 14:30:00,Junior Race,5,14500,FULFILLED,
2,152,109,2025-02-12 14:13:23,2025-02-15 16:15:00,Junior Race 8 Laps,2,3590,FULFILLED,
3,141,95,2025-02-12 21:13:44,2025-02-13 16:30:00,Stag/Hen Grand Prix,5,32500,WITHDRAWN,2025-02-13 07:25:17
4,193,34,2025-02-13 08:29:09,2025-02-16 15:30:00,Junior Race,2,5800,FULFILLED,
2,153,110,2025-02-12 14:55:37,2025-03-13 21:30:00,Junior Race 8 Laps,5,8975,WITHDRAWN,2025-03-08 05:16:53
4,194,137,2025-02-13 09:04:00,2025-02-13 12:30:00,Junior Race,2,5800,FULFILLED,
4,195,138,2025-02-13 09:10:56,2025-02-22 19:30:00,Junior Race,4,11600,FULFILLED,
1,186,135,2025-02-12 19:12:41,2025-02-23 19:30:00,Adult Race 14 Laps,5,13475,FULFILLED,
1,187,136,2025-02-12 23:26:02,2025-02-13 20:45:00,Adult Race 14 Laps,1,2695,FULFILLED,
3,142,15,2025-02-13 12:13:51,2025-02-15 16:45:00,Arrive & Drive 15 min,7,16800,WITHDRAWN,2025-02-14 15:48:51
3,143,73,2025-02-13 14:05:59,2025-05-14 17:30:00,Junior Session,7,12600,FULFILLED,
3,144,73,2025-02-13 14:18:36,2025-02-13 20:30:00,Junior Session,8,14400,WITHDRAWN,2025-02-13 19:34:22
3,145,96,2025-02-13 20:34:59,2025-04-02 19:45:00,Arrive & Drive 15 min,3,7200,FULFILLED,
1,188,137,2025-02-13 15:59:35,2025-02-14 17:15:00,3-Race Pack,1,6495,FULFILLED,
4,196,139,2025-02-14 09:47:02,2025-02-15 11:15:00,Adult Race 10 Laps,4,15600,FULFILLED,
4,197,7,2025-02-14 11:02:08,2025-02-15 16:00:00,Junior Race,3,8700,FULFILLED,
4,198,140,2025-02-14 13:45:52,2025-03-02 10:30:00,Adult Race 10 Laps,6,23400,FULFILLED,
4,199,141,2025-02-14 14:30:30,2025-02-14 15:00:00,Junior Race,3,8700,FULFILLED,
4,200,142,2025-02-14 15:15:20,2025-02-21 15:15:00,Endurance 30 min,3,26700,FULFILLED,
4,201,143,2025-02-14 15:41:33,2025-03-06 15:00:00,Endurance 30 min,6,53400,FULFILLED,
4,202,31,2025-02-14 17:53:24,2025-02-15 14:30:00,Endurance 30 min,6,53400,FULFILLED,
3,146,64,2025-02-14 07:40:19,2025-02-14 16:30:00,Arrive & Drive 15 min,1,2400,FULFILLED,
5,18,13,2025-02-14 07:49:10,2025-02-27 11:30:00,TEST RACE,2,200,FULFILLED,
1,189,44,2025-02-14 09:50:55,2025-02-14 19:00:00,Junior Race 10 Laps,4,7980,FULFILLED,
4,203,144,2025-02-15 07:09:11,2025-02-15 14:15:00,Adult Race 10 Laps,5,19500,FULFILLED,
1,190,112,2025-02-14 15:45:31,2025-02-14 19:30:00,Adult Race 14 Laps,3,8085,FULFILLED,
4,204,145,2025-02-15 08:23:40,2025-02-15 12:15:00,Endurance 30 min,3,26700,FULFILLED,
4,205,146,2025-02-15 14:29:31,2025-02-26 11:00:00,Junior Race,5,14500,FULFILLED,
3,147,10,2025-02-15 07:00:01,2025-02-16 18:00:00,Junior Session,1,1800,FULFILLED,
5,19,11,2025-02-15 08:01:48,2025-02-15 11:45:00,TEST RACE,1,100,FULFILLED,
1,191,138,2025-02-15 08:11:30,2025-02-15 20:30:00,Junior Race 10 Laps,4,7980,FULFILLED,
1,192,110,2025-02-15 09:30:30,2025-02-21 17:30:00,Junior Race 10 Laps,3,5985,FULFILLED,
1,193,139,2025-02-15 12:58:50,2025-05-15 17:30:00,3-Race Pack,5,32475,FULFILLED,
4,206,63,2025-02-16 07:43:30,2025-02-16 11:00:00,Endurance 30 min,4,35600,FULFILLED,
2,154,111,2025-02-15 14:02:57,2025-02-21 19:00:00,Junior Race 8 Laps,4,7180,FULFILLED,
1,194,20,2025-02-15 16:05:11,2025-02-21 20:15:00,Adult Race 14 Laps,6,16170,FULFILLED,
2,155,112,2025-02-15 14:05:35,2025-02-22 19:00:00,Grand Prix Package,3,22485,FULFILLED,
3,148,6,2025-02-15 23:14:14,2025-02-27 19:30:00,Junior Session,8,14400,WITHDRAWN,2025-02-26 05:27:44
1,195,31,2025-02-15 19:54:07,2025-03-07 15:00:00,3-Race Pack,6,38970,FULFILLED,
4,207,35,2025-02-16 15:27:56,2025-02-27 16:45:00,Adult Race 10 Laps,2,7800,FULFILLED,
4,208,147,2025-02-16 17:38:25,2025-02-22 15:00:00,Junior Race,2,5800,FULFILLED,
3,149,97,2025-02-16 09:16:34,2025-02-20 16:30:00,Junior Session,4,7200,FULFILLED,
3,150,98,2025-02-16 11:57:38,2025-05-03 20:00:00,Arrive & Drive 15 min,7,16800,FULFILLED,
1,196,140,2025-02-16 08:22:42,2025-02-18 20:00:00,Junior Race 10 Laps,1,1995,FULFILLED,
3,151,5,2025-02-16 21:38:05,2025-03-15 13:15:00,Arrive & Drive 15 min,2,4800,WITHDRAWN,2025-03-05 10:12:55
1,197,141,2025-02-16 17:56:10,2025-02-16 20:30:00,3-Race Pack,1,6495,FULFILLED,
3,152,99,2025-02-16 23:20:01,2025-02-18 18:30:00,Stag/Hen Grand Prix,5,32500,FULFILLED,
2,156,5,2025-02-16 17:59:41,2025-03-08 16:30:00,Junior Race 8 Laps,1,1795,FULFILLED,
3,153,100,2025-02-17 07:01:44,2025-02-25 17:30:00,Arrive & Drive 15 min,5,12000,FULFILLED,
3,154,101,2025-02-17 09:57:44,2025-02-23 16:00:00,Arrive & Drive 15 min,1,2400,FULFILLED,
3,155,102,2025-02-17 12:08:23,2025-02-23 11:30:00,Stag/Hen Grand Prix,7,45500,FULFILLED,
2,157,18,2025-02-17 07:13:41,2025-03-09 12:30:00,Grand Prix Package,2,14990,FULFILLED,
3,156,82,2025-02-17 15:39:23,2025-03-14 19:00:00,Junior Session,6,10800,FULFILLED,
4,209,148,2025-02-18 07:04:17,2025-02-18 10:00:00,Adult Race 10 Laps,6,23400,FULFILLED,
3,157,103,2025-02-17 22:33:34,2025-02-23 18:45:00,Arrive & Drive 15 min,1,2400,FULFILLED,
5,20,14,2025-02-17 18:05:40,2025-03-01 11:00:00,TEST RACE,1,100,FULFILLED,
1,198,20,2025-02-17 18:46:21,2025-02-18 19:00:00,3-Race Pack,6,38970,FULFILLED,
1,199,14,2025-02-17 20:49:39,2025-05-06 18:00:00,Junior Race 10 Laps,2,3990,WITHDRAWN,2025-04-22 22:46:28
3,158,31,2025-02-18 10:23:46,2025-02-18 16:45:00,Stag/Hen Grand Prix,8,52000,FULFILLED,
2,158,99,2025-02-18 07:39:43,2025-03-16 19:00:00,Junior Race 8 Laps,6,10770,FULFILLED,
1,200,142,2025-02-18 09:56:31,2025-03-21 11:00:00,Adult Race 14 Laps,6,16170,WITHDRAWN,2025-03-09 10:33:32
2,159,65,2025-02-18 09:06:45,2025-02-28 19:45:00,Junior Race 8 Laps,3,5385,FULFILLED,
3,159,104,2025-02-18 17:59:44,2025-02-18 18:00:00,Arrive & Drive 15 min,5,12000,FULFILLED,
1,201,46,2025-02-18 14:01:31,2025-02-19 20:00:00,Adult Race 14 Laps,1,2695,FULFILLED,
2,160,113,2025-02-18 12:35:35,2025-02-18 20:15:00,Grand Prix Package,1,7495,FULFILLED,
1,202,90,2025-02-18 17:39:00,2025-02-18 19:30:00,Adult Race 14 Laps,1,2695,FULFILLED,
2,161,69,2025-02-18 20:23:58,2025-03-04 12:30:00,Adult Race 12 Laps,1,2495,FULFILLED,
2,162,57,2025-02-18 20:59:12,2025-02-22 20:00:00,Grand Prix Package,2,14990,FULFILLED,
2,163,114,2025-02-18 21:43:54,2025-03-13 21:15:00,Junior Race 8 Laps,4,7180,FULFILLED,
2,164,52,2025-02-19 09:32:51,2025-02-21 20:15:00,Junior Race 8 Laps,6,10770,WITHDRAWN,2025-02-20 21:26:09
2,165,111,2025-02-19 09:42:26,2025-02-19 20:30:00,Grand Prix Package,6,44970,FULFILLED,
1,203,52,2025-02-19 16:00:52,2025-02-24 18:30:00,3-Race Pack,6,38970,FULFILLED,
4,210,149,2025-02-20 10:31:59,2025-02-21 15:45:00,Adult Race 10 Laps,5,19500,FULFILLED,
2,166,115,2025-02-19 18:21:23,2025-02-23 21:30:00,Grand Prix Package,4,29980,FULFILLED,
3,160,76,2025-02-20 19:49:29,2025-02-22 18:30:00,Junior Session,6,10800,FULFILLED,
4,211,34,2025-02-21 07:51:25,2025-02-21 16:45:00,Adult Race 10 Laps,2,7800,FULFILLED,
1,204,143,2025-02-20 17:54:34,2025-03-08 18:00:00,3-Race Pack,4,25980,WITHDRAWN,2025-03-05 10:09:57
4,212,83,2025-02-21 13:54:45,2025-02-21 17:45:00,Adult Race 10 Laps,2,7800,FULFILLED,
3,161,105,2025-02-21 10:08:34,2025-02-21 11:30:00,Junior Session,7,12600,FULFILLED,
3,162,88,2025-02-21 12:17:33,2025-02-21 18:00:00,Junior Session,5,9000,FULFILLED,
3,163,106,2025-02-21 14:47:55,2025-02-22 18:15:00,Junior Session,2,3600,FULFILLED,
4,213,90,2025-02-22 08:19:50,2025-02-22 17:30:00,Adult Race 10 Laps,5,19500,FULFILLED,
4,214,112,2025-02-22 08:38:03,2025-02-22 13:30:00,Endurance 30 min,6,53400,FULFILLED,
1,205,144,2025-02-21 17:22:25,2025-02-21 18:30:00,Junior Race 10 Laps,1,1995,FULFILLED,
4,215,150,2025-02-22 09:25:13,2025-02-22 14:15:00,Adult Race 10 Laps,3,11700,FULFILLED,
3,164,107,2025-02-21 23:27:23,2025-04-09 11:30:00,Stag/Hen Grand Prix,4,26000,FULFILLED,
1,206,8,2025-02-21 20:39:19,2025-03-03 20:00:00,3-Race Pack,1,6495,FULFILLED,
3,165,108,2025-02-22 19:07:55,2025-02-28 18:30:00,Stag/Hen Grand Prix,2,13000,FULFILLED,
1,207,118,2025-02-22 14:31:08,2025-02-22 19:30:00,3-Race Pack,4,25980,FULFILLED,
1,208,145,2025-02-22 16:06:53,2025-02-22 21:30:00,Adult Race 14 Laps,4,10780,FULFILLED,
2,167,116,2025-02-22 15:44:11,2025-02-22 21:30:00,Grand Prix Package,4,29980,FULFILLED,
2,168,117,2025-02-22 16:23:46,2025-02-22 21:15:00,Grand Prix Package,4,29980,FULFILLED,
1,209,146,2025-02-23 10:02:42,2025-03-02 20:30:00,3-Race Pack,4,25980,FULFILLED,
1,210,31,2025-02-23 10:54:29,2025-02-23 17:00:00,3-Race Pack,3,19485,FULFILLED,
3,166,109,2025-02-23 16:57:17,2025-03-07 14:30:00,Arrive & Drive 15 min,2,4800,WITHDRAWN,2025-03-05 08:48:51
2,169,46,2025-02-23 10:30:29,2025-02-23 21:30:00,Grand Prix Package,1,7495,FULFILLED,
3,167,75,2025-02-23 20:41:10,2025-03-18 17:15:00,Junior Session,2,3600,FULFILLED,
4,216,98,2025-02-24 09:20:57,2025-02-24 13:00:00,Junior Race,4,11600,FULFILLED,
2,170,4,2025-02-23 15:29:14,2025-02-23 20:30:00,Adult Race 12 Laps,2,4990,FULFILLED,
1,211,107,2025-02-23 21:18:44,2025-02-27 20:30:00,Adult Race 14 Laps,5,13475,FULFILLED,
1,212,110,2025-02-23 22:44:44,2025-02-26 11:00:00,Adult Race 14 Laps,5,13475,FULFILLED,
4,217,31,2025-02-24 18:14:58,2025-05-19 13:30:00,Adult Race 10 Laps,4,15600,WITHDRAWN,2025-05-05 08:24:34
1,213,147,2025-02-24 07:38:49,2025-02-28 19:30:00,Adult Race 14 Laps,6,16170,FULFILLED,
3,168,55,2025-02-24 15:37:41,2025-02-28 13:15:00,Junior Session,1,1800,FULFILLED,
2,171,118,2025-02-24 10:04:02,2025-03-03 20:15:00,Grand Prix Package,6,44970,FULFILLED,
1,214,148,2025-02-24 15:51:40,2025-03-24 20:00:00,Adult Race 14 Laps,5,13475,FULFILLED,
4,218,151,2025-02-25 19:33:26,2025-03-11 12:00:00,Endurance 30 min,5,44500,FULFILLED,
3,169,110,2025-02-25 10:58:36,2025-05-02 18:15:00,Junior Session,5,9000,FULFILLED,
3,170,111,2025-02-25 14:15:51,2025-02-28 16:00:00,Stag/Hen Grand Prix,1,6500,FULFILLED,
1,215,7,2025-02-25 15:14:39,2025-04-05 20:00:00,3-Race Pack,6,38970,FULFILLED,
4,219,131,2025-02-26 07:59:28,2025-02-26 14:15:00,Adult Race 10 Laps,3,11700,FULFILLED,
4,220,152,2025-02-26 08:10:58,2025-03-30 16:15:00,Endurance 30 min,2,17800,WITHDRAWN,2025-03-18 01:27:45
3,171,112,2025-02-25 21:14:09,2025-03-22 11:45:00,Arrive & Drive 15 min,3,7200,FULFILLED,
2,172,119,2025-02-25 14:57:35,2025-02-26 18:15:00,Junior Race 8 Laps,6,10770,FULFILLED,
1,216,149,2025-02-25 17:29:26,2025-05-23 20:30:00,3-Race Pack,3,19485,WITHDRAWN,2025-05-08 01:08:42
2,173,41,2025-02-25 22:26:09,2025-04-04 20:30:00,Adult Race 12 Laps,6,14970,FULFILLED,
1,217,150,2025-02-26 09:29:02,2025-02-28 13:15:00,Adult Race 14 Laps,4,10780,FULFILLED,
3,172,37,2025-02-26 17:43:24,2025-03-03 16:00:00,Stag/Hen Grand Prix,1,6500,FULFILLED,
2,174,120,2025-02-26 11:12:54,2025-03-20 16:15:00,Junior Race 8 Laps,1,1795,FULFILLED,
2,175,51,2025-02-26 11:47:47,2025-02-26 14:45:00,Junior Race 8 Laps,5,8975,FULFILLED,
1,218,117,2025-02-26 15:54:36,2025-03-08 21:30:00,3-Race Pack,6,38970,FULFILLED,
4,221,153,2025-02-27 08:47:36,2025-02-27 10:00:00,Endurance 30 min,5,44500,FULFILLED,
2,176,52,2025-02-26 15:33:42,2025-02-26 18:00:00,Adult Race 12 Laps,2,4990,FULFILLED,
4,222,154,2025-02-27 10:05:23,2025-02-27 13:30:00,Endurance 30 min,1,8900,FULFILLED,
2,177,121,2025-02-26 22:39:42,2025-05-27 19:15:00,Grand Prix Package,5,37475,WITHDRAWN,2025-04-25 00:13:25
3,173,113,2025-02-27 08:26:50,2025-03-06 17:00:00,Junior Session,4,7200,FULFILLED,
4,223,155,2025-02-27 20:32:52,2025-03-29 11:30:00,Endurance 30 min,5,44500,FULFILLED,
1,219,151,2025-02-27 08:51:25,2025-02-27 19:00:00,Junior Race 10 Laps,3,5985,FULFILLED,
1,220,152,2025-02-27 08:55:38,2025-02-27 19:00:00,3-Race Pack,2,12990,FULFILLED,
2,178,99,2025-02-27 12:03:26,2025-03-01 20:15:00,Adult Race 12 Laps,5,12475,FULFILLED,
2,179,122,2025-02-27 13:59:32,2025-03-07 19:30:00,Adult Race 12 Laps,4,9980,WITHDRAWN,2025-03-06 03:35:38
1,221,52,2025-02-27 18:40:52,2025-03-09 19:15:00,3-Race Pack,2,12990,FULFILLED,
1,222,153,2025-02-27 20:10:20,2025-03-13 20:30:00,Junior Race 10 Laps,3,5985,FULFILLED,
4,224,7,2025-02-28 13:43:06,2025-03-01 14:30:00,Adult Race 10 Laps,3,11700,FULFILLED,
1,223,154,2025-02-27 21:48:48,2025-03-22 15:00:00,3-Race Pack,1,6495,FULFILLED,
4,225,156,2025-02-28 17:56:11,2025-03-26 14:00:00,Junior Race,1,2900,FULFILLED,
4,226,157,2025-02-28 19:12:27,2025-03-29 14:15:00,Endurance 30 min,5,44500,FULFILLED,
4,227,157,2025-02-28 20:11:11,2025-03-30 12:30:00,Endurance 30 min,1,8900,FULFILLED,
1,224,58,2025-02-28 07:58:48,2025-03-02 19:00:00,3-Race Pack,1,6495,FULFILLED,
3,174,114,2025-02-28 15:27:22,2025-02-28 19:30:00,Junior Session,1,1800,FULFILLED,
2,180,84,2025-02-28 09:56:26,2025-03-12 16:30:00,Junior Race 8 Laps,2,3590,FULFILLED,
2,181,123,2025-02-28 13:45:23,2025-02-28 20:30:00,Grand Prix Package,1,7495,FULFILLED,
1,225,155,2025-02-28 16:20:43,2025-03-04 18:00:00,Adult Race 14 Laps,5,13475,FULFILLED,
4,228,62,2025-03-01 20:06:05,2025-03-02 15:00:00,Junior Race,3,8700,FULFILLED,
4,229,158,2025-03-01 22:31:26,2025-03-05 15:00:00,Junior Race,6,17400,FULFILLED,
5,21,15,2025-03-01 07:27:36,2025-03-01 10:45:00,TEST RACE,1,100,FULFILLED,
3,175,115,2025-03-01 23:22:55,2025-03-06 17:30:00,Stag/Hen Grand Prix,8,52000,FULFILLED,
2,182,107,2025-03-01 18:35:45,2025-03-01 21:00:00,Grand Prix Package,5,37475,FULFILLED,
3,176,116,2025-03-02 09:21:27,2025-03-02 17:00:00,Arrive & Drive 15 min,5,12000,FULFILLED,
2,183,90,2025-03-02 11:18:33,2025-03-14 20:45:00,Grand Prix Package,5,37475,FULFILLED,
1,226,29,2025-03-02 14:15:07,2025-03-05 21:00:00,3-Race Pack,6,38970,FULFILLED,
1,227,156,2025-03-02 14:24:34,2025-03-16 11:00:00,Junior Race 10 Laps,6,11970,FULFILLED,
1,228,3,2025-03-02 15:29:40,2025-03-04 11:30:00,3-Race Pack,3,19485,FULFILLED,
2,184,45,2025-03-02 16:24:27,2025-05-10 20:45:00,Grand Prix Package,6,44970,FULFILLED,
1,229,6,2025-03-02 21:53:48,2025-03-05 19:15:00,Adult Race 14 Laps,1,2695,FULFILLED,
2,185,124,2025-03-02 20:20:48,2025-05-30 20:30:00,Adult Race 12 Laps,6,14970,FULFILLED,
4,230,159,2025-03-03 18:24:17,2025-03-27 16:45:00,Endurance 30 min,4,35600,FULFILLED,
3,177,91,2025-03-03 19:58:20,2025-03-06 16:30:00,Junior Session,5,9000,FULFILLED,
3,178,31,2025-03-04 08:25:26,2025-05-04 19:00:00,Junior Session,8,14400,WITHDRAWN,2025-04-11 16:58:58
4,231,160,2025-03-04 22:54:44,2025-03-15 16:45:00,Junior Race,3,8700,FULFILLED,
2,186,125,2025-03-04 07:45:30,2025-03-08 18:00:00,Adult Race 12 Laps,1,2495,FULFILLED,
3,179,117,2025-03-04 16:03:38,2025-03-08 18:15:00,Arrive & Drive 15 min,7,16800,FULFILLED,
1,230,157,2025-03-04 14:21:47,2025-04-01 15:15:00,Adult Race 14 Laps,1,2695,FULFILLED,
3,180,118,2025-03-04 20:52:14,2025-03-29 18:15:00,Arrive & Drive 15 min,2,4800,FULFILLED,
4,232,161,2025-03-05 10:37:41,2025-03-06 19:45:00,Adult Race 10 Laps,4,15600,FULFILLED,
1,231,158,2025-03-04 23:35:02,2025-03-22 21:30:00,Junior Race 10 Laps,5,9975,FULFILLED,
2,187,126,2025-03-04 22:51:22,2025-03-27 20:15:00,Adult Race 12 Laps,1,2495,FULFILLED,
3,181,18,2025-03-05 09:51:43,2025-03-10 18:30:00,Arrive & Drive 15 min,5,12000,FULFILLED,
3,182,119,2025-03-05 11:47:10,2025-03-05 13:15:00,Stag/Hen Grand Prix,7,45500,FULFILLED,
2,188,127,2025-03-05 07:27:33,2025-04-04 16:00:00,Grand Prix Package,4,29980,FULFILLED,
2,189,30,2025-03-05 09:25:37,2025-03-09 16:30:00,Grand Prix Package,4,29980,FULFILLED,
2,190,59,2025-03-05 10:07:32,2025-03-11 20:15:00,Grand Prix Package,6,44970,FULFILLED,
2,191,128,2025-03-05 10:34:36,2025-03-08 12:30:00,Grand Prix Package,3,22485,FULFILLED,
3,183,120,2025-03-05 17:54:12,2025-03-07 19:30:00,Junior Session,1,1800,FULFILLED,
2,192,129,2025-03-05 11:44:52,2025-03-19 21:00:00,Adult Race 12 Laps,4,9980,FULFILLED,
2,193,75,2025-03-05 13:25:00,2025-03-31 14:30:00,Grand Prix Package,1,7495,FULFILLED,
1,232,137,2025-03-05 16:09:36,2025-03-05 21:45:00,3-Race Pack,2,12990,FULFILLED,
2,194,130,2025-03-05 16:33:21,2025-03-11 14:00:00,Adult Race 12 Laps,2,4990,FULFILLED,
2,195,40,2025-03-05 21:10:00,2025-03-11 21:15:00,Adult Race 12 Laps,2,4990,FULFILLED,
3,184,121,2025-03-06 07:34:19,2025-03-23 13:30:00,Arrive & Drive 15 min,2,4800,FULFILLED,
3,185,39,2025-03-06 09:33:12,2025-03-07 19:45:00,Stag/Hen Grand Prix,6,39000,FULFILLED,
3,186,122,2025-03-06 12:47:40,2025-03-24 19:00:00,Junior Session,7,12600,FULFILLED,
3,187,41,2025-03-06 16:02:24,2025-03-30 18:30:00,Arrive & Drive 15 min,3,7200,FULFILLED,
3,188,123,2025-03-06 18:09:22,2025-03-07 16:30:00,Junior Session,8,14400,FULFILLED,
1,233,159,2025-03-06 13:11:37,2025-04-23 11:30:00,3-Race Pack,4,25980,WITHDRAWN,2025-03-31 14:57:15
4,233,96,2025-03-07 08:08:08,2025-03-12 12:30:00,Endurance 30 min,3,26700,FULFILLED,
2,196,29,2025-03-06 15:44:41,2025-03-27 20:00:00,Grand Prix Package,4,29980,FULFILLED,
3,189,124,2025-03-06 22:49:37,2025-03-08 17:15:00,Arrive & Drive 15 min,6,14400,FULFILLED,
4,234,162,2025-03-07 14:13:48,2025-03-29 14:30:00,Junior Race,5,14500,FULFILLED,
4,235,76,2025-03-07 16:10:52,2025-04-04 15:30:00,Junior Race,1,2900,FULFILLED,
2,197,131,2025-03-06 23:49:20,2025-03-13 21:30:00,Junior Race 8 Laps,5,8975,FULFILLED,
1,234,160,2025-03-07 08:17:32,2025-03-07 13:00:00,Junior Race 10 Laps,2,3990,FULFILLED,
2,198,132,2025-03-07 08:16:46,2025-04-05 19:30:00,Grand Prix Package,4,29980,FULFILLED,
2,199,41,2025-03-07 08:22:15,2025-04-02 18:00:00,Adult Race 12 Laps,5,12475,FULFILLED,
3,190,125,2025-03-07 15:53:16,2025-03-07 19:00:00,Junior Session,6,10800,FULFILLED,
3,191,126,2025-03-07 16:33:46,2025-03-07 18:00:00,Stag/Hen Grand Prix,6,39000,FULFILLED,
2,200,133,2025-03-07 09:56:51,2025-05-24 20:45:00,Adult Race 12 Laps,6,14970,FULFILLED,
4,236,163,2025-03-08 08:44:16,2025-03-08 12:30:00,Junior Race,5,14500,FULFILLED,
4,237,164,2025-03-08 10:09:11,2025-03-15 13:00:00,Adult Race 10 Laps,3,11700,FULFILLED,
4,238,165,2025-03-08 22:47:16,2025-03-23 15:00:00,Junior Race,4,11600,FULFILLED,
2,201,29,2025-03-08 07:48:53,2025-06-01 20:45:00,Junior Race 8 Laps,2,3590,FULFILLED,
3,192,68,2025-03-08 15:45:19,2025-03-08 17:15:00,Junior Session,3,5400,FULFILLED,
3,193,127,2025-03-08 15:49:22,2025-04-30 20:30:00,Junior Session,8,14400,FULFILLED,
1,235,161,2025-03-08 11:36:23,2025-03-22 18:45:00,Junior Race 10 Laps,2,3990,FULFILLED,
2,202,134,2025-03-08 12:00:43,2025-04-10 21:00:00,Junior Race 8 Laps,2,3590,FULFILLED,
2,203,135,2025-03-08 14:23:13,2025-03-08 20:30:00,Grand Prix Package,2,14990,FULFILLED,
4,239,166,2025-03-09 09:05:48,2025-03-09 10:00:00,Endurance 30 min,5,44500,FULFILLED,
5,22,16,2025-03-08 17:11:48,2025-04-05 11:00:00,TEST RACE,1,100,FULFILLED,
1,236,61,2025-03-08 17:44:23,2025-05-16 19:30:00,Junior Race 10 Laps,4,7980,FULFILLED,
2,204,136,2025-03-09 07:06:38,2025-03-09 21:30:00,Grand Prix Package,6,44970,FULFILLED,
1,237,162,2025-03-09 10:49:59,2025-03-09 17:30:00,Adult Race 14 Laps,6,16170,FULFILLED,
2,205,137,2025-03-09 09:51:18,2025-03-13 20:45:00,Junior Race 8 Laps,2,3590,FULFILLED,
1,238,163,2025-03-09 14:50:29,2025-03-09 18:30:00,3-Race Pack,4,25980,FULFILLED,
4,240,167,2025-03-10 08:19:09,2025-03-27 15:00:00,Junior Race,6,17400,FULFILLED,
2,206,14,2025-03-09 21:04:15,2025-03-27 21:15:00,Junior Race 8 Laps,6,10770,FULFILLED,
1,239,164,2025-03-10 08:04:05,2025-03-17 17:30:00,Junior Race 10 Laps,5,9975,FULFILLED,
3,194,128,2025-03-10 13:58:51,2025-03-10 16:00:00,Arrive & Drive 15 min,5,12000,FULFILLED,
3,195,129,2025-03-10 15:43:56,2025-04-17 16:30:00,Junior Session,8,14400,WITHDRAWN,2025-03-29 23:04:26
3,196,130,2025-03-10 16:33:28,2025-03-30 17:15:00,Stag/Hen Grand Prix,8,52000,FULFILLED,
5,23,17,2025-03-10 17:07:33,2025-03-16 09:45:00,TEST RACE,2,200,FULFILLED,
1,240,165,2025-03-10 17:59:20,2025-03-10 18:30:00,Junior Race 10 Laps,3,5985,FULFILLED,
3,197,78,2025-03-10 23:04:18,2025-03-15 19:30:00,Stag/Hen Grand Prix,7,45500,WITHDRAWN,2025-03-14 03:04:20
2,207,16,2025-03-10 16:20:05,2025-03-10 20:30:00,Grand Prix Package,5,37475,FULFILLED,
1,241,166,2025-03-10 21:49:03,2025-03-14 17:00:00,Adult Race 14 Laps,5,13475,FULFILLED,
2,208,95,2025-03-10 21:09:36,2025-03-17 18:00:00,Grand Prix Package,3,22485,WITHDRAWN,2025-03-17 08:28:17
1,242,167,2025-03-11 08:52:11,2025-03-24 19:30:00,3-Race Pack,4,25980,FULFILLED,
1,243,168,2025-03-11 13:09:28,2025-03-15 19:00:00,Junior Race 10 Laps,6,11970,FULFILLED,
2,209,138,2025-03-11 19:09:54,2025-03-24 20:30:00,Grand Prix Package,2,14990,WITHDRAWN,2025-03-18 14:51:42
2,210,139,2025-03-11 22:01:20,2025-03-15 20:00:00,Grand Prix Package,6,44970,FULFILLED,
3,198,39,2025-03-12 07:09:36,2025-03-20 20:15:00,Stag/Hen Grand Prix,6,39000,FULFILLED,
1,244,169,2025-03-12 07:16:24,2025-04-11 17:00:00,Adult Race 14 Laps,6,16170,FULFILLED,
2,211,140,2025-03-12 08:55:19,2025-04-09 18:45:00,Adult Race 12 Laps,4,9980,WITHDRAWN,2025-04-03 07:15:37
1,245,170,2025-03-12 15:07:37,2025-04-06 13:30:00,Junior Race 10 Laps,6,11970,FULFILLED,
1,246,171,2025-03-12 18:04:19,2025-03-17 19:00:00,3-Race Pack,2,12990,FULFILLED,
2,212,141,2025-03-12 20:00:49,2025-03-14 20:30:00,Grand Prix Package,4,29980,FULFILLED,
4,241,10,2025-03-13 16:13:43,2025-03-14 12:15:00,Endurance 30 min,5,44500,WITHDRAWN,2025-03-14 03:05:44
4,242,168,2025-03-13 16:49:47,2025-04-01 13:00:00,Endurance 30 min,1,8900,WITHDRAWN,2025-03-31 02:50:15
4,243,106,2025-03-13 23:36:55,2025-03-20 15:45:00,Junior Race,4,11600,FULFILLED,
4,244,92,2025-03-13 23:40:59,2025-05-16 11:00:00,Adult Race 10 Laps,1,3900,FULFILLED,
3,199,131,2025-03-13 13:19:21,2025-03-22 18:45:00,Arrive & Drive 15 min,5,12000,WITHDRAWN,2025-03-20 22:46:31
3,200,127,2025-03-13 14:31:23,2025-03-13 18:30:00,Junior Session,8,14400,FULFILLED,
3,201,78,2025-03-13 16:40:20,2025-03-19 19:30:00,Junior Session,2,3600,FULFILLED,
3,202,132,2025-03-13 20:10:51,2025-03-16 18:00:00,Junior Session,4,7200,FULFILLED,
3,203,133,2025-03-13 20:49:24,2025-04-07 13:30:00,Junior Session,3,5400,FULFILLED,
4,245,169,2025-03-14 08:41:47,2025-03-14 15:00:00,Adult Race 10 Laps,4,15600,FULFILLED,
1,247,172,2025-03-13 18:07:45,2025-03-20 19:00:00,3-Race Pack,1,6495,FULFILLED,
1,248,173,2025-03-13 18:55:30,2025-03-14 11:15:00,Junior Race 10 Laps,2,3990,FULFILLED,
2,213,142,2025-03-13 16:09:35,2025-03-13 20:00:00,Junior Race 8 Laps,1,1795,FULFILLED,
1,249,30,2025-03-13 20:46:51,2025-03-18 20:00:00,3-Race Pack,5,32475,FULFILLED,
4,246,170,2025-03-14 12:06:11,2025-03-14 15:00:00,Endurance 30 min,2,17800,FULFILLED,
3,204,131,2025-03-14 07:27:02,2025-03-30 17:00:00,Stag/Hen Grand Prix,3,19500,FULFILLED,
2,214,132,2025-03-14 08:35:56,2025-03-21 20:30:00,Grand Prix Package,2,14990,FULFILLED,
1,250,174,2025-03-14 12:22:29,2025-03-14 13:45:00,Junior Race 10 Laps,2,3990,FULFILLED,
1,251,31,2025-03-14 14:19:44,2025-03-30 21:30:00,Junior Race 10 Laps,4,7980,FULFILLED,
2,215,114,2025-03-14 12:22:25,2025-04-11 21:30:00,Junior Race 8 Laps,3,5385,FULFILLED,
2,216,143,2025-03-14 12:32:18,2025-04-08 14:30:00,Adult Race 12 Laps,6,14970,FULFILLED,
1,252,24,2025-03-14 15:57:38,2025-03-14 20:30:00,3-Race Pack,1,6495,FULFILLED,
1,253,175,2025-03-14 16:35:13,2025-04-12 11:45:00,Adult Race 14 Laps,3,8085,FULFILLED,
4,247,120,2025-03-15 07:47:43,2025-04-14 14:30:00,Endurance 30 min,5,44500,FULFILLED,
2,217,144,2025-03-14 16:09:45,2025-03-14 18:00:00,Junior Race 8 Laps,4,7180,FULFILLED,
4,248,171,2025-03-15 10:42:09,2025-03-15 12:45:00,Adult Race 10 Laps,1,3900,FULFILLED,
2,218,145,2025-03-14 17:46:08,2025-06-01 16:30:00,Junior Race 8 Laps,3,5385,WITHDRAWN,2025-05-06 20:14:32
1,254,176,2025-03-14 21:23:45,2025-03-26 18:30:00,3-Race Pack,5,32475,FULFILLED,
4,249,172,2025-03-15 12:58:04,2025-03-15 13:00:00,Junior Race,3,8700,FULFILLED,
1,255,8,2025-03-14 23:08:30,2025-03-15 15:15:00,3-Race Pack,6,38970,FULFILLED,
4,250,173,2025-03-15 17:55:36,2025-04-04 15:30:00,Adult Race 10 Laps,2,7800,FULFILLED,
3,205,134,2025-03-15 12:26:37,2025-03-15 20:30:00,Stag/Hen Grand Prix,5,32500,FULFILLED,
1,256,177,2025-03-15 09:50:26,2025-03-23 20:15:00,3-Race Pack,6,38970,FULFILLED,
3,206,135,2025-03-15 14:37:22,2025-05-15 19:45:00,Arrive & Drive 15 min,2,4800,WITHDRAWN,2025-04-15 09:18:46
2,219,146,2025-03-15 13:13:47,2025-04-09 14:45:00,Adult Race 12 Laps,1,2495,FULFILLED,
2,220,147,2025-03-15 13:45:07,2025-05-31 20:00:00,Adult Race 12 Laps,1,2495,FULFILLED,
1,257,178,2025-03-15 18:03:30,2025-03-22 19:00:00,Adult Race 14 Laps,6,16170,FULFILLED,
4,251,151,2025-03-16 12:15:50,2025-04-11 13:00:00,Junior Race,2,5800,FULFILLED,
4,252,174,2025-03-16 19:31:15,2025-03-27 16:30:00,Endurance 30 min,6,53400,FULFILLED,
3,207,136,2025-03-16 11:22:28,2025-03-16 20:45:00,Junior Session,3,5400,FULFILLED,
1,258,179,2025-03-16 08:48:45,2025-06-12 19:00:00,Adult Race 14 Laps,1,2695,FULFILLED,
1,259,180,2025-03-16 09:35:07,2025-03-21 17:30:00,Junior Race 10 Laps,1,1995,FULFILLED,
3,208,66,2025-03-16 16:19:49,2025-03-16 17:15:00,Arrive & Drive 15 min,3,7200,FULFILLED,
1,260,33,2025-03-16 16:11:39,2025-03-21 19:30:00,Junior Race 10 Laps,4,7980,FULFILLED,
1,261,55,2025-03-16 17:37:17,2025-03-16 19:00:00,Adult Race 14 Laps,6,16170,FULFILLED,
1,262,25,2025-03-16 23:11:30,2025-03-22 21:00:00,Adult Race 14 Laps,3,8085,FULFILLED,
1,263,181,2025-03-16 23:56:28,2025-03-23 20:30:00,Junior Race 10 Laps,6,11970,FULFILLED,
4,253,175,2025-03-17 18:49:35,2025-03-20 16:45:00,Adult Race 10 Laps,3,11700,FULFILLED,
3,209,137,2025-03-17 09:00:50,2025-03-29 17:45:00,Junior Session,8,14400,FULFILLED,
4,254,176,2025-03-17 20:38:54,2025-03-22 11:00:00,Endurance 30 min,6,53400,FULFILLED,
3,210,138,2025-03-17 15:16:33,2025-04-14 14:45:00,Arrive & Drive 15 min,7,16800,FULFILLED,
2,221,148,2025-03-17 08:30:43,2025-05-17 14:30:00,Junior Race 8 Laps,3,5385,WITHDRAWN,2025-04-27 18:51:55
2,222,149,2025-03-17 10:33:46,2025-04-14 18:30:00,Adult Race 12 Laps,1,2495,FULFILLED,
1,264,42,2025-03-17 14:43:52,2025-03-17 19:45:00,Adult Race 14 Laps,1,2695,FULFILLED,
3,211,43,2025-03-17 21:13:07,2025-03-20 16:30:00,Stag/Hen Grand Prix,8,52000,FULFILLED,
3,212,64,2025-03-18 13:20:33,2025-04-05 19:00:00,Stag/Hen Grand Prix,3,19500,FULFILLED,
3,213,2,2025-03-18 14:34:44,2025-04-12 20:30:00,Stag/Hen Grand Prix,2,13000,FULFILLED,
1,265,182,2025-03-18 15:29:40,2025-03-22 20:30:00,3-Race Pack,6,38970,FULFILLED,
1,266,183,2025-03-18 17:09:33,2025-04-15 18:45:00,3-Race Pack,3,19485,FULFILLED,
2,223,147,2025-03-18 15:50:17,2025-06-05 19:30:00,Grand Prix Package,4,29980,FULFILLED,
1,267,184,2025-03-18 21:05:12,2025-04-03 13:00:00,Adult Race 14 Laps,5,13475,FULFILLED,
3,214,139,2025-03-19 09:39:51,2025-03-21 16:15:00,Junior Session,3,5400,FULFILLED,
3,215,140,2025-03-19 13:03:17,2025-03-23 16:30:00,Arrive & Drive 15 min,1,2400,FULFILLED,
1,268,185,2025-03-19 11:01:20,2025-03-19 20:00:00,Junior Race 10 Laps,4,7980,FULFILLED,
3,216,141,2025-03-19 15:22:42,2025-03-22 18:30:00,Stag/Hen Grand Prix,3,19500,FULFILLED,
1,269,186,2025-03-19 12:16:06,2025-03-23 20:30:00,Junior Race 10 Laps,6,11970,FULFILLED,
3,217,142,2025-03-19 16:31:27,2025-03-22 16:00:00,Arrive & Drive 15 min,1,2400,FULFILLED,
2,224,150,2025-03-19 09:35:52,2025-05-21 18:45:00,Junior Race 8 Laps,2,3590,FULFILLED,
3,218,143,2025-03-19 17:24:28,2025-03-20 19:30:00,Stag/Hen Grand Prix,8,52000,FULFILLED,
2,225,151,2025-03-19 13:34:57,2025-03-30 18:00:00,Adult Race 12 Laps,2,4990,FULFILLED,
3,219,49,2025-03-19 22:22:07,2025-03-27 11:30:00,Arrive & Drive 15 min,1,2400,FULFILLED,
3,220,144,2025-03-19 22:24:07,2025-04-06 11:00:00,Stag/Hen Grand Prix,2,13000,FULFILLED,
2,226,8,2025-03-19 15:50:35,2025-03-19 20:00:00,Grand Prix Package,2,14990,FULFILLED,
2,227,152,2025-03-19 17:38:23,2025-03-21 14:00:00,Junior Race 8 Laps,1,1795,FULFILLED,
3,221,145,2025-03-20 14:21:55,2025-03-21 11:00:00,Stag/Hen Grand Prix,1,6500,FULFILLED,
1,270,155,2025-03-20 12:54:42,2025-03-27 19:15:00,3-Race Pack,6,38970,FULFILLED,
3,222,146,2025-03-20 17:02:55,2025-03-21 20:00:00,Stag/Hen Grand Prix,7,45500,FULFILLED,
3,223,147,2025-03-20 18:54:15,2025-03-30 19:00:00,Arrive & Drive 15 min,4,9600,FULFILLED,
2,228,153,2025-03-20 13:33:54,2025-03-22 16:00:00,Grand Prix Package,4,29980,FULFILLED,
3,224,148,2025-03-20 20:44:14,2025-04-10 18:00:00,Stag/Hen Grand Prix,2,13000,FULFILLED,
2,229,142,2025-03-20 19:45:42,2025-03-26 18:00:00,Junior Race 8 Laps,1,1795,FULFILLED,
4,255,177,2025-03-21 17:30:40,2025-03-22 16:45:00,Endurance 30 min,2,17800,FULFILLED,
2,230,154,2025-03-21 09:21:09,2025-03-25 19:30:00,Junior Race 8 Laps,1,1795,FULFILLED,
2,231,155,2025-03-21 18:06:24,2025-03-24 21:45:00,Adult Race 12 Laps,4,9980,FULFILLED,
4,256,178,2025-03-22 12:30:40,2025-04-10 15:00:00,Adult Race 10 Laps,6,23400,FULFILLED,
2,232,130,2025-03-21 21:26:37,2025-03-28 16:45:00,Adult Race 12 Laps,2,4990,FULFILLED,
4,257,179,2025-03-22 16:04:22,2025-03-28 15:00:00,Junior Race,2,5800,FULFILLED,
4,258,180,2025-03-22 17:25:13,2025-03-28 14:45:00,Endurance 30 min,5,44500,FULFILLED,
3,225,149,2025-03-22 08:06:01,2025-03-22 11:00:00,Junior Session,4,7200,FULFILLED,
3,226,150,2025-03-22 08:11:08,2025-03-24 16:15:00,Arrive & Drive 15 min,3,7200,FULFILLED,
4,259,181,2025-03-22 23:59:37,2025-04-19 14:30:00,Adult Race 10 Laps,2,7800,FULFILLED,
2,233,32,2025-03-22 12:53:22,2025-03-27 19:00:00,Grand Prix Package,1,7495,FULFILLED,
3,227,97,2025-03-22 20:54:15,2025-04-02 14:00:00,Junior Session,3,5400,WITHDRAWN,2025-03-30 06:46:13
3,228,151,2025-03-22 21:44:23,2025-03-27 16:00:00,Stag/Hen Grand Prix,1,6500,FULFILLED,
2,234,156,2025-03-22 17:34:26,2025-03-22 20:15:00,Junior Race 8 Laps,6,10770,FULFILLED,
2,235,157,2025-03-22 18:03:30,2025-03-22 19:30:00,Adult Race 12 Laps,1,2495,FULFILLED,
4,260,182,2025-03-23 22:56:32,2025-06-06 11:00:00,Endurance 30 min,5,44500,FULFILLED,
2,236,85,2025-03-23 11:35:45,2025-03-23 20:00:00,Grand Prix Package,2,14990,FULFILLED,
1,271,187,2025-03-23 16:56:00,2025-04-18 20:45:00,Junior Race 10 Laps,3,5985,FULFILLED,
2,237,29,2025-03-23 15:17:16,2025-04-18 18:45:00,Junior Race 8 Laps,5,8975,WITHDRAWN,2025-04-16 15:50:41
2,238,158,2025-03-23 16:33:42,2025-03-26 21:00:00,Grand Prix Package,1,7495,FULFILLED,
2,239,159,2025-03-23 19:40:45,2025-06-18 14:00:00,Junior Race 8 Laps,4,7180,FULFILLED,
4,261,92,2025-03-24 17:30:17,2025-03-31 17:30:00,Junior Race,6,17400,FULFILLED,
2,240,146,2025-03-23 23:32:34,2025-04-14 18:00:00,Adult Race 12 Laps,3,7485,FULFILLED,
3,229,152,2025-03-24 08:30:34,2025-03-24 19:30:00,Junior Session,6,10800,FULFILLED,
2,241,160,2025-03-24 07:27:48,2025-03-25 19:15:00,Grand Prix Package,3,22485,FULFILLED,
1,272,188,2025-03-24 16:38:01,2025-03-28 15:45:00,Adult Race 14 Laps,4,10780,FULFILLED,
4,262,117,2025-03-25 15:29:28,2025-03-29 17:30:00,Endurance 30 min,4,35600,FULFILLED,
2,242,161,2025-03-24 22:15:12,2025-05-18 20:30:00,Adult Race 12 Laps,5,12475,FULFILLED,
2,243,144,2025-03-24 23:14:52,2025-03-30 19:00:00,Junior Race 8 Laps,2,3590,FULFILLED,
2,244,162,2025-03-25 08:10:19,2025-03-30 21:30:00,Grand Prix Package,1,7495,FULFILLED,
2,245,42,2025-03-25 09:33:57,2025-03-25 21:45:00,Grand Prix Package,4,29980,FULFILLED,
4,263,78,2025-03-26 09:24:20,2025-03-26 10:15:00,Endurance 30 min,2,17800,FULFILLED,
2,246,163,2025-03-25 19:47:48,2025-04-01 20:30:00,Adult Race 12 Laps,4,9980,FULFILLED,
4,264,183,2025-03-26 14:00:50,2025-03-28 15:00:00,Adult Race 10 Laps,5,19500,FULFILLED,
2,247,164,2025-03-25 21:41:22,2025-04-13 19:30:00,Junior Race 8 Laps,2,3590,FULFILLED,
4,265,18,2025-03-26 17:26:17,2025-04-21 17:45:00,Endurance 30 min,4,35600,FULFILLED,
3,230,16,2025-03-26 07:43:56,2025-03-29 14:00:00,Stag/Hen Grand Prix,8,52000,FULFILLED,
3,231,59,2025-03-26 09:52:41,2025-04-12 18:15:00,Arrive & Drive 15 min,3,7200,FULFILLED,
1,273,81,2025-03-26 08:24:33,2025-04-08 19:00:00,Junior Race 10 Laps,2,3990,FULFILLED,
1,274,189,2025-03-26 10:01:16,2025-03-28 19:30:00,Junior Race 10 Laps,3,5985,FULFILLED,
1,275,190,2025-03-26 10:23:20,2025-04-02 19:15:00,Junior Race 10 Laps,6,11970,FULFILLED,
2,248,165,2025-03-26 09:45:39,2025-04-24 20:30:00,Adult Race 12 Laps,2,4990,FULFILLED,
1,276,44,2025-03-26 13:31:50,2025-03-26 19:00:00,Adult Race 14 Laps,4,10780,FULFILLED,
4,266,10,2025-03-27 09:30:45,2025-03-27 13:00:00,Adult Race 10 Laps,1,3900,FULFILLED,
1,277,57,2025-03-27 07:56:24,2025-03-27 11:30:00,Junior Race 10 Laps,6,11970,FULFILLED,
3,232,153,2025-03-27 17:28:11,2025-04-02 19:45:00,Stag/Hen Grand Prix,3,19500,FULFILLED,
1,278,191,2025-03-27 13:34:01,2025-03-29 17:00:00,Junior Race 10 Laps,2,3990,FULFILLED,
3,233,154,2025-03-27 21:27:23,2025-04-16 16:45:00,Stag/Hen Grand Prix,7,45500,FULFILLED,
1,279,192,2025-03-27 23:19:33,2025-04-11 19:30:00,Junior Race 10 Laps,5,9975,FULFILLED,
4,267,184,2025-03-28 14:40:42,2025-05-22 15:30:00,Junior Race,2,5800,FULFILLED,
3,234,47,2025-03-28 07:33:32,2025-03-29 18:00:00,Stag/Hen Grand Prix,3,19500,FULFILLED,
3,235,155,2025-03-28 08:49:46,2025-04-09 19:00:00,Junior Session,6,10800,FULFILLED,
4,268,185,2025-03-29 07:47:59,2025-03-29 12:30:00,Endurance 30 min,5,44500,FULFILLED,
4,269,186,2025-03-29 09:31:23,2025-03-29 12:30:00,Junior Race,1,2900,FULFILLED,
1,280,193,2025-03-28 18:36:16,2025-04-22 17:00:00,Adult Race 14 Laps,1,2695,FULFILLED,
2,249,166,2025-03-28 16:08:09,2025-03-30 20:00:00,Junior Race 8 Laps,3,5385,FULFILLED,
3,236,156,2025-03-28 23:27:09,2025-03-30 19:00:00,Arrive & Drive 15 min,3,7200,FULFILLED,
1,281,194,2025-03-28 22:22:40,2025-03-30 19:30:00,3-Race Pack,1,6495,WITHDRAWN,2025-03-30 16:18:41
4,270,187,2025-03-29 16:28:09,2025-04-05 15:00:00,Junior Race,4,11600,FULFILLED,
3,237,157,2025-03-29 11:50:07,2025-04-05 16:00:00,Stag/Hen Grand Prix,3,19500,FULFILLED,
3,238,158,2025-03-29 13:32:22,2025-04-25 16:00:00,Junior Session,7,12600,FULFILLED,
3,239,158,2025-03-29 13:33:00,2025-04-01 18:00:00,Junior Session,3,5400,FULFILLED,
2,250,167,2025-03-29 08:48:42,2025-03-29 21:00:00,Grand Prix Package,1,7495,FULFILLED,
1,282,195,2025-03-29 14:07:08,2025-03-31 20:30:00,Adult Race 14 Laps,5,13475,FULFILLED,
3,240,159,2025-03-29 19:02:24,2025-05-10 16:15:00,Arrive & Drive 15 min,8,19200,FULFILLED,
4,271,39,2025-03-30 07:32:58,2025-04-04 12:30:00,Endurance 30 min,1,8900,FULFILLED,
1,283,196,2025-03-29 17:58:04,2025-06-20 19:30:00,Junior Race 10 Laps,6,11970,FULFILLED,
1,284,197,2025-03-29 18:53:14,2025-06-05 20:30:00,Junior Race 10 Laps,3,5985,FULFILLED,
1,285,198,2025-03-29 20:40:32,2025-03-30 18:30:00,Junior Race 10 Laps,3,5985,FULFILLED,
1,286,87,2025-03-29 21:58:58,2025-04-23 19:15:00,3-Race Pack,3,19485,FULFILLED,
1,287,194,2025-03-29 22:42:08,2025-05-01 18:30:00,Adult Race 14 Laps,1,2695,FULFILLED,
4,272,188,2025-03-30 16:10:34,2025-04-29 12:00:00,Adult Race 10 Laps,1,3900,FULFILLED,
3,241,160,2025-03-30 09:35:44,2025-04-06 17:45:00,Arrive & Drive 15 min,2,4800,FULFILLED,
3,242,7,2025-03-30 10:09:00,2025-03-30 20:15:00,Stag/Hen Grand Prix,6,39000,FULFILLED,
1,288,174,2025-03-30 13:00:12,2025-03-30 15:00:00,Junior Race 10 Laps,1,1995,FULFILLED,
3,243,161,2025-03-30 20:54:44,2025-04-25 17:30:00,Stag/Hen Grand Prix,7,45500,FULFILLED,
1,289,199,2025-03-30 16:47:40,2025-06-07 19:30:00,3-Race Pack,3,19485,FULFILLED,
5,24,18,2025-03-30 19:29:51,2025-04-02 10:00:00,TEST RACE,2,200,FULFILLED,
1,290,200,2025-03-30 21:34:03,2025-06-13 20:00:00,Junior Race 10 Laps,5,9975,FULFILLED,
2,251,168,2025-03-30 22:31:27,2025-04-03 12:30:00,Adult Race 12 Laps,5,12475,FULFILLED,
4,273,189,2025-03-31 22:50:01,2025-04-16 15:15:00,Junior Race,4,11600,FULFILLED,
1,291,201,2025-03-31 11:57:03,2025-04-01 11:00:00,Junior Race 10 Laps,6,11970,FULFILLED,
1,292,109,2025-03-31 12:22:36,2025-03-31 17:00:00,3-Race Pack,2,12990,FULFILLED,
1,293,184,2025-03-31 22:11:42,2025-04-04 19:30:00,Adult Race 14 Laps,1,2695,FULFILLED,
3,244,162,2025-04-01 08:01:30,2025-04-05 13:00:00,Arrive & Drive 15 min,2,4800,FULFILLED,
3,245,79,2025-04-01 15:31:09,2025-04-07 16:00:00,Stag/Hen Grand Prix,6,39000,FULFILLED,
3,246,46,2025-04-01 17:23:27,2025-04-26 17:00:00,Arrive & Drive 15 min,1,2400,WITHDRAWN,2025-04-18 16:23:07
2,252,169,2025-04-01 09:53:09,2025-04-06 20:15:00,Junior Race 8 Laps,2,3590,FULFILLED,
5,25,19,2025-04-02 08:45:00,2025-04-02 10:30:00,TEST RACE,1,100,FULFILLED,
2,253,16,2025-04-02 13:02:37,2025-06-09 19:30:00,Junior Race 8 Laps,6,10770,FULFILLED,
3,247,163,2025-04-02 21:06:15,2025-04-16 13:00:00,Junior Session,8,14400,FULFILLED,
3,248,164,2025-04-02 22:05:44,2025-04-20 19:45:00,Stag/Hen Grand Prix,7,45500,FULFILLED,
2,254,84,2025-04-02 18:04:29,2025-06-08 18:45:00,Adult Race 12 Laps,6,14970,FULFILLED,
4,274,190,2025-04-03 18:54:20,2025-04-05 12:30:00,Junior Race,3,8700,FULFILLED,
4,275,191,2025-04-03 22:30:18,2025-04-07 10:00:00,Adult Race 10 Laps,2,7800,FULFILLED,
2,255,139,2025-04-03 09:10:51,2025-04-12 16:15:00,Junior Race 8 Laps,5,8975,WITHDRAWN,2025-04-09 19:39:59
2,256,170,2025-04-03 12:12:17,2025-04-03 14:00:00,Junior Race 8 Laps,4,7180,FULFILLED,
4,276,165,2025-04-04 08:01:13,2025-04-04 19:00:00,Adult Race 10 Laps,1,3900,FULFILLED,
1,294,170,2025-04-03 23:26:45,2025-05-01 19:30:00,3-Race Pack,5,32475,FULFILLED,
3,249,7,2025-04-04 11:26:49,2025-04-18 19:30:00,Arrive & Drive 15 min,5,12000,FULFILLED,
1,295,202,2025-04-04 10:31:07,2025-04-04 20:00:00,Adult Race 14 Laps,3,8085,FULFILLED,
3,250,148,2025-04-04 16:06:14,2025-04-11 19:00:00,Stag/Hen Grand Prix,4,26000,FULFILLED,
3,251,165,2025-04-04 18:23:51,2025-04-05 13:30:00,Stag/Hen Grand Prix,8,52000,FULFILLED,
5,26,20,2025-04-04 17:59:52,2025-04-08 11:30:00,TEST RACE,1,100,FULFILLED,
4,277,68,2025-04-05 09:22:21,2025-04-05 11:00:00,Endurance 30 min,4,35600,FULFILLED,
1,296,203,2025-04-04 21:10:03,2025-04-11 17:00:00,Adult Race 14 Laps,6,16170,FULFILLED,
4,278,192,2025-04-05 12:58:21,2025-05-26 16:00:00,Adult Race 10 Laps,4,15600,FULFILLED,
1,297,186,2025-04-04 23:04:53,2025-04-10 20:30:00,3-Race Pack,2,12990,FULFILLED,
2,257,132,2025-04-04 21:45:26,2025-04-06 19:15:00,Grand Prix Package,4,29980,FULFILLED,
3,252,4,2025-04-05 07:27:02,2025-04-08 20:30:00,Arrive & Drive 15 min,2,4800,FULFILLED,
3,253,166,2025-04-05 10:04:28,2025-04-08 17:00:00,Junior Session,6,10800,FULFILLED,
3,254,167,2025-04-05 10:12:30,2025-06-28 19:00:00,Junior Session,8,14400,FULFILLED,
3,255,168,2025-04-05 14:13:54,2025-04-05 20:45:00,Stag/Hen Grand Prix,2,13000,FULFILLED,
1,298,204,2025-04-05 10:20:15,2025-05-17 18:00:00,3-Race Pack,4,25980,FULFILLED,
2,258,171,2025-04-05 09:41:42,2025-04-05 19:45:00,Junior Race 8 Laps,3,5385,FULFILLED,
1,299,205,2025-04-05 14:16:40,2025-04-20 17:00:00,Adult Race 14 Laps,5,13475,FULFILLED,
1,300,199,2025-04-05 15:03:19,2025-04-06 19:00:00,Junior Race 10 Laps,2,3990,FULFILLED,
3,256,169,2025-04-05 20:22:40,2025-04-27 19:00:00,Arrive & Drive 15 min,5,12000,WITHDRAWN,2025-04-25 10:23:19
1,301,4,2025-04-05 15:47:46,2025-04-10 18:00:00,Adult Race 14 Laps,6,16170,FULFILLED,
3,257,91,2025-04-05 21:47:28,2025-05-03 14:30:00,Stag/Hen Grand Prix,8,52000,FULFILLED,
1,302,206,2025-04-05 17:56:59,2025-04-05 20:30:00,Junior Race 10 Laps,2,3990,FULFILLED,
4,279,193,2025-04-06 10:25:33,2025-05-02 15:45:00,Adult Race 10 Laps,6,23400,FULFILLED,
1,303,207,2025-04-05 20:59:23,2025-04-06 20:00:00,Junior Race 10 Laps,6,11970,FULFILLED,
4,280,41,2025-04-06 12:06:47,2025-04-06 14:30:00,Junior Race,3,8700,FULFILLED,
3,258,118,2025-04-06 07:11:18,2025-04-13 17:30:00,Stag/Hen Grand Prix,3,19500,FULFILLED,
3,259,170,2025-04-06 08:11:14,2025-04-12 19:30:00,Arrive & Drive 15 min,2,4800,FULFILLED,
3,260,4,2025-04-06 09:17:39,2025-04-06 14:45:00,Stag/Hen Grand Prix,6,39000,FULFILLED,
3,261,171,2025-04-06 09:46:10,2025-06-13 20:15:00,Arrive & Drive 15 min,7,16800,FULFILLED,
3,262,172,2025-04-06 11:42:41,2025-05-23 19:45:00,Junior Session,5,9000,FULFILLED,
3,263,173,2025-04-06 14:54:39,2025-04-12 16:30:00,Arrive & Drive 15 min,8,19200,FULFILLED,
2,259,172,2025-04-06 07:04:09,2025-04-06 12:00:00,Adult Race 12 Laps,1,2495,FULFILLED,
2,260,125,2025-04-06 08:22:49,2025-04-14 19:30:00,Grand Prix Package,1,7495,FULFILLED,
2,261,173,2025-04-06 09:49:10,2025-04-06 19:00:00,Grand Prix Package,6,44970,FULFILLED,
1,304,208,2025-04-06 14:12:18,2025-04-11 18:30:00,Junior Race 10 Laps,5,9975,FULFILLED,
1,305,176,2025-04-06 15:06:59,2025-04-11 19:15:00,3-Race Pack,2,12990,FULFILLED,
3,264,174,2025-04-06 22:11:37,2025-04-10 17:30:00,Junior Session,2,3600,FULFILLED,
2,262,35,2025-04-06 15:06:30,2025-04-26 20:00:00,Adult Race 12 Laps,1,2495,FULFILLED,
3,265,175,2025-04-06 23:52:45,2025-04-13 13:15:00,Junior Session,5,9000,FULFILLED,
1,306,2,2025-04-06 21:19:03,2025-04-09 19:00:00,Junior Race 10 Laps,5,9975,FULFILLED,
1,307,209,2025-04-06 22:15:11,2025-04-09 19:30:00,Junior Race 10 Laps,4,7980,FULFILLED,
2,263,21,2025-04-06 20:29:16,2025-04-15 16:15:00,Junior Race 8 Laps,5,8975,FULFILLED,
1,308,210,2025-04-06 23:41:50,2025-04-19 21:30:00,3-Race Pack,5,32475,FULFILLED,
2,264,103,2025-04-06 22:31:18,2025-04-13 18:30:00,Adult Race 12 Laps,4,9980,FULFILLED,
3,266,8,2025-04-07 07:08:32,2025-04-25 18:15:00,Arrive & Drive 15 min,6,14400,WITHDRAWN,2025-04-22 06:52:53
3,267,176,2025-04-07 10:49:16,2025-04-28 16:15:00,Arrive & Drive 15 min,2,4800,FULFILLED,
3,268,177,2025-04-07 14:37:41,2025-04-07 18:45:00,Stag/Hen Grand Prix,7,45500,FULFILLED,
2,265,174,2025-04-07 07:05:28,2025-05-17 20:00:00,Grand Prix Package,4,29980,FULFILLED,
2,266,175,2025-04-07 07:26:34,2025-06-18 21:15:00,Adult Race 12 Laps,3,7485,FULFILLED,
2,267,176,2025-04-07 08:06:15,2025-06-14 19:30:00,Junior Race 8 Laps,4,7180,FULFILLED,
1,309,211,2025-04-07 12:52:48,2025-04-16 15:15:00,Adult Race 14 Laps,6,16170,FULFILLED,
2,268,177,2025-04-07 10:48:47,2025-04-13 21:30:00,Adult Race 12 Laps,1,2495,FULFILLED,
1,310,212,2025-04-07 15:14:52,2025-04-11 19:30:00,Adult Race 14 Laps,3,8085,FULFILLED,
2,269,178,2025-04-07 16:48:06,2025-04-09 21:45:00,Junior Race 8 Laps,1,1795,WITHDRAWN,2025-04-09 06:52:18
2,270,82,2025-04-07 17:37:03,2025-04-25 18:15:00,Adult Race 12 Laps,4,9980,WITHDRAWN,2025-04-18 18:57:45
2,271,179,2025-04-07 22:37:44,2025-04-12 20:00:00,Adult Race 12 Laps,1,2495,FULFILLED,
3,269,178,2025-04-08 09:11:07,2025-04-13 19:30:00,Arrive & Drive 15 min,5,12000,FULFILLED,
1,311,213,2025-04-08 13:55:36,2025-06-26 18:30:00,Adult Race 14 Laps,6,16170,FULFILLED,
1,312,214,2025-04-08 17:03:18,2025-04-11 15:00:00,Adult Race 14 Laps,3,8085,FULFILLED,
2,272,180,2025-04-08 14:54:43,2025-04-18 21:15:00,Junior Race 8 Laps,3,5385,WITHDRAWN,2025-04-17 05:03:23
4,281,194,2025-04-09 11:09:46,2025-04-20 13:00:00,Adult Race 10 Laps,2,7800,WITHDRAWN,2025-04-18 19:26:31
1,313,215,2025-04-08 21:11:53,2025-04-13 20:00:00,3-Race Pack,2,12990,FULFILLED,
4,282,195,2025-04-09 12:31:24,2025-04-13 16:30:00,Endurance 30 min,2,17800,FULFILLED,
2,273,181,2025-04-08 20:10:12,2025-04-19 21:00:00,Junior Race 8 Laps,3,5385,WITHDRAWN,2025-04-18 04:20:23
3,270,48,2025-04-09 13:11:06,2025-04-17 18:30:00,Junior Session,4,7200,FULFILLED,
1,314,216,2025-04-09 08:33:53,2025-05-30 13:00:00,Adult Race 14 Laps,3,8085,FULFILLED,
1,315,217,2025-04-09 09:25:26,2025-05-17 11:45:00,Adult Race 14 Laps,1,2695,FULFILLED,
1,316,17,2025-04-09 09:31:44,2025-04-26 19:30:00,3-Race Pack,5,32475,FULFILLED,
2,274,182,2025-04-09 07:14:00,2025-04-09 21:45:00,Junior Race 8 Laps,4,7180,FULFILLED,
2,275,183,2025-04-09 09:22:32,2025-04-09 12:45:00,Grand Prix Package,3,22485,FULFILLED,
2,276,184,2025-04-09 09:31:18,2025-04-15 16:15:00,Adult Race 12 Laps,1,2495,FULFILLED,
1,317,218,2025-04-09 12:41:29,2025-04-13 17:00:00,Adult Race 14 Laps,2,5390,FULFILLED,
1,318,219,2025-04-09 14:22:36,2025-05-21 15:45:00,Junior Race 10 Laps,2,3990,FULFILLED,
2,277,42,2025-04-09 11:24:56,2025-05-05 12:30:00,Grand Prix Package,1,7495,FULFILLED,
2,278,14,2025-04-09 13:29:47,2025-04-13 19:00:00,Adult Race 12 Laps,1,2495,FULFILLED,
2,279,185,2025-04-09 13:39:53,2025-04-09 18:00:00,Junior Race 8 Laps,2,3590,FULFILLED,
1,319,31,2025-04-09 19:08:43,2025-06-14 18:00:00,3-Race Pack,3,19485,FULFILLED,
1,320,220,2025-04-09 20:10:19,2025-04-14 21:15:00,3-Race Pack,5,32475,FULFILLED,
1,321,221,2025-04-09 20:52:03,2025-04-12 21:15:00,3-Race Pack,6,38970,FULFILLED,
4,283,46,2025-04-10 16:13:13,2025-04-30 15:30:00,Endurance 30 min,2,17800,FULFILLED,
3,271,179,2025-04-10 07:24:02,2025-04-10 14:30:00,Junior Session,1,1800,WITHDRAWN,2025-04-10 13:37:35
3,272,46,2025-04-10 09:26:58,2025-05-03 18:00:00,Junior Session,1,1800,FULFILLED,
3,273,159,2025-04-10 15:22:09,2025-04-14 17:15:00,Arrive & Drive 15 min,2,4800,FULFILLED,
1,322,222,2025-04-10 17:56:18,2025-04-18 20:45:00,3-Race Pack,3,19485,FULFILLED,
4,284,176,2025-04-11 08:45:59,2025-04-18 11:00:00,Junior Race,1,2900,FULFILLED,
4,285,196,2025-04-11 15:06:15,2025-04-12 12:45:00,Adult Race 10 Laps,6,23400,FULFILLED,
2,280,186,2025-04-10 23:17:24,2025-04-11 20:45:00,Adult Race 12 Laps,6,14970,FULFILLED,
4,286,197,2025-04-11 22:55:35,2025-04-17 12:45:00,Endurance 30 min,5,44500,FULFILLED,
1,323,223,2025-04-11 12:43:12,2025-04-11 20:30:00,Adult Race 14 Laps,4,10780,FULFILLED,
4,287,198,2025-04-12 15:58:29,2025-04-12 16:15:00,Endurance 30 min,1,8900,FULFILLED,
3,274,165,2025-04-12 13:09:56,2025-05-03 14:00:00,Junior Session,8,14400,FULFILLED,
1,324,224,2025-04-12 08:41:48,2025-06-29 20:45:00,Junior Race 10 Laps,2,3990,FULFILLED,
4,288,199,2025-04-12 22:47:37,2025-05-02 16:00:00,Junior Race,2,5800,FULFILLED,
1,325,225,2025-04-12 08:51:16,2025-04-23 13:00:00,Adult Race 14 Laps,3,8085,FULFILLED,
4,289,200,2025-04-12 23:07:14,2025-04-19 15:30:00,Adult Race 10 Laps,2,7800,FULFILLED,
3,275,180,2025-04-12 16:54:50,2025-05-05 16:00:00,Stag/Hen Grand Prix,5,32500,FULFILLED,
2,281,27,2025-04-12 09:28:00,2025-04-18 14:30:00,Adult Race 12 Laps,2,4990,FULFILLED,
2,282,187,2025-04-12 10:01:20,2025-05-01 21:00:00,Grand Prix Package,4,29980,FULFILLED,
4,290,201,2025-04-13 10:25:32,2025-04-13 11:45:00,Junior Race,1,2900,FULFILLED,
2,283,187,2025-04-12 17:40:50,2025-04-27 19:30:00,Grand Prix Package,6,44970,FULFILLED,
4,291,202,2025-04-13 16:52:52,2025-04-19 14:00:00,Adult Race 10 Laps,4,15600,FULFILLED,
4,292,203,2025-04-13 19:26:10,2025-04-14 10:30:00,Endurance 30 min,2,17800,FULFILLED,
1,326,226,2025-04-13 09:26:46,2025-06-18 17:30:00,Junior Race 10 Laps,5,9975,FULFILLED,
4,293,131,2025-04-13 23:41:34,2025-06-06 12:00:00,Endurance 30 min,6,53400,FULFILLED,
1,327,227,2025-04-13 09:44:45,2025-04-27 20:30:00,3-Race Pack,1,6495,FULFILLED,
3,276,181,2025-04-13 14:59:22,2025-04-13 18:30:00,Arrive & Drive 15 min,5,12000,WITHDRAWN,2025-04-13 17:14:34
1,328,91,2025-04-13 11:03:02,2025-04-13 17:00:00,Adult Race 14 Laps,4,10780,FULFILLED,
2,284,188,2025-04-13 09:37:21,2025-05-23 20:30:00,Grand Prix Package,2,14990,FULFILLED,
3,277,64,2025-04-13 20:15:30,2025-04-19 19:15:00,Junior Session,2,3600,FULFILLED,
4,294,204,2025-04-14 09:37:59,2025-04-14 15:00:00,Endurance 30 min,3,26700,FULFILLED,
1,329,228,2025-04-13 22:42:43,2025-04-19 18:15:00,Junior Race 10 Laps,1,1995,FULFILLED,
3,278,182,2025-04-14 07:43:46,2025-04-14 18:00:00,Arrive & Drive 15 min,6,14400,FULFILLED,
4,295,205,2025-04-14 22:36:40,2025-04-29 16:30:00,Endurance 30 min,2,17800,WITHDRAWN,2025-04-22 07:53:28
1,330,229,2025-04-14 08:42:16,2025-05-13 20:45:00,Adult Race 14 Laps,1,2695,FULFILLED,
1,331,31,2025-04-14 12:20:34,2025-04-20 11:00:00,Adult Race 14 Laps,6,16170,FULFILLED,
2,285,155,2025-04-14 10:23:28,2025-07-01 12:15:00,Grand Prix Package,6,44970,FULFILLED,
3,279,183,2025-04-14 19:49:27,2025-06-01 20:30:00,Arrive & Drive 15 min,2,4800,FULFILLED,
1,332,7,2025-04-14 15:07:39,2025-04-14 19:30:00,Junior Race 10 Laps,6,11970,FULFILLED,
2,286,14,2025-04-14 12:41:42,2025-06-28 21:30:00,Grand Prix Package,6,44970,FULFILLED,
2,287,189,2025-04-14 16:02:09,2025-05-04 20:15:00,Junior Race 8 Laps,6,10770,FULFILLED,
4,296,131,2025-04-15 09:16:55,2025-05-14 16:30:00,Endurance 30 min,4,35600,FULFILLED,
3,280,184,2025-04-15 08:43:38,2025-05-13 11:00:00,Stag/Hen Grand Prix,3,19500,FULFILLED,
1,333,230,2025-04-15 08:31:16,2025-04-15 17:30:00,Junior Race 10 Laps,3,5985,FULFILLED,
2,288,190,2025-04-15 07:20:48,2025-04-20 16:45:00,Adult Race 12 Laps,1,2495,FULFILLED,
2,289,191,2025-04-15 12:10:41,2025-05-11 20:00:00,Junior Race 8 Laps,1,1795,FULFILLED,
1,334,90,2025-04-15 15:18:56,2025-04-20 18:30:00,Adult Race 14 Laps,3,8085,FULFILLED,
1,335,231,2025-04-15 17:06:07,2025-04-20 18:30:00,Adult Race 14 Laps,1,2695,FULFILLED,
2,290,192,2025-04-15 15:54:12,2025-04-19 20:30:00,Junior Race 8 Laps,3,5385,FULFILLED,
1,336,23,2025-04-15 19:39:05,2025-04-23 18:45:00,Adult Race 14 Laps,1,2695,FULFILLED,
1,337,232,2025-04-15 19:41:43,2025-05-28 21:45:00,Adult Race 14 Laps,1,2695,FULFILLED,
4,297,31,2025-04-16 12:24:06,2025-04-20 15:15:00,Adult Race 10 Laps,3,11700,FULFILLED,
1,338,233,2025-04-15 23:03:52,2025-07-05 18:15:00,Adult Race 14 Laps,4,10780,FULFILLED,
3,281,185,2025-04-16 08:56:06,2025-04-16 18:30:00,Stag/Hen Grand Prix,7,45500,FULFILLED,
3,282,138,2025-04-16 10:47:40,2025-04-18 14:00:00,Junior Session,1,1800,FULFILLED,
1,339,234,2025-04-16 15:24:59,2025-04-20 18:30:00,Junior Race 10 Laps,1,1995,WITHDRAWN,2025-04-20 03:06:26
1,340,235,2025-04-16 15:48:00,2025-04-20 15:15:00,Junior Race 10 Laps,4,7980,FULFILLED,
4,298,37,2025-04-17 11:12:06,2025-04-17 15:15:00,Junior Race,3,8700,FULFILLED,
1,341,236,2025-04-16 23:47:53,2025-05-10 19:00:00,Junior Race 10 Laps,5,9975,FULFILLED,
3,283,38,2025-04-17 12:16:30,2025-06-24 16:45:00,Stag/Hen Grand Prix,7,45500,WITHDRAWN,2025-06-10 10:51:18
4,299,206,2025-04-17 21:39:10,2025-05-13 12:45:00,Adult Race 10 Laps,5,19500,FULFILLED,
1,342,237,2025-04-17 13:19:14,2025-06-29 15:45:00,Junior Race 10 Laps,4,7980,FULFILLED,
3,284,186,2025-04-17 19:14:11,2025-05-10 14:30:00,Arrive & Drive 15 min,1,2400,FULFILLED,
1,343,20,2025-04-17 14:26:18,2025-04-25 19:15:00,3-Race Pack,3,19485,FULFILLED,
2,291,184,2025-04-17 12:45:25,2025-05-31 16:00:00,Grand Prix Package,5,37475,FULFILLED,
2,292,82,2025-04-17 13:57:52,2025-04-18 21:00:00,Junior Race 8 Laps,4,7180,FULFILLED,
3,285,46,2025-04-17 22:12:48,2025-05-17 11:30:00,Arrive & Drive 15 min,7,16800,FULFILLED,
2,293,193,2025-04-18 10:40:32,2025-05-06 20:00:00,Adult Race 12 Laps,2,4990,FULFILLED,
4,300,207,2025-04-19 09:07:57,2025-04-19 13:00:00,Junior Race,3,8700,FULFILLED,
4,301,208,2025-04-19 11:50:19,2025-05-01 17:15:00,Junior Race,4,11600,FULFILLED,
2,294,194,2025-04-18 20:26:36,2025-05-15 18:30:00,Adult Race 12 Laps,3,7485,FULFILLED,
2,295,146,2025-04-18 21:52:10,2025-05-05 20:30:00,Grand Prix Package,1,7495,FULFILLED,
2,296,195,2025-04-18 22:45:40,2025-05-03 16:45:00,Grand Prix Package,6,44970,FULFILLED,
2,297,193,2025-04-18 23:26:14,2025-04-30 21:15:00,Grand Prix Package,3,22485,FULFILLED,
4,302,188,2025-04-19 18:09:16,2025-06-27 14:00:00,Junior Race,2,5800,FULFILLED,
5,27,21,2025-04-19 08:07:01,2025-04-22 10:30:00,TEST RACE,2,200,FULFILLED,
3,286,187,2025-04-19 15:18:32,2025-05-12 18:30:00,Junior Session,8,14400,FULFILLED,
2,298,84,2025-04-19 07:41:56,2025-06-19 20:15:00,Grand Prix Package,3,22485,FULFILLED,
3,287,188,2025-04-19 18:04:27,2025-04-23 18:30:00,Arrive & Drive 15 min,8,19200,FULFILLED,
1,344,194,2025-04-19 18:24:04,2025-05-20 19:00:00,3-Race Pack,4,25980,WITHDRAWN,2025-05-11 11:18:31
4,303,209,2025-04-20 11:46:28,2025-04-20 13:00:00,Adult Race 10 Laps,4,15600,FULFILLED,
3,288,189,2025-04-20 09:32:13,2025-04-25 18:30:00,Arrive & Drive 15 min,3,7200,FULFILLED,
4,304,162,2025-04-20 23:11:43,2025-04-22 14:00:00,Adult Race 10 Laps,6,23400,FULFILLED,
4,305,32,2025-04-20 23:30:32,2025-05-19 16:30:00,Adult Race 10 Laps,5,19500,FULFILLED,
3,289,190,2025-04-20 17:12:19,2025-06-22 19:00:00,Arrive & Drive 15 min,8,19200,FULFILLED,
1,345,238,2025-04-20 13:48:41,2025-07-01 17:45:00,Junior Race 10 Laps,4,7980,FULFILLED,
3,290,191,2025-04-20 22:23:50,2025-05-02 18:00:00,Arrive & Drive 15 min,5,12000,FULFILLED,
2,299,65,2025-04-20 14:24:05,2025-04-23 18:00:00,Adult Race 12 Laps,1,2495,WITHDRAWN,2025-04-23 03:18:54
2,300,196,2025-04-20 15:55:14,2025-04-20 19:15:00,Adult Race 12 Laps,5,12475,FULFILLED,
2,301,88,2025-04-20 16:12:44,2025-04-20 18:00:00,Adult Race 12 Laps,5,12475,FULFILLED,
2,302,14,2025-04-20 19:57:18,2025-07-06 16:45:00,Grand Prix Package,3,22485,FULFILLED,
3,291,192,2025-04-21 10:46:55,2025-04-21 11:00:00,Junior Session,1,1800,FULFILLED,
4,306,210,2025-04-21 22:56:42,2025-05-15 19:00:00,Adult Race 10 Laps,5,19500,FULFILLED,
3,292,193,2025-04-21 15:07:51,2025-07-06 17:30:00,Junior Session,7,12600,FULFILLED,
1,346,175,2025-04-21 10:17:17,2025-04-21 18:30:00,Adult Race 14 Laps,1,2695,FULFILLED,
2,303,197,2025-04-21 09:24:20,2025-05-05 21:30:00,Grand Prix Package,3,22485,FULFILLED,
5,28,2,2025-04-21 13:06:21,2025-05-11 10:15:00,TEST RACE,2,200,FULFILLED,
1,347,239,2025-04-21 15:07:25,2025-05-10 11:45:00,Junior Race 10 Laps,5,9975,FULFILLED,
1,348,240,2025-04-21 17:44:17,2025-05-08 18:00:00,Adult Race 14 Laps,3,8085,FULFILLED,
1,349,241,2025-04-21 20:22:00,2025-05-11 18:15:00,3-Race Pack,5,32475,FULFILLED,
1,350,242,2025-04-21 22:57:06,2025-04-24 18:15:00,Junior Race 10 Laps,2,3990,FULFILLED,
2,304,198,2025-04-21 23:31:29,2025-05-04 21:30:00,Junior Race 8 Laps,6,10770,FULFILLED,
3,293,194,2025-04-22 11:29:21,2025-04-22 16:00:00,Arrive & Drive 15 min,7,16800,FULFILLED,
1,351,243,2025-04-22 12:15:50,2025-05-18 18:45:00,3-Race Pack,6,38970,FULFILLED,
2,305,69,2025-04-22 16:00:42,2025-04-22 19:30:00,Junior Race 8 Laps,6,10770,FULFILLED,
1,352,159,2025-04-22 19:15:19,2025-05-15 19:15:00,3-Race Pack,4,25980,FULFILLED,
1,353,244,2025-04-22 22:02:11,2025-04-25 19:00:00,3-Race Pack,4,25980,FULFILLED,
2,306,65,2025-04-22 19:23:38,2025-04-26 19:45:00,Grand Prix Package,4,29980,FULFILLED,
4,307,153,2025-04-23 12:36:31,2025-05-04 15:30:00,Endurance 30 min,3,26700,FULFILLED,
3,294,130,2025-04-23 07:31:55,2025-05-20 19:00:00,Arrive & Drive 15 min,2,4800,WITHDRAWN,2025-05-09 14:01:26
2,307,199,2025-04-23 10:11:21,2025-04-26 19:45:00,Adult Race 12 Laps,6,14970,FULFILLED,
4,308,211,2025-04-24 09:42:25,2025-04-24 15:00:00,Endurance 30 min,1,8900,FULFILLED,
1,354,245,2025-04-23 22:28:47,2025-05-19 20:15:00,Junior Race 10 Laps,5,9975,FULFILLED,
5,29,16,2025-04-24 08:49:24,2025-04-24 10:30:00,TEST RACE,2,200,FULFILLED,
1,355,246,2025-04-24 11:28:22,2025-04-24 19:30:00,Adult Race 14 Laps,5,13475,FULFILLED,
1,356,247,2025-04-24 12:15:22,2025-04-26 19:00:00,3-Race Pack,2,12990,FULFILLED,
1,357,4,2025-04-24 21:33:18,2025-04-29 19:00:00,Junior Race 10 Laps,3,5985,FULFILLED,
4,309,212,2025-04-25 13:50:25,2025-05-24 14:15:00,Endurance 30 min,5,44500,FULFILLED,
2,308,200,2025-04-25 10:07:27,2025-04-26 20:15:00,Junior Race 8 Laps,4,7180,FULFILLED,
1,358,248,2025-04-25 14:37:10,2025-04-29 21:00:00,Junior Race 10 Laps,3,5985,FULFILLED,
2,309,201,2025-04-25 22:50:25,2025-05-02 19:30:00,Adult Race 12 Laps,5,12475,FULFILLED,
4,310,213,2025-04-26 20:46:55,2025-05-04 13:30:00,Endurance 30 min,5,44500,FULFILLED,
5,30,6,2025-04-26 08:01:27,2025-04-26 09:00:00,TEST RACE,2,200,FULFILLED,
5,31,21,2025-04-26 09:44:58,2025-04-26 11:15:00,TEST RACE,1,100,FULFILLED,
2,310,202,2025-04-26 09:16:26,2025-04-26 19:00:00,Grand Prix Package,4,29980,FULFILLED,
2,311,203,2025-04-26 11:52:05,2025-04-27 20:45:00,Junior Race 8 Laps,6,10770,FULFILLED,
3,295,195,2025-04-26 21:17:11,2025-05-02 18:15:00,Arrive & Drive 15 min,2,4800,FULFILLED,
3,296,196,2025-04-26 21:21:51,2025-05-03 18:30:00,Stag/Hen Grand Prix,8,52000,FULFILLED,
4,311,214,2025-04-27 07:54:14,2025-04-27 11:15:00,Endurance 30 min,6,53400,FULFILLED,
4,312,215,2025-04-27 09:18:10,2025-06-17 14:30:00,Adult Race 10 Laps,4,15600,WITHDRAWN,2025-05-27 15:29:47
4,313,97,2025-04-27 10:05:52,2025-07-17 15:00:00,Adult Race 10 Laps,1,3900,FULFILLED,
1,359,249,2025-04-26 20:21:19,2025-05-05 19:30:00,3-Race Pack,4,25980,WITHDRAWN,2025-05-05 05:38:19
2,312,204,2025-04-26 22:22:15,2025-04-28 20:15:00,Grand Prix Package,1,7495,FULFILLED,
3,297,197,2025-04-27 07:50:14,2025-05-01 17:00:00,Arrive & Drive 15 min,4,9600,FULFILLED,
4,314,216,2025-04-27 20:05:29,2025-05-03 15:00:00,Junior Race,6,17400,FULFILLED,
1,360,250,2025-04-27 09:35:06,2025-05-08 18:00:00,3-Race Pack,6,38970,FULFILLED,
3,298,198,2025-04-27 16:41:48,2025-05-15 18:00:00,Stag/Hen Grand Prix,1,6500,FULFILLED,
3,299,199,2025-04-27 17:20:27,2025-05-24 17:30:00,Arrive & Drive 15 min,6,14400,FULFILLED,
5,32,22,2025-04-27 13:20:58,2025-05-11 10:30:00,TEST RACE,2,200,FULFILLED,
4,315,217,2025-04-28 07:28:43,2025-05-05 14:00:00,Junior Race,3,8700,FULFILLED,
1,361,251,2025-04-27 17:45:32,2025-05-09 20:15:00,Junior Race 10 Laps,4,7980,WITHDRAWN,2025-05-06 05:10:24
4,316,218,2025-04-28 07:58:51,2025-04-28 10:30:00,Endurance 30 min,2,17800,FULFILLED,
1,362,252,2025-04-27 18:17:14,2025-05-04 20:30:00,Adult Race 14 Laps,3,8085,FULFILLED,
2,313,205,2025-04-27 15:42:55,2025-05-02 16:00:00,Junior Race 8 Laps,1,1795,FULFILLED,
1,363,8,2025-04-27 19:56:23,2025-04-30 13:00:00,Adult Race 14 Laps,1,2695,FULFILLED,
2,314,206,2025-04-27 17:42:50,2025-05-24 18:45:00,Grand Prix Package,5,37475,FULFILLED,
1,364,253,2025-04-27 21:40:26,2025-07-26 18:30:00,Adult Race 14 Laps,2,5390,FULFILLED,
2,315,207,2025-04-27 22:40:40,2025-07-18 19:00:00,Adult Race 12 Laps,5,12475,FULFILLED,
3,300,19,2025-04-28 14:08:01,2025-05-16 17:30:00,Stag/Hen Grand Prix,5,32500,FULFILLED,
2,316,208,2025-04-28 08:35:27,2025-04-29 19:15:00,Junior Race 8 Laps,4,7180,FULFILLED,
2,317,209,2025-04-28 08:58:16,2025-07-12 18:30:00,Junior Race 8 Laps,4,7180,FULFILLED,
1,365,140,2025-04-28 16:22:56,2025-05-17 19:30:00,3-Race Pack,2,12990,FULFILLED,
2,318,85,2025-04-28 14:23:04,2025-05-02 20:15:00,Adult Race 12 Laps,2,4990,FULFILLED,
1,366,92,2025-04-28 19:57:27,2025-06-08 13:45:00,Junior Race 10 Laps,3,5985,FULFILLED,
5,33,23,2025-04-28 21:13:44,2025-05-02 10:30:00,TEST RACE,1,100,FULFILLED,
2,319,210,2025-04-28 20:20:21,2025-05-01 16:30:00,Adult Race 12 Laps,3,7485,FULFILLED,
3,301,200,2025-04-29 10:04:24,2025-05-15 17:15:00,Junior Session,3,5400,FULFILLED,
3,302,201,2025-04-29 14:34:37,2025-05-05 16:00:00,Arrive & Drive 15 min,2,4800,FULFILLED,
5,34,5,2025-04-29 10:13:08,2025-05-02 10:00:00,TEST RACE,2,200,FULFILLED,
1,367,254,2025-04-29 11:02:19,2025-05-04 13:45:00,Adult Race 14 Laps,2,5390,FULFILLED,
1,368,255,2025-04-29 11:27:17,2025-06-20 19:00:00,Junior Race 10 Laps,5,9975,FULFILLED,
1,369,256,2025-04-29 12:43:22,2025-05-08 13:30:00,Adult Race 14 Laps,6,16170,FULFILLED,
2,320,126,2025-04-29 09:43:28,2025-05-24 18:00:00,Grand Prix Package,4,29980,FULFILLED,
1,370,257,2025-04-29 13:24:59,2025-05-10 18:15:00,3-Race Pack,5,32475,FULFILLED,
1,371,258,2025-04-29 14:25:10,2025-04-29 19:15:00,3-Race Pack,3,19485,FULFILLED,
2,321,211,2025-04-29 13:06:17,2025-05-01 20:00:00,Adult Race 12 Laps,1,2495,FULFILLED,
3,303,65,2025-04-29 22:16:41,2025-05-15 19:30:00,Stag/Hen Grand Prix,1,6500,FULFILLED,
1,372,221,2025-04-29 18:40:12,2025-04-29 20:00:00,Junior Race 10 Laps,2,3990,FULFILLED,
1,373,30,2025-04-29 19:10:46,2025-05-02 15:00:00,Junior Race 10 Laps,6,11970,FULFILLED,
2,322,16,2025-04-29 17:46:13,2025-05-08 19:30:00,Junior Race 8 Laps,1,1795,FULFILLED,
3,304,134,2025-04-30 08:27:46,2025-05-18 18:00:00,Junior Session,7,12600,FULFILLED,
3,305,202,2025-04-30 08:29:08,2025-07-26 11:00:00,Arrive & Drive 15 min,3,7200,FULFILLED,
3,306,203,2025-04-30 16:09:43,2025-04-30 19:30:00,Junior Session,8,14400,FULFILLED,
3,307,204,2025-04-30 16:19:32,2025-05-01 14:45:00,Arrive & Drive 15 min,4,9600,FULFILLED,
1,374,42,2025-04-30 12:22:07,2025-05-05 19:30:00,Junior Race 10 Laps,5,9975,FULFILLED,
2,323,41,2025-04-30 12:17:45,2025-05-12 20:30:00,Adult Race 12 Laps,1,2495,WITHDRAWN,2025-05-08 23:37:13
4,317,42,2025-05-01 09:06:19,2025-05-03 16:15:00,Adult Race 10 Laps,5,19500,FULFILLED,
3,308,205,2025-05-01 08:48:20,2025-05-02 17:00:00,Junior Session,5,9000,FULFILLED,
1,375,11,2025-05-01 09:12:28,2025-05-06 19:15:00,3-Race Pack,1,6495,FULFILLED,
5,35,24,2025-05-01 10:02:35,2025-06-22 10:45:00,TEST RACE,1,100,FULFILLED,
2,324,212,2025-05-01 08:23:35,2025-05-01 12:00:00,Adult Race 12 Laps,4,9980,FULFILLED,
1,376,259,2025-05-01 11:41:59,2025-05-08 19:30:00,3-Race Pack,2,12990,FULFILLED,
2,325,213,2025-05-01 08:43:39,2025-05-29 18:15:00,Junior Race 8 Laps,4,7180,FULFILLED,
3,309,1,2025-05-01 17:28:15,2025-05-17 18:45:00,Arrive & Drive 15 min,2,4800,FULFILLED,
2,326,214,2025-05-01 10:55:47,2025-05-08 20:00:00,Adult Race 12 Laps,2,4990,FULFILLED,
4,318,219,2025-05-02 09:09:14,2025-05-02 14:30:00,Junior Race,5,14500,FULFILLED,
4,319,125,2025-05-02 09:56:35,2025-05-23 13:45:00,Junior Race,3,8700,FULFILLED,
2,327,215,2025-05-01 17:32:34,2025-05-05 16:00:00,Grand Prix Package,2,14990,FULFILLED,
1,377,260,2025-05-01 21:02:37,2025-05-04 18:30:00,Junior Race 10 Laps,4,7980,FULFILLED,
4,320,220,2025-05-02 11:07:25,2025-05-02 14:30:00,Endurance 30 min,6,53400,FULFILLED,
4,321,221,2025-05-02 13:32:00,2025-05-08 11:00:00,Junior Race,6,17400,FULFILLED,
3,310,206,2025-05-02 07:41:33,2025-05-10 11:00:00,Junior Session,2,3600,FULFILLED,
2,328,216,2025-05-02 07:39:07,2025-05-07 21:00:00,Junior Race 8 Laps,2,3590,FULFILLED,
3,311,10,2025-05-02 15:41:40,2025-05-02 18:00:00,Arrive & Drive 15 min,2,4800,FULFILLED,
2,329,217,2025-05-02 11:11:34,2025-05-03 21:30:00,Junior Race 8 Laps,4,7180,FULFILLED,
1,378,28,2025-05-02 15:58:53,2025-05-02 19:30:00,Junior Race 10 Laps,5,9975,FULFILLED,
3,312,8,2025-05-02 23:35:26,2025-05-09 11:30:00,Junior Session,3,5400,FULFILLED,
4,322,35,2025-05-03 09:21:30,2025-05-03 12:30:00,Adult Race 10 Laps,5,19500,FULFILLED,
3,313,207,2025-05-03 08:31:13,2025-05-06 19:00:00,Stag/Hen Grand Prix,8,52000,FULFILLED,
1,379,261,2025-05-03 07:17:23,2025-05-03 19:30:00,3-Race Pack,4,25980,FULFILLED,
3,314,208,2025-05-03 14:00:43,2025-05-04 18:00:00,Junior Session,1,1800,FULFILLED,
3,315,11,2025-05-03 16:05:42,2025-05-10 18:30:00,Arrive & Drive 15 min,7,16800,FULFILLED,
2,330,73,2025-05-03 12:10:38,2025-05-03 20:30:00,Adult Race 12 Laps,4,9980,FULFILLED,
1,380,259,2025-05-03 19:48:36,2025-05-18 19:30:00,3-Race Pack,3,19485,FULFILLED,
1,381,262,2025-05-03 19:53:42,2025-05-29 18:30:00,3-Race Pack,1,6495,FULFILLED,
2,331,218,2025-05-03 17:06:00,2025-05-03 19:30:00,Grand Prix Package,4,29980,FULFILLED,
3,316,209,2025-05-04 08:20:27,2025-05-20 16:00:00,Stag/Hen Grand Prix,4,26000,FULFILLED,
1,382,263,2025-05-04 07:32:37,2025-05-04 21:30:00,Adult Race 14 Laps,5,13475,FULFILLED,
3,317,210,2025-05-04 12:57:47,2025-05-04 19:30:00,Junior Session,4,7200,FULFILLED,
2,332,219,2025-05-04 07:07:56,2025-05-04 19:30:00,Adult Race 12 Laps,1,2495,FULFILLED,
3,318,211,2025-05-04 16:27:03,2025-05-10 17:00:00,Junior Session,5,9000,FULFILLED,
2,333,220,2025-05-04 14:06:56,2025-05-11 18:30:00,Grand Prix Package,4,29980,FULFILLED,
3,319,212,2025-05-04 22:46:23,2025-05-10 20:30:00,Arrive & Drive 15 min,8,19200,FULFILLED,
4,323,222,2025-05-05 09:20:55,2025-05-06 16:45:00,Endurance 30 min,6,53400,FULFILLED,
2,334,221,2025-05-04 17:04:19,2025-05-29 14:00:00,Junior Race 8 Laps,6,10770,FULFILLED,
2,335,222,2025-05-04 17:39:27,2025-05-04 21:30:00,Adult Race 12 Laps,4,9980,FULFILLED,
3,320,213,2025-05-05 09:10:29,2025-05-06 18:00:00,Junior Session,8,14400,FULFILLED,
3,321,214,2025-05-05 11:04:47,2025-06-10 18:00:00,Junior Session,7,12600,FULFILLED,
4,324,223,2025-05-05 20:54:53,2025-05-31 13:30:00,Adult Race 10 Laps,4,15600,FULFILLED,
1,383,264,2025-05-05 10:55:08,2025-05-22 19:30:00,Adult Race 14 Laps,6,16170,FULFILLED,
1,384,265,2025-05-05 13:05:34,2025-05-05 19:45:00,Adult Race 14 Laps,2,5390,FULFILLED,
2,336,223,2025-05-05 17:42:39,2025-06-01 20:30:00,Adult Race 12 Laps,2,4990,FULFILLED,
4,325,224,2025-05-06 10:42:44,2025-05-31 15:45:00,Endurance 30 min,4,35600,FULFILLED,
2,337,224,2025-05-05 18:03:46,2025-05-09 16:30:00,Grand Prix Package,2,14990,FULFILLED,
2,338,225,2025-05-05 18:53:40,2025-05-11 20:00:00,Junior Race 8 Laps,3,5385,WITHDRAWN,2025-05-10 21:47:38
4,326,32,2025-05-06 14:55:42,2025-05-10 15:30:00,Endurance 30 min,3,26700,FULFILLED,
2,339,226,2025-05-05 23:54:01,2025-05-06 19:30:00,Junior Race 8 Laps,6,10770,FULFILLED,
3,322,215,2025-05-06 10:04:40,2025-05-31 19:00:00,Arrive & Drive 15 min,2,4800,FULFILLED,
1,385,266,2025-05-06 10:20:29,2025-06-12 19:30:00,Adult Race 14 Laps,3,8085,FULFILLED,
3,323,216,2025-05-06 19:36:55,2025-05-08 17:30:00,Stag/Hen Grand Prix,6,39000,FULFILLED,
3,324,217,2025-05-06 21:15:30,2025-05-12 18:00:00,Arrive & Drive 15 min,4,9600,FULFILLED,
3,325,171,2025-05-07 08:11:06,2025-05-07 16:00:00,Arrive & Drive 15 min,4,9600,FULFILLED,
1,386,242,2025-05-07 15:18:39,2025-05-10 20:30:00,Junior Race 10 Laps,4,7980,FULFILLED,
1,387,267,2025-05-07 20:47:43,2025-05-07 21:30:00,Junior Race 10 Laps,5,9975,FULFILLED,
2,340,5,2025-05-07 18:46:34,2025-07-29 19:30:00,Adult Race 12 Laps,1,2495,FULFILLED,
2,341,227,2025-05-07 19:39:03,2025-05-27 21:30:00,Grand Prix Package,1,7495,FULFILLED,
2,342,219,2025-05-07 21:02:23,2025-06-23 16:00:00,Grand Prix Package,4,29980,FULFILLED,
4,327,225,2025-05-08 22:19:50,2025-05-19 12:15:00,Endurance 30 min,2,17800,FULFILLED,
3,326,218,2025-05-08 15:19:14,2025-05-17 16:30:00,Junior Session,8,14400,WITHDRAWN,2025-05-15 07:12:49
3,327,146,2025-05-08 15:30:06,2025-05-24 18:30:00,Stag/Hen Grand Prix,6,39000,FULFILLED,
1,388,268,2025-05-08 15:26:04,2025-05-08 18:30:00,Adult Race 14 Laps,3,8085,FULFILLED,
2,343,228,2025-05-08 13:04:32,2025-06-06 16:30:00,Grand Prix Package,4,29980,FULFILLED,
2,344,110,2025-05-08 13:26:34,2025-05-10 19:45:00,Grand Prix Package,1,7495,FULFILLED,
1,389,269,2025-05-08 17:55:22,2025-05-09 21:00:00,Junior Race 10 Laps,4,7980,FULFILLED,
3,328,219,2025-05-08 23:52:41,2025-07-19 16:45:00,Junior Session,7,12600,FULFILLED,
1,390,270,2025-05-08 19:00:26,2025-05-10 17:45:00,3-Race Pack,2,12990,FULFILLED,
1,391,271,2025-05-08 19:03:58,2025-06-02 17:30:00,3-Race Pack,1,6495,FULFILLED,
1,392,272,2025-05-08 22:34:51,2025-05-27 17:30:00,Junior Race 10 Laps,4,7980,WITHDRAWN,2025-05-23 22:11:08
4,328,226,2025-05-09 19:29:02,2025-05-31 13:30:00,Junior Race,3,8700,FULFILLED,
3,329,99,2025-05-09 15:21:09,2025-05-15 19:30:00,Arrive & Drive 15 min,7,16800,FULFILLED,
2,345,229,2025-05-09 07:25:00,2025-06-01 21:00:00,Adult Race 12 Laps,4,9980,WITHDRAWN,2025-05-28 05:26:38
2,346,230,2025-05-09 09:00:44,2025-05-09 12:30:00,Junior Race 8 Laps,2,3590,FULFILLED,
1,393,273,2025-05-09 15:27:46,2025-06-27 20:45:00,3-Race Pack,2,12990,WITHDRAWN,2025-06-25 04:33:14
4,329,7,2025-05-10 14:25:55,2025-05-14 13:00:00,Adult Race 10 Laps,4,15600,FULFILLED,
3,330,137,2025-05-10 07:26:38,2025-05-10 19:30:00,Junior Session,5,9000,WITHDRAWN,2025-05-10 16:23:30
3,331,220,2025-05-10 07:44:45,2025-05-10 13:00:00,Arrive & Drive 15 min,5,12000,FULFILLED,
3,332,221,2025-05-10 09:53:27,2025-08-05 16:30:00,Stag/Hen Grand Prix,8,52000,FULFILLED,
3,333,222,2025-05-10 12:56:10,2025-05-15 17:00:00,Junior Session,1,1800,FULFILLED,
4,330,227,2025-05-10 22:34:45,2025-06-29 13:30:00,Adult Race 10 Laps,4,15600,FULFILLED,
4,331,117,2025-05-11 10:57:57,2025-05-11 11:30:00,Junior Race,2,5800,FULFILLED,
4,332,228,2025-05-11 13:37:26,2025-05-11 15:00:00,Endurance 30 min,5,44500,FULFILLED,
5,36,6,2025-05-10 23:38:14,2025-08-01 11:30:00,TEST RACE,1,100,FULFILLED,
3,334,223,2025-05-11 10:49:22,2025-05-15 20:00:00,Junior Session,1,1800,FULFILLED,
3,335,224,2025-05-11 12:33:52,2025-05-11 18:00:00,Junior Session,8,14400,WITHDRAWN,2025-05-11 16:17:57
1,394,274,2025-05-11 10:52:11,2025-06-09 18:00:00,Junior Race 10 Laps,6,11970,FULFILLED,
1,395,275,2025-05-11 12:36:38,2025-05-31 19:30:00,3-Race Pack,5,32475,FULFILLED,
5,37,14,2025-05-11 14:08:26,2025-06-07 11:00:00,TEST RACE,2,200,FULFILLED,
3,336,225,2025-05-11 20:17:56,2025-06-01 19:30:00,Stag/Hen Grand Prix,6,39000,WITHDRAWN,2025-05-28 14:35:21
3,337,226,2025-05-11 23:35:56,2025-05-17 19:30:00,Arrive & Drive 15 min,8,19200,FULFILLED,
1,396,218,2025-05-11 19:50:36,2025-05-28 15:15:00,Junior Race 10 Laps,1,1995,FULFILLED,
1,397,276,2025-05-11 20:10:56,2025-05-23 20:30:00,Junior Race 10 Laps,4,7980,FULFILLED,
4,333,229,2025-05-12 10:17:41,2025-05-31 17:00:00,Adult Race 10 Laps,5,19500,FULFILLED,
4,334,230,2025-05-12 10:35:17,2025-05-19 11:00:00,Endurance 30 min,2,17800,FULFILLED,
1,398,197,2025-05-11 20:38:27,2025-08-04 17:15:00,3-Race Pack,5,32475,FULFILLED,
4,335,231,2025-05-12 10:55:56,2025-05-30 15:30:00,Endurance 30 min,5,44500,WITHDRAWN,2025-05-26 21:04:09
4,336,232,2025-05-12 13:30:10,2025-05-18 16:30:00,Adult Race 10 Laps,4,15600,FULFILLED,
1,399,277,2025-05-11 23:39:00,2025-05-23 20:45:00,3-Race Pack,3,19485,WITHDRAWN,2025-05-21 08:18:30
3,338,227,2025-05-12 10:23:34,2025-06-19 20:30:00,Junior Session,5,9000,WITHDRAWN,2025-06-15 05:44:18
4,337,41,2025-05-12 21:44:19,2025-05-19 11:30:00,Adult Race 10 Laps,1,3900,FULFILLED,
1,400,278,2025-05-12 08:39:11,2025-06-06 20:00:00,Adult Race 14 Laps,3,8085,FULFILLED,
1,401,252,2025-05-12 11:27:41,2025-07-05 18:15:00,Adult Race 14 Laps,1,2695,FULFILLED,
3,339,228,2025-05-12 17:01:11,2025-07-20 19:00:00,Arrive & Drive 15 min,8,19200,FULFILLED,
2,347,231,2025-05-12 09:02:59,2025-05-18 19:45:00,Junior Race 8 Laps,4,7180,FULFILLED,
1,402,279,2025-05-12 13:08:03,2025-05-17 17:00:00,3-Race Pack,3,19485,FULFILLED,
3,340,120,2025-05-12 18:37:50,2025-05-19 18:00:00,Arrive & Drive 15 min,2,4800,FULFILLED,
2,348,232,2025-05-12 12:16:24,2025-05-15 12:15:00,Grand Prix Package,6,44970,FULFILLED,
3,341,229,2025-05-12 22:51:50,2025-08-03 16:45:00,Junior Session,7,12600,FULFILLED,
1,403,280,2025-05-12 20:26:07,2025-05-17 11:00:00,Junior Race 10 Laps,5,9975,FULFILLED,
4,338,83,2025-05-13 11:13:55,2025-07-12 15:15:00,Junior Race,2,5800,FULFILLED,
4,339,233,2025-05-13 12:50:57,2025-05-17 13:15:00,Endurance 30 min,3,26700,FULFILLED,
4,340,234,2025-05-13 17:20:33,2025-05-16 15:45:00,Junior Race,2,5800,FULFILLED,
1,404,281,2025-05-13 07:37:10,2025-05-13 19:30:00,Adult Race 14 Laps,1,2695,FULFILLED,
1,405,282,2025-05-13 08:01:38,2025-08-03 18:00:00,Adult Race 14 Laps,3,8085,FULFILLED,
3,342,230,2025-05-13 13:56:35,2025-05-17 19:00:00,Stag/Hen Grand Prix,6,39000,FULFILLED,
3,343,231,2025-05-13 16:07:48,2025-06-27 18:30:00,Junior Session,8,14400,FULFILLED,
5,38,3,2025-05-13 14:01:08,2025-05-16 11:00:00,TEST RACE,2,200,FULFILLED,
3,344,232,2025-05-13 19:09:10,2025-05-16 18:30:00,Junior Session,8,14400,FULFILLED,
2,349,99,2025-05-13 11:17:31,2025-08-07 12:30:00,Adult Race 12 Laps,5,12475,FULFILLED,
1,406,283,2025-05-13 21:15:21,2025-05-18 18:00:00,Adult Race 14 Laps,1,2695,FULFILLED,
1,407,147,2025-05-13 21:54:44,2025-05-20 20:30:00,Junior Race 10 Laps,3,5985,FULFILLED,
4,341,235,2025-05-14 14:48:13,2025-05-15 16:45:00,Junior Race,4,11600,FULFILLED,
3,345,233,2025-05-14 12:35:05,2025-05-21 20:30:00,Arrive & Drive 15 min,5,12000,FULFILLED,
3,346,160,2025-05-14 14:11:22,2025-06-10 14:45:00,Stag/Hen Grand Prix,2,13000,FULFILLED,
2,350,4,2025-05-14 10:03:33,2025-07-26 18:45:00,Adult Race 12 Laps,4,9980,FULFILLED,
4,342,236,2025-05-15 08:58:48,2025-05-15 11:15:00,Adult Race 10 Laps,2,7800,FULFILLED,
1,408,284,2025-05-14 20:50:43,2025-05-18 19:15:00,Adult Race 14 Laps,1,2695,FULFILLED,
2,351,233,2025-05-14 23:50:32,2025-05-17 19:00:00,Junior Race 8 Laps,2,3590,FULFILLED,
3,347,234,2025-05-15 08:38:44,2025-06-01 11:00:00,Arrive & Drive 15 min,2,4800,FULFILLED,
5,39,3,2025-05-15 07:46:57,2025-05-15 09:45:00,TEST RACE,1,100,FULFILLED,
4,343,221,2025-05-15 21:50:57,2025-05-16 14:15:00,Adult Race 10 Laps,6,23400,WITHDRAWN,2025-05-16 10:13:48
3,348,235,2025-05-15 13:12:10,2025-05-18 18:00:00,Stag/Hen Grand Prix,5,32500,FULFILLED,
3,349,236,2025-05-15 17:28:39,2025-05-26 19:00:00,Stag/Hen Grand Prix,4,26000,FULFILLED,
1,409,285,2025-05-15 13:34:06,2025-05-15 18:45:00,Junior Race 10 Laps,6,11970,FULFILLED,
2,352,12,2025-05-15 11:57:50,2025-05-15 19:30:00,Grand Prix Package,6,44970,FULFILLED,
2,353,234,2025-05-15 13:27:30,2025-06-10 14:30:00,Junior Race 8 Laps,1,1795,FULFILLED,
4,344,237,2025-05-16 11:56:19,2025-05-28 16:00:00,Endurance 30 min,1,8900,FULFILLED,
2,354,52,2025-05-15 19:16:50,2025-06-12 20:00:00,Junior Race 8 Laps,6,10770,FULFILLED,
4,345,171,2025-05-16 13:54:22,2025-06-01 17:00:00,Adult Race 10 Laps,3,11700,FULFILLED,
4,346,238,2025-05-16 14:52:32,2025-05-16 17:00:00,Junior Race,5,14500,FULFILLED,
1,410,286,2025-05-16 10:38:12,2025-07-18 21:00:00,Adult Race 14 Laps,5,13475,FULFILLED,
2,355,235,2025-05-16 09:48:02,2025-05-17 20:15:00,Adult Race 12 Laps,1,2495,FULFILLED,
3,350,237,2025-05-16 18:23:53,2025-06-12 18:30:00,Junior Session,2,3600,FULFILLED,
3,351,238,2025-05-16 18:42:13,2025-06-06 17:30:00,Arrive & Drive 15 min,5,12000,FULFILLED,
5,40,25,2025-05-16 14:26:42,2025-06-05 10:15:00,TEST RACE,1,100,FULFILLED,
3,352,215,2025-05-16 23:15:30,2025-07-05 18:00:00,Arrive & Drive 15 min,3,7200,FULFILLED,
2,356,236,2025-05-16 15:27:11,2025-07-14 20:45:00,Junior Race 8 Laps,3,5385,FULFILLED,
3,353,239,2025-05-17 08:11:24,2025-05-19 19:45:00,Arrive & Drive 15 min,5,12000,FULFILLED,
4,347,239,2025-05-17 18:25:02,2025-05-21 14:45:00,Adult Race 10 Laps,4,15600,FULFILLED,
4,348,232,2025-05-17 18:39:42,2025-05-20 11:15:00,Junior Race,2,5800,FULFILLED,
4,349,240,2025-05-17 21:00:49,2025-05-24 16:30:00,Endurance 30 min,4,35600,FULFILLED,
1,411,287,2025-05-17 07:05:14,2025-07-31 19:30:00,Adult Race 14 Laps,5,13475,FULFILLED,
1,412,288,2025-05-17 09:25:03,2025-06-16 19:15:00,Adult Race 14 Laps,1,2695,FULFILLED,
1,413,253,2025-05-17 09:54:09,2025-05-17 18:00:00,Junior Race 10 Laps,2,3990,FULFILLED,
1,414,289,2025-05-17 12:22:20,2025-05-24 19:30:00,3-Race Pack,5,32475,FULFILLED,
1,415,22,2025-05-17 13:51:36,2025-05-27 20:00:00,Junior Race 10 Laps,3,5985,FULFILLED,
2,357,237,2025-05-17 13:41:10,2025-05-24 19:30:00,Junior Race 8 Laps,6,10770,FULFILLED,
3,354,240,2025-05-17 21:42:37,2025-06-07 18:00:00,Stag/Hen Grand Prix,5,32500,WITHDRAWN,2025-05-29 15:24:41
2,358,238,2025-05-17 15:59:52,2025-05-17 19:30:00,Adult Race 12 Laps,6,14970,FULFILLED,
2,359,239,2025-05-17 17:42:31,2025-05-18 19:30:00,Adult Race 12 Laps,4,9980,FULFILLED,
3,355,241,2025-05-18 11:37:27,2025-05-18 17:30:00,Stag/Hen Grand Prix,4,26000,FULFILLED,
3,356,242,2025-05-18 12:02:23,2025-05-18 16:00:00,Stag/Hen Grand Prix,1,6500,FULFILLED,
1,416,246,2025-05-18 09:06:33,2025-05-18 11:30:00,3-Race Pack,5,32475,FULFILLED,
2,360,139,2025-05-18 08:27:49,2025-07-04 16:30:00,Adult Race 12 Laps,1,2495,FULFILLED,
5,41,26,2025-05-18 14:49:57,2025-05-23 09:00:00,TEST RACE,2,200,FULFILLED,
2,361,240,2025-05-18 13:21:03,2025-05-18 20:00:00,Junior Race 8 Laps,3,5385,FULFILLED,
1,417,260,2025-05-18 16:54:53,2025-06-02 18:45:00,Junior Race 10 Laps,6,11970,FULFILLED,
2,362,173,2025-05-18 14:02:04,2025-08-02 18:30:00,Grand Prix Package,2,14990,FULFILLED,
2,363,241,2025-05-18 18:38:56,2025-05-24 12:30:00,Grand Prix Package,3,22485,FULFILLED,
4,350,241,2025-05-19 12:51:55,2025-05-19 16:00:00,Adult Race 10 Laps,6,23400,FULFILLED,
4,351,35,2025-05-19 15:57:49,2025-06-05 10:45:00,Junior Race,4,11600,FULFILLED,
3,357,243,2025-05-19 15:39:50,2025-05-23 13:30:00,Junior Session,3,5400,FULFILLED,
2,364,242,2025-05-19 09:36:42,2025-06-08 16:45:00,Junior Race 8 Laps,3,5385,FULFILLED,
2,365,243,2025-05-19 10:34:50,2025-06-15 12:15:00,Grand Prix Package,4,29980,FULFILLED,
3,358,244,2025-05-19 18:42:25,2025-05-23 13:30:00,Junior Session,7,12600,FULFILLED,
3,359,245,2025-05-19 21:40:23,2025-06-13 19:45:00,Arrive & Drive 15 min,3,7200,WITHDRAWN,2025-06-10 02:46:41
1,418,85,2025-05-19 17:17:43,2025-05-22 19:00:00,3-Race Pack,3,19485,FULFILLED,
4,352,242,2025-05-20 07:34:17,2025-08-16 15:30:00,Endurance 30 min,5,44500,FULFILLED,
3,360,246,2025-05-19 23:09:41,2025-06-05 19:00:00,Stag/Hen Grand Prix,8,52000,FULFILLED,
2,366,244,2025-05-19 16:09:25,2025-06-13 20:00:00,Grand Prix Package,5,37475,FULFILLED,
2,367,39,2025-05-19 19:05:46,2025-06-01 18:30:00,Grand Prix Package,2,14990,FULFILLED,
1,419,290,2025-05-19 23:32:45,2025-06-06 19:45:00,3-Race Pack,6,38970,FULFILLED,
1,420,291,2025-05-19 23:52:55,2025-06-13 19:00:00,Junior Race 10 Laps,4,7980,FULFILLED,
4,353,151,2025-05-20 15:31:48,2025-07-20 11:30:00,Adult Race 10 Laps,2,7800,FULFILLED,
3,361,247,2025-05-20 07:30:53,2025-05-20 11:30:00,Junior Session,7,12600,FULFILLED,
3,362,248,2025-05-20 11:46:02,2025-05-24 20:30:00,Stag/Hen Grand Prix,8,52000,FULFILLED,
1,421,292,2025-05-20 08:02:01,2025-06-09 18:30:00,Junior Race 10 Laps,6,11970,FULFILLED,
1,422,251,2025-05-20 09:01:46,2025-07-11 17:45:00,Adult Race 14 Laps,3,8085,WITHDRAWN,2025-06-22 23:27:18
2,368,210,2025-05-20 08:13:47,2025-06-18 18:00:00,Grand Prix Package,3,22485,FULFILLED,
1,423,267,2025-05-20 11:24:54,2025-05-25 20:30:00,Junior Race 10 Laps,6,11970,FULFILLED,
1,424,172,2025-05-20 15:36:18,2025-05-20 21:15:00,Junior Race 10 Laps,5,9975,FULFILLED,
3,363,46,2025-05-20 20:53:11,2025-05-21 14:00:00,Stag/Hen Grand Prix,4,26000,FULFILLED,
4,354,243,2025-05-21 09:59:59,2025-05-22 12:00:00,Adult Race 10 Laps,5,19500,FULFILLED,
2,369,245,2025-05-20 18:34:13,2025-05-21 19:15:00,Grand Prix Package,3,22485,FULFILLED,
2,370,246,2025-05-20 19:22:10,2025-05-21 21:30:00,Adult Race 12 Laps,4,9980,FULFILLED,
2,371,247,2025-05-20 22:10:22,2025-06-13 16:45:00,Junior Race 8 Laps,6,10770,WITHDRAWN,2025-06-08 10:09:19
4,355,244,2025-05-21 20:51:07,2025-05-25 17:00:00,Endurance 30 min,2,17800,FULFILLED,
1,425,293,2025-05-21 09:27:30,2025-06-08 21:45:00,3-Race Pack,2,12990,FULFILLED,
2,372,248,2025-05-21 07:07:57,2025-07-27 14:45:00,Adult Race 12 Laps,3,7485,WITHDRAWN,2025-07-05 14:26:56
1,426,294,2025-05-21 11:31:50,2025-05-21 17:15:00,3-Race Pack,6,38970,FULFILLED,
3,364,249,2025-05-21 17:37:40,2025-06-04 18:15:00,Stag/Hen Grand Prix,5,32500,FULFILLED,
3,365,41,2025-05-21 22:22:38,2025-08-09 18:15:00,Arrive & Drive 15 min,7,16800,FULFILLED,
2,373,249,2025-05-21 17:32:16,2025-06-10 14:30:00,Adult Race 12 Laps,1,2495,WITHDRAWN,2025-06-05 04:23:32
4,356,245,2025-05-22 11:12:54,2025-05-29 15:30:00,Adult Race 10 Laps,3,11700,FULFILLED,
1,427,295,2025-05-22 08:13:49,2025-07-20 19:30:00,3-Race Pack,3,19485,FULFILLED,
2,374,250,2025-05-22 08:12:22,2025-05-26 21:00:00,Grand Prix Package,3,22485,FULFILLED,
3,366,48,2025-05-22 19:50:00,2025-05-28 17:30:00,Stag/Hen Grand Prix,8,52000,FULFILLED,
1,428,296,2025-05-22 15:25:32,2025-05-24 17:00:00,Junior Race 10 Laps,4,7980,FULFILLED,
3,367,250,2025-05-22 20:33:03,2025-08-02 18:30:00,Stag/Hen Grand Prix,6,39000,FULFILLED,
2,375,251,2025-05-22 19:45:30,2025-06-25 19:00:00,Adult Race 12 Laps,1,2495,FULFILLED,
1,429,112,2025-05-23 13:50:37,2025-05-26 21:30:00,3-Race Pack,5,32475,FULFILLED,
3,368,251,2025-05-23 19:33:56,2025-05-27 20:30:00,Stag/Hen Grand Prix,2,13000,WITHDRAWN,2025-05-27 15:22:26
2,376,75,2025-05-23 12:01:47,2025-06-10 19:00:00,Adult Race 12 Laps,6,14970,FULFILLED,
3,369,252,2025-05-23 22:02:20,2025-05-27 14:30:00,Arrive & Drive 15 min,6,14400,FULFILLED,
4,357,246,2025-05-24 07:31:58,2025-05-29 14:45:00,Adult Race 10 Laps,5,19500,FULFILLED,
2,377,252,2025-05-23 16:07:46,2025-05-28 16:15:00,Junior Race 8 Laps,4,7180,FULFILLED,
1,430,297,2025-05-23 20:04:20,2025-05-29 13:00:00,3-Race Pack,1,6495,WITHDRAWN,2025-05-28 11:35:59
4,358,247,2025-05-24 14:48:47,2025-06-11 13:45:00,Endurance 30 min,5,44500,FULFILLED,
3,370,78,2025-05-24 08:35:24,2025-08-04 17:15:00,Arrive & Drive 15 min,2,4800,FULFILLED,
3,371,253,2025-05-24 08:43:51,2025-05-24 18:15:00,Junior Session,1,1800,FULFILLED,
3,372,254,2025-05-24 09:19:21,2025-05-24 16:30:00,Arrive & Drive 15 min,2,4800,FULFILLED,
4,359,248,2025-05-24 19:09:57,2025-05-31 15:45:00,Junior Race,5,14500,FULFILLED,
3,373,42,2025-05-24 18:31:25,2025-06-30 18:00:00,Junior Session,4,7200,FULFILLED,
2,378,253,2025-05-24 12:35:02,2025-05-25 18:00:00,Junior Race 8 Laps,5,8975,FULFILLED,
4,360,249,2025-05-25 07:06:41,2025-05-31 16:30:00,Junior Race,4,11600,FULFILLED,
3,374,255,2025-05-24 22:46:45,2025-06-01 19:45:00,Arrive & Drive 15 min,8,19200,FULFILLED,
2,379,254,2025-05-24 15:11:37,2025-06-08 18:00:00,Junior Race 8 Laps,5,8975,FULFILLED,
4,361,250,2025-05-25 10:03:45,2025-06-01 15:00:00,Endurance 30 min,6,53400,FULFILLED,
2,380,108,2025-05-24 21:25:31,2025-05-25 16:15:00,Junior Race 8 Laps,4,7180,FULFILLED,
3,375,256,2025-05-25 07:04:33,2025-05-25 17:45:00,Stag/Hen Grand Prix,1,6500,FULFILLED,
3,376,257,2025-05-25 13:01:28,2025-05-25 14:00:00,Junior Session,7,12600,FULFILLED,
1,431,298,2025-05-25 10:11:18,2025-06-10 15:00:00,Adult Race 14 Laps,2,5390,FULFILLED,
1,432,299,2025-05-25 10:11:42,2025-07-08 20:45:00,3-Race Pack,6,38970,FULFILLED,
3,377,258,2025-05-25 15:58:24,2025-06-14 11:15:00,Stag/Hen Grand Prix,1,6500,WITHDRAWN,2025-06-12 05:24:55
3,378,259,2025-05-25 17:15:01,2025-06-21 16:00:00,Junior Session,4,7200,FULFILLED,
1,433,53,2025-05-25 17:47:03,2025-05-25 19:00:00,Junior Race 10 Laps,5,9975,FULFILLED,
2,381,106,2025-05-25 14:48:09,2025-05-30 21:30:00,Junior Race 8 Laps,6,10770,FULFILLED,
1,434,300,2025-05-25 19:06:33,2025-05-30 19:45:00,Junior Race 10 Laps,2,3990,FULFILLED,
2,382,255,2025-05-25 22:32:46,2025-07-28 20:15:00,Adult Race 12 Laps,3,7485,WITHDRAWN,2025-07-25 00:04:39
4,362,251,2025-05-26 17:04:56,2025-06-07 15:00:00,Adult Race 10 Laps,2,7800,FULFILLED,
3,379,260,2025-05-26 10:35:47,2025-07-31 17:00:00,Junior Session,6,10800,WITHDRAWN,2025-07-12 04:38:47
1,435,301,2025-05-26 10:40:45,2025-06-08 18:00:00,Junior Race 10 Laps,1,1995,FULFILLED,
1,436,302,2025-05-26 11:05:33,2025-06-15 21:45:00,Adult Race 14 Laps,1,2695,FULFILLED,
3,380,97,2025-05-26 16:27:04,2025-08-09 16:00:00,Junior Session,7,12600,FULFILLED,
2,383,59,2025-05-26 08:46:13,2025-05-31 20:00:00,Junior Race 8 Laps,5,8975,WITHDRAWN,2025-05-30 02:08:23
3,381,261,2025-05-26 19:55:45,2025-06-07 16:15:00,Stag/Hen Grand Prix,4,26000,FULFILLED,
1,437,303,2025-05-26 16:31:26,2025-06-14 18:15:00,Junior Race 10 Laps,2,3990,FULFILLED,
2,384,232,2025-05-26 13:41:00,2025-06-21 20:30:00,Adult Race 12 Laps,4,9980,FULFILLED,
1,438,27,2025-05-26 18:12:07,2025-06-02 13:15:00,Junior Race 10 Laps,1,1995,FULFILLED,
2,385,256,2025-05-26 17:16:46,2025-06-07 21:45:00,Junior Race 8 Laps,1,1795,WITHDRAWN,2025-06-03 02:03:42
2,386,139,2025-05-26 18:35:22,2025-06-01 20:30:00,Adult Race 12 Laps,1,2495,FULFILLED,
3,382,262,2025-05-27 10:58:51,2025-07-25 18:00:00,Junior Session,7,12600,FULFILLED,
1,439,191,2025-05-27 09:07:13,2025-06-07 18:15:00,Adult Race 14 Laps,4,10780,FULFILLED,
1,440,304,2025-05-27 10:02:12,2025-07-22 20:00:00,3-Race Pack,6,38970,FULFILLED,
2,387,257,2025-05-27 11:32:53,2025-06-25 20:30:00,Junior Race 8 Laps,6,10770,FULFILLED,
5,42,11,2025-05-27 15:15:15,2025-06-24 11:30:00,TEST RACE,2,200,FULFILLED,
2,388,258,2025-05-27 13:26:49,2025-06-06 20:30:00,Adult Race 12 Laps,1,2495,FULFILLED,
3,383,263,2025-05-27 22:22:31,2025-06-05 18:30:00,Stag/Hen Grand Prix,6,39000,FULFILLED,
1,441,305,2025-05-27 22:09:38,2025-05-28 20:45:00,3-Race Pack,6,38970,FULFILLED,
4,363,252,2025-05-28 17:32:18,2025-06-06 16:45:00,Junior Race,6,17400,FULFILLED,
3,384,264,2025-05-28 10:11:08,2025-06-19 20:00:00,Stag/Hen Grand Prix,1,6500,WITHDRAWN,2025-06-10 20:51:34
3,385,265,2025-05-28 12:57:06,2025-06-14 14:00:00,Junior Session,2,3600,FULFILLED,
3,386,266,2025-05-28 14:29:06,2025-05-31 16:00:00,Stag/Hen Grand Prix,6,39000,FULFILLED,
1,442,177,2025-05-28 10:48:37,2025-05-29 17:30:00,Junior Race 10 Laps,1,1995,FULFILLED,
2,389,259,2025-05-28 09:24:20,2025-08-22 20:00:00,Junior Race 8 Laps,4,7180,FULFILLED,
2,390,256,2025-05-28 09:42:46,2025-05-29 20:30:00,Grand Prix Package,4,29980,WITHDRAWN,2025-05-29 13:43:42
2,391,114,2025-05-28 11:28:47,2025-06-22 19:45:00,Adult Race 12 Laps,4,9980,FULFILLED,
3,387,267,2025-05-28 21:00:00,2025-06-21 20:00:00,Stag/Hen Grand Prix,6,39000,WITHDRAWN,2025-06-11 11:35:56
3,388,170,2025-05-28 21:02:42,2025-07-16 14:00:00,Arrive & Drive 15 min,7,16800,FULFILLED,
3,389,268,2025-05-28 22:30:03,2025-06-11 16:30:00,Junior Session,2,3600,WITHDRAWN,2025-06-06 16:52:37
3,390,71,2025-05-28 22:46:39,2025-06-04 18:30:00,Junior Session,7,12600,FULFILLED,
4,364,253,2025-05-29 09:10:45,2025-05-29 17:45:00,Adult Race 10 Laps,6,23400,FULFILLED,
1,443,29,2025-05-28 19:20:34,2025-06-03 15:15:00,Adult Race 14 Laps,5,13475,FULFILLED,
1,444,306,2025-05-28 20:37:39,2025-06-13 19:45:00,Adult Race 14 Laps,6,16170,FULFILLED,
2,392,260,2025-05-28 23:45:55,2025-06-10 18:30:00,Junior Race 8 Laps,1,1795,FULFILLED,
4,365,254,2025-05-29 17:25:41,2025-08-09 14:45:00,Endurance 30 min,6,53400,FULFILLED,
3,391,269,2025-05-29 08:43:05,2025-06-01 13:30:00,Junior Session,7,12600,FULFILLED,
2,393,261,2025-05-29 11:24:04,2025-06-14 18:30:00,Grand Prix Package,5,37475,FULFILLED,
3,392,261,2025-05-29 20:16:30,2025-06-04 14:30:00,Stag/Hen Grand Prix,6,39000,FULFILLED,
4,366,255,2025-05-30 07:01:50,2025-06-06 15:15:00,Adult Race 10 Laps,1,3900,FULFILLED,
4,367,256,2025-05-30 07:20:14,2025-08-01 11:30:00,Junior Race,3,8700,FULFILLED,
4,368,257,2025-05-30 07:31:36,2025-05-30 14:00:00,Adult Race 10 Laps,2,7800,FULFILLED,
4,369,258,2025-05-30 07:58:08,2025-05-30 16:15:00,Junior Race,5,14500,FULFILLED,
1,445,307,2025-05-29 18:12:56,2025-05-29 19:00:00,Adult Race 14 Laps,2,5390,FULFILLED,
1,446,308,2025-05-29 18:19:33,2025-06-04 21:30:00,Junior Race 10 Laps,2,3990,FULFILLED,
4,370,259,2025-05-30 10:06:34,2025-06-10 15:45:00,Adult Race 10 Laps,6,23400,FULFILLED,
4,371,260,2025-05-30 21:23:13,2025-06-06 12:00:00,Endurance 30 min,1,8900,FULFILLED,
1,447,309,2025-05-30 10:07:22,2025-05-30 19:45:00,Adult Race 14 Laps,4,10780,FULFILLED,
3,393,270,2025-05-30 16:03:40,2025-05-30 19:45:00,Stag/Hen Grand Prix,7,45500,FULFILLED,
5,43,27,2025-05-30 12:31:12,2025-06-06 10:00:00,TEST RACE,2,200,FULFILLED,
1,448,67,2025-05-30 14:05:39,2025-06-18 17:00:00,3-Race Pack,4,25980,FULFILLED,
1,449,31,2025-05-30 14:52:36,2025-06-06 18:30:00,Junior Race 10 Laps,4,7980,FULFILLED,
2,394,262,2025-05-30 11:54:52,2025-06-27 19:00:00,Adult Race 12 Laps,3,7485,FULFILLED,
2,395,263,2025-05-30 12:31:00,2025-06-11 20:30:00,Adult Race 12 Laps,6,14970,FULFILLED,
2,396,264,2025-05-30 13:18:55,2025-06-14 20:30:00,Junior Race 8 Laps,4,7180,FULFILLED,
1,450,310,2025-05-30 17:26:48,2025-06-29 20:30:00,3-Race Pack,1,6495,WITHDRAWN,2025-06-17 18:35:31
2,397,151,2025-05-30 16:23:02,2025-05-30 20:45:00,Junior Race 8 Laps,6,10770,FULFILLED,
1,451,311,2025-05-30 21:41:44,2025-06-27 13:00:00,3-Race Pack,3,19485,WITHDRAWN,2025-06-23 08:15:42
2,398,265,2025-05-30 21:00:02,2025-06-13 14:30:00,Adult Race 12 Laps,5,12475,FULFILLED,
2,399,25,2025-05-30 23:52:24,2025-07-20 20:30:00,Grand Prix Package,2,14990,FULFILLED,
4,372,158,2025-05-31 19:36:04,2025-06-07 15:30:00,Adult Race 10 Laps,2,7800,FULFILLED,
1,452,20,2025-05-31 09:45:20,2025-05-31 20:00:00,Junior Race 10 Laps,3,5985,FULFILLED,
1,453,312,2025-05-31 10:19:58,2025-05-31 19:30:00,Adult Race 14 Laps,5,13475,FULFILLED,
3,394,271,2025-05-31 17:36:45,2025-08-22 13:00:00,Arrive & Drive 15 min,4,9600,WITHDRAWN,2025-08-02 00:35:31
2,400,225,2025-05-31 10:03:21,2025-06-07 21:00:00,Adult Race 12 Laps,4,9980,WITHDRAWN,2025-06-07 00:11:26
2,401,93,2025-05-31 10:18:04,2025-06-07 21:15:00,Grand Prix Package,3,22485,FULFILLED,
2,402,266,2025-05-31 11:32:05,2025-05-31 14:30:00,Junior Race 8 Laps,5,8975,FULFILLED,
2,403,267,2025-05-31 13:53:14,2025-05-31 20:15:00,Adult Race 12 Laps,5,12475,FULFILLED,
4,373,83,2025-06-01 10:36:41,2025-06-01 15:00:00,Junior Race,2,5800,FULFILLED,
2,404,42,2025-05-31 22:27:48,2025-06-06 21:45:00,Junior Race 8 Laps,5,8975,FULFILLED,
4,374,261,2025-06-01 15:38:11,2025-06-03 19:00:00,Junior Race,3,8700,FULFILLED,
4,375,262,2025-06-01 16:25:07,2025-06-30 16:00:00,Adult Race 10 Laps,1,3900,FULFILLED,
2,405,268,2025-06-01 07:11:35,2025-07-17 18:00:00,Junior Race 8 Laps,2,3590,FULFILLED,
1,454,313,2025-06-01 10:25:00,2025-06-04 17:45:00,3-Race Pack,5,32475,FULFILLED,
3,395,272,2025-06-01 17:04:43,2025-06-09 18:00:00,Arrive & Drive 15 min,6,14400,FULFILLED,
2,406,269,2025-06-01 09:46:35,2025-06-15 16:00:00,Adult Race 12 Laps,5,12475,FULFILLED,
3,396,273,2025-06-01 17:47:55,2025-06-06 14:45:00,Junior Session,1,1800,FULFILLED,
2,407,28,2025-06-01 11:31:21,2025-06-01 19:00:00,Junior Race 8 Laps,3,5385,FULFILLED,
1,455,37,2025-06-01 15:14:46,2025-06-14 15:30:00,3-Race Pack,2,12990,FULFILLED,
2,408,270,2025-06-01 13:43:22,2025-06-08 14:45:00,Adult Race 12 Laps,5,12475,FULFILLED,
2,409,271,2025-06-01 14:39:21,2025-06-06 21:30:00,Grand Prix Package,5,37475,FULFILLED,
2,410,272,2025-06-01 19:58:17,2025-06-08 16:00:00,Grand Prix Package,5,37475,FULFILLED,
4,376,263,2025-06-02 16:16:21,2025-06-08 14:30:00,Junior Race,6,17400,FULFILLED,
2,411,273,2025-06-02 09:38:24,2025-06-13 12:30:00,Adult Race 12 Laps,6,14970,FULFILLED,
3,397,122,2025-06-02 19:18:45,2025-06-07 18:00:00,Junior Session,8,14400,FULFILLED,
3,398,85,2025-06-02 19:49:54,2025-06-07 19:45:00,Junior Session,8,14400,FULFILLED,
1,456,261,2025-06-02 15:03:39,2025-06-07 19:00:00,Junior Race 10 Laps,6,11970,FULFILLED,
5,44,28,2025-06-02 16:04:29,2025-06-20 10:30:00,TEST RACE,2,200,FULFILLED,
2,412,274,2025-06-02 15:50:41,2025-06-09 20:30:00,Junior Race 8 Laps,2,3590,FULFILLED,
1,457,74,2025-06-02 20:23:09,2025-06-05 18:00:00,3-Race Pack,4,25980,FULFILLED,
4,377,264,2025-06-03 23:14:33,2025-06-07 14:15:00,Adult Race 10 Laps,4,15600,WITHDRAWN,2025-06-07 09:21:47
1,458,314,2025-06-03 11:13:42,2025-06-06 15:00:00,Junior Race 10 Laps,4,7980,FULFILLED,
1,459,8,2025-06-03 12:54:47,2025-06-03 19:00:00,3-Race Pack,4,25980,FULFILLED,
2,413,275,2025-06-03 12:46:28,2025-06-03 21:45:00,Adult Race 12 Laps,1,2495,FULFILLED,
2,414,276,2025-06-03 14:36:25,2025-06-21 16:45:00,Adult Race 12 Laps,3,7485,FULFILLED,
2,415,277,2025-06-03 15:19:59,2025-06-07 12:45:00,Grand Prix Package,2,14990,FULFILLED,
4,378,105,2025-06-04 12:07:00,2025-08-19 14:30:00,Junior Race,3,8700,WITHDRAWN,2025-07-25 12:19:22
1,460,77,2025-06-03 23:30:22,2025-06-08 18:30:00,3-Race Pack,6,38970,FULFILLED,
4,379,265,2025-06-04 14:01:39,2025-06-07 14:45:00,Junior Race,5,14500,FULFILLED,
3,399,274,2025-06-04 12:36:37,2025-06-04 17:45:00,Junior Session,2,3600,FULFILLED,
1,461,315,2025-06-04 08:20:29,2025-06-05 18:00:00,Junior Race 10 Laps,4,7980,FULFILLED,
5,45,28,2025-06-04 08:35:55,2025-06-04 10:15:00,TEST RACE,2,200,FULFILLED,
3,400,160,2025-06-04 14:17:16,2025-06-04 20:00:00,Junior Session,5,9000,FULFILLED,
3,401,131,2025-06-04 14:25:17,2025-06-08 17:00:00,Stag/Hen Grand Prix,8,52000,FULFILLED,
3,402,275,2025-06-04 15:15:07,2025-06-07 19:45:00,Junior Session,5,9000,FULFILLED,
2,416,180,2025-06-04 07:57:23,2025-06-29 21:45:00,Junior Race 8 Laps,3,5385,FULFILLED,
2,417,184,2025-06-04 10:01:34,2025-06-06 20:15:00,Grand Prix Package,3,22485,FULFILLED,
1,462,20,2025-06-04 13:03:20,2025-06-04 20:30:00,3-Race Pack,4,25980,FULFILLED,
1,463,316,2025-06-04 18:13:32,2025-06-06 19:00:00,3-Race Pack,3,19485,FULFILLED,
2,418,278,2025-06-04 18:40:01,2025-08-04 19:15:00,Grand Prix Package,6,44970,FULFILLED,
4,380,190,2025-06-05 14:39:48,2025-06-05 16:00:00,Endurance 30 min,3,26700,FULFILLED,
3,403,159,2025-06-05 07:03:10,2025-06-05 14:30:00,Arrive & Drive 15 min,3,7200,FULFILLED,
1,464,317,2025-06-05 12:04:38,2025-06-27 19:00:00,Adult Race 14 Laps,6,16170,FULFILLED,
1,465,318,2025-06-05 21:12:47,2025-06-07 20:15:00,Adult Race 14 Laps,1,2695,FULFILLED,
4,381,266,2025-06-06 11:27:00,2025-06-20 17:30:00,Junior Race,2,5800,FULFILLED,
5,46,8,2025-06-05 21:38:18,2025-06-07 11:30:00,TEST RACE,1,100,FULFILLED,
4,382,31,2025-06-06 13:21:29,2025-07-06 17:45:00,Adult Race 10 Laps,5,19500,FULFILLED,
4,383,83,2025-06-06 16:12:44,2025-06-09 19:30:00,Endurance 30 min,5,44500,FULFILLED,
4,384,9,2025-06-06 18:56:11,2025-06-07 10:15:00,Endurance 30 min,5,44500,FULFILLED,
5,47,29,2025-06-06 09:23:54,2025-06-06 11:45:00,TEST RACE,1,100,FULFILLED,
1,466,242,2025-06-06 12:23:08,2025-06-07 21:00:00,3-Race Pack,5,32475,FULFILLED,
3,404,276,2025-06-06 17:51:00,2025-06-12 18:30:00,Stag/Hen Grand Prix,7,45500,FULFILLED,
1,467,214,2025-06-06 13:14:05,2025-06-06 19:00:00,Adult Race 14 Laps,4,10780,FULFILLED,
3,405,277,2025-06-06 18:52:12,2025-06-08 18:15:00,Junior Session,4,7200,FULFILLED,
1,468,319,2025-06-06 14:23:02,2025-06-07 15:30:00,Adult Race 14 Laps,1,2695,FULFILLED,
3,406,278,2025-06-06 19:38:45,2025-06-09 16:30:00,Stag/Hen Grand Prix,6,39000,FULFILLED,
1,469,320,2025-06-06 17:02:32,2025-07-06 15:00:00,Junior Race 10 Laps,6,11970,FULFILLED,
2,419,54,2025-06-06 17:26:20,2025-06-06 20:30:00,Junior Race 8 Laps,2,3590,FULFILLED,
4,385,267,2025-06-07 11:41:03,2025-06-07 15:30:00,Adult Race 10 Laps,1,3900,FULFILLED,
4,386,268,2025-06-07 14:30:44,2025-07-03 12:00:00,Junior Race,3,8700,FULFILLED,
4,387,269,2025-06-07 15:12:48,2025-06-11 15:00:00,Endurance 30 min,4,35600,FULFILLED,
3,407,279,2025-06-07 07:08:57,2025-06-14 18:00:00,Arrive & Drive 15 min,8,19200,FULFILLED,
3,408,280,2025-06-07 07:48:56,2025-06-07 18:00:00,Stag/Hen Grand Prix,6,39000,FULFILLED,
3,409,281,2025-06-07 13:10:06,2025-06-12 16:00:00,Stag/Hen Grand Prix,6,39000,FULFILLED,
2,420,279,2025-06-07 09:58:29,2025-06-13 14:45:00,Junior Race 8 Laps,6,10770,FULFILLED,
2,421,43,2025-06-07 10:24:53,2025-06-09 21:30:00,Adult Race 12 Laps,6,14970,FULFILLED,
2,422,280,2025-06-07 15:26:17,2025-06-13 20:30:00,Junior Race 8 Laps,6,10770,FULFILLED,
5,48,30,2025-06-07 20:58:16,2025-06-13 09:30:00,TEST RACE,1,100,FULFILLED,
4,388,270,2025-06-08 11:24:06,2025-06-12 13:00:00,Endurance 30 min,2,17800,FULFILLED,
1,470,3,2025-06-08 10:43:58,2025-07-08 19:00:00,3-Race Pack,3,19485,FULFILLED,
2,423,59,2025-06-08 08:30:51,2025-06-08 16:45:00,Junior Race 8 Laps,1,1795,FULFILLED,
2,424,281,2025-06-08 10:20:55,2025-06-08 20:15:00,Grand Prix Package,4,29980,FULFILLED,
1,471,321,2025-06-08 14:30:51,2025-06-13 20:15:00,Junior Race 10 Laps,1,1995,FULFILLED,
2,425,282,2025-06-08 14:01:34,2025-06-11 14:30:00,Grand Prix Package,5,37475,FULFILLED,
1,472,322,2025-06-08 17:09:50,2025-07-10 11:15:00,3-Race Pack,6,38970,WITHDRAWN,2025-07-04 15:21:01
1,473,323,2025-06-08 17:43:47,2025-06-08 19:30:00,Adult Race 14 Laps,6,16170,FULFILLED,
3,410,282,2025-06-08 23:58:17,2025-06-10 19:45:00,Arrive & Drive 15 min,3,7200,FULFILLED,
1,474,233,2025-06-08 23:43:08,2025-06-29 18:30:00,3-Race Pack,3,19485,FULFILLED,
4,389,85,2025-06-09 20:56:37,2025-06-22 12:00:00,Endurance 30 min,4,35600,FULFILLED,
3,411,283,2025-06-09 13:12:14,2025-06-14 14:00:00,Stag/Hen Grand Prix,3,19500,FULFILLED,
1,475,324,2025-06-09 12:40:17,2025-06-14 17:00:00,Adult Race 14 Laps,1,2695,FULFILLED,
2,426,283,2025-06-09 19:09:07,2025-07-16 16:30:00,Junior Race 8 Laps,2,3590,FULFILLED,
2,427,284,2025-06-09 21:25:19,2025-06-14 16:00:00,Adult Race 12 Laps,6,14970,FULFILLED,
3,412,39,2025-06-10 08:45:16,2025-07-06 14:15:00,Junior Session,4,7200,FULFILLED,
3,413,284,2025-06-10 10:14:55,2025-06-13 17:30:00,Stag/Hen Grand Prix,1,6500,FULFILLED,
4,390,271,2025-06-10 19:28:34,2025-06-30 12:00:00,Junior Race,1,2900,FULFILLED,
3,414,266,2025-06-10 12:25:17,2025-06-10 16:00:00,Arrive & Drive 15 min,8,19200,FULFILLED,
2,428,285,2025-06-10 09:21:51,2025-06-10 21:00:00,Junior Race 8 Laps,1,1795,FULFILLED,
1,476,325,2025-06-10 12:29:07,2025-06-15 11:30:00,Junior Race 10 Laps,1,1995,FULFILLED,
1,477,325,2025-06-10 14:24:34,2025-07-05 18:00:00,3-Race Pack,4,25980,WITHDRAWN,2025-06-25 03:01:54
1,478,326,2025-06-10 19:40:20,2025-06-29 21:30:00,Junior Race 10 Laps,1,1995,FULFILLED,
2,429,286,2025-06-10 18:02:46,2025-06-13 14:00:00,Adult Race 12 Laps,6,14970,FULFILLED,
2,430,287,2025-06-10 19:57:03,2025-07-10 20:15:00,Adult Race 12 Laps,3,7485,WITHDRAWN,2025-07-06 06:52:08
4,391,78,2025-06-11 13:41:55,2025-06-30 14:00:00,Junior Race,4,11600,FULFILLED,
4,392,272,2025-06-11 19:41:13,2025-06-14 10:45:00,Endurance 30 min,2,17800,FULFILLED,
3,415,285,2025-06-11 12:18:36,2025-06-26 20:30:00,Stag/Hen Grand Prix,6,39000,FULFILLED,
3,416,120,2025-06-11 12:35:46,2025-06-11 17:30:00,Stag/Hen Grand Prix,5,32500,FULFILLED,
1,479,120,2025-06-11 08:47:33,2025-06-14 15:15:00,3-Race Pack,5,32475,FULFILLED,
1,480,3,2025-06-11 10:17:00,2025-06-18 17:45:00,Adult Race 14 Laps,6,16170,FULFILLED,
3,417,286,2025-06-11 17:50:33,2025-06-21 13:45:00,Arrive & Drive 15 min,6,14400,FULFILLED,
3,418,86,2025-06-11 22:01:43,2025-06-12 16:00:00,Junior Session,1,1800,FULFILLED,
4,393,127,2025-06-12 07:19:29,2025-06-15 10:00:00,Junior Race,5,14500,FULFILLED,
4,394,273,2025-06-12 08:24:47,2025-06-12 15:30:00,Endurance 30 min,2,17800,FULFILLED,
1,481,327,2025-06-11 22:51:41,2025-07-04 20:00:00,3-Race Pack,1,6495,FULFILLED,
2,431,288,2025-06-11 20:40:06,2025-07-05 20:45:00,Junior Race 8 Laps,6,10770,FULFILLED,
2,432,16,2025-06-11 22:55:33,2025-06-21 19:00:00,Grand Prix Package,5,37475,FULFILLED,
3,419,287,2025-06-12 19:28:57,2025-06-13 18:30:00,Junior Session,8,14400,WITHDRAWN,2025-06-13 13:49:29
3,420,90,2025-06-12 20:29:41,2025-06-29 18:00:00,Junior Session,5,9000,WITHDRAWN,2025-06-26 12:09:18
4,395,274,2025-06-13 07:46:21,2025-06-13 14:30:00,Endurance 30 min,2,17800,FULFILLED,
1,482,199,2025-06-12 18:04:07,2025-06-16 21:30:00,3-Race Pack,4,25980,FULFILLED,
5,49,13,2025-06-12 18:12:32,2025-07-03 11:00:00,TEST RACE,2,200,FULFILLED,
2,433,160,2025-06-12 15:26:19,2025-06-14 18:30:00,Grand Prix Package,4,29980,FULFILLED,
4,396,275,2025-06-13 10:30:48,2025-06-13 15:00:00,Junior Race,4,11600,FULFILLED,
2,434,289,2025-06-12 19:23:35,2025-06-27 18:30:00,Adult Race 12 Laps,3,7485,FULFILLED,
1,483,328,2025-06-12 23:07:43,2025-06-14 21:30:00,Adult Race 14 Laps,4,10780,FULFILLED,
2,435,290,2025-06-12 20:16:46,2025-07-11 18:15:00,Adult Race 12 Laps,6,14970,FULFILLED,
3,421,288,2025-06-13 09:41:10,2025-06-13 16:45:00,Junior Session,4,7200,FULFILLED,
3,422,235,2025-06-13 11:20:19,2025-06-20 13:00:00,Arrive & Drive 15 min,4,9600,FULFILLED,
3,423,289,2025-06-13 11:42:30,2025-06-16 16:30:00,Arrive & Drive 15 min,3,7200,FULFILLED,
4,397,276,2025-06-13 20:49:50,2025-09-11 15:15:00,Endurance 30 min,4,35600,FULFILLED,
1,484,329,2025-06-13 15:43:55,2025-08-20 20:15:00,Junior Race 10 Laps,4,7980,FULFILLED,
1,485,330,2025-06-13 16:09:08,2025-06-14 21:30:00,Adult Race 14 Laps,6,16170,FULFILLED,
4,398,39,2025-06-14 07:10:15,2025-06-14 15:30:00,Junior Race,6,17400,FULFILLED,
3,424,290,2025-06-13 23:05:01,2025-06-14 17:00:00,Junior Session,6,10800,FULFILLED,
4,399,277,2025-06-14 08:29:12,2025-09-03 12:45:00,Junior Race,5,14500,FULFILLED,
4,400,278,2025-06-14 08:47:36,2025-08-23 15:00:00,Junior Race,5,14500,FULFILLED,
2,436,50,2025-06-13 16:26:39,2025-06-22 19:00:00,Grand Prix Package,5,37475,WITHDRAWN,2025-06-21 14:46:02
2,437,291,2025-06-13 18:20:51,2025-07-11 14:45:00,Junior Race 8 Laps,1,1795,FULFILLED,
2,438,72,2025-06-13 19:57:58,2025-06-13 20:15:00,Adult Race 12 Laps,5,12475,FULFILLED,
4,401,66,2025-06-14 15:31:18,2025-06-18 15:00:00,Junior Race,3,8700,WITHDRAWN,2025-06-17 14:58:51
2,439,292,2025-06-13 23:32:13,2025-06-18 19:30:00,Junior Race 8 Laps,5,8975,FULFILLED,
4,402,279,2025-06-14 20:05:55,2025-06-20 15:30:00,Junior Race,2,5800,WITHDRAWN,2025-06-18 01:20:43
1,486,331,2025-06-14 07:56:55,2025-06-14 20:15:00,Junior Race 10 Laps,2,3990,FULFILLED,
1,487,118,2025-06-14 08:51:30,2025-06-20 15:00:00,Adult Race 14 Laps,2,5390,FULFILLED,
2,440,6,2025-06-14 07:24:02,2025-06-30 19:00:00,Junior Race 8 Laps,4,7180,FULFILLED,
1,488,332,2025-06-14 12:41:35,2025-06-14 15:15:00,3-Race Pack,4,25980,FULFILLED,
1,489,333,2025-06-14 13:21:56,2025-06-21 18:30:00,3-Race Pack,4,25980,FULFILLED,
2,441,58,2025-06-14 10:27:35,2025-06-14 20:45:00,Grand Prix Package,5,37475,FULFILLED,
1,490,242,2025-06-14 20:04:53,2025-08-17 15:30:00,3-Race Pack,5,32475,FULFILLED,
1,491,134,2025-06-14 20:29:09,2025-06-17 18:00:00,Junior Race 10 Laps,3,5985,FULFILLED,
4,403,85,2025-06-15 11:10:32,2025-06-21 16:30:00,Endurance 30 min,6,53400,FULFILLED,
1,492,23,2025-06-14 23:17:30,2025-06-18 17:30:00,3-Race Pack,5,32475,FULFILLED,
4,404,169,2025-06-15 14:08:46,2025-07-09 17:30:00,Endurance 30 min,3,26700,FULFILLED,
4,405,280,2025-06-15 16:00:58,2025-06-19 15:00:00,Endurance 30 min,5,44500,FULFILLED,
3,425,291,2025-06-15 08:38:55,2025-06-15 14:00:00,Junior Session,6,10800,FULFILLED,
4,406,37,2025-06-15 18:15:17,2025-06-21 15:30:00,Endurance 30 min,1,8900,FULFILLED,
3,426,124,2025-06-15 10:38:37,2025-06-21 19:00:00,Stag/Hen Grand Prix,1,6500,FULFILLED,
1,493,334,2025-06-15 07:54:55,2025-06-15 19:00:00,Junior Race 10 Laps,1,1995,FULFILLED,
3,427,292,2025-06-15 13:17:03,2025-06-15 17:30:00,Stag/Hen Grand Prix,4,26000,FULFILLED,
1,494,335,2025-06-15 11:29:38,2025-06-16 19:30:00,3-Race Pack,4,25980,FULFILLED,
1,495,336,2025-06-15 11:40:12,2025-07-11 21:00:00,Adult Race 14 Laps,3,8085,FULFILLED,
3,428,293,2025-06-15 20:21:49,2025-06-26 18:30:00,Arrive & Drive 15 min,8,19200,FULFILLED,
1,496,337,2025-06-15 16:06:26,2025-09-06 20:00:00,Adult Race 14 Laps,5,13475,FULFILLED,
2,442,293,2025-06-15 14:10:56,2025-06-19 18:30:00,Junior Race 8 Laps,2,3590,FULFILLED,
5,50,31,2025-06-15 18:57:32,2025-06-19 10:00:00,TEST RACE,2,200,FULFILLED,
1,497,319,2025-06-15 19:17:30,2025-06-22 18:15:00,Junior Race 10 Laps,3,5985,FULFILLED,
2,443,45,2025-06-15 18:13:03,2025-06-21 21:15:00,Grand Prix Package,6,44970,FULFILLED,
2,444,294,2025-06-15 18:19:30,2025-06-15 20:15:00,Adult Race 12 Laps,6,14970,FULFILLED,
2,445,276,2025-06-15 18:45:40,2025-06-21 21:45:00,Adult Race 12 Laps,4,9980,FULFILLED,
1,498,226,2025-06-15 22:39:30,2025-09-13 19:30:00,3-Race Pack,6,38970,FULFILLED,
4,407,281,2025-06-16 13:13:26,2025-09-14 11:00:00,Endurance 30 min,5,44500,FULFILLED,
4,408,282,2025-06-16 16:18:30,2025-08-27 11:30:00,Adult Race 10 Laps,5,19500,FULFILLED,
3,429,292,2025-06-16 07:29:01,2025-06-22 19:45:00,Arrive & Drive 15 min,3,7200,FULFILLED,
4,409,195,2025-06-16 22:08:12,2025-07-10 15:45:00,Junior Race,1,2900,FULFILLED,
3,430,14,2025-06-16 15:14:17,2025-06-21 16:45:00,Stag/Hen Grand Prix,7,45500,FULFILLED,
1,499,338,2025-06-16 10:52:56,2025-07-08 15:30:00,3-Race Pack,6,38970,FULFILLED,
3,431,294,2025-06-16 16:18:15,2025-08-02 16:15:00,Junior Session,6,10800,FULFILLED,
1,500,194,2025-06-16 11:18:55,2025-06-22 19:30:00,3-Race Pack,3,19485,WITHDRAWN,2025-06-21 11:41:23
2,446,108,2025-06-16 08:48:29,2025-06-29 12:30:00,Junior Race 8 Laps,5,8975,FULFILLED,
1,501,339,2025-06-16 13:36:42,2025-07-11 17:00:00,Adult Race 14 Laps,2,5390,FULFILLED,
3,432,295,2025-06-16 19:07:26,2025-06-20 18:15:00,Stag/Hen Grand Prix,7,45500,FULFILLED,
1,502,340,2025-06-16 18:12:15,2025-06-20 17:30:00,3-Race Pack,2,12990,FULFILLED,
4,410,283,2025-06-17 12:21:24,2025-06-22 15:30:00,Junior Race,3,8700,FULFILLED,
2,447,180,2025-06-16 20:18:24,2025-06-21 20:15:00,Junior Race 8 Laps,2,3590,FULFILLED,
4,411,284,2025-06-17 13:29:22,2025-06-27 15:00:00,Adult Race 10 Laps,4,15600,FULFILLED,
1,503,90,2025-06-16 23:35:21,2025-06-17 19:30:00,Junior Race 10 Laps,2,3990,FULFILLED,
4,412,190,2025-06-17 13:53:37,2025-06-21 14:15:00,Junior Race,6,17400,FULFILLED,
2,448,295,2025-06-16 22:31:42,2025-06-26 18:00:00,Junior Race 8 Laps,5,8975,FULFILLED,
2,449,296,2025-06-16 23:57:15,2025-07-06 20:30:00,Adult Race 12 Laps,2,4990,FULFILLED,
3,433,5,2025-06-17 09:19:01,2025-06-22 18:00:00,Stag/Hen Grand Prix,3,19500,FULFILLED,
1,504,341,2025-06-17 09:04:45,2025-06-20 18:45:00,Adult Race 14 Laps,1,2695,FULFILLED,
5,51,32,2025-06-17 09:26:24,2025-06-17 10:00:00,TEST RACE,1,100,FULFILLED,
1,505,342,2025-06-17 10:29:27,2025-07-12 19:00:00,Adult Race 14 Laps,6,16170,FULFILLED,
3,434,296,2025-06-17 16:47:31,2025-06-21 20:00:00,Junior Session,1,1800,FULFILLED,
2,450,269,2025-06-17 10:55:40,2025-06-22 19:30:00,Junior Race 8 Laps,1,1795,FULFILLED,
2,451,297,2025-06-17 13:36:46,2025-07-17 21:30:00,Junior Race 8 Laps,5,8975,FULFILLED,
1,506,6,2025-06-17 22:55:57,2025-06-28 20:15:00,3-Race Pack,5,32475,FULFILLED,
1,507,307,2025-06-17 23:25:46,2025-06-22 20:15:00,Adult Race 14 Laps,1,2695,FULFILLED,
2,452,298,2025-06-18 08:16:43,2025-06-21 16:30:00,Junior Race 8 Laps,3,5385,FULFILLED,
3,435,297,2025-06-18 16:19:59,2025-06-18 19:15:00,Stag/Hen Grand Prix,4,26000,FULFILLED,
1,508,343,2025-06-18 12:01:09,2025-06-21 20:00:00,3-Race Pack,2,12990,FULFILLED,
1,509,344,2025-06-18 12:11:09,2025-07-05 18:45:00,Adult Race 14 Laps,1,2695,FULFILLED,
2,453,299,2025-06-18 10:26:29,2025-07-03 19:00:00,Adult Race 12 Laps,6,14970,FULFILLED,
2,454,133,2025-06-18 11:07:48,2025-07-18 20:30:00,Junior Race 8 Laps,2,3590,FULFILLED,
3,436,298,2025-06-18 20:38:52,2025-08-23 14:30:00,Stag/Hen Grand Prix,4,26000,FULFILLED,
1,510,114,2025-06-18 16:05:21,2025-06-18 19:30:00,3-Race Pack,3,19485,FULFILLED,
2,455,215,2025-06-18 15:36:29,2025-07-18 14:30:00,Adult Race 12 Laps,1,2495,FULFILLED,
4,413,285,2025-06-19 10:33:48,2025-08-08 15:45:00,Adult Race 10 Laps,6,23400,FULFILLED,
1,511,345,2025-06-18 21:12:58,2025-06-23 17:00:00,3-Race Pack,6,38970,FULFILLED,
4,414,251,2025-06-19 16:32:48,2025-06-26 10:00:00,Junior Race,5,14500,FULFILLED,
2,456,98,2025-06-18 23:51:46,2025-07-28 20:30:00,Adult Race 12 Laps,2,4990,FULFILLED,
3,437,152,2025-06-19 08:58:54,2025-07-12 16:15:00,Junior Session,7,12600,FULFILLED,
1,512,129,2025-06-19 10:19:43,2025-07-19 15:30:00,Junior Race 10 Laps,1,1995,FULFILLED,
2,457,240,2025-06-19 07:50:19,2025-06-21 12:30:00,Adult Race 12 Laps,5,12475,FULFILLED,
1,513,346,2025-06-19 11:39:55,2025-07-14 18:15:00,3-Race Pack,3,19485,WITHDRAWN,2025-07-04 08:24:49
3,438,299,2025-06-19 16:46:09,2025-06-28 18:00:00,Stag/Hen Grand Prix,4,26000,FULFILLED,
3,439,189,2025-06-19 16:47:16,2025-07-12 14:00:00,Junior Session,8,14400,FULFILLED,
2,458,282,2025-06-19 09:17:17,2025-07-27 12:00:00,Grand Prix Package,3,22485,FULFILLED,
1,514,112,2025-06-19 14:07:52,2025-06-21 19:15:00,3-Race Pack,2,12990,FULFILLED,
1,515,347,2025-06-19 16:04:05,2025-06-22 11:45:00,Adult Race 14 Laps,2,5390,FULFILLED,
2,459,300,2025-06-19 13:38:00,2025-06-21 18:15:00,Adult Race 12 Laps,6,14970,FULFILLED,
2,460,301,2025-06-19 15:40:30,2025-06-27 18:00:00,Adult Race 12 Laps,6,14970,FULFILLED,
2,461,302,2025-06-19 18:42:00,2025-06-26 21:30:00,Adult Race 12 Laps,5,12475,FULFILLED,
1,516,301,2025-06-19 23:13:28,2025-06-26 13:30:00,Adult Race 14 Laps,5,13475,FULFILLED,
3,440,300,2025-06-20 07:14:36,2025-06-20 18:00:00,Stag/Hen Grand Prix,8,52000,FULFILLED,
4,415,286,2025-06-20 20:54:16,2025-07-10 19:30:00,Endurance 30 min,3,26700,WITHDRAWN,2025-07-05 09:02:19
3,441,301,2025-06-20 14:09:51,2025-07-16 17:30:00,Stag/Hen Grand Prix,6,39000,FULFILLED,
3,442,302,2025-06-20 15:06:07,2025-06-23 16:30:00,Stag/Hen Grand Prix,2,13000,FULFILLED,
2,462,269,2025-06-20 07:55:15,2025-06-26 20:00:00,Adult Race 12 Laps,3,7485,FULFILLED,
1,517,348,2025-06-20 11:20:18,2025-06-20 17:15:00,3-Race Pack,2,12990,FULFILLED,
2,463,303,2025-06-20 11:01:00,2025-06-20 20:00:00,Adult Race 12 Laps,3,7485,FULFILLED,
2,464,132,2025-06-20 11:03:31,2025-07-11 21:30:00,Grand Prix Package,3,22485,FULFILLED,
5,52,5,2025-06-20 19:08:49,2025-06-24 10:30:00,TEST RACE,2,200,FULFILLED,
1,518,349,2025-06-20 20:18:06,2025-07-18 18:30:00,3-Race Pack,1,6495,FULFILLED,
2,465,304,2025-06-20 17:22:35,2025-07-18 20:45:00,Junior Race 8 Laps,1,1795,FULFILLED,
4,416,287,2025-06-21 12:57:53,2025-06-21 17:30:00,Adult Race 10 Laps,5,19500,FULFILLED,
4,417,288,2025-06-21 16:21:49,2025-06-21 19:30:00,Junior Race,6,17400,FULFILLED,
3,443,303,2025-06-21 10:17:55,2025-06-21 20:30:00,Junior Session,8,14400,FULFILLED,
3,444,304,2025-06-21 11:28:09,2025-06-28 17:00:00,Junior Session,7,12600,FULFILLED,
4,418,84,2025-06-21 23:04:20,2025-07-06 13:00:00,Endurance 30 min,6,53400,FULFILLED,
1,519,219,2025-06-21 11:11:16,2025-06-21 20:00:00,Junior Race 10 Laps,1,1995,FULFILLED,
3,445,305,2025-06-21 17:27:26,2025-06-21 18:30:00,Stag/Hen Grand Prix,3,19500,FULFILLED,
2,466,85,2025-06-21 09:28:40,2025-06-21 12:30:00,Adult Race 12 Laps,3,7485,FULFILLED,
3,446,306,2025-06-21 18:06:10,2025-06-27 19:00:00,Arrive & Drive 15 min,3,7200,FULFILLED,
2,467,305,2025-06-21 10:49:46,2025-06-21 21:00:00,Junior Race 8 Laps,4,7180,FULFILLED,
1,520,350,2025-06-21 14:33:45,2025-06-23 18:15:00,Junior Race 10 Laps,6,11970,FULFILLED,
2,468,306,2025-06-21 11:49:39,2025-06-21 21:30:00,Grand Prix Package,3,22485,FULFILLED,
3,447,307,2025-06-21 20:07:18,2025-06-22 14:45:00,Junior Session,6,10800,FULFILLED,
1,521,351,2025-06-21 18:38:21,2025-06-26 17:00:00,3-Race Pack,2,12990,FULFILLED,
3,448,308,2025-06-21 23:52:10,2025-06-26 20:00:00,Junior Session,8,14400,FULFILLED,
2,469,307,2025-06-21 16:10:51,2025-06-25 20:30:00,Grand Prix Package,2,14990,FULFILLED,
1,522,352,2025-06-21 19:21:43,2025-09-17 20:45:00,Adult Race 14 Laps,2,5390,FULFILLED,
2,470,308,2025-06-21 19:14:00,2025-07-02 20:00:00,Junior Race 8 Laps,2,3590,FULFILLED,
4,419,289,2025-06-22 20:01:28,2025-07-17 16:30:00,Adult Race 10 Laps,1,3900,WITHDRAWN,2025-07-06 20:17:48
4,420,290,2025-06-22 20:20:01,2025-08-19 10:15:00,Adult Race 10 Laps,4,15600,FULFILLED,
3,449,309,2025-06-22 12:39:06,2025-07-17 16:30:00,Junior Session,7,12600,FULFILLED,
3,450,310,2025-06-22 13:15:01,2025-07-03 14:45:00,Junior Session,3,5400,FULFILLED,
1,523,353,2025-06-22 08:19:21,2025-06-29 20:15:00,Junior Race 10 Laps,1,1995,FULFILLED,
3,451,311,2025-06-22 13:47:17,2025-06-22 18:00:00,Junior Session,2,3600,FULFILLED,
5,53,29,2025-06-22 09:46:24,2025-06-28 10:30:00,TEST RACE,2,200,FULFILLED,
1,524,354,2025-06-22 09:55:47,2025-08-11 15:15:00,Adult Race 14 Laps,4,10780,FULFILLED,
2,471,309,2025-06-22 07:17:49,2025-06-29 12:15:00,Grand Prix Package,1,7495,FULFILLED,
2,472,310,2025-06-22 08:06:38,2025-06-22 12:00:00,Adult Race 12 Laps,5,12475,FULFILLED,
3,452,170,2025-06-22 18:27:07,2025-06-22 20:45:00,Junior Session,7,12600,FULFILLED,
3,453,103,2025-06-22 22:24:20,2025-06-23 16:30:00,Stag/Hen Grand Prix,3,19500,FULFILLED,
1,525,355,2025-06-22 20:41:22,2025-06-28 11:00:00,3-Race Pack,1,6495,FULFILLED,
1,526,53,2025-06-22 21:37:01,2025-08-14 17:30:00,Junior Race 10 Laps,3,5985,FULFILLED,
4,421,35,2025-06-23 17:07:57,2025-06-24 10:30:00,Junior Race,5,14500,FULFILLED,
4,422,291,2025-06-23 18:28:11,2025-07-17 15:30:00,Junior Race,2,5800,WITHDRAWN,2025-07-09 08:34:16
3,454,312,2025-06-23 12:24:23,2025-09-07 19:00:00,Arrive & Drive 15 min,7,16800,FULFILLED,
3,455,197,2025-06-23 13:49:05,2025-07-07 18:30:00,Arrive & Drive 15 min,3,7200,FULFILLED,
3,456,232,2025-06-23 15:22:16,2025-06-23 18:00:00,Junior Session,5,9000,FULFILLED,
3,457,47,2025-06-23 17:10:33,2025-06-28 18:00:00,Arrive & Drive 15 min,3,7200,FULFILLED,
2,473,311,2025-06-23 09:11:52,2025-06-30 21:00:00,Adult Race 12 Laps,3,7485,FULFILLED,
1,527,356,2025-06-23 15:48:54,2025-08-24 21:30:00,3-Race Pack,3,19485,FULFILLED,
4,423,292,2025-06-24 07:16:42,2025-08-20 15:00:00,Adult Race 10 Laps,3,11700,WITHDRAWN,2025-07-30 17:17:00
1,528,357,2025-06-23 19:18:53,2025-07-04 17:00:00,3-Race Pack,5,32475,FULFILLED,
1,529,129,2025-06-23 20:14:06,2025-08-18 19:30:00,Adult Race 14 Laps,6,16170,FULFILLED,
2,474,312,2025-06-23 17:29:54,2025-06-27 20:45:00,Adult Race 12 Laps,6,14970,FULFILLED,
5,54,33,2025-06-23 21:26:01,2025-07-07 10:15:00,TEST RACE,2,200,FULFILLED,
1,530,298,2025-06-23 23:03:21,2025-06-29 20:30:00,Junior Race 10 Laps,1,1995,FULFILLED,
3,458,313,2025-06-24 07:26:43,2025-07-04 17:45:00,Stag/Hen Grand Prix,6,39000,FULFILLED,
4,424,293,2025-06-24 18:35:56,2025-07-05 15:30:00,Adult Race 10 Laps,2,7800,FULFILLED,
1,531,151,2025-06-24 07:13:42,2025-06-28 19:00:00,3-Race Pack,3,19485,FULFILLED,
1,532,358,2025-06-24 16:47:53,2025-06-24 18:15:00,Junior Race 10 Laps,1,1995,FULFILLED,
4,425,40,2025-06-25 07:54:29,2025-06-29 15:00:00,Junior Race,6,17400,FULFILLED,
2,475,148,2025-06-24 19:29:29,2025-07-12 19:00:00,Junior Race 8 Laps,1,1795,FULFILLED,
2,476,313,2025-06-24 23:42:49,2025-06-29 19:30:00,Grand Prix Package,1,7495,FULFILLED,
3,459,314,2025-06-25 10:18:27,2025-06-29 16:15:00,Stag/Hen Grand Prix,4,26000,FULFILLED,
3,460,315,2025-06-25 15:20:07,2025-06-28 13:30:00,Junior Session,8,14400,FULFILLED,
2,477,314,2025-06-25 08:37:14,2025-07-09 14:00:00,Grand Prix Package,1,7495,FULFILLED,
1,533,359,2025-06-25 14:25:43,2025-06-30 19:45:00,Adult Race 14 Laps,1,2695,FULFILLED,
3,461,316,2025-06-25 23:34:36,2025-07-23 17:45:00,Stag/Hen Grand Prix,8,52000,FULFILLED,
1,534,360,2025-06-25 21:32:34,2025-07-01 19:00:00,3-Race Pack,3,19485,FULFILLED,
4,426,184,2025-06-26 14:12:56,2025-06-26 16:00:00,Adult Race 10 Laps,4,15600,FULFILLED,
4,427,294,2025-06-26 18:37:27,2025-07-25 15:15:00,Endurance 30 min,5,44500,FULFILLED,
3,462,317,2025-06-26 11:07:55,2025-07-18 19:30:00,Arrive & Drive 15 min,7,16800,FULFILLED,
3,463,318,2025-06-26 11:51:08,2025-07-07 13:15:00,Junior Session,6,10800,FULFILLED,
5,55,34,2025-06-26 08:46:40,2025-06-28 10:00:00,TEST RACE,1,100,FULFILLED,
3,464,319,2025-06-26 16:58:08,2025-07-10 16:15:00,Stag/Hen Grand Prix,5,32500,FULFILLED,
2,478,315,2025-06-26 09:12:29,2025-06-26 14:45:00,Adult Race 12 Laps,2,4990,FULFILLED,
2,479,226,2025-06-26 11:42:31,2025-06-30 20:15:00,Junior Race 8 Laps,5,8975,FULFILLED,
5,56,35,2025-06-26 15:37:03,2025-07-22 11:30:00,TEST RACE,1,100,FULFILLED,
3,465,320,2025-06-26 22:00:10,2025-07-04 18:30:00,Arrive & Drive 15 min,6,14400,FULFILLED,
4,428,186,2025-06-27 07:27:57,2025-07-02 11:00:00,Adult Race 10 Laps,1,3900,WITHDRAWN,2025-06-30 00:33:06
1,535,361,2025-06-26 17:31:15,2025-07-05 18:30:00,Junior Race 10 Laps,2,3990,FULFILLED,
4,429,158,2025-06-27 10:09:41,2025-07-18 15:00:00,Endurance 30 min,1,8900,FULFILLED,
4,430,295,2025-06-27 15:52:52,2025-07-19 19:00:00,Junior Race,5,14500,FULFILLED,
2,480,316,2025-06-26 23:44:10,2025-07-12 21:00:00,Grand Prix Package,1,7495,FULFILLED,
3,466,272,2025-06-27 11:11:50,2025-07-12 19:00:00,Stag/Hen Grand Prix,2,13000,FULFILLED,
3,467,321,2025-06-27 12:31:11,2025-06-27 19:00:00,Arrive & Drive 15 min,3,7200,FULFILLED,
1,536,31,2025-06-27 09:45:10,2025-06-27 18:15:00,Junior Race 10 Laps,4,7980,FULFILLED,
1,537,362,2025-06-27 11:53:18,2025-06-27 18:00:00,Adult Race 14 Laps,1,2695,FULFILLED,
1,538,12,2025-06-27 14:51:55,2025-06-28 19:00:00,Junior Race 10 Laps,5,9975,FULFILLED,
3,468,96,2025-06-27 20:53:31,2025-07-27 20:30:00,Arrive & Drive 15 min,6,14400,WITHDRAWN,2025-07-18 08:44:35
3,469,322,2025-06-27 21:12:52,2025-09-18 18:00:00,Stag/Hen Grand Prix,6,39000,FULFILLED,
1,539,59,2025-06-27 16:23:05,2025-07-16 19:30:00,Junior Race 10 Laps,6,11970,FULFILLED,
3,470,56,2025-06-27 23:47:54,2025-06-29 16:45:00,Stag/Hen Grand Prix,7,45500,FULFILLED,
4,431,296,2025-06-28 12:42:24,2025-06-28 13:00:00,Junior Race,1,2900,FULFILLED,
4,432,297,2025-06-28 14:22:34,2025-06-29 12:00:00,Junior Race,4,11600,FULFILLED,
3,471,323,2025-06-28 11:15:18,2025-06-28 18:15:00,Junior Session,7,12600,FULFILLED,
3,472,324,2025-06-28 15:31:12,2025-06-28 19:30:00,Stag/Hen Grand Prix,8,52000,FULFILLED,
5,57,36,2025-06-28 13:05:45,2025-07-26 11:30:00,TEST RACE,1,100,FULFILLED,
1,540,363,2025-06-28 20:49:27,2025-08-16 19:30:00,3-Race Pack,1,6495,FULFILLED,
1,541,364,2025-06-28 20:52:50,2025-07-06 21:00:00,Adult Race 14 Laps,5,13475,FULFILLED,
1,542,351,2025-06-28 22:44:54,2025-06-29 18:00:00,Adult Race 14 Laps,2,5390,FULFILLED,
2,481,317,2025-06-28 20:58:03,2025-07-06 20:45:00,Grand Prix Package,1,7495,FULFILLED,
3,473,325,2025-06-29 08:15:37,2025-07-11 17:30:00,Arrive & Drive 15 min,5,12000,FULFILLED,
1,543,365,2025-06-29 07:01:04,2025-08-25 20:00:00,Junior Race 10 Laps,3,5985,FULFILLED,
1,544,366,2025-06-29 07:02:05,2025-06-29 17:30:00,Adult Race 14 Laps,2,5390,FULFILLED,
3,474,326,2025-06-29 14:21:53,2025-06-29 16:30:00,Stag/Hen Grand Prix,8,52000,FULFILLED,
4,433,174,2025-06-29 23:27:06,2025-07-05 12:30:00,Endurance 30 min,2,17800,FULFILLED,
1,545,367,2025-06-29 10:48:39,2025-06-29 17:00:00,3-Race Pack,5,32475,FULFILLED,
3,475,64,2025-06-29 22:15:25,2025-07-05 18:15:00,Junior Session,2,3600,FULFILLED,
1,546,59,2025-06-29 17:30:35,2025-07-03 17:30:00,Adult Race 14 Laps,4,10780,FULFILLED,
2,482,318,2025-06-29 14:31:30,2025-07-24 19:15:00,Adult Race 12 Laps,3,7485,FULFILLED,
2,483,319,2025-06-29 14:40:53,2025-07-22 21:00:00,Grand Prix Package,6,44970,FULFILLED,
2,484,320,2025-06-29 15:45:35,2025-06-29 18:30:00,Adult Race 12 Laps,4,9980,FULFILLED,
1,547,368,2025-06-29 19:13:32,2025-09-25 19:15:00,3-Race Pack,1,6495,FULFILLED,
2,485,265,2025-06-29 19:03:57,2025-07-05 18:00:00,Junior Race 8 Laps,4,7180,FULFILLED,
1,548,369,2025-06-29 23:35:53,2025-07-06 11:30:00,Junior Race 10 Laps,6,11970,FULFILLED,
1,549,370,2025-06-29 23:56:56,2025-07-01 20:30:00,3-Race Pack,3,19485,FULFILLED,
3,476,327,2025-06-30 08:26:11,2025-07-27 17:30:00,Junior Session,3,5400,FULFILLED,
3,477,328,2025-06-30 14:20:51,2025-07-20 18:30:00,Junior Session,2,3600,FULFILLED,
2,486,90,2025-06-30 07:20:39,2025-07-05 16:00:00,Adult Race 12 Laps,3,7485,FULFILLED,
1,550,371,2025-06-30 12:26:38,2025-07-01 17:30:00,Adult Race 14 Laps,5,13475,FULFILLED,
5,58,24,2025-06-30 13:10:58,2025-08-29 09:00:00,TEST RACE,1,100,FULFILLED,
1,551,372,2025-06-30 14:45:58,2025-07-06 19:00:00,Junior Race 10 Laps,4,7980,FULFILLED,
1,552,373,2025-06-30 14:51:42,2025-08-16 18:00:00,Adult Race 14 Laps,5,13475,FULFILLED,
1,553,374,2025-06-30 20:00:50,2025-07-15 13:45:00,Adult Race 14 Laps,1,2695,FULFILLED,
5,59,37,2025-06-30 21:09:12,2025-07-08 10:30:00,TEST RACE,2,200,FULFILLED,
4,434,298,2025-07-01 11:10:36,2025-09-22 12:30:00,Endurance 30 min,2,17800,FULFILLED,
2,487,269,2025-06-30 18:58:51,2025-07-24 21:00:00,Adult Race 12 Laps,3,7485,FULFILLED,
3,478,231,2025-07-01 07:58:46,2025-07-01 14:00:00,Arrive & Drive 15 min,1,2400,FULFILLED,
3,479,329,2025-07-01 08:38:23,2025-07-01 19:15:00,Junior Session,2,3600,FULFILLED,
3,480,330,2025-07-01 11:39:28,2025-07-03 18:15:00,Junior Session,4,7200,FULFILLED,
1,554,20,2025-07-01 09:08:34,2025-07-05 17:45:00,Adult Race 14 Laps,5,13475,FULFILLED,
3,481,331,2025-07-01 23:16:21,2025-08-10 18:45:00,Stag/Hen Grand Prix,6,39000,FULFILLED,
2,488,37,2025-07-01 15:16:25,2025-07-29 18:00:00,Junior Race 8 Laps,1,1795,FULFILLED,
3,482,233,2025-07-01 23:40:26,2025-07-26 16:30:00,Junior Session,6,10800,FULFILLED,
1,555,369,2025-07-01 23:51:18,2025-07-05 18:30:00,Adult Race 14 Laps,4,10780,FULFILLED,
4,435,1,2025-07-02 21:38:31,2025-07-08 17:00:00,Junior Race,1,2900,FULFILLED,
4,436,299,2025-07-02 22:28:20,2025-07-23 11:30:00,Endurance 30 min,2,17800,FULFILLED,
2,489,290,2025-07-02 07:01:00,2025-07-03 14:30:00,Grand Prix Package,6,44970,FULFILLED,
1,556,375,2025-07-02 10:34:28,2025-09-13 19:15:00,3-Race Pack,1,6495,FULFILLED,
3,483,39,2025-07-02 17:25:43,2025-08-16 18:45:00,Junior Session,8,14400,FULFILLED,
2,490,321,2025-07-02 10:38:44,2025-07-26 21:00:00,Grand Prix Package,1,7495,FULFILLED,
3,484,332,2025-07-02 19:06:28,2025-07-03 20:15:00,Arrive & Drive 15 min,4,9600,FULFILLED,
3,485,333,2025-07-02 22:54:35,2025-07-06 18:00:00,Stag/Hen Grand Prix,4,26000,FULFILLED,
2,491,188,2025-07-02 21:03:11,2025-07-04 20:15:00,Junior Race 8 Laps,3,5385,FULFILLED,
1,557,376,2025-07-03 08:55:06,2025-07-07 19:00:00,3-Race Pack,3,19485,FULFILLED,
1,558,377,2025-07-03 09:27:36,2025-07-26 20:00:00,3-Race Pack,5,32475,FULFILLED,
1,559,158,2025-07-03 09:48:35,2025-07-04 20:15:00,Adult Race 14 Laps,2,5390,FULFILLED,
1,560,279,2025-07-03 10:25:01,2025-08-02 17:30:00,Adult Race 14 Laps,3,8085,FULFILLED,
1,561,378,2025-07-03 11:09:07,2025-07-29 13:00:00,3-Race Pack,1,6495,FULFILLED,
3,486,316,2025-07-03 17:56:44,2025-07-05 13:00:00,Stag/Hen Grand Prix,6,39000,FULFILLED,
2,492,322,2025-07-03 09:59:16,2025-07-08 18:30:00,Junior Race 8 Laps,2,3590,FULFILLED,
3,487,334,2025-07-03 19:56:58,2025-07-05 18:30:00,Junior Session,3,5400,FULFILLED,
2,493,323,2025-07-03 13:10:19,2025-07-05 18:30:00,Grand Prix Package,2,14990,FULFILLED,
2,494,324,2025-07-03 13:12:16,2025-07-18 20:00:00,Junior Race 8 Laps,3,5385,WITHDRAWN,2025-07-16 23:45:15
1,562,145,2025-07-03 17:36:50,2025-07-18 18:30:00,3-Race Pack,2,12990,FULFILLED,
4,437,300,2025-07-04 08:14:17,2025-07-04 16:15:00,Endurance 30 min,2,17800,FULFILLED,
2,495,325,2025-07-03 17:41:46,2025-07-06 18:15:00,Grand Prix Package,2,14990,FULFILLED,
4,438,301,2025-07-04 11:12:33,2025-07-07 12:00:00,Adult Race 10 Laps,4,15600,FULFILLED,
2,496,326,2025-07-03 20:04:32,2025-07-03 21:00:00,Junior Race 8 Laps,3,5385,FULFILLED,
2,497,221,2025-07-03 22:09:09,2025-07-06 16:00:00,Adult Race 12 Laps,1,2495,FULFILLED,
3,488,335,2025-07-04 07:13:48,2025-08-14 18:30:00,Junior Session,7,12600,FULFILLED,
3,489,336,2025-07-04 10:08:04,2025-07-13 18:00:00,Junior Session,4,7200,FULFILLED,
1,563,302,2025-07-04 07:22:45,2025-07-08 18:15:00,Adult Race 14 Laps,4,10780,FULFILLED,
4,439,16,2025-07-04 23:31:09,2025-07-06 16:00:00,Endurance 30 min,3,26700,FULFILLED,
1,564,45,2025-07-04 11:19:31,2025-07-04 17:30:00,Junior Race 10 Laps,5,9975,FULFILLED,
1,565,3,2025-07-04 14:21:54,2025-07-04 15:30:00,Junior Race 10 Laps,4,7980,WITHDRAWN,2025-07-04 15:25:00
2,498,327,2025-07-04 11:34:03,2025-07-10 21:15:00,Adult Race 12 Laps,3,7485,WITHDRAWN,2025-07-09 20:32:10
3,490,337,2025-07-04 20:44:45,2025-07-11 18:30:00,Junior Session,8,14400,FULFILLED,
1,566,146,2025-07-04 16:28:41,2025-07-04 19:30:00,3-Race Pack,2,12990,FULFILLED,
3,491,338,2025-07-04 23:19:54,2025-07-28 17:00:00,Stag/Hen Grand Prix,8,52000,FULFILLED,
4,440,34,2025-07-05 11:49:48,2025-07-06 16:30:00,Endurance 30 min,5,44500,FULFILLED,
3,492,1,2025-07-05 07:42:58,2025-07-05 20:30:00,Junior Session,6,10800,FULFILLED,
4,441,302,2025-07-05 17:50:38,2025-08-09 19:15:00,Endurance 30 min,1,8900,FULFILLED,
3,493,339,2025-07-05 11:11:12,2025-07-22 19:30:00,Stag/Hen Grand Prix,7,45500,WITHDRAWN,2025-07-15 14:44:24
3,494,340,2025-07-05 12:57:28,2025-07-22 17:30:00,Stag/Hen Grand Prix,1,6500,FULFILLED,
1,567,307,2025-07-05 09:12:31,2025-07-09 15:30:00,Junior Race 10 Laps,2,3990,FULFILLED,
3,495,341,2025-07-05 14:46:37,2025-07-05 17:15:00,Stag/Hen Grand Prix,2,13000,FULFILLED,
4,442,59,2025-07-05 23:50:03,2025-09-26 14:30:00,Adult Race 10 Laps,3,11700,FULFILLED,
1,568,180,2025-07-05 10:33:41,2025-07-23 19:00:00,Adult Race 14 Laps,2,5390,WITHDRAWN,2025-07-18 03:07:28
1,569,379,2025-07-05 14:06:13,2025-07-05 19:00:00,3-Race Pack,4,25980,FULFILLED,
1,570,307,2025-07-05 14:35:28,2025-08-03 17:00:00,Junior Race 10 Laps,1,1995,FULFILLED,
2,499,282,2025-07-05 12:51:33,2025-07-12 12:15:00,Grand Prix Package,6,44970,FULFILLED,
1,571,380,2025-07-05 15:52:37,2025-07-09 20:15:00,Junior Race 10 Laps,1,1995,FULFILLED,
1,572,145,2025-07-05 16:31:53,2025-07-05 20:45:00,Adult Race 14 Laps,2,5390,FULFILLED,
2,500,328,2025-07-05 14:39:18,2025-07-12 20:45:00,Junior Race 8 Laps,1,1795,FULFILLED,
1,573,381,2025-07-05 18:01:02,2025-07-24 20:15:00,3-Race Pack,2,12990,WITHDRAWN,2025-07-22 20:45:10
2,501,180,2025-07-05 17:38:41,2025-07-26 19:15:00,Adult Race 12 Laps,6,14970,FULFILLED,
2,502,329,2025-07-05 18:21:56,2025-08-29 20:00:00,Junior Race 8 Laps,2,3590,FULFILLED,
2,503,330,2025-07-05 19:03:24,2025-07-07 19:15:00,Grand Prix Package,3,22485,FULFILLED,
1,574,382,2025-07-05 23:45:28,2025-07-08 20:00:00,3-Race Pack,1,6495,FULFILLED,
4,443,189,2025-07-06 18:14:32,2025-07-26 15:30:00,Adult Race 10 Laps,4,15600,FULFILLED,
3,496,138,2025-07-06 13:56:37,2025-07-06 18:00:00,Arrive & Drive 15 min,3,7200,FULFILLED,
3,497,342,2025-07-06 15:32:26,2025-08-05 18:30:00,Junior Session,8,14400,FULFILLED,
2,504,42,2025-07-06 09:45:38,2025-07-06 18:30:00,Junior Race 8 Laps,3,5385,FULFILLED,
1,575,219,2025-07-06 14:13:43,2025-07-06 19:15:00,Junior Race 10 Laps,6,11970,FULFILLED,
2,505,331,2025-07-06 12:57:43,2025-07-19 19:00:00,Junior Race 8 Laps,6,10770,FULFILLED,
4,444,149,2025-07-07 08:16:24,2025-07-07 14:00:00,Endurance 30 min,5,44500,FULFILLED,
2,506,307,2025-07-06 15:59:45,2025-07-15 16:45:00,Adult Race 12 Laps,2,4990,WITHDRAWN,2025-07-13 14:59:24
1,576,181,2025-07-06 19:08:56,2025-07-29 19:00:00,Adult Race 14 Laps,4,10780,FULFILLED,
2,507,176,2025-07-06 16:18:27,2025-07-07 20:30:00,Grand Prix Package,2,14990,FULFILLED,
2,508,332,2025-07-06 17:47:57,2025-07-08 18:45:00,Grand Prix Package,5,37475,FULFILLED,
2,509,333,2025-07-06 18:19:13,2025-07-06 20:30:00,Junior Race 8 Laps,4,7180,FULFILLED,
1,577,383,2025-07-06 23:08:58,2025-07-09 17:30:00,3-Race Pack,6,38970,FULFILLED,
1,578,384,2025-07-06 23:49:09,2025-07-12 19:15:00,Adult Race 14 Laps,3,8085,FULFILLED,
3,498,228,2025-07-07 08:13:59,2025-07-12 18:30:00,Junior Session,1,1800,FULFILLED,
4,445,303,2025-07-07 21:25:34,2025-07-12 14:30:00,Junior Race,4,11600,FULFILLED,
1,579,385,2025-07-07 09:30:13,2025-07-09 17:30:00,Adult Race 14 Laps,3,8085,FULFILLED,
3,499,343,2025-07-07 15:20:33,2025-07-21 17:00:00,Arrive & Drive 15 min,7,16800,FULFILLED,
1,580,150,2025-07-07 12:47:00,2025-07-07 15:00:00,3-Race Pack,5,32475,FULFILLED,
3,500,236,2025-07-07 18:21:09,2025-07-11 18:45:00,Stag/Hen Grand Prix,3,19500,WITHDRAWN,2025-07-10 04:18:41
5,60,38,2025-07-07 13:47:28,2025-07-22 10:45:00,TEST RACE,2,200,FULFILLED,
2,510,334,2025-07-07 12:31:03,2025-08-19 14:00:00,Grand Prix Package,1,7495,FULFILLED,
2,511,335,2025-07-07 15:51:36,2025-07-31 12:00:00,Grand Prix Package,3,22485,FULFILLED,
4,446,304,2025-07-08 13:46:09,2025-07-11 16:30:00,Adult Race 10 Laps,5,19500,FULFILLED,
2,512,216,2025-07-07 22:07:28,2025-07-13 18:00:00,Grand Prix Package,6,44970,FULFILLED,
3,501,344,2025-07-08 07:05:39,2025-07-27 17:00:00,Junior Session,4,7200,WITHDRAWN,2025-07-22 20:49:00
3,502,345,2025-07-08 07:42:57,2025-07-10 18:15:00,Stag/Hen Grand Prix,8,52000,FULFILLED,
3,503,346,2025-07-08 08:45:00,2025-07-08 16:30:00,Junior Session,3,5400,FULFILLED,
3,504,347,2025-07-08 10:05:27,2025-07-27 19:15:00,Junior Session,3,5400,FULFILLED,
4,447,305,2025-07-08 21:26:21,2025-07-12 10:30:00,Junior Race,6,17400,FULFILLED,
3,505,348,2025-07-08 13:08:45,2025-07-08 16:30:00,Stag/Hen Grand Prix,7,45500,FULFILLED,
4,448,306,2025-07-08 23:30:36,2025-08-16 12:30:00,Adult Race 10 Laps,1,3900,FULFILLED,
2,513,336,2025-07-08 07:06:54,2025-07-09 19:00:00,Adult Race 12 Laps,2,4990,FULFILLED,
3,506,349,2025-07-08 16:10:48,2025-07-13 20:15:00,Stag/Hen Grand Prix,4,26000,FULFILLED,
1,581,175,2025-07-08 11:17:10,2025-07-08 20:00:00,3-Race Pack,2,12990,FULFILLED,
3,507,350,2025-07-08 16:47:50,2025-07-22 18:15:00,Arrive & Drive 15 min,1,2400,FULFILLED,
2,514,337,2025-07-08 10:08:40,2025-07-10 20:30:00,Grand Prix Package,6,44970,FULFILLED,
3,508,93,2025-07-08 20:49:15,2025-07-14 18:15:00,Stag/Hen Grand Prix,2,13000,FULFILLED,
3,509,351,2025-07-08 21:52:11,2025-08-02 11:15:00,Arrive & Drive 15 min,2,4800,FULFILLED,
1,582,323,2025-07-08 17:41:26,2025-07-14 11:00:00,Adult Race 14 Laps,1,2695,FULFILLED,
4,449,307,2025-07-09 09:25:44,2025-07-20 12:00:00,Junior Race,6,17400,WITHDRAWN,2025-07-16 06:57:20
4,450,53,2025-07-09 10:40:20,2025-07-30 19:45:00,Endurance 30 min,2,17800,FULFILLED,
4,451,308,2025-07-09 11:14:39,2025-07-09 15:30:00,Adult Race 10 Laps,4,15600,FULFILLED,
1,583,386,2025-07-08 21:35:33,2025-07-24 17:30:00,Adult Race 14 Laps,2,5390,FULFILLED,
1,584,387,2025-07-08 22:38:05,2025-08-07 21:30:00,Adult Race 14 Laps,6,16170,FULFILLED,
1,585,388,2025-07-08 23:28:40,2025-09-13 17:00:00,3-Race Pack,2,12990,WITHDRAWN,2025-08-28 05:05:55
2,515,45,2025-07-08 21:02:49,2025-07-12 20:00:00,Grand Prix Package,5,37475,FULFILLED,
3,510,222,2025-07-09 08:36:56,2025-08-05 18:00:00,Junior Session,2,3600,FULFILLED,
3,511,352,2025-07-09 08:41:08,2025-07-16 16:00:00,Stag/Hen Grand Prix,7,45500,FULFILLED,
4,452,309,2025-07-09 18:47:13,2025-07-13 15:45:00,Endurance 30 min,2,17800,FULFILLED,
4,453,287,2025-07-09 20:02:31,2025-07-26 17:15:00,Adult Race 10 Laps,4,15600,FULFILLED,
1,586,389,2025-07-09 08:14:52,2025-07-27 17:45:00,Junior Race 10 Laps,1,1995,FULFILLED,
2,516,338,2025-07-09 07:31:03,2025-07-09 20:45:00,Adult Race 12 Laps,3,7485,FULFILLED,
1,587,18,2025-07-09 13:48:28,2025-07-14 21:30:00,Junior Race 10 Laps,5,9975,FULFILLED,
1,588,329,2025-07-09 14:08:13,2025-08-16 18:30:00,3-Race Pack,5,32475,FULFILLED,
3,512,353,2025-07-09 19:09:07,2025-07-28 11:30:00,Stag/Hen Grand Prix,2,13000,WITHDRAWN,2025-07-27 09:14:34
2,517,339,2025-07-09 12:06:06,2025-07-09 16:30:00,Junior Race 8 Laps,3,5385,FULFILLED,
2,518,340,2025-07-09 12:18:18,2025-07-12 21:00:00,Adult Race 12 Laps,6,14970,FULFILLED,
2,519,341,2025-07-09 13:54:03,2025-07-09 20:30:00,Grand Prix Package,5,37475,FULFILLED,
1,589,390,2025-07-09 22:20:00,2025-08-20 19:30:00,3-Race Pack,1,6495,FULFILLED,
2,520,130,2025-07-09 20:40:27,2025-07-26 18:30:00,Adult Race 12 Laps,1,2495,FULFILLED,
3,513,334,2025-07-10 08:21:17,2025-08-02 13:15:00,Arrive & Drive 15 min,8,19200,FULFILLED,
3,514,354,2025-07-10 08:50:09,2025-08-17 13:30:00,Arrive & Drive 15 min,6,14400,FULFILLED,
3,515,355,2025-07-10 12:02:14,2025-08-02 17:45:00,Stag/Hen Grand Prix,7,45500,FULFILLED,
3,516,276,2025-07-10 13:18:45,2025-07-17 20:00:00,Stag/Hen Grand Prix,6,39000,FULFILLED,
1,590,391,2025-07-10 14:08:30,2025-07-16 20:30:00,Junior Race 10 Laps,5,9975,FULFILLED,
4,454,230,2025-07-11 07:09:47,2025-08-01 12:00:00,Endurance 30 min,3,26700,FULFILLED,
1,591,1,2025-07-10 20:16:01,2025-09-26 19:30:00,Junior Race 10 Laps,1,1995,FULFILLED,
1,592,392,2025-07-10 21:35:05,2025-07-11 17:30:00,Adult Race 14 Laps,6,16170,FULFILLED,
1,593,393,2025-07-10 23:01:27,2025-08-25 18:45:00,3-Race Pack,4,25980,FULFILLED,
1,594,394,2025-07-10 23:09:21,2025-07-26 17:30:00,3-Race Pack,3,19485,FULFILLED,
4,455,310,2025-07-11 14:21:35,2025-07-12 11:45:00,Junior Race,4,11600,FULFILLED,
3,517,43,2025-07-11 07:30:23,2025-07-11 17:00:00,Stag/Hen Grand Prix,3,19500,FULFILLED,
2,521,342,2025-07-10 23:54:55,2025-07-12 19:00:00,Adult Race 12 Laps,3,7485,FULFILLED,
3,518,356,2025-07-11 09:14:42,2025-07-11 11:00:00,Arrive & Drive 15 min,8,19200,FULFILLED,
3,519,225,2025-07-11 09:19:54,2025-07-11 20:30:00,Junior Session,7,12600,FULFILLED,
3,520,357,2025-07-11 10:09:20,2025-08-03 17:00:00,Arrive & Drive 15 min,1,2400,FULFILLED,
5,61,39,2025-07-11 09:16:13,2025-07-13 11:15:00,TEST RACE,1,100,FULFILLED,
4,456,311,2025-07-11 23:53:34,2025-07-16 15:30:00,Endurance 30 min,1,8900,FULFILLED,
3,521,358,2025-07-11 15:15:06,2025-07-12 18:00:00,Stag/Hen Grand Prix,5,32500,FULFILLED,
1,595,395,2025-07-11 12:50:35,2025-07-17 21:45:00,Junior Race 10 Laps,6,11970,FULFILLED,
3,522,354,2025-07-11 19:20:27,2025-07-13 14:00:00,Arrive & Drive 15 min,6,14400,FULFILLED,
3,523,359,2025-07-11 20:17:15,2025-07-16 18:15:00,Arrive & Drive 15 min,3,7200,FULFILLED,
1,596,396,2025-07-11 15:35:41,2025-10-07 21:15:00,Junior Race 10 Laps,6,11970,FULFILLED,
4,457,312,2025-07-12 08:19:22,2025-07-12 16:00:00,Adult Race 10 Laps,1,3900,FULFILLED,
4,458,313,2025-07-12 10:42:16,2025-09-13 15:45:00,Endurance 30 min,5,44500,FULFILLED,
1,597,397,2025-07-11 21:05:54,2025-08-02 18:15:00,Junior Race 10 Laps,1,1995,FULFILLED,
1,598,91,2025-07-11 22:41:43,2025-09-19 18:45:00,3-Race Pack,1,6495,FULFILLED,
1,599,173,2025-07-11 23:26:42,2025-08-09 13:15:00,3-Race Pack,3,19485,FULFILLED,
2,522,343,2025-07-11 21:02:20,2025-07-21 20:30:00,Adult Race 12 Laps,5,12475,FULFILLED,
3,524,360,2025-07-12 11:10:55,2025-07-15 20:00:00,Arrive & Drive 15 min,2,4800,FULFILLED,
1,600,87,2025-07-12 08:19:59,2025-09-07 19:00:00,3-Race Pack,4,25980,FULFILLED,
5,62,40,2025-07-12 09:19:13,2025-07-12 10:15:00,TEST RACE,2,200,FULFILLED,
1,601,398,2025-07-12 09:44:05,2025-07-12 18:00:00,Junior Race 10 Laps,2,3990,FULFILLED,
1,602,399,2025-07-12 12:12:12,2025-07-12 15:30:00,3-Race Pack,3,19485,FULFILLED,
1,603,400,2025-07-12 12:22:13,2025-07-12 13:15:00,Junior Race 10 Laps,5,9975,FULFILLED,
2,523,71,2025-07-12 10:03:31,2025-07-14 21:45:00,Grand Prix Package,4,29980,FULFILLED,
1,604,401,2025-07-12 15:12:51,2025-07-14 11:45:00,3-Race Pack,5,32475,FULFILLED,
2,524,238,2025-07-12 15:13:29,2025-07-19 18:30:00,Grand Prix Package,5,37475,FULFILLED,
2,525,242,2025-07-12 15:46:24,2025-07-18 21:00:00,Adult Race 12 Laps,1,2495,FULFILLED,
4,459,314,2025-07-13 12:31:07,2025-07-13 15:30:00,Junior Race,6,17400,FULFILLED,
4,460,46,2025-07-13 18:41:59,2025-09-05 16:45:00,Adult Race 10 Laps,2,7800,FULFILLED,
1,605,402,2025-07-13 07:56:32,2025-07-26 19:15:00,3-Race Pack,5,32475,FULFILLED,
3,525,361,2025-07-13 13:06:38,2025-07-13 18:00:00,Stag/Hen Grand Prix,5,32500,FULFILLED,
5,63,41,2025-07-13 08:31:02,2025-07-13 09:00:00,TEST RACE,2,200,FULFILLED,
1,606,403,2025-07-13 09:17:25,2025-07-18 19:00:00,Junior Race 10 Laps,6,11970,WITHDRAWN,2025-07-16 22:31:28
5,64,42,2025-07-13 11:57:41,2025-07-14 11:45:00,TEST RACE,2,200,FULFILLED,
3,526,362,2025-07-13 18:37:52,2025-07-27 17:00:00,Arrive & Drive 15 min,6,14400,FULFILLED,
2,526,344,2025-07-13 11:27:48,2025-08-05 16:45:00,Adult Race 12 Laps,6,14970,FULFILLED,
1,607,404,2025-07-13 14:35:15,2025-07-14 15:30:00,3-Race Pack,3,19485,FULFILLED,
1,608,405,2025-07-13 15:21:16,2025-07-13 17:45:00,Junior Race 10 Laps,5,9975,WITHDRAWN,2025-07-13 17:09:02
2,527,345,2025-07-13 13:38:23,2025-08-07 14:00:00,Junior Race 8 Laps,3,5385,FULFILLED,
3,527,139,2025-07-13 21:51:34,2025-07-19 18:30:00,Arrive & Drive 15 min,2,4800,FULFILLED,
2,528,240,2025-07-13 15:10:34,2025-07-17 14:00:00,Grand Prix Package,5,37475,FULFILLED,
2,529,346,2025-07-13 18:38:06,2025-08-09 20:30:00,Grand Prix Package,3,22485,FULFILLED,
3,528,363,2025-07-14 07:01:09,2025-08-24 17:00:00,Junior Session,4,7200,FULFILLED,
4,461,315,2025-07-14 21:20:20,2025-10-11 15:30:00,Adult Race 10 Laps,3,11700,FULFILLED,
1,609,3,2025-07-14 08:27:41,2025-07-17 19:30:00,Adult Race 14 Laps,4,10780,FULFILLED,
2,530,347,2025-07-14 08:07:03,2025-07-20 20:00:00,Junior Race 8 Laps,1,1795,FULFILLED,
1,610,406,2025-07-14 11:58:10,2025-09-16 21:00:00,3-Race Pack,4,25980,FULFILLED,
2,531,348,2025-07-14 11:01:06,2025-07-16 18:30:00,Junior Race 8 Laps,5,8975,FULFILLED,
2,532,349,2025-07-14 12:43:11,2025-07-16 12:15:00,Adult Race 12 Laps,4,9980,FULFILLED,
4,462,46,2025-07-15 07:08:54,2025-07-15 10:30:00,Junior Race,1,2900,FULFILLED,
5,65,3,2025-07-14 18:28:04,2025-08-25 10:15:00,TEST RACE,2,200,FULFILLED,
4,463,240,2025-07-15 12:28:46,2025-07-15 14:00:00,Junior Race,2,5800,FULFILLED,
2,533,350,2025-07-14 20:56:06,2025-08-01 19:45:00,Grand Prix Package,6,44970,FULFILLED,
4,464,98,2025-07-15 15:21:12,2025-07-20 17:15:00,Adult Race 10 Laps,1,3900,FULFILLED,
3,529,357,2025-07-15 09:31:56,2025-07-15 14:30:00,Junior Session,8,14400,FULFILLED,
4,465,1,2025-07-15 19:51:01,2025-07-19 13:45:00,Endurance 30 min,2,17800,FULFILLED,
4,466,236,2025-07-15 22:09:11,2025-08-06 15:00:00,Junior Race,3,8700,FULFILLED,
3,530,134,2025-07-15 17:35:56,2025-07-19 18:45:00,Junior Session,7,12600,FULFILLED,
1,611,407,2025-07-15 13:03:39,2025-07-16 19:00:00,Adult Race 14 Laps,3,8085,FULFILLED,
1,612,408,2025-07-15 14:08:33,2025-09-25 19:00:00,Junior Race 10 Laps,6,11970,FULFILLED,
3,531,48,2025-07-15 20:51:03,2025-07-25 18:00:00,Arrive & Drive 15 min,7,16800,FULFILLED,
1,613,409,2025-07-15 16:50:15,2025-07-16 18:00:00,3-Race Pack,5,32475,FULFILLED,
1,614,410,2025-07-15 20:01:30,2025-07-31 20:45:00,3-Race Pack,1,6495,FULFILLED,
4,467,316,2025-07-16 15:17:37,2025-07-29 13:00:00,Junior Race,5,14500,FULFILLED,
4,468,317,2025-07-16 16:03:21,2025-10-05 11:00:00,Adult Race 10 Laps,4,15600,FULFILLED,
2,534,164,2025-07-15 23:09:21,2025-07-25 16:30:00,Junior Race 8 Laps,4,7180,FULFILLED,
3,532,364,2025-07-16 12:22:32,2025-08-14 18:30:00,Junior Session,7,12600,FULFILLED,
4,469,318,2025-07-16 21:25:41,2025-07-22 11:00:00,Junior Race,5,14500,FULFILLED,
1,615,411,2025-07-16 09:09:06,2025-08-03 21:15:00,3-Race Pack,1,6495,FULFILLED,
1,616,412,2025-07-16 11:03:19,2025-07-27 20:15:00,3-Race Pack,3,19485,FULFILLED,
3,533,365,2025-07-16 17:46:15,2025-07-22 18:30:00,Arrive & Drive 15 min,5,12000,FULFILLED,
2,535,110,2025-07-16 09:53:58,2025-07-19 20:00:00,Junior Race 8 Laps,2,3590,FULFILLED,
1,617,413,2025-07-16 17:44:54,2025-07-18 19:15:00,Junior Race 10 Laps,5,9975,FULFILLED,
3,534,366,2025-07-16 23:11:02,2025-08-16 18:00:00,Stag/Hen Grand Prix,3,19500,FULFILLED,
3,535,367,2025-07-16 23:40:52,2025-07-24 17:00:00,Stag/Hen Grand Prix,3,19500,FULFILLED,
2,536,351,2025-07-16 16:07:24,2025-09-03 21:00:00,Junior Race 8 Laps,3,5385,WITHDRAWN,2025-08-22 10:58:13
2,537,312,2025-07-16 19:09:53,2025-07-23 14:00:00,Adult Race 12 Laps,6,14970,FULFILLED,
1,618,38,2025-07-16 23:21:47,2025-07-21 18:30:00,Junior Race 10 Laps,4,7980,FULFILLED,
4,470,319,2025-07-17 14:58:17,2025-07-28 11:00:00,Endurance 30 min,2,17800,WITHDRAWN,2025-07-23 04:45:26
2,538,352,2025-07-16 22:01:49,2025-08-12 21:30:00,Adult Race 12 Laps,4,9980,FULFILLED,
4,471,320,2025-07-17 17:13:23,2025-07-18 13:00:00,Adult Race 10 Laps,2,7800,FULFILLED,
2,539,353,2025-07-17 10:45:07,2025-08-06 19:15:00,Junior Race 8 Laps,6,10770,FULFILLED,
3,536,345,2025-07-17 19:21:16,2025-07-30 19:00:00,Arrive & Drive 15 min,6,14400,FULFILLED,
3,537,76,2025-07-17 19:51:52,2025-07-23 13:30:00,Junior Session,5,9000,FULFILLED,
1,619,178,2025-07-17 15:14:26,2025-07-17 20:45:00,Adult Race 14 Laps,5,13475,FULFILLED,
1,620,414,2025-07-17 15:41:47,2025-07-19 21:00:00,Adult Race 14 Laps,6,16170,FULFILLED,
2,540,354,2025-07-17 14:29:38,2025-07-24 18:30:00,Adult Race 12 Laps,3,7485,FULFILLED,
1,621,415,2025-07-17 18:29:33,2025-07-17 21:45:00,3-Race Pack,2,12990,FULFILLED,
4,472,321,2025-07-18 12:26:49,2025-07-25 11:30:00,Adult Race 10 Laps,4,15600,FULFILLED,
2,541,5,2025-07-17 23:47:46,2025-07-18 20:30:00,Adult Race 12 Laps,6,14970,FULFILLED,
4,473,322,2025-07-18 18:55:32,2025-08-09 15:15:00,Junior Race,6,17400,FULFILLED,
3,538,368,2025-07-18 11:19:16,2025-08-01 14:00:00,Arrive & Drive 15 min,7,16800,FULFILLED,
4,474,170,2025-07-18 22:47:08,2025-07-25 15:30:00,Junior Race,2,5800,FULFILLED,
1,622,416,2025-07-18 09:48:43,2025-08-07 18:00:00,3-Race Pack,6,38970,FULFILLED,
3,539,151,2025-07-18 16:16:24,2025-07-26 19:00:00,Junior Session,2,3600,FULFILLED,
5,66,43,2025-07-18 11:45:57,2025-07-25 10:45:00,TEST RACE,2,200,FULFILLED,
1,623,14,2025-07-18 16:31:05,2025-07-18 17:00:00,3-Race Pack,5,32475,FULFILLED,
1,624,417,2025-07-18 18:14:58,2025-09-05 19:00:00,Junior Race 10 Laps,6,11970,FULFILLED,
1,625,418,2025-07-18 19:49:40,2025-07-20 20:00:00,Junior Race 10 Laps,1,1995,FULFILLED,
4,475,45,2025-07-19 09:49:52,2025-07-19 14:45:00,Endurance 30 min,2,17800,FULFILLED,
2,542,355,2025-07-18 16:58:48,2025-07-19 19:30:00,Adult Race 12 Laps,3,7485,FULFILLED,
4,476,184,2025-07-19 10:55:35,2025-07-19 11:30:00,Endurance 30 min,6,53400,FULFILLED,
2,543,228,2025-07-18 19:46:43,2025-08-16 18:15:00,Junior Race 8 Laps,1,1795,FULFILLED,
1,626,419,2025-07-18 23:15:07,2025-08-02 15:00:00,Junior Race 10 Laps,4,7980,FULFILLED,
2,544,356,2025-07-18 23:47:25,2025-09-20 20:45:00,Junior Race 8 Laps,1,1795,FULFILLED,
3,540,369,2025-07-19 09:17:10,2025-07-19 18:30:00,Junior Session,1,1800,FULFILLED,
3,541,246,2025-07-19 09:33:03,2025-07-19 13:00:00,Stag/Hen Grand Prix,8,52000,FULFILLED,
4,477,323,2025-07-19 19:29:14,2025-08-17 15:00:00,Junior Race,1,2900,FULFILLED,
4,478,116,2025-07-19 19:30:31,2025-10-10 14:00:00,Adult Race 10 Laps,3,11700,WITHDRAWN,2025-09-01 09:15:37
3,542,187,2025-07-19 17:41:56,2025-08-04 18:30:00,Stag/Hen Grand Prix,1,6500,FULFILLED,
3,543,266,2025-07-19 17:42:22,2025-10-02 17:45:00,Arrive & Drive 15 min,6,14400,FULFILLED,
1,627,140,2025-07-19 14:15:14,2025-07-25 18:00:00,Adult Race 14 Laps,3,8085,FULFILLED,
5,67,44,2025-07-19 15:07:40,2025-08-30 11:00:00,TEST RACE,1,100,FULFILLED,
4,479,118,2025-07-20 07:04:26,2025-07-20 11:30:00,Endurance 30 min,3,26700,FULFILLED,
2,545,357,2025-07-19 14:33:31,2025-07-20 20:30:00,Junior Race 8 Laps,3,5385,FULFILLED,
1,628,274,2025-07-19 17:53:55,2025-08-16 18:30:00,3-Race Pack,1,6495,FULFILLED,
4,480,324,2025-07-20 13:21:25,2025-07-20 19:15:00,Adult Race 10 Laps,6,23400,FULFILLED,
2,546,358,2025-07-19 23:54:42,2025-07-22 21:30:00,Adult Race 12 Laps,1,2495,FULFILLED,
3,544,370,2025-07-20 12:13:53,2025-09-21 18:45:00,Junior Session,6,10800,FULFILLED,
3,545,371,2025-07-20 14:36:59,2025-08-18 13:45:00,Arrive & Drive 15 min,5,12000,FULFILLED,
1,629,420,2025-07-20 10:49:34,2025-08-13 18:00:00,3-Race Pack,3,19485,FULFILLED,
2,547,359,2025-07-20 11:30:14,2025-07-20 20:30:00,Grand Prix Package,6,44970,FULFILLED,
2,548,311,2025-07-20 11:50:32,2025-07-20 14:30:00,Adult Race 12 Laps,5,12475,FULFILLED,
2,549,360,2025-07-20 13:36:18,2025-07-21 20:00:00,Junior Race 8 Laps,1,1795,FULFILLED,
3,546,372,2025-07-20 22:00:11,2025-08-15 14:45:00,Junior Session,6,10800,FULFILLED,
1,630,421,2025-07-20 17:55:19,2025-07-24 20:30:00,Adult Race 14 Laps,1,2695,FULFILLED,
1,631,422,2025-07-20 23:26:06,2025-07-24 18:30:00,Junior Race 10 Laps,4,7980,FULFILLED,
2,550,115,2025-07-20 22:40:00,2025-07-25 19:00:00,Grand Prix Package,1,7495,WITHDRAWN,2025-07-23 22:33:58
2,551,114,2025-07-21 08:25:54,2025-07-26 18:45:00,Grand Prix Package,5,37475,FULFILLED,
1,632,423,2025-07-21 13:17:47,2025-07-26 18:15:00,3-Race Pack,4,25980,FULFILLED,
2,552,361,2025-07-21 10:46:11,2025-07-26 19:30:00,Grand Prix Package,3,22485,FULFILLED,
2,553,362,2025-07-21 13:53:52,2025-07-27 20:00:00,Adult Race 12 Laps,4,9980,FULFILLED,
4,481,1,2025-07-22 10:21:13,2025-09-28 14:00:00,Adult Race 10 Laps,2,7800,WITHDRAWN,2025-09-13 04:55:25
2,554,255,2025-07-21 18:06:55,2025-07-26 19:00:00,Adult Race 12 Laps,1,2495,WITHDRAWN,2025-07-25 04:09:11
1,633,424,2025-07-21 22:02:21,2025-07-28 20:00:00,Junior Race 10 Laps,6,11970,WITHDRAWN,2025-07-25 15:18:58
1,634,425,2025-07-21 22:32:40,2025-08-02 18:30:00,3-Race Pack,3,19485,FULFILLED,
3,547,373,2025-07-22 08:15:50,2025-07-22 17:15:00,Stag/Hen Grand Prix,4,26000,FULFILLED,
1,635,426,2025-07-22 07:05:26,2025-08-09 18:30:00,Junior Race 10 Laps,2,3990,FULFILLED,
1,636,427,2025-07-22 09:21:21,2025-07-27 21:30:00,3-Race Pack,1,6495,FULFILLED,
2,555,363,2025-07-22 07:36:43,2025-08-17 19:45:00,Adult Race 12 Laps,6,14970,FULFILLED,
3,548,374,2025-07-22 15:45:15,2025-07-22 19:30:00,Junior Session,2,3600,FULFILLED,
1,637,428,2025-07-22 11:29:59,2025-09-10 20:30:00,Adult Race 14 Laps,2,5390,FULFILLED,
1,638,282,2025-07-22 12:34:36,2025-08-22 17:00:00,Adult Race 14 Laps,6,16170,FULFILLED,
2,556,364,2025-07-22 14:08:00,2025-07-24 18:30:00,Grand Prix Package,2,14990,FULFILLED,
2,557,365,2025-07-22 14:12:02,2025-09-21 19:45:00,Grand Prix Package,1,7495,FULFILLED,
1,639,429,2025-07-22 17:51:17,2025-07-26 20:00:00,Adult Race 14 Laps,1,2695,FULFILLED,
2,558,366,2025-07-22 16:04:54,2025-07-25 18:00:00,Adult Race 12 Laps,4,9980,FULFILLED,
4,482,57,2025-07-23 12:39:17,2025-09-09 12:00:00,Junior Race,6,17400,FULFILLED,
2,559,219,2025-07-22 22:13:55,2025-07-26 18:45:00,Junior Race 8 Laps,4,7180,WITHDRAWN,2025-07-26 07:51:36
2,560,367,2025-07-22 23:08:26,2025-07-29 14:30:00,Adult Race 12 Laps,4,9980,FULFILLED,
3,549,375,2025-07-23 08:51:10,2025-07-25 18:45:00,Junior Session,8,14400,FULFILLED,
4,483,325,2025-07-23 19:41:03,2025-07-31 12:00:00,Endurance 30 min,5,44500,FULFILLED,
3,550,376,2025-07-23 11:33:52,2025-08-22 17:00:00,Junior Session,7,12600,WITHDRAWN,2025-08-19 20:09:25
3,551,377,2025-07-23 13:16:49,2025-07-30 19:00:00,Arrive & Drive 15 min,4,9600,FULFILLED,
4,484,326,2025-07-23 22:51:08,2025-08-12 17:00:00,Junior Race,3,8700,FULFILLED,
3,552,378,2025-07-23 14:19:29,2025-08-29 17:30:00,Stag/Hen Grand Prix,7,45500,FULFILLED,
1,640,312,2025-07-23 10:58:49,2025-07-27 11:00:00,Adult Race 14 Laps,1,2695,FULFILLED,
3,553,48,2025-07-23 16:12:16,2025-08-12 20:15:00,Arrive & Drive 15 min,2,4800,FULFILLED,
1,641,247,2025-07-23 11:47:10,2025-07-29 18:30:00,3-Race Pack,1,6495,FULFILLED,
3,554,379,2025-07-23 17:14:55,2025-07-23 18:00:00,Stag/Hen Grand Prix,8,52000,FULFILLED,
3,555,303,2025-07-23 19:18:35,2025-07-27 17:30:00,Stag/Hen Grand Prix,6,39000,FULFILLED,
3,556,231,2025-07-23 22:26:15,2025-08-20 18:00:00,Junior Session,8,14400,FULFILLED,
1,642,430,2025-07-23 21:58:55,2025-08-09 19:00:00,Junior Race 10 Laps,6,11970,FULFILLED,
4,485,319,2025-07-24 12:14:12,2025-08-20 11:00:00,Junior Race,5,14500,FULFILLED,
1,643,431,2025-07-23 22:37:54,2025-10-18 20:15:00,Junior Race 10 Laps,1,1995,FULFILLED,
4,486,327,2025-07-24 16:35:25,2025-07-27 14:00:00,Adult Race 10 Laps,6,23400,FULFILLED,
3,557,380,2025-07-24 10:04:31,2025-07-26 20:30:00,Arrive & Drive 15 min,2,4800,FULFILLED,
5,68,5,2025-07-24 07:59:48,2025-10-03 11:45:00,TEST RACE,2,200,WITHDRAWN,2025-09-19 04:58:13
1,644,193,2025-07-24 08:24:37,2025-08-22 15:45:00,Junior Race 10 Laps,1,1995,FULFILLED,
3,558,381,2025-07-24 13:42:10,2025-08-21 17:30:00,Stag/Hen Grand Prix,7,45500,FULFILLED,
1,645,432,2025-07-24 09:26:55,2025-09-21 20:15:00,Adult Race 14 Laps,3,8085,WITHDRAWN,2025-08-26 16:12:13
3,559,5,2025-07-24 16:44:56,2025-09-03 19:45:00,Arrive & Drive 15 min,4,9600,FULFILLED,
3,560,86,2025-07-24 19:01:37,2025-08-14 13:30:00,Arrive & Drive 15 min,4,9600,WITHDRAWN,2025-08-07 07:07:57
2,561,368,2025-07-24 12:06:02,2025-07-26 20:00:00,Adult Race 12 Laps,1,2495,FULFILLED,
1,646,433,2025-07-24 15:21:49,2025-08-10 13:45:00,Junior Race 10 Laps,4,7980,WITHDRAWN,2025-08-09 03:47:51
2,562,369,2025-07-24 12:37:24,2025-07-26 21:30:00,Junior Race 8 Laps,2,3590,FULFILLED,
4,487,8,2025-07-25 08:50:07,2025-07-25 12:00:00,Junior Race,2,5800,FULFILLED,
1,647,18,2025-07-24 19:16:45,2025-08-08 19:00:00,3-Race Pack,2,12990,FULFILLED,
1,648,434,2025-07-24 22:02:22,2025-07-26 18:30:00,3-Race Pack,3,19485,FULFILLED,
2,563,370,2025-07-24 19:44:50,2025-10-05 14:00:00,Grand Prix Package,6,44970,FULFILLED,
4,488,103,2025-07-25 12:58:41,2025-10-19 11:45:00,Endurance 30 min,3,26700,FULFILLED,
3,561,382,2025-07-25 08:17:09,2025-07-25 20:30:00,Arrive & Drive 15 min,8,19200,FULFILLED,
3,562,383,2025-07-25 12:44:04,2025-07-27 18:30:00,Stag/Hen Grand Prix,6,39000,FULFILLED,
3,563,124,2025-07-25 13:05:20,2025-07-25 16:00:00,Arrive & Drive 15 min,3,7200,FULFILLED,
2,564,20,2025-07-25 07:56:18,2025-08-15 16:30:00,Grand Prix Package,3,22485,FULFILLED,
3,564,384,2025-07-25 15:56:20,2025-07-25 19:00:00,Stag/Hen Grand Prix,8,52000,WITHDRAWN,2025-07-25 17:42:50
1,649,435,2025-07-25 10:56:56,2025-07-25 20:45:00,Adult Race 14 Laps,3,8085,FULFILLED,
1,650,436,2025-07-25 14:02:46,2025-07-25 17:45:00,Adult Race 14 Laps,2,5390,FULFILLED,
2,565,371,2025-07-25 11:26:53,2025-08-12 20:30:00,Grand Prix Package,4,29980,WITHDRAWN,2025-08-06 07:24:30
2,566,372,2025-07-25 13:24:24,2025-07-27 14:15:00,Adult Race 12 Laps,6,14970,FULFILLED,
1,651,85,2025-07-25 20:38:47,2025-08-01 19:00:00,3-Race Pack,5,32475,FULFILLED,
4,489,307,2025-07-26 11:34:30,2025-07-28 14:00:00,Endurance 30 min,4,35600,FULFILLED,
1,652,437,2025-07-25 23:07:09,2025-07-27 13:00:00,Adult Race 14 Laps,1,2695,FULFILLED,
2,567,373,2025-07-25 22:40:38,2025-07-26 21:00:00,Junior Race 8 Laps,1,1795,FULFILLED,
4,490,160,2025-07-26 22:14:47,2025-07-31 15:00:00,Junior Race,3,8700,FULFILLED,
3,565,385,2025-07-26 13:25:56,2025-08-01 17:15:00,Junior Session,6,10800,FULFILLED,
1,653,1,2025-07-26 08:35:12,2025-07-26 11:30:00,Adult Race 14 Laps,3,8085,FULFILLED,
1,654,122,2025-07-26 10:44:41,2025-07-26 20:45:00,Adult Race 14 Laps,2,5390,FULFILLED,
2,568,374,2025-07-26 08:06:37,2025-08-07 14:15:00,Junior Race 8 Laps,4,7180,WITHDRAWN,2025-08-04 10:16:20
1,655,438,2025-07-26 14:47:51,2025-07-31 21:30:00,3-Race Pack,4,25980,FULFILLED,
1,656,31,2025-07-26 14:50:34,2025-08-02 17:15:00,Junior Race 10 Laps,1,1995,FULFILLED,
2,569,375,2025-07-26 12:03:42,2025-07-26 14:00:00,Adult Race 12 Laps,5,12475,FULFILLED,
2,570,376,2025-07-26 12:16:22,2025-08-23 20:30:00,Adult Race 12 Laps,1,2495,FULFILLED,
2,571,302,2025-07-26 13:30:32,2025-08-02 20:15:00,Adult Race 12 Laps,2,4990,FULFILLED,
1,657,439,2025-07-26 17:01:56,2025-07-26 20:00:00,3-Race Pack,2,12990,FULFILLED,
1,658,67,2025-07-26 17:16:08,2025-08-15 15:00:00,3-Race Pack,6,38970,FULFILLED,
3,566,189,2025-07-26 22:40:31,2025-07-27 18:00:00,Stag/Hen Grand Prix,3,19500,FULFILLED,
2,572,42,2025-07-26 17:14:43,2025-07-26 20:30:00,Grand Prix Package,4,29980,FULFILLED,
1,659,112,2025-07-26 20:42:13,2025-07-27 21:15:00,Junior Race 10 Laps,6,11970,FULFILLED,
3,567,386,2025-07-27 09:14:56,2025-08-21 17:30:00,Arrive & Drive 15 min,4,9600,FULFILLED,
3,568,387,2025-07-27 10:44:44,2025-08-02 18:45:00,Stag/Hen Grand Prix,5,32500,FULFILLED,
1,660,341,2025-07-27 10:25:59,2025-07-27 17:15:00,3-Race Pack,2,12990,FULFILLED,
1,661,440,2025-07-27 11:24:24,2025-08-03 17:00:00,Adult Race 14 Laps,4,10780,FULFILLED,
3,569,46,2025-07-27 20:58:59,2025-08-02 20:45:00,Stag/Hen Grand Prix,1,6500,FULFILLED,
2,573,377,2025-07-27 13:20:33,2025-10-02 20:45:00,Junior Race 8 Laps,2,3590,FULFILLED,
1,662,441,2025-07-27 16:41:56,2025-07-27 20:30:00,Junior Race 10 Laps,5,9975,FULFILLED,
3,570,388,2025-07-27 22:46:04,2025-10-03 18:15:00,Stag/Hen Grand Prix,7,45500,FULFILLED,
1,663,442,2025-07-27 23:19:41,2025-08-16 13:00:00,Adult Race 14 Laps,3,8085,FULFILLED,
1,664,443,2025-07-27 23:49:36,2025-08-02 13:30:00,Junior Race 10 Laps,2,3990,FULFILLED,
3,571,389,2025-07-28 07:16:52,2025-07-28 17:30:00,Stag/Hen Grand Prix,8,52000,FULFILLED,
4,491,328,2025-07-28 17:55:44,2025-08-20 16:30:00,Junior Race,3,8700,FULFILLED,
3,572,390,2025-07-28 09:39:33,2025-10-17 20:15:00,Stag/Hen Grand Prix,3,19500,FULFILLED,
4,492,154,2025-07-28 22:02:36,2025-10-15 11:15:00,Junior Race,4,11600,FULFILLED,
1,665,299,2025-07-28 09:09:50,2025-08-01 20:45:00,Adult Race 14 Laps,1,2695,FULFILLED,
3,573,133,2025-07-28 18:29:00,2025-08-24 17:30:00,Junior Session,6,10800,FULFILLED,
1,666,10,2025-07-28 13:52:57,2025-08-03 13:45:00,Junior Race 10 Laps,1,1995,FULFILLED,
3,574,391,2025-07-28 20:05:23,2025-08-03 14:00:00,Arrive & Drive 15 min,3,7200,FULFILLED,
1,667,216,2025-07-28 16:17:50,2025-08-01 19:30:00,Adult Race 14 Laps,4,10780,FULFILLED,
3,575,392,2025-07-28 22:56:47,2025-08-18 16:30:00,Junior Session,8,14400,FULFILLED,
4,493,10,2025-07-29 08:22:41,2025-08-10 15:15:00,Endurance 30 min,2,17800,FULFILLED,
2,574,378,2025-07-28 16:13:54,2025-08-09 20:00:00,Junior Race 8 Laps,4,7180,FULFILLED,
4,494,329,2025-07-29 09:22:24,2025-08-01 16:00:00,Adult Race 10 Laps,3,11700,FULFILLED,
4,495,330,2025-07-29 10:50:12,2025-07-31 15:30:00,Adult Race 10 Laps,4,15600,FULFILLED,
1,668,444,2025-07-28 20:54:31,2025-08-02 19:15:00,Adult Race 14 Laps,6,16170,WITHDRAWN,2025-08-02 00:58:56
1,669,445,2025-07-28 22:25:06,2025-09-05 20:00:00,Adult Race 14 Laps,3,8085,FULFILLED,
4,496,211,2025-07-29 13:03:26,2025-08-04 10:00:00,Endurance 30 min,5,44500,WITHDRAWN,2025-08-01 21:26:51
3,576,160,2025-07-29 10:48:56,2025-08-02 18:30:00,Arrive & Drive 15 min,4,9600,FULFILLED,
4,497,331,2025-07-29 20:39:07,2025-08-17 15:00:00,Endurance 30 min,3,26700,FULFILLED,
1,670,446,2025-07-29 09:37:38,2025-08-26 13:30:00,Junior Race 10 Laps,2,3990,FULFILLED,
4,498,332,2025-07-29 23:52:33,2025-08-07 15:15:00,Endurance 30 min,4,35600,FULFILLED,
2,575,53,2025-07-29 07:56:51,2025-08-02 16:30:00,Grand Prix Package,6,44970,FULFILLED,
1,671,447,2025-07-29 13:48:53,2025-07-31 19:45:00,Junior Race 10 Laps,5,9975,FULFILLED,
1,672,448,2025-07-29 14:08:27,2025-08-02 18:30:00,3-Race Pack,1,6495,FULFILLED,
3,577,393,2025-07-29 19:47:10,2025-07-30 16:45:00,Stag/Hen Grand Prix,2,13000,FULFILLED,
1,673,449,2025-07-29 19:22:34,2025-07-31 20:30:00,Adult Race 14 Laps,2,5390,FULFILLED,
1,674,8,2025-07-29 19:28:25,2025-07-31 20:00:00,Junior Race 10 Laps,3,5985,FULFILLED,
2,576,379,2025-07-29 17:02:08,2025-09-04 19:45:00,Junior Race 8 Laps,5,8975,WITHDRAWN,2025-08-17 16:29:25
2,577,380,2025-07-29 18:16:33,2025-08-02 16:30:00,Adult Race 12 Laps,2,4990,FULFILLED,
2,578,381,2025-07-29 21:22:10,2025-08-03 18:30:00,Grand Prix Package,3,22485,FULFILLED,
2,579,382,2025-07-29 23:11:48,2025-07-30 16:30:00,Junior Race 8 Laps,6,10770,FULFILLED,
3,578,394,2025-07-30 09:17:24,2025-08-28 14:45:00,Stag/Hen Grand Prix,5,32500,FULFILLED,
1,675,450,2025-07-30 07:43:17,2025-08-16 18:00:00,Junior Race 10 Laps,2,3990,FULFILLED,
1,676,115,2025-07-30 08:26:20,2025-08-23 19:45:00,3-Race Pack,2,12990,WITHDRAWN,2025-08-16 14:58:37
1,677,451,2025-07-30 09:19:16,2025-09-02 15:15:00,3-Race Pack,4,25980,FULFILLED,
2,580,383,2025-07-30 07:24:56,2025-08-03 20:15:00,Adult Race 12 Laps,2,4990,FULFILLED,
1,678,452,2025-07-30 13:27:52,2025-10-19 20:30:00,3-Race Pack,3,19485,FULFILLED,
1,679,453,2025-07-30 15:03:53,2025-08-02 21:30:00,Junior Race 10 Laps,2,3990,FULFILLED,
4,499,332,2025-07-31 08:52:29,2025-08-02 15:30:00,Endurance 30 min,1,8900,FULFILLED,
1,680,454,2025-07-30 20:36:14,2025-08-17 17:45:00,Junior Race 10 Laps,4,7980,FULFILLED,
4,500,141,2025-07-31 14:21:48,2025-08-16 10:00:00,Adult Race 10 Laps,5,19500,FULFILLED,
3,579,395,2025-07-31 09:04:07,2025-08-02 20:15:00,Arrive & Drive 15 min,4,9600,FULFILLED,
1,681,455,2025-07-31 07:21:57,2025-07-31 13:15:00,Junior Race 10 Laps,6,11970,FULFILLED,
1,682,344,2025-07-31 09:21:16,2025-10-21 19:30:00,Adult Race 14 Laps,5,13475,WITHDRAWN,2025-10-14 21:23:35
3,580,131,2025-07-31 14:49:24,2025-07-31 16:30:00,Stag/Hen Grand Prix,4,26000,FULFILLED,
3,581,396,2025-07-31 16:19:36,2025-08-03 13:15:00,Arrive & Drive 15 min,7,16800,FULFILLED,
2,581,384,2025-07-31 11:27:09,2025-08-17 19:00:00,Grand Prix Package,2,14990,FULFILLED,
3,582,397,2025-07-31 20:39:05,2025-08-21 16:45:00,Stag/Hen Grand Prix,7,45500,FULFILLED,
2,582,385,2025-07-31 20:08:59,2025-08-04 16:00:00,Grand Prix Package,1,7495,FULFILLED,
2,583,106,2025-07-31 21:37:35,2025-08-29 16:00:00,Grand Prix Package,6,44970,FULFILLED,
3,583,259,2025-08-01 11:39:08,2025-08-30 13:00:00,Stag/Hen Grand Prix,6,39000,FULFILLED,
1,683,242,2025-08-01 09:17:48,2025-08-02 19:30:00,Adult Race 14 Laps,1,2695,FULFILLED,
3,584,398,2025-08-01 14:34:19,2025-08-23 18:30:00,Arrive & Drive 15 min,4,9600,FULFILLED,
2,584,356,2025-08-01 13:52:59,2025-08-06 20:15:00,Junior Race 8 Laps,1,1795,FULFILLED,
2,585,139,2025-08-01 15:10:15,2025-08-31 20:00:00,Junior Race 8 Laps,1,1795,FULFILLED,
1,684,456,2025-08-01 19:09:19,2025-08-04 21:15:00,Adult Race 14 Laps,3,8085,FULFILLED,
2,586,386,2025-08-01 16:21:16,2025-08-03 20:30:00,Adult Race 12 Laps,4,9980,FULFILLED,
4,501,333,2025-08-02 10:51:59,2025-08-07 19:45:00,Junior Race,4,11600,FULFILLED,
1,685,457,2025-08-01 22:11:16,2025-08-06 21:00:00,3-Race Pack,6,38970,FULFILLED,
4,502,334,2025-08-02 18:48:42,2025-08-30 14:30:00,Endurance 30 min,6,53400,FULFILLED,
1,686,10,2025-08-02 09:27:05,2025-08-02 13:00:00,Junior Race 10 Laps,2,3990,FULFILLED,
4,503,335,2025-08-02 23:58:26,2025-09-01 15:15:00,Junior Race,2,5800,FULFILLED,
3,585,14,2025-08-02 17:08:04,2025-08-09 16:00:00,Arrive & Drive 15 min,1,2400,FULFILLED,
1,687,325,2025-08-02 14:04:28,2025-08-02 19:30:00,Adult Race 14 Laps,5,13475,FULFILLED,
3,586,399,2025-08-02 21:15:20,2025-08-08 19:45:00,Stag/Hen Grand Prix,3,19500,FULFILLED,
3,587,32,2025-08-02 21:36:05,2025-08-24 13:15:00,Stag/Hen Grand Prix,8,52000,FULFILLED,
1,688,458,2025-08-02 23:28:39,2025-08-05 18:00:00,Junior Race 10 Laps,5,9975,FULFILLED,
4,504,7,2025-08-03 13:44:38,2025-08-04 16:45:00,Junior Race,1,2900,FULFILLED,
2,587,387,2025-08-02 22:26:34,2025-08-07 12:00:00,Adult Race 12 Laps,4,9980,FULFILLED,
4,505,336,2025-08-03 16:35:58,2025-09-18 15:15:00,Junior Race,5,14500,FULFILLED,
4,506,39,2025-08-03 22:21:47,2025-08-07 14:30:00,Junior Race,1,2900,FULFILLED,
2,588,69,2025-08-03 08:33:53,2025-08-04 21:30:00,Grand Prix Package,5,37475,FULFILLED,
2,589,388,2025-08-03 09:47:25,2025-08-03 12:00:00,Junior Race 8 Laps,3,5385,FULFILLED,
1,689,459,2025-08-03 16:19:42,2025-08-03 19:30:00,Junior Race 10 Laps,4,7980,FULFILLED,
2,590,389,2025-08-03 17:42:05,2025-10-31 14:15:00,Junior Race 8 Laps,3,5385,FULFILLED,
3,588,138,2025-08-04 11:20:21,2025-10-19 19:45:00,Arrive & Drive 15 min,7,16800,FULFILLED,
1,690,83,2025-08-04 12:32:13,2025-08-09 11:45:00,Adult Race 14 Laps,6,16170,FULFILLED,
4,507,161,2025-08-05 08:40:34,2025-08-05 12:00:00,Junior Race,5,14500,FULFILLED,
1,691,460,2025-08-04 20:14:22,2025-09-26 19:45:00,Adult Race 14 Laps,3,8085,FULFILLED,
3,589,179,2025-08-05 07:04:20,2025-08-05 20:45:00,Junior Session,3,5400,FULFILLED,
3,590,400,2025-08-05 07:18:22,2025-08-08 17:00:00,Stag/Hen Grand Prix,3,19500,FULFILLED,
3,591,5,2025-08-05 13:22:47,2025-09-26 17:45:00,Stag/Hen Grand Prix,7,45500,FULFILLED,
1,692,282,2025-08-05 08:56:48,2025-08-17 19:00:00,Junior Race 10 Laps,5,9975,FULFILLED,
2,591,390,2025-08-05 07:34:20,2025-08-05 21:00:00,Adult Race 12 Laps,3,7485,FULFILLED,
1,693,461,2025-08-05 10:34:20,2025-08-06 11:15:00,3-Race Pack,6,38970,FULFILLED,
1,694,462,2025-08-05 12:08:12,2025-08-09 20:45:00,Adult Race 14 Laps,1,2695,FULFILLED,
2,592,391,2025-08-05 15:45:44,2025-08-10 20:00:00,Adult Race 12 Laps,2,4990,FULFILLED,
2,593,37,2025-08-05 16:01:44,2025-08-08 18:15:00,Grand Prix Package,5,37475,FULFILLED,
2,594,392,2025-08-05 17:25:35,2025-08-09 20:30:00,Junior Race 8 Laps,6,10770,FULFILLED,
4,508,337,2025-08-06 17:59:30,2025-10-24 11:30:00,Junior Race,6,17400,WITHDRAWN,2025-10-08 08:10:43
4,509,221,2025-08-06 19:40:38,2025-08-10 16:30:00,Endurance 30 min,5,44500,FULFILLED,
1,695,381,2025-08-06 07:14:26,2025-08-06 21:15:00,Adult Race 14 Laps,5,13475,FULFILLED,
1,696,78,2025-08-06 07:22:44,2025-08-13 20:00:00,Adult Race 14 Laps,4,10780,FULFILLED,
1,697,199,2025-08-06 10:50:45,2025-08-06 21:00:00,3-Race Pack,6,38970,FULFILLED,
3,592,401,2025-08-06 19:58:48,2025-08-31 17:30:00,Stag/Hen Grand Prix,5,32500,FULFILLED,
3,593,402,2025-08-06 21:01:27,2025-08-18 17:00:00,Junior Session,5,9000,FULFILLED,
4,510,338,2025-08-07 07:17:45,2025-08-07 15:30:00,Adult Race 10 Laps,1,3900,FULFILLED,
1,698,284,2025-08-06 19:59:09,2025-08-08 13:45:00,3-Race Pack,1,6495,FULFILLED,
3,594,5,2025-08-07 10:26:53,2025-08-24 16:15:00,Arrive & Drive 15 min,8,19200,FULFILLED,
5,69,45,2025-08-07 08:40:48,2025-08-07 10:30:00,TEST RACE,1,100,FULFILLED,
2,595,114,2025-08-07 09:09:58,2025-08-07 21:00:00,Junior Race 8 Laps,2,3590,FULFILLED,
2,596,393,2025-08-07 09:29:59,2025-08-09 19:00:00,Junior Race 8 Laps,2,3590,FULFILLED,
3,595,403,2025-08-07 18:12:02,2025-08-07 20:45:00,Stag/Hen Grand Prix,6,39000,FULFILLED,
1,699,350,2025-08-07 14:50:07,2025-08-13 18:00:00,3-Race Pack,5,32475,FULFILLED,
4,511,339,2025-08-08 11:37:31,2025-08-08 17:15:00,Junior Race,5,14500,FULFILLED,
2,597,359,2025-08-07 18:59:13,2025-08-10 21:30:00,Junior Race 8 Laps,6,10770,FULFILLED,
1,700,463,2025-08-07 22:44:40,2025-08-09 19:30:00,Adult Race 14 Laps,6,16170,FULFILLED,
3,596,404,2025-08-08 11:33:34,2025-08-08 17:15:00,Junior Session,8,14400,FULFILLED,
4,512,326,2025-08-08 21:07:07,2025-08-09 16:15:00,Adult Race 10 Laps,1,3900,FULFILLED,
1,701,464,2025-08-08 10:31:54,2025-08-08 13:30:00,Junior Race 10 Laps,3,5985,FULFILLED,
3,597,405,2025-08-08 17:13:46,2025-08-13 14:15:00,Stag/Hen Grand Prix,2,13000,FULFILLED,
2,598,394,2025-08-08 11:45:16,2025-08-08 21:30:00,Adult Race 12 Laps,1,2495,FULFILLED,
3,598,365,2025-08-08 21:55:08,2025-08-09 18:45:00,Stag/Hen Grand Prix,2,13000,FULFILLED,
1,702,12,2025-08-08 19:47:29,2025-08-11 18:00:00,Junior Race 10 Laps,6,11970,FULFILLED,
1,703,465,2025-08-08 21:04:27,2025-08-12 15:15:00,Junior Race 10 Laps,1,1995,FULFILLED,
1,704,369,2025-08-08 22:05:22,2025-08-18 19:00:00,Junior Race 10 Laps,1,1995,FULFILLED,
3,599,406,2025-08-09 07:21:22,2025-08-15 19:30:00,Junior Session,8,14400,FULFILLED,
3,600,10,2025-08-09 08:37:42,2025-08-16 16:15:00,Stag/Hen Grand Prix,5,32500,FULFILLED,
4,513,121,2025-08-09 20:05:49,2025-09-20 15:15:00,Adult Race 10 Laps,3,11700,FULFILLED,
4,514,340,2025-08-09 21:37:09,2025-08-13 15:00:00,Adult Race 10 Laps,3,11700,FULFILLED,
3,601,407,2025-08-09 14:51:26,2025-08-16 18:30:00,Junior Session,4,7200,FULFILLED,
2,599,395,2025-08-09 07:36:05,2025-08-28 16:00:00,Junior Race 8 Laps,4,7180,FULFILLED,
1,705,466,2025-08-09 16:47:23,2025-08-09 20:15:00,3-Race Pack,1,6495,FULFILLED,
2,600,41,2025-08-09 15:06:17,2025-08-09 20:45:00,Adult Race 12 Laps,4,9980,FULFILLED,
4,515,341,2025-08-10 10:45:26,2025-08-15 13:30:00,Adult Race 10 Laps,4,15600,FULFILLED,
2,601,396,2025-08-09 18:21:55,2025-08-09 20:15:00,Junior Race 8 Laps,3,5385,FULFILLED,
4,516,342,2025-08-10 11:46:05,2025-08-10 14:00:00,Endurance 30 min,1,8900,FULFILLED,
3,602,408,2025-08-10 10:08:54,2025-08-15 16:30:00,Arrive & Drive 15 min,2,4800,FULFILLED,
3,603,290,2025-08-10 12:57:36,2025-08-16 17:30:00,Junior Session,5,9000,FULFILLED,
3,604,409,2025-08-10 16:09:48,2025-08-10 19:45:00,Stag/Hen Grand Prix,3,19500,FULFILLED,
1,706,467,2025-08-10 11:20:40,2025-08-10 20:00:00,Adult Race 14 Laps,4,10780,FULFILLED,
1,707,468,2025-08-10 16:06:27,2025-08-23 13:00:00,3-Race Pack,1,6495,FULFILLED,
3,605,410,2025-08-10 23:36:23,2025-08-16 18:15:00,Junior Session,4,7200,FULFILLED,
1,708,99,2025-08-10 18:52:22,2025-09-17 18:00:00,3-Race Pack,1,6495,FULFILLED,
4,517,18,2025-08-11 16:56:41,2025-10-09 12:00:00,Endurance 30 min,2,17800,FULFILLED,
3,606,75,2025-08-11 09:23:49,2025-08-18 16:45:00,Arrive & Drive 15 min,2,4800,FULFILLED,
3,607,411,2025-08-11 10:11:18,2025-09-29 18:30:00,Arrive & Drive 15 min,5,12000,FULFILLED,
3,608,412,2025-08-11 11:41:53,2025-08-29 14:30:00,Stag/Hen Grand Prix,3,19500,FULFILLED,
1,709,469,2025-08-11 11:20:19,2025-08-12 20:30:00,3-Race Pack,1,6495,FULFILLED,
3,609,50,2025-08-11 17:10:16,2025-08-14 19:30:00,Arrive & Drive 15 min,3,7200,FULFILLED,
2,602,397,2025-08-11 13:01:13,2025-08-28 16:15:00,Grand Prix Package,4,29980,FULFILLED,
4,518,79,2025-08-12 09:23:04,2025-08-12 10:45:00,Endurance 30 min,2,17800,FULFILLED,
4,519,343,2025-08-12 11:45:23,2025-08-14 14:30:00,Endurance 30 min,2,17800,FULFILLED,
3,610,153,2025-08-12 08:10:33,2025-08-17 18:00:00,Stag/Hen Grand Prix,3,19500,FULFILLED,
3,611,413,2025-08-12 08:34:33,2025-08-15 19:45:00,Stag/Hen Grand Prix,8,52000,FULFILLED,
3,612,414,2025-08-12 08:44:01,2025-08-12 13:45:00,Junior Session,3,5400,FULFILLED,
3,613,415,2025-08-12 10:21:32,2025-08-20 16:30:00,Arrive & Drive 15 min,2,4800,FULFILLED,
4,520,164,2025-08-12 20:41:46,2025-08-17 11:45:00,Adult Race 10 Laps,2,7800,FULFILLED,
1,710,470,2025-08-12 09:32:21,2025-08-12 19:45:00,Junior Race 10 Laps,4,7980,FULFILLED,
2,603,398,2025-08-12 21:17:22,2025-08-19 21:00:00,Junior Race 8 Laps,5,8975,FULFILLED,
4,521,91,2025-08-13 18:12:11,2025-10-17 13:30:00,Endurance 30 min,2,17800,FULFILLED,
1,711,288,2025-08-13 08:02:08,2025-09-10 19:00:00,Junior Race 10 Laps,4,7980,WITHDRAWN,2025-08-27 14:38:56
1,712,471,2025-08-13 09:28:22,2025-08-28 18:15:00,3-Race Pack,5,32475,FULFILLED,
1,713,472,2025-08-13 11:32:28,2025-08-16 13:15:00,3-Race Pack,4,25980,FULFILLED,
1,714,473,2025-08-13 11:39:49,2025-08-13 18:30:00,3-Race Pack,3,19485,FULFILLED,
1,715,474,2025-08-13 19:52:23,2025-08-23 19:45:00,3-Race Pack,5,32475,FULFILLED,
5,70,46,2025-08-13 23:52:35,2025-08-14 10:00:00,TEST RACE,2,200,FULFILLED,
4,522,9,2025-08-14 14:40:39,2025-08-14 15:00:00,Endurance 30 min,6,53400,FULFILLED,
3,614,416,2025-08-14 09:06:06,2025-08-18 14:15:00,Junior Session,6,10800,FULFILLED,
3,615,231,2025-08-14 11:49:08,2025-08-14 16:15:00,Junior Session,8,14400,FULFILLED,
1,716,475,2025-08-14 08:23:03,2025-08-31 20:00:00,3-Race Pack,4,25980,FULFILLED,
2,604,254,2025-08-14 10:25:46,2025-08-21 20:00:00,Adult Race 12 Laps,2,4990,FULFILLED,
2,605,399,2025-08-14 10:45:54,2025-08-15 19:15:00,Grand Prix Package,1,7495,FULFILLED,
2,606,400,2025-08-14 12:11:27,2025-08-19 20:30:00,Grand Prix Package,1,7495,FULFILLED,
1,717,476,2025-08-14 19:08:45,2025-08-17 19:00:00,3-Race Pack,2,12990,FULFILLED,
4,523,112,2025-08-15 09:48:24,2025-08-16 11:30:00,Junior Race,6,17400,FULFILLED,
4,524,344,2025-08-15 09:51:05,2025-08-24 16:30:00,Adult Race 10 Laps,3,11700,FULFILLED,
2,607,401,2025-08-14 16:58:54,2025-10-02 19:00:00,Grand Prix Package,1,7495,FULFILLED,
1,718,477,2025-08-14 20:27:27,2025-08-17 15:00:00,Adult Race 14 Laps,5,13475,FULFILLED,
2,608,402,2025-08-14 19:35:45,2025-08-16 19:45:00,Junior Race 8 Laps,4,7180,FULFILLED,
4,525,345,2025-08-15 18:40:57,2025-09-23 11:00:00,Endurance 30 min,4,35600,FULFILLED,
5,71,47,2025-08-15 07:03:47,2025-08-15 10:45:00,TEST RACE,1,100,FULFILLED,
3,616,417,2025-08-15 15:35:54,2025-08-28 18:00:00,Junior Session,2,3600,FULFILLED,
1,719,177,2025-08-15 12:43:56,2025-09-06 11:30:00,3-Race Pack,3,19485,FULFILLED,
2,609,403,2025-08-15 11:21:16,2025-08-15 18:30:00,Junior Race 8 Laps,1,1795,FULFILLED,
2,610,356,2025-08-15 12:15:26,2025-08-17 20:45:00,Grand Prix Package,6,44970,WITHDRAWN,2025-08-17 00:42:17
3,617,125,2025-08-15 20:49:34,2025-08-17 11:00:00,Junior Session,8,14400,FULFILLED,
2,611,404,2025-08-15 15:06:11,2025-09-05 19:30:00,Adult Race 12 Laps,2,4990,FULFILLED,
2,612,405,2025-08-15 17:51:22,2025-08-19 12:30:00,Adult Race 12 Laps,1,2495,FULFILLED,
4,526,346,2025-08-16 10:55:39,2025-08-22 16:00:00,Junior Race,3,8700,FULFILLED,
3,618,418,2025-08-16 09:42:30,2025-08-19 18:00:00,Stag/Hen Grand Prix,6,39000,WITHDRAWN,2025-08-18 23:41:40
3,619,209,2025-08-16 11:44:11,2025-08-16 13:30:00,Arrive & Drive 15 min,2,4800,FULFILLED,
3,620,419,2025-08-16 12:33:09,2025-10-25 16:15:00,Junior Session,2,3600,FULFILLED,
1,720,478,2025-08-16 09:56:52,2025-08-16 17:30:00,3-Race Pack,3,19485,FULFILLED,
3,621,420,2025-08-16 15:43:28,2025-08-21 17:00:00,Arrive & Drive 15 min,1,2400,FULFILLED,
2,613,406,2025-08-16 10:33:09,2025-09-10 18:15:00,Junior Race 8 Laps,2,3590,FULFILLED,
4,527,347,2025-08-17 09:49:15,2025-08-23 15:30:00,Endurance 30 min,4,35600,FULFILLED,
2,614,256,2025-08-16 17:05:08,2025-11-12 20:30:00,Junior Race 8 Laps,4,7180,FULFILLED,
1,721,479,2025-08-16 23:00:15,2025-08-25 20:00:00,Adult Race 14 Laps,5,13475,FULFILLED,
3,622,140,2025-08-17 07:17:01,2025-08-22 16:30:00,Junior Session,3,5400,FULFILLED,
3,623,31,2025-08-17 12:07:52,2025-08-23 18:30:00,Stag/Hen Grand Prix,2,13000,FULFILLED,
3,624,43,2025-08-17 16:29:52,2025-08-17 19:15:00,Stag/Hen Grand Prix,3,19500,FULFILLED,
1,722,439,2025-08-17 13:16:37,2025-08-17 20:30:00,3-Race Pack,5,32475,FULFILLED,
2,615,407,2025-08-17 14:32:27,2025-08-17 18:45:00,Adult Race 12 Laps,6,14970,FULFILLED,
1,723,480,2025-08-17 18:22:42,2025-08-17 20:00:00,Adult Race 14 Laps,2,5390,FULFILLED,
2,616,82,2025-08-17 16:02:30,2025-08-23 18:00:00,Junior Race 8 Laps,6,10770,FULFILLED,
1,724,123,2025-08-17 21:48:49,2025-09-21 21:00:00,Adult Race 14 Laps,2,5390,FULFILLED,
4,528,348,2025-08-18 13:45:27,2025-09-16 13:00:00,Endurance 30 min,6,53400,FULFILLED,
4,529,349,2025-08-18 14:17:28,2025-08-24 14:45:00,Endurance 30 min,6,53400,FULFILLED,
2,617,408,2025-08-17 23:47:04,2025-08-24 18:30:00,Grand Prix Package,5,37475,FULFILLED,
4,530,350,2025-08-18 19:19:30,2025-10-04 15:45:00,Endurance 30 min,5,44500,FULFILLED,
4,531,351,2025-08-18 19:27:56,2025-08-25 14:15:00,Junior Race,5,14500,FULFILLED,
1,725,481,2025-08-18 07:29:33,2025-08-24 19:45:00,Adult Race 14 Laps,3,8085,FULFILLED,
4,532,140,2025-08-18 22:43:05,2025-08-25 13:00:00,Adult Race 10 Laps,6,23400,FULFILLED,
4,533,352,2025-08-18 22:43:08,2025-08-22 15:30:00,Adult Race 10 Laps,1,3900,FULFILLED,
1,726,482,2025-08-18 09:19:02,2025-09-11 13:00:00,Adult Race 14 Laps,2,5390,WITHDRAWN,2025-09-10 05:26:58
1,727,483,2025-08-18 14:10:53,2025-08-21 17:15:00,Junior Race 10 Laps,4,7980,FULFILLED,
3,625,421,2025-08-18 22:01:31,2025-08-24 13:30:00,Junior Session,4,7200,FULFILLED,
1,728,484,2025-08-18 17:07:46,2025-08-18 19:00:00,Adult Race 14 Laps,4,10780,FULFILLED,
3,626,422,2025-08-18 22:58:02,2025-08-23 19:45:00,Stag/Hen Grand Prix,3,19500,FULFILLED,
2,618,409,2025-08-18 20:11:00,2025-08-24 21:15:00,Adult Race 12 Laps,3,7485,FULFILLED,
2,619,410,2025-08-18 21:30:57,2025-08-22 18:30:00,Junior Race 8 Laps,1,1795,FULFILLED,
3,627,4,2025-08-19 10:37:56,2025-08-19 19:15:00,Junior Session,6,10800,FULFILLED,
3,628,96,2025-08-19 10:52:24,2025-08-19 14:30:00,Arrive & Drive 15 min,2,4800,FULFILLED,
4,534,353,2025-08-19 20:19:45,2025-11-01 13:45:00,Endurance 30 min,1,8900,WITHDRAWN,2025-10-09 11:00:00
4,535,354,2025-08-19 23:09:38,2025-08-25 10:30:00,Junior Race,1,2900,FULFILLED,
3,629,229,2025-08-19 14:18:16,2025-08-22 18:30:00,Stag/Hen Grand Prix,6,39000,FULFILLED,
2,620,411,2025-08-19 09:48:02,2025-10-25 20:00:00,Adult Race 12 Laps,4,9980,FULFILLED,
2,621,412,2025-08-19 16:28:15,2025-08-28 20:45:00,Grand Prix Package,4,29980,FULFILLED,
2,622,413,2025-08-19 22:39:38,2025-08-22 20:30:00,Adult Race 12 Laps,1,2495,FULFILLED,
3,630,423,2025-08-20 12:41:31,2025-08-24 18:30:00,Stag/Hen Grand Prix,7,45500,FULFILLED,
1,729,485,2025-08-20 07:48:06,2025-08-20 19:30:00,3-Race Pack,5,32475,FULFILLED,
5,72,48,2025-08-20 10:12:25,2025-09-05 11:15:00,TEST RACE,1,100,FULFILLED,
1,730,275,2025-08-20 23:32:22,2025-09-30 17:45:00,Adult Race 14 Laps,1,2695,FULFILLED,
1,731,486,2025-08-20 23:51:02,2025-08-30 18:30:00,3-Race Pack,4,25980,FULFILLED,
3,631,294,2025-08-21 13:43:54,2025-08-21 18:00:00,Junior Session,4,7200,FULFILLED,
3,632,424,2025-08-21 15:02:20,2025-08-23 20:30:00,Arrive & Drive 15 min,4,9600,FULFILLED,
3,633,425,2025-08-21 15:29:02,2025-08-21 19:30:00,Stag/Hen Grand Prix,1,6500,FULFILLED,
3,634,426,2025-08-21 16:16:50,2025-08-21 19:15:00,Junior Session,2,3600,FULFILLED,
1,732,487,2025-08-21 14:25:11,2025-08-21 19:30:00,3-Race Pack,5,32475,FULFILLED,
1,733,488,2025-08-21 16:05:08,2025-08-31 19:00:00,Adult Race 14 Laps,6,16170,FULFILLED,
2,623,414,2025-08-21 14:45:05,2025-08-21 21:30:00,Junior Race 8 Laps,1,1795,FULFILLED,
1,734,449,2025-08-21 18:26:43,2025-08-23 17:30:00,Junior Race 10 Laps,3,5985,FULFILLED,
1,735,489,2025-08-21 18:54:51,2025-08-22 19:45:00,Adult Race 14 Laps,4,10780,FULFILLED,
1,736,175,2025-08-21 19:08:51,2025-08-24 13:30:00,Junior Race 10 Laps,1,1995,FULFILLED,
1,737,490,2025-08-21 19:44:17,2025-08-29 11:30:00,3-Race Pack,6,38970,FULFILLED,
1,738,104,2025-08-21 20:03:18,2025-09-12 18:30:00,Adult Race 14 Laps,3,8085,FULFILLED,
4,536,355,2025-08-22 12:37:54,2025-08-23 12:30:00,Endurance 30 min,1,8900,FULFILLED,
4,537,191,2025-08-22 20:07:20,2025-08-29 13:30:00,Junior Race,4,11600,FULFILLED,
1,739,491,2025-08-22 09:45:27,2025-09-01 20:30:00,Adult Race 14 Laps,5,13475,FULFILLED,
1,740,492,2025-08-22 14:16:13,2025-08-25 18:30:00,3-Race Pack,3,19485,FULFILLED,
1,741,493,2025-08-22 15:46:48,2025-08-22 19:00:00,Junior Race 10 Laps,4,7980,FULFILLED,
3,635,427,2025-08-22 21:24:34,2025-09-07 13:45:00,Junior Session,2,3600,FULFILLED,
4,538,142,2025-08-23 07:52:22,2025-08-31 15:30:00,Adult Race 10 Laps,5,19500,FULFILLED,
4,539,135,2025-08-23 08:01:48,2025-08-23 15:30:00,Endurance 30 min,2,17800,FULFILLED,
4,540,356,2025-08-23 08:36:38,2025-08-23 10:00:00,Endurance 30 min,4,35600,FULFILLED,
4,541,357,2025-08-23 10:10:16,2025-08-23 14:30:00,Endurance 30 min,2,17800,FULFILLED,
2,624,415,2025-08-22 17:14:28,2025-08-25 20:15:00,Grand Prix Package,1,7495,FULFILLED,
4,542,47,2025-08-23 10:38:16,2025-08-23 12:30:00,Adult Race 10 Laps,2,7800,FULFILLED,
3,636,100,2025-08-23 08:21:03,2025-08-23 19:45:00,Arrive & Drive 15 min,5,12000,FULFILLED,
3,637,192,2025-08-23 12:16:35,2025-09-05 20:45:00,Junior Session,4,7200,FULFILLED,
1,742,175,2025-08-23 09:29:41,2025-08-23 13:30:00,3-Race Pack,3,19485,FULFILLED,
1,743,494,2025-08-23 09:48:08,2025-08-23 19:45:00,Junior Race 10 Laps,2,3990,FULFILLED,
3,638,428,2025-08-23 14:48:59,2025-09-18 17:30:00,Arrive & Drive 15 min,4,9600,FULFILLED,
1,744,495,2025-08-23 12:14:47,2025-08-30 13:00:00,3-Race Pack,1,6495,FULFILLED,
3,639,429,2025-08-23 19:11:12,2025-09-21 14:30:00,Junior Session,6,10800,FULFILLED,
1,745,496,2025-08-23 14:13:57,2025-08-23 20:30:00,3-Race Pack,2,12990,FULFILLED,
2,625,204,2025-08-23 12:46:00,2025-08-23 16:15:00,Junior Race 8 Laps,3,5385,FULFILLED,
2,626,416,2025-08-23 13:12:41,2025-09-20 21:00:00,Grand Prix Package,1,7495,FULFILLED,
4,543,11,2025-08-24 08:07:02,2025-09-07 14:00:00,Adult Race 10 Laps,3,11700,FULFILLED,
1,746,497,2025-08-23 20:59:05,2025-08-27 20:30:00,Junior Race 10 Laps,4,7980,FULFILLED,
1,747,498,2025-08-23 21:37:15,2025-09-29 19:00:00,Junior Race 10 Laps,4,7980,FULFILLED,
1,748,499,2025-08-23 23:33:41,2025-08-30 18:30:00,3-Race Pack,2,12990,FULFILLED,
4,544,190,2025-08-24 14:04:52,2025-08-24 15:00:00,Adult Race 10 Laps,3,11700,FULFILLED,
3,640,430,2025-08-24 10:18:36,2025-09-12 20:00:00,Stag/Hen Grand Prix,6,39000,FULFILLED,
1,749,500,2025-08-24 08:48:07,2025-08-28 19:30:00,3-Race Pack,1,6495,FULFILLED,
3,641,110,2025-08-24 16:30:47,2025-08-24 19:30:00,Junior Session,3,5400,FULFILLED,
2,627,417,2025-08-24 08:48:10,2025-08-29 12:15:00,Adult Race 12 Laps,6,14970,FULFILLED,
1,750,501,2025-08-24 13:48:41,2025-08-30 17:00:00,3-Race Pack,2,12990,FULFILLED,
3,642,221,2025-08-24 19:00:53,2025-08-29 14:00:00,Junior Session,4,7200,FULFILLED,
2,628,63,2025-08-24 16:58:56,2025-08-24 18:30:00,Adult Race 12 Laps,2,4990,FULFILLED,
1,751,59,2025-08-24 21:27:27,2025-08-31 18:30:00,Junior Race 10 Laps,6,11970,FULFILLED,
1,752,312,2025-08-24 22:32:21,2025-09-07 17:45:00,Adult Race 14 Laps,4,10780,FULFILLED,
4,545,358,2025-08-25 17:06:03,2025-09-01 12:30:00,Adult Race 10 Laps,4,15600,FULFILLED,
4,546,359,2025-08-25 20:24:26,2025-08-31 10:00:00,Junior Race,3,8700,WITHDRAWN,2025-08-30 11:01:29
3,643,156,2025-08-25 11:28:14,2025-09-15 19:15:00,Arrive & Drive 15 min,6,14400,WITHDRAWN,2025-09-09 10:01:14
5,73,49,2025-08-25 08:21:00,2025-08-25 09:45:00,TEST RACE,2,200,FULFILLED,
3,644,431,2025-08-25 13:54:35,2025-08-28 11:15:00,Stag/Hen Grand Prix,7,45500,FULFILLED,
3,645,293,2025-08-25 14:37:13,2025-08-25 18:45:00,Junior Session,2,3600,FULFILLED,
2,629,418,2025-08-25 11:04:06,2025-09-24 19:30:00,Adult Race 12 Laps,4,9980,FULFILLED,
3,646,432,2025-08-25 20:25:14,2025-08-30 19:45:00,Junior Session,8,14400,FULFILLED,
3,647,14,2025-08-25 20:54:02,2025-08-30 19:00:00,Arrive & Drive 15 min,8,19200,FULFILLED,
2,630,419,2025-08-25 12:54:34,2025-10-30 20:15:00,Junior Race 8 Laps,5,8975,FULFILLED,
4,547,360,2025-08-26 13:47:39,2025-08-31 15:30:00,Adult Race 10 Laps,5,19500,FULFILLED,
2,631,58,2025-08-25 22:30:04,2025-08-30 20:30:00,Junior Race 8 Laps,5,8975,FULFILLED,
4,548,361,2025-08-26 17:17:35,2025-09-13 15:45:00,Junior Race,2,5800,FULFILLED,
3,648,433,2025-08-26 12:48:19,2025-08-26 18:30:00,Stag/Hen Grand Prix,7,45500,FULFILLED,
2,632,420,2025-08-26 08:08:05,2025-08-31 12:45:00,Junior Race 8 Laps,2,3590,FULFILLED,
1,753,502,2025-08-26 13:11:52,2025-10-01 20:00:00,Adult Race 14 Laps,2,5390,FULFILLED,
2,633,421,2025-08-26 10:54:11,2025-08-26 21:15:00,Junior Race 8 Laps,6,10770,FULFILLED,
1,754,503,2025-08-26 19:01:03,2025-09-01 19:30:00,Adult Race 14 Laps,4,10780,FULFILLED,
2,634,422,2025-08-26 17:49:53,2025-08-30 21:30:00,Junior Race 8 Laps,3,5385,FULFILLED,
4,549,362,2025-08-27 15:53:08,2025-09-25 16:00:00,Endurance 30 min,2,17800,FULFILLED,
3,649,434,2025-08-27 08:34:27,2025-08-27 17:15:00,Stag/Hen Grand Prix,4,26000,FULFILLED,
1,755,95,2025-08-27 08:51:33,2025-09-11 20:30:00,Adult Race 14 Laps,1,2695,FULFILLED,
3,650,435,2025-08-27 14:23:19,2025-08-27 17:00:00,Junior Session,3,5400,FULFILLED,
4,550,63,2025-08-27 23:31:45,2025-09-06 17:30:00,Endurance 30 min,5,44500,FULFILLED,
3,651,436,2025-08-27 19:04:25,2025-09-09 14:30:00,Stag/Hen Grand Prix,5,32500,FULFILLED,
2,635,423,2025-08-27 14:35:11,2025-09-03 21:15:00,Junior Race 8 Laps,2,3590,FULFILLED,
2,636,424,2025-08-27 15:37:23,2025-08-27 16:30:00,Grand Prix Package,4,29980,FULFILLED,
1,756,504,2025-08-27 20:02:02,2025-09-01 15:00:00,3-Race Pack,5,32475,WITHDRAWN,2025-08-31 14:54:21
4,551,363,2025-08-28 12:04:20,2025-08-28 19:30:00,Adult Race 10 Laps,3,11700,FULFILLED,
3,652,437,2025-08-28 08:17:16,2025-08-30 18:15:00,Junior Session,7,12600,FULFILLED,
3,653,159,2025-08-28 12:01:06,2025-08-28 19:30:00,Stag/Hen Grand Prix,7,45500,WITHDRAWN,2025-08-28 17:41:00
1,757,505,2025-08-28 08:04:52,2025-09-05 18:30:00,3-Race Pack,3,19485,FULFILLED,
1,758,506,2025-08-28 15:37:58,2025-10-07 19:00:00,Adult Race 14 Laps,6,16170,FULFILLED,
2,637,425,2025-08-28 13:56:14,2025-10-14 19:30:00,Junior Race 8 Laps,4,7180,FULFILLED,
1,759,485,2025-08-28 17:22:06,2025-09-20 19:30:00,Adult Race 14 Laps,1,2695,FULFILLED,
4,552,131,2025-08-29 12:07:24,2025-09-13 10:45:00,Endurance 30 min,3,26700,WITHDRAWN,2025-09-09 23:02:51
1,760,507,2025-08-29 07:55:19,2025-08-30 19:00:00,3-Race Pack,2,12990,FULFILLED,
3,654,438,2025-08-29 14:15:20,2025-10-28 18:30:00,Junior Session,5,9000,WITHDRAWN,2025-10-01 15:25:26
2,638,426,2025-08-29 08:41:02,2025-08-29 19:45:00,Adult Race 12 Laps,4,9980,FULFILLED,
2,639,427,2025-08-29 14:37:10,2025-09-05 21:30:00,Adult Race 12 Laps,2,4990,FULFILLED,
1,761,191,2025-08-29 18:09:15,2025-08-30 13:30:00,3-Race Pack,1,6495,FULFILLED,
1,762,299,2025-08-29 18:26:25,2025-09-02 19:00:00,3-Race Pack,6,38970,FULFILLED,
1,763,45,2025-08-29 21:18:25,2025-09-23 20:30:00,Junior Race 10 Laps,1,1995,WITHDRAWN,2025-09-14 09:41:19
1,764,6,2025-08-30 07:12:43,2025-08-30 17:30:00,Adult Race 14 Laps,2,5390,FULFILLED,
1,765,508,2025-08-30 07:30:17,2025-10-13 15:30:00,Adult Race 14 Laps,3,8085,FULFILLED,
3,655,174,2025-08-30 15:08:13,2025-09-11 18:00:00,Stag/Hen Grand Prix,2,13000,FULFILLED,
1,766,74,2025-08-30 11:54:53,2025-08-30 17:00:00,Adult Race 14 Laps,3,8085,FULFILLED,
2,640,428,2025-08-30 10:11:21,2025-08-30 21:30:00,Grand Prix Package,5,37475,FULFILLED,
2,641,429,2025-08-30 10:28:31,2025-09-15 21:45:00,Junior Race 8 Laps,2,3590,FULFILLED,
1,767,10,2025-08-30 16:20:58,2025-08-30 20:30:00,3-Race Pack,3,19485,FULFILLED,
4,553,9,2025-08-31 07:49:09,2025-09-27 12:00:00,Junior Race,5,14500,FULFILLED,
2,642,430,2025-08-30 19:13:43,2025-11-01 20:15:00,Adult Race 12 Laps,3,7485,FULFILLED,
3,656,439,2025-08-31 14:22:35,2025-09-06 18:30:00,Junior Session,2,3600,FULFILLED,
1,768,406,2025-08-31 10:39:42,2025-09-14 11:00:00,Adult Race 14 Laps,6,16170,FULFILLED,
3,657,440,2025-08-31 15:43:39,2025-09-14 17:30:00,Arrive & Drive 15 min,1,2400,FULFILLED,
3,658,441,2025-08-31 18:25:00,2025-09-06 18:30:00,Stag/Hen Grand Prix,8,52000,FULFILLED,
2,643,431,2025-08-31 14:09:40,2025-11-15 21:00:00,Grand Prix Package,1,7495,WITHDRAWN,2025-11-05 21:36:06
3,659,134,2025-08-31 22:50:45,2025-09-05 17:00:00,Stag/Hen Grand Prix,4,26000,WITHDRAWN,2025-09-04 17:48:55
2,644,432,2025-08-31 20:03:36,2025-09-16 21:00:00,Grand Prix Package,6,44970,FULFILLED,
2,645,433,2025-08-31 23:19:03,2025-09-10 12:00:00,Grand Prix Package,4,29980,FULFILLED,
3,660,442,2025-09-01 07:47:55,2025-09-28 14:15:00,Arrive & Drive 15 min,1,2400,WITHDRAWN,2025-09-26 09:53:29
4,554,364,2025-09-01 23:31:36,2025-09-06 13:15:00,Endurance 30 min,3,26700,FULFILLED,
2,646,324,2025-09-01 07:07:52,2025-09-03 19:45:00,Adult Race 12 Laps,6,14970,FULFILLED,
2,647,434,2025-09-01 16:07:59,2025-09-22 20:00:00,Grand Prix Package,4,29980,FULFILLED,
4,555,365,2025-09-02 11:52:24,2025-09-19 16:15:00,Endurance 30 min,2,17800,FULFILLED,
3,661,443,2025-09-02 07:24:41,2025-11-29 18:00:00,Arrive & Drive 15 min,6,14400,FULFILLED,
3,662,444,2025-09-02 13:22:38,2025-09-21 19:00:00,Stag/Hen Grand Prix,5,32500,FULFILLED,
3,663,445,2025-09-02 14:17:20,2025-09-04 18:15:00,Arrive & Drive 15 min,6,14400,FULFILLED,
3,664,413,2025-09-02 16:29:35,2025-09-06 14:45:00,Arrive & Drive 15 min,8,19200,WITHDRAWN,2025-09-05 01:41:06
1,769,509,2025-09-02 16:26:27,2025-09-07 20:15:00,Adult Race 14 Laps,5,13475,WITHDRAWN,2025-09-07 03:24:27
1,770,510,2025-09-02 21:28:30,2025-09-04 20:30:00,3-Race Pack,3,19485,FULFILLED,
2,648,79,2025-09-02 21:49:01,2025-09-25 16:00:00,Junior Race 8 Laps,3,5385,FULFILLED,
4,556,366,2025-09-03 17:12:40,2025-09-09 15:00:00,Junior Race,6,17400,FULFILLED,
4,557,367,2025-09-03 21:16:18,2025-09-09 17:30:00,Adult Race 10 Laps,3,11700,FULFILLED,
1,771,511,2025-09-03 09:54:25,2025-10-31 18:00:00,Junior Race 10 Laps,2,3990,FULFILLED,
3,665,11,2025-09-03 15:27:40,2025-09-07 19:30:00,Junior Session,7,12600,FULFILLED,
1,772,512,2025-09-03 10:59:15,2025-09-03 15:30:00,Adult Race 14 Laps,4,10780,FULFILLED,
1,773,384,2025-09-03 11:30:18,2025-09-03 15:45:00,Adult Race 14 Laps,1,2695,FULFILLED,
2,649,435,2025-09-03 08:32:27,2025-09-19 19:30:00,Adult Race 12 Laps,6,14970,FULFILLED,
3,666,446,2025-09-03 18:38:57,2025-09-04 14:15:00,Junior Session,6,10800,FULFILLED,
2,650,436,2025-09-03 13:08:48,2025-09-05 19:00:00,Junior Race 8 Laps,6,10770,FULFILLED,
4,558,164,2025-09-04 10:06:32,2025-09-10 11:30:00,Adult Race 10 Laps,5,19500,FULFILLED,
1,774,513,2025-09-03 20:11:16,2025-09-26 13:45:00,Junior Race 10 Laps,2,3990,FULFILLED,
1,775,424,2025-09-03 20:38:15,2025-09-20 19:30:00,Adult Race 14 Laps,5,13475,FULFILLED,
2,651,128,2025-09-03 20:36:03,2025-09-14 20:15:00,Grand Prix Package,5,37475,FULFILLED,
1,776,486,2025-09-03 23:38:42,2025-09-06 19:30:00,3-Race Pack,6,38970,FULFILLED,
1,777,514,2025-09-04 07:23:28,2025-09-26 18:00:00,Junior Race 10 Laps,1,1995,FULFILLED,
3,667,447,2025-09-04 13:29:09,2025-10-19 16:15:00,Stag/Hen Grand Prix,8,52000,FULFILLED,
1,778,515,2025-09-04 10:23:33,2025-09-28 11:00:00,3-Race Pack,3,19485,FULFILLED,
3,668,144,2025-09-04 16:17:18,2025-09-07 20:00:00,Stag/Hen Grand Prix,7,45500,FULFILLED,
1,779,516,2025-09-04 17:21:21,2025-09-06 17:15:00,3-Race Pack,2,12990,FULFILLED,
4,559,368,2025-09-05 07:29:56,2025-09-05 12:45:00,Endurance 30 min,6,53400,FULFILLED,
1,780,517,2025-09-04 19:02:30,2025-09-09 15:00:00,Adult Race 14 Laps,2,5390,WITHDRAWN,2025-09-09 03:05:35
2,652,269,2025-09-04 17:29:22,2025-09-04 21:30:00,Junior Race 8 Laps,5,8975,FULFILLED,
4,560,64,2025-09-05 15:35:08,2025-09-10 13:30:00,Adult Race 10 Laps,6,23400,FULFILLED,
2,653,437,2025-09-04 23:58:36,2025-09-10 19:30:00,Junior Race 8 Laps,2,3590,FULFILLED,
3,669,448,2025-09-05 08:21:33,2025-09-05 17:15:00,Junior Session,5,9000,FULFILLED,
4,561,369,2025-09-05 19:32:11,2025-11-23 13:30:00,Endurance 30 min,4,35600,FULFILLED,
3,670,449,2025-09-05 19:05:18,2025-09-25 18:30:00,Stag/Hen Grand Prix,2,13000,FULFILLED,
2,654,438,2025-09-05 11:46:31,2025-09-06 12:45:00,Grand Prix Package,4,29980,FULFILLED,
1,781,518,2025-09-05 17:56:53,2025-09-08 15:00:00,Junior Race 10 Laps,5,9975,WITHDRAWN,2025-09-08 09:45:29
1,782,354,2025-09-05 20:02:29,2025-09-10 21:00:00,Junior Race 10 Laps,5,9975,FULFILLED,
4,562,370,2025-09-06 10:47:41,2025-09-06 11:15:00,Junior Race,4,11600,FULFILLED,
1,783,519,2025-09-05 22:35:23,2025-09-30 19:00:00,3-Race Pack,3,19485,FULFILLED,
3,671,450,2025-09-06 13:40:41,2025-09-27 18:00:00,Junior Session,1,1800,FULFILLED,
1,784,175,2025-09-06 11:27:27,2025-12-02 18:15:00,Adult Race 14 Laps,4,10780,FULFILLED,
1,785,2,2025-09-06 11:44:30,2025-09-06 19:00:00,Junior Race 10 Laps,6,11970,FULFILLED,
1,786,520,2025-09-06 12:51:26,2025-09-06 19:45:00,Adult Race 14 Laps,6,16170,FULFILLED,
2,655,383,2025-09-06 10:02:40,2025-09-06 18:00:00,Junior Race 8 Laps,1,1795,FULFILLED,
3,672,451,2025-09-06 21:15:20,2025-09-11 20:15:00,Stag/Hen Grand Prix,3,19500,FULFILLED,
1,787,175,2025-09-06 17:02:42,2025-09-15 21:30:00,3-Race Pack,4,25980,FULFILLED,
5,74,50,2025-09-06 21:43:58,2025-09-13 09:15:00,TEST RACE,1,100,FULFILLED,
1,788,521,2025-09-06 22:51:48,2025-09-14 13:15:00,Junior Race 10 Laps,5,9975,FULFILLED,
2,656,439,2025-09-06 20:56:21,2025-09-20 20:15:00,Junior Race 8 Laps,2,3590,FULFILLED,
4,563,371,2025-09-07 17:07:43,2025-09-07 19:30:00,Adult Race 10 Laps,2,7800,FULFILLED,
4,564,372,2025-09-07 18:07:11,2025-09-17 12:00:00,Endurance 30 min,1,8900,FULFILLED,
3,673,452,2025-09-07 10:56:16,2025-10-03 16:30:00,Arrive & Drive 15 min,7,16800,FULFILLED,
4,565,373,2025-09-07 21:30:55,2025-09-13 15:30:00,Endurance 30 min,6,53400,FULFILLED,
4,566,145,2025-09-07 22:56:30,2025-09-26 15:00:00,Endurance 30 min,4,35600,FULFILLED,
1,789,522,2025-09-07 11:50:25,2025-09-13 21:30:00,3-Race Pack,6,38970,FULFILLED,
3,674,453,2025-09-07 16:55:41,2025-09-09 19:00:00,Stag/Hen Grand Prix,3,19500,FULFILLED,
1,790,523,2025-09-07 15:31:38,2025-10-07 13:00:00,Junior Race 10 Laps,6,11970,FULFILLED,
1,791,524,2025-09-07 20:33:08,2025-09-11 17:00:00,3-Race Pack,5,32475,FULFILLED,
1,792,525,2025-09-07 20:55:04,2025-09-25 19:00:00,3-Race Pack,1,6495,FULFILLED,
5,75,12,2025-09-07 21:27:29,2025-12-03 09:30:00,TEST RACE,1,100,FULFILLED,
1,793,465,2025-09-07 21:59:47,2025-10-04 18:30:00,3-Race Pack,2,12990,FULFILLED,
1,794,376,2025-09-07 22:54:46,2025-09-27 17:15:00,Junior Race 10 Laps,1,1995,FULFILLED,
1,795,526,2025-09-08 07:00:24,2025-09-15 19:00:00,3-Race Pack,5,32475,FULFILLED,
1,796,527,2025-09-08 08:43:23,2025-09-13 19:15:00,Junior Race 10 Laps,3,5985,FULFILLED,
2,657,440,2025-09-08 15:36:55,2025-10-19 20:00:00,Junior Race 8 Laps,3,5385,FULFILLED,
2,658,441,2025-09-08 15:45:27,2025-09-14 20:45:00,Adult Race 12 Laps,2,4990,FULFILLED,
2,659,84,2025-09-08 17:16:42,2025-09-10 21:45:00,Grand Prix Package,2,14990,WITHDRAWN,2025-09-10 16:54:31
4,567,374,2025-09-09 12:37:21,2025-09-14 11:00:00,Endurance 30 min,4,35600,FULFILLED,
2,660,302,2025-09-08 21:58:43,2025-10-05 19:30:00,Junior Race 8 Laps,2,3590,WITHDRAWN,2025-09-24 19:40:35
2,661,442,2025-09-08 22:17:02,2025-09-27 16:15:00,Grand Prix Package,6,44970,FULFILLED,
4,568,375,2025-09-09 16:12:51,2025-10-05 14:00:00,Endurance 30 min,1,8900,FULFILLED,
3,675,454,2025-09-09 07:59:35,2025-11-08 18:45:00,Arrive & Drive 15 min,3,7200,FULFILLED,
3,676,455,2025-09-09 13:11:59,2025-09-13 18:15:00,Stag/Hen Grand Prix,6,39000,FULFILLED,
3,677,456,2025-09-09 14:54:46,2025-09-13 19:30:00,Junior Session,3,5400,FULFILLED,
2,662,443,2025-09-09 09:38:28,2025-11-10 19:00:00,Grand Prix Package,2,14990,FULFILLED,
3,678,457,2025-09-09 20:30:57,2025-09-12 16:30:00,Junior Session,6,10800,FULFILLED,
1,797,200,2025-09-09 23:02:44,2025-09-23 19:45:00,Junior Race 10 Laps,5,9975,FULFILLED,
2,663,444,2025-09-10 09:57:42,2025-09-13 21:15:00,Adult Race 12 Laps,2,4990,FULFILLED,
2,664,445,2025-09-10 15:31:26,2025-11-06 19:15:00,Junior Race 8 Laps,4,7180,FULFILLED,
3,679,458,2025-09-11 08:42:53,2025-09-11 20:15:00,Stag/Hen Grand Prix,3,19500,FULFILLED,
1,798,528,2025-09-11 07:14:59,2025-09-13 18:30:00,3-Race Pack,6,38970,FULFILLED,
5,76,40,2025-09-11 07:31:52,2025-09-26 10:15:00,TEST RACE,1,100,FULFILLED,
1,799,529,2025-09-11 08:45:40,2025-10-10 21:00:00,Adult Race 14 Laps,5,13475,FULFILLED,
1,800,20,2025-09-11 22:06:25,2025-11-16 18:45:00,Adult Race 14 Laps,4,10780,FULFILLED,
2,665,446,2025-09-11 19:33:27,2025-09-12 20:30:00,Grand Prix Package,6,44970,FULFILLED,
2,666,447,2025-09-11 21:52:57,2025-09-14 14:30:00,Grand Prix Package,2,14990,FULFILLED,
3,680,142,2025-09-12 12:17:52,2025-09-14 18:15:00,Stag/Hen Grand Prix,5,32500,FULFILLED,
3,681,34,2025-09-12 12:43:43,2025-09-12 19:30:00,Stag/Hen Grand Prix,2,13000,FULFILLED,
1,801,18,2025-09-12 10:18:59,2025-09-17 19:00:00,Junior Race 10 Laps,1,1995,FULFILLED,
3,682,459,2025-09-12 15:23:27,2025-09-26 13:15:00,Arrive & Drive 15 min,5,12000,FULFILLED,
3,683,438,2025-09-12 16:50:10,2025-10-10 16:30:00,Junior Session,1,1800,FULFILLED,
2,667,448,2025-09-12 10:00:34,2025-10-11 14:30:00,Adult Race 12 Laps,3,7485,FULFILLED,
3,684,460,2025-09-12 20:04:57,2025-10-02 18:30:00,Arrive & Drive 15 min,5,12000,FULFILLED,
1,802,207,2025-09-12 22:54:34,2025-09-18 21:15:00,3-Race Pack,1,6495,FULFILLED,
2,668,449,2025-09-12 20:38:44,2025-10-05 19:00:00,Adult Race 12 Laps,4,9980,FULFILLED,
4,569,175,2025-09-13 19:03:26,2025-09-16 10:30:00,Endurance 30 min,3,26700,FULFILLED,
3,685,461,2025-09-13 11:36:20,2025-09-26 18:30:00,Stag/Hen Grand Prix,1,6500,FULFILLED,
2,669,256,2025-09-13 08:01:22,2025-10-05 16:30:00,Grand Prix Package,6,44970,FULFILLED,
1,803,530,2025-09-13 11:51:09,2025-09-13 18:00:00,Adult Race 14 Laps,1,2695,FULFILLED,
3,686,418,2025-09-13 17:57:48,2025-10-05 20:00:00,Junior Session,1,1800,FULFILLED,
1,804,531,2025-09-13 19:12:46,2025-10-05 13:30:00,Junior Race 10 Laps,4,7980,WITHDRAWN,2025-10-02 15:48:30
1,805,40,2025-09-13 19:54:44,2025-09-13 20:30:00,Junior Race 10 Laps,6,11970,FULFILLED,
2,670,450,2025-09-13 17:33:26,2025-09-13 21:30:00,Grand Prix Package,2,14990,FULFILLED,
1,806,532,2025-09-13 21:57:28,2025-09-20 18:00:00,Junior Race 10 Laps,4,7980,FULFILLED,
2,671,451,2025-09-13 20:09:13,2025-09-16 21:15:00,Grand Prix Package,3,22485,FULFILLED,
4,570,376,2025-09-14 17:02:34,2025-09-20 17:00:00,Junior Race,3,8700,FULFILLED,
1,807,533,2025-09-14 07:16:49,2025-11-03 13:00:00,3-Race Pack,1,6495,FULFILLED,
1,808,534,2025-09-14 08:21:57,2025-09-20 18:30:00,Junior Race 10 Laps,6,11970,FULFILLED,
1,809,535,2025-09-14 08:53:45,2025-09-14 13:30:00,Junior Race 10 Laps,1,1995,FULFILLED,
4,571,262,2025-09-14 23:29:20,2025-09-16 15:30:00,Adult Race 10 Laps,5,19500,FULFILLED,
5,77,51,2025-09-14 12:03:29,2025-11-05 10:45:00,TEST RACE,2,200,FULFILLED,
1,810,536,2025-09-14 12:17:29,2025-09-14 20:30:00,Adult Race 14 Laps,1,2695,FULFILLED,
2,672,452,2025-09-14 10:18:06,2025-10-05 20:45:00,Adult Race 12 Laps,5,12475,FULFILLED,
1,811,537,2025-09-14 14:46:53,2025-09-15 11:30:00,Junior Race 10 Laps,4,7980,FULFILLED,
1,812,538,2025-09-14 17:24:10,2025-09-14 19:30:00,Junior Race 10 Laps,4,7980,FULFILLED,
2,673,453,2025-09-14 16:45:02,2025-10-04 19:00:00,Grand Prix Package,3,22485,FULFILLED,
2,674,454,2025-09-14 18:41:23,2025-09-21 20:30:00,Adult Race 12 Laps,2,4990,FULFILLED,
4,572,26,2025-09-15 20:49:46,2025-09-21 14:30:00,Endurance 30 min,5,44500,FULFILLED,
2,675,112,2025-09-15 13:15:47,2025-09-19 19:00:00,Junior Race 8 Laps,3,5385,WITHDRAWN,2025-09-18 18:08:28
3,687,462,2025-09-15 21:16:23,2025-09-16 19:30:00,Junior Session,5,9000,FULFILLED,
4,573,377,2025-09-16 07:39:35,2025-10-18 13:45:00,Adult Race 10 Laps,1,3900,FULFILLED,
1,813,539,2025-09-15 18:20:08,2025-09-16 21:45:00,Junior Race 10 Laps,1,1995,FULFILLED,
3,688,463,2025-09-15 23:46:06,2025-11-03 19:30:00,Junior Session,6,10800,FULFILLED,
5,78,51,2025-09-15 20:27:43,2025-09-16 09:45:00,TEST RACE,2,200,FULFILLED,
2,676,455,2025-09-15 17:59:54,2025-09-15 19:00:00,Junior Race 8 Laps,5,8975,FULFILLED,
2,677,456,2025-09-15 21:48:23,2025-09-20 12:30:00,Grand Prix Package,4,29980,FULFILLED,
4,574,378,2025-09-16 20:17:41,2025-10-15 12:00:00,Endurance 30 min,5,44500,WITHDRAWN,2025-10-10 18:41:56
1,814,540,2025-09-16 10:23:41,2025-10-16 19:45:00,Adult Race 14 Laps,4,10780,FULFILLED,
1,815,201,2025-09-16 21:05:35,2025-09-21 19:30:00,3-Race Pack,4,25980,FULFILLED,
2,678,226,2025-09-16 19:51:09,2025-09-16 21:45:00,Grand Prix Package,3,22485,FULFILLED,
2,679,269,2025-09-16 20:16:37,2025-09-18 20:45:00,Junior Race 8 Laps,2,3590,FULFILLED,
3,689,464,2025-09-17 08:52:38,2025-09-19 19:00:00,Junior Session,2,3600,FULFILLED,
1,816,541,2025-09-17 12:24:09,2025-10-11 19:45:00,Adult Race 14 Laps,1,2695,FULFILLED,
2,680,457,2025-09-17 10:53:29,2025-10-10 16:15:00,Adult Race 12 Laps,5,12475,WITHDRAWN,2025-10-02 08:30:37
2,681,458,2025-09-17 11:04:28,2025-09-20 21:30:00,Grand Prix Package,1,7495,FULFILLED,
1,817,188,2025-09-17 15:26:32,2025-09-19 13:45:00,Adult Race 14 Laps,1,2695,FULFILLED,
1,818,542,2025-09-17 17:48:24,2025-09-17 20:45:00,Adult Race 14 Laps,4,10780,FULFILLED,
4,575,379,2025-09-18 13:41:56,2025-09-20 15:00:00,Junior Race,5,14500,FULFILLED,
3,690,465,2025-09-18 09:23:29,2025-09-18 17:00:00,Arrive & Drive 15 min,2,4800,FULFILLED,
1,819,485,2025-09-18 07:52:15,2025-09-20 17:00:00,Junior Race 10 Laps,1,1995,FULFILLED,
3,691,466,2025-09-18 15:40:42,2025-09-26 18:00:00,Stag/Hen Grand Prix,7,45500,FULFILLED,
2,682,27,2025-09-18 07:54:28,2025-11-23 19:30:00,Adult Race 12 Laps,2,4990,WITHDRAWN,2025-11-19 13:07:42
2,683,356,2025-09-18 12:08:52,2025-09-20 20:30:00,Grand Prix Package,3,22485,FULFILLED,
3,692,418,2025-09-18 22:57:45,2025-09-20 19:45:00,Junior Session,8,14400,WITHDRAWN,2025-09-19 22:40:42
2,684,459,2025-09-18 17:06:41,2025-09-18 20:30:00,Junior Race 8 Laps,2,3590,FULFILLED,
1,820,114,2025-09-18 22:09:24,2025-10-14 21:30:00,Junior Race 10 Laps,1,1995,FULFILLED,
2,685,460,2025-09-18 20:21:21,2025-10-13 18:15:00,Adult Race 12 Laps,6,14970,FULFILLED,
4,576,380,2025-09-19 14:42:48,2025-10-03 16:30:00,Adult Race 10 Laps,5,19500,FULFILLED,
3,693,467,2025-09-19 09:33:40,2025-10-17 18:15:00,Stag/Hen Grand Prix,1,6500,FULFILLED,
3,694,293,2025-09-19 11:56:25,2025-11-01 16:30:00,Stag/Hen Grand Prix,2,13000,FULFILLED,
4,577,381,2025-09-19 22:25:53,2025-09-24 17:00:00,Adult Race 10 Laps,4,15600,FULFILLED,
1,821,543,2025-09-19 09:31:58,2025-09-20 17:00:00,Junior Race 10 Laps,1,1995,FULFILLED,
3,695,155,2025-09-19 15:36:52,2025-10-11 16:00:00,Junior Session,1,1800,FULFILLED,
2,686,461,2025-09-19 08:45:44,2025-09-20 18:15:00,Junior Race 8 Laps,5,8975,FULFILLED,
5,79,52,2025-09-19 12:37:50,2025-09-27 11:30:00,TEST RACE,1,100,FULFILLED,
2,687,462,2025-09-19 10:35:10,2025-09-19 18:45:00,Junior Race 8 Laps,3,5385,FULFILLED,
1,822,87,2025-09-19 14:03:16,2025-12-10 21:00:00,Junior Race 10 Laps,5,9975,WITHDRAWN,2025-11-04 19:08:05
1,823,544,2025-09-19 16:17:59,2025-09-27 18:30:00,3-Race Pack,3,19485,FULFILLED,
4,578,379,2025-09-20 07:08:24,2025-10-19 15:00:00,Junior Race,3,8700,FULFILLED,
1,824,268,2025-09-19 17:47:07,2025-09-19 19:30:00,3-Race Pack,5,32475,FULFILLED,
4,579,382,2025-09-20 15:42:36,2025-09-21 12:30:00,Junior Race,4,11600,FULFILLED,
3,696,468,2025-09-20 11:26:32,2025-09-20 18:00:00,Junior Session,3,5400,FULFILLED,
4,580,383,2025-09-20 22:13:22,2025-09-27 16:00:00,Endurance 30 min,6,53400,FULFILLED,
3,697,469,2025-09-20 18:05:47,2025-11-05 20:30:00,Junior Session,6,10800,FULFILLED,
4,581,384,2025-09-21 13:06:52,2025-09-27 12:15:00,Adult Race 10 Laps,3,11700,FULFILLED,
4,582,385,2025-09-21 16:07:10,2025-09-27 14:00:00,Junior Race,2,5800,FULFILLED,
3,698,470,2025-09-21 07:42:30,2025-09-21 20:30:00,Stag/Hen Grand Prix,6,39000,FULFILLED,
3,699,471,2025-09-21 09:25:14,2025-09-28 18:30:00,Junior Session,6,10800,FULFILLED,
4,583,386,2025-09-21 19:42:49,2025-09-27 13:00:00,Endurance 30 min,6,53400,FULFILLED,
4,584,387,2025-09-21 20:43:52,2025-10-13 17:00:00,Junior Race,5,14500,FULFILLED,
2,688,463,2025-09-21 07:23:57,2025-11-29 16:00:00,Junior Race 8 Laps,6,10770,FULFILLED,
2,689,464,2025-09-21 09:21:07,2025-09-24 20:15:00,Junior Race 8 Laps,4,7180,FULFILLED,
1,825,545,2025-09-21 16:46:30,2025-09-27 13:15:00,3-Race Pack,6,38970,FULFILLED,
4,585,388,2025-09-22 07:53:54,2025-10-02 14:45:00,Junior Race,3,8700,FULFILLED,
2,690,465,2025-09-21 18:21:59,2025-10-17 14:00:00,Grand Prix Package,5,37475,FULFILLED,
3,700,472,2025-09-22 11:27:25,2025-09-22 13:00:00,Stag/Hen Grand Prix,8,52000,FULFILLED,
3,701,473,2025-09-22 16:29:58,2025-10-18 20:15:00,Junior Session,4,7200,FULFILLED,
2,691,466,2025-09-22 20:52:56,2025-10-08 21:00:00,Grand Prix Package,3,22485,FULFILLED,
3,702,474,2025-09-23 09:41:17,2025-09-23 17:30:00,Arrive & Drive 15 min,5,12000,FULFILLED,
3,703,475,2025-09-23 10:16:57,2025-09-27 19:00:00,Stag/Hen Grand Prix,4,26000,FULFILLED,
1,826,179,2025-09-23 07:21:29,2025-10-15 20:15:00,Junior Race 10 Laps,6,11970,FULFILLED,
3,704,476,2025-09-23 16:43:09,2025-09-30 19:45:00,Stag/Hen Grand Prix,1,6500,FULFILLED,
1,827,546,2025-09-23 15:11:00,2025-09-26 20:00:00,Adult Race 14 Laps,4,10780,FULFILLED,
2,692,99,2025-09-23 13:41:41,2025-09-30 18:30:00,Grand Prix Package,5,37475,FULFILLED,
4,586,389,2025-09-24 07:41:11,2025-09-26 16:30:00,Adult Race 10 Laps,1,3900,FULFILLED,
1,828,3,2025-09-23 20:16:13,2025-11-09 17:45:00,3-Race Pack,6,38970,WITHDRAWN,2025-10-26 15:01:58
2,693,467,2025-09-23 18:23:05,2025-09-23 21:30:00,Adult Race 12 Laps,2,4990,FULFILLED,
4,587,317,2025-09-24 14:04:09,2025-09-27 13:00:00,Endurance 30 min,4,35600,FULFILLED,
4,588,390,2025-09-24 16:53:59,2025-09-25 12:00:00,Endurance 30 min,3,26700,FULFILLED,
1,829,547,2025-09-24 07:59:09,2025-09-25 19:30:00,Junior Race 10 Laps,1,1995,FULFILLED,
1,830,548,2025-09-24 08:10:16,2025-09-24 19:15:00,Junior Race 10 Laps,3,5985,FULFILLED,
3,705,477,2025-09-24 14:30:32,2025-09-27 18:45:00,Stag/Hen Grand Prix,4,26000,WITHDRAWN,2025-09-27 05:56:25
1,831,549,2025-09-24 10:32:03,2025-10-13 18:15:00,3-Race Pack,4,25980,FULFILLED,
5,80,53,2025-09-24 10:44:50,2025-10-05 11:00:00,TEST RACE,1,100,FULFILLED,
2,694,468,2025-09-24 13:18:13,2025-09-29 14:00:00,Junior Race 8 Laps,2,3590,FULFILLED,
3,706,478,2025-09-24 23:49:15,2025-10-20 18:00:00,Stag/Hen Grand Prix,6,39000,FULFILLED,
4,589,274,2025-09-25 11:13:41,2025-09-25 15:30:00,Endurance 30 min,1,8900,FULFILLED,
1,832,254,2025-09-24 23:14:16,2025-12-14 19:00:00,3-Race Pack,3,19485,FULFILLED,
3,707,479,2025-09-25 07:18:04,2025-09-27 18:00:00,Junior Session,1,1800,FULFILLED,
3,708,480,2025-09-25 07:36:32,2025-10-19 16:00:00,Arrive & Drive 15 min,8,19200,FULFILLED,
4,590,124,2025-09-25 17:16:52,2025-10-20 17:30:00,Endurance 30 min,6,53400,FULFILLED,
1,833,550,2025-09-25 08:32:14,2025-09-28 21:00:00,Junior Race 10 Laps,3,5985,FULFILLED,
1,834,551,2025-09-25 10:00:36,2025-10-09 15:00:00,Junior Race 10 Laps,1,1995,FULFILLED,
1,835,552,2025-09-25 10:26:45,2025-09-28 19:30:00,Adult Race 14 Laps,3,8085,FULFILLED,
3,709,216,2025-09-25 15:52:54,2025-10-25 20:00:00,Junior Session,3,5400,FULFILLED,
2,695,367,2025-09-25 08:55:49,2025-10-04 20:15:00,Adult Race 12 Laps,1,2495,FULFILLED,
3,710,399,2025-09-25 19:38:05,2025-09-26 13:15:00,Junior Session,5,9000,FULFILLED,
3,711,481,2025-09-25 22:53:00,2025-10-05 18:00:00,Arrive & Drive 15 min,2,4800,FULFILLED,
1,836,37,2025-09-25 18:42:08,2025-09-27 20:00:00,Junior Race 10 Laps,3,5985,FULFILLED,
2,696,114,2025-09-25 16:05:11,2025-12-06 20:15:00,Grand Prix Package,1,7495,FULFILLED,
4,591,18,2025-09-26 09:41:21,2025-09-26 15:30:00,Junior Race,2,5800,FULFILLED,
4,592,49,2025-09-26 11:53:46,2025-09-27 14:30:00,Endurance 30 min,5,44500,FULFILLED,
2,697,469,2025-09-25 19:43:34,2025-10-25 14:30:00,Adult Race 12 Laps,4,9980,WITHDRAWN,2025-10-22 10:16:25
4,593,213,2025-09-26 13:40:15,2025-12-22 16:45:00,Endurance 30 min,3,26700,FULFILLED,
2,698,470,2025-09-25 21:43:54,2025-09-26 12:00:00,Grand Prix Package,5,37475,FULFILLED,
2,699,43,2025-09-25 21:47:48,2025-09-26 19:30:00,Grand Prix Package,5,37475,FULFILLED,
4,594,391,2025-09-26 18:57:18,2025-10-02 15:00:00,Junior Race,6,17400,FULFILLED,
2,700,52,2025-09-26 15:42:49,2025-10-01 21:30:00,Grand Prix Package,3,22485,FULFILLED,
2,701,323,2025-09-26 19:02:58,2025-09-29 14:30:00,Junior Race 8 Laps,6,10770,FULFILLED,
4,595,392,2025-09-27 15:43:53,2025-10-02 15:30:00,Endurance 30 min,2,17800,FULFILLED,
4,596,393,2025-09-27 15:51:35,2025-09-29 13:30:00,Adult Race 10 Laps,5,19500,FULFILLED,
3,712,482,2025-09-27 07:03:30,2025-09-27 18:15:00,Arrive & Drive 15 min,3,7200,FULFILLED,
3,713,483,2025-09-27 12:48:09,2025-09-27 18:15:00,Arrive & Drive 15 min,3,7200,FULFILLED,
3,714,327,2025-09-27 13:45:39,2025-09-27 14:45:00,Stag/Hen Grand Prix,5,32500,FULFILLED,
3,715,248,2025-09-27 20:06:33,2025-11-17 19:30:00,Arrive & Drive 15 min,5,12000,WITHDRAWN,2025-11-10 02:48:38
1,837,553,2025-09-27 17:14:27,2025-10-01 17:15:00,3-Race Pack,6,38970,FULFILLED,
3,716,484,2025-09-27 22:53:23,2025-10-11 18:30:00,Stag/Hen Grand Prix,6,39000,FULFILLED,
2,702,239,2025-09-27 15:16:21,2025-09-27 16:45:00,Junior Race 8 Laps,5,8975,FULFILLED,
2,703,200,2025-09-27 16:40:54,2025-09-28 18:00:00,Grand Prix Package,1,7495,FULFILLED,
4,597,35,2025-09-28 10:03:00,2025-09-30 14:30:00,Adult Race 10 Laps,5,19500,FULFILLED,
4,598,115,2025-09-28 10:36:25,2025-09-28 15:45:00,Adult Race 10 Laps,1,3900,FULFILLED,
2,704,344,2025-09-27 21:27:05,2025-10-24 21:00:00,Adult Race 12 Laps,2,4990,FULFILLED,
4,599,377,2025-09-28 15:23:34,2025-09-28 17:00:00,Adult Race 10 Laps,4,15600,FULFILLED,
4,600,394,2025-09-28 18:38:21,2025-10-03 12:45:00,Adult Race 10 Laps,3,11700,FULFILLED,
1,838,19,2025-09-28 10:58:07,2025-09-28 13:30:00,Junior Race 10 Laps,3,5985,FULFILLED,
3,717,485,2025-09-28 19:43:05,2025-10-05 14:45:00,Arrive & Drive 15 min,8,19200,FULFILLED,
1,839,554,2025-09-28 17:03:36,2025-12-12 13:45:00,Adult Race 14 Laps,3,8085,FULFILLED,
4,601,395,2025-09-29 07:24:55,2025-09-29 12:45:00,Adult Race 10 Laps,2,7800,FULFILLED,
3,718,317,2025-09-29 08:44:05,2025-09-29 19:15:00,Junior Session,4,7200,FULFILLED,
3,719,486,2025-09-29 09:11:21,2025-10-06 19:15:00,Junior Session,3,5400,FULFILLED,
4,602,396,2025-09-29 18:23:38,2025-09-30 12:15:00,Junior Race,3,8700,FULFILLED,
3,720,487,2025-09-29 11:42:25,2025-09-30 17:30:00,Arrive & Drive 15 min,2,4800,FULFILLED,
1,840,555,2025-09-29 08:01:04,2025-10-05 19:15:00,3-Race Pack,4,25980,FULFILLED,
2,705,471,2025-09-29 07:24:15,2025-10-04 21:00:00,Adult Race 12 Laps,1,2495,FULFILLED,
3,721,488,2025-09-29 19:04:31,2025-10-03 16:00:00,Arrive & Drive 15 min,7,16800,FULFILLED,
3,722,489,2025-09-29 22:58:03,2025-10-21 18:30:00,Junior Session,2,3600,FULFILLED,
1,841,556,2025-09-29 19:41:05,2025-09-30 19:30:00,Junior Race 10 Laps,1,1995,FULFILLED,
2,706,178,2025-09-29 17:13:19,2025-10-11 18:15:00,Grand Prix Package,4,29980,WITHDRAWN,2025-10-09 14:55:13
1,842,420,2025-09-29 22:48:45,2025-10-05 19:00:00,3-Race Pack,6,38970,FULFILLED,
4,603,142,2025-09-30 13:45:55,2025-10-25 14:15:00,Endurance 30 min,3,26700,FULFILLED,
4,604,109,2025-09-30 16:05:21,2025-10-14 15:15:00,Junior Race,4,11600,FULFILLED,
3,723,490,2025-09-30 14:27:24,2025-10-05 18:45:00,Junior Session,6,10800,FULFILLED,
2,707,472,2025-09-30 11:29:13,2025-12-21 20:30:00,Junior Race 8 Laps,3,5385,FULFILLED,
1,843,557,2025-09-30 14:55:10,2025-10-17 20:00:00,Adult Race 14 Laps,4,10780,FULFILLED,
1,844,292,2025-09-30 18:49:09,2025-10-19 18:00:00,3-Race Pack,4,25980,WITHDRAWN,2025-10-11 12:54:54
4,605,343,2025-10-01 10:29:03,2025-10-01 11:15:00,Endurance 30 min,3,26700,FULFILLED,
1,845,558,2025-09-30 22:24:00,2025-10-23 19:00:00,Adult Race 14 Laps,2,5390,FULFILLED,
4,606,12,2025-10-01 14:58:57,2025-10-03 14:00:00,Junior Race,3,8700,FULFILLED,
3,724,491,2025-10-01 13:05:21,2025-10-01 18:30:00,Junior Session,8,14400,FULFILLED,
3,725,492,2025-10-01 13:09:28,2025-10-01 19:30:00,Junior Session,4,7200,FULFILLED,
1,846,554,2025-10-01 12:04:40,2025-10-19 17:00:00,3-Race Pack,5,32475,FULFILLED,
1,847,354,2025-10-01 12:54:01,2025-10-01 19:00:00,3-Race Pack,1,6495,FULFILLED,
1,848,559,2025-10-01 14:30:00,2025-10-06 13:30:00,Adult Race 14 Laps,6,16170,FULFILLED,
2,708,473,2025-10-01 12:16:36,2025-10-04 20:45:00,Adult Race 12 Laps,3,7485,FULFILLED,
1,849,22,2025-10-01 16:03:07,2025-10-03 19:30:00,Junior Race 10 Laps,4,7980,FULFILLED,
1,850,18,2025-10-01 20:03:31,2025-10-06 13:30:00,3-Race Pack,5,32475,FULFILLED,
2,709,474,2025-10-01 20:52:37,2025-12-27 14:15:00,Grand Prix Package,3,22485,FULFILLED,
5,81,54,2025-10-02 07:29:10,2025-10-09 09:00:00,TEST RACE,1,100,FULFILLED,
5,82,3,2025-10-02 15:27:14,2025-10-20 11:30:00,TEST RACE,2,200,FULFILLED,
2,710,475,2025-10-02 21:36:09,2025-10-03 20:15:00,Grand Prix Package,1,7495,FULFILLED,
4,607,397,2025-10-03 14:58:36,2025-12-15 12:15:00,Junior Race,2,5800,FULFILLED,
2,711,476,2025-10-02 23:37:08,2025-10-18 16:00:00,Grand Prix Package,4,29980,FULFILLED,
3,726,261,2025-10-03 14:57:00,2025-10-03 18:45:00,Stag/Hen Grand Prix,5,32500,FULFILLED,
3,727,493,2025-10-03 17:50:59,2025-10-03 19:30:00,Stag/Hen Grand Prix,7,45500,FULFILLED,
1,851,560,2025-10-03 14:22:18,2025-10-03 19:00:00,Adult Race 14 Laps,3,8085,FULFILLED,
2,712,477,2025-10-03 11:51:48,2025-10-26 20:45:00,Grand Prix Package,3,22485,FULFILLED,
1,852,561,2025-10-03 15:22:28,2025-11-20 21:30:00,Adult Race 14 Laps,3,8085,WITHDRAWN,2025-10-28 20:25:34
1,853,562,2025-10-03 16:28:21,2025-11-02 17:45:00,Adult Race 14 Laps,2,5390,FULFILLED,
4,608,14,2025-10-04 08:20:32,2025-10-04 15:00:00,Junior Race,3,8700,FULFILLED,
4,609,304,2025-10-04 08:23:02,2025-10-04 16:00:00,Adult Race 10 Laps,4,15600,FULFILLED,
4,610,370,2025-10-04 08:34:20,2025-10-04 17:30:00,Adult Race 10 Laps,3,11700,FULFILLED,
4,611,398,2025-10-04 09:43:35,2025-10-08 14:00:00,Adult Race 10 Laps,6,23400,WITHDRAWN,2025-10-07 11:37:56
1,854,563,2025-10-03 19:49:23,2025-12-27 21:00:00,Adult Race 14 Laps,3,8085,FULFILLED,
4,612,47,2025-10-04 12:32:46,2025-10-04 14:15:00,Adult Race 10 Laps,6,23400,FULFILLED,
4,613,399,2025-10-04 21:40:06,2025-10-07 13:00:00,Junior Race,4,11600,FULFILLED,
3,728,494,2025-10-04 12:58:09,2025-10-05 16:00:00,Junior Session,1,1800,FULFILLED,
1,855,564,2025-10-04 09:58:07,2025-10-19 18:00:00,3-Race Pack,2,12990,FULFILLED,
2,713,478,2025-10-04 07:38:09,2025-10-04 20:30:00,Grand Prix Package,4,29980,FULFILLED,
3,729,390,2025-10-04 16:13:24,2025-10-08 18:00:00,Arrive & Drive 15 min,5,12000,FULFILLED,
2,714,479,2025-10-04 09:11:58,2025-10-07 21:30:00,Junior Race 8 Laps,4,7180,FULFILLED,
3,730,495,2025-10-04 20:52:46,2025-10-13 17:00:00,Stag/Hen Grand Prix,5,32500,WITHDRAWN,2025-10-12 13:45:58
4,614,400,2025-10-05 08:35:35,2025-10-05 13:00:00,Endurance 30 min,4,35600,FULFILLED,
1,856,565,2025-10-04 19:56:05,2025-10-17 15:00:00,Junior Race 10 Laps,3,5985,FULFILLED,
4,615,401,2025-10-05 11:46:41,2025-10-05 15:30:00,Junior Race,1,2900,FULFILLED,
4,616,402,2025-10-05 15:02:13,2025-10-31 10:45:00,Junior Race,1,2900,FULFILLED,
2,715,193,2025-10-04 21:21:36,2025-10-05 21:30:00,Adult Race 12 Laps,6,14970,FULFILLED,
3,731,476,2025-10-05 07:07:14,2025-10-30 18:30:00,Arrive & Drive 15 min,5,12000,FULFILLED,
4,617,403,2025-10-06 07:33:15,2025-10-19 14:30:00,Adult Race 10 Laps,3,11700,FULFILLED,
3,732,496,2025-10-05 22:04:23,2025-11-04 17:45:00,Junior Session,3,5400,FULFILLED,
1,857,566,2025-10-05 18:37:48,2025-10-05 20:15:00,Junior Race 10 Laps,2,3990,FULFILLED,
4,618,404,2025-10-06 16:12:05,2025-12-09 16:15:00,Adult Race 10 Laps,2,7800,FULFILLED,
3,733,497,2025-10-06 14:33:40,2025-11-05 16:30:00,Arrive & Drive 15 min,1,2400,FULFILLED,
3,734,498,2025-10-06 21:14:49,2025-10-07 14:30:00,Arrive & Drive 15 min,2,4800,FULFILLED,
1,858,567,2025-10-06 16:31:05,2025-10-06 18:30:00,Adult Race 14 Laps,5,13475,FULFILLED,
1,859,568,2025-10-06 21:49:05,2025-11-02 21:30:00,3-Race Pack,1,6495,FULFILLED,
3,735,2,2025-10-07 08:27:27,2025-12-04 13:30:00,Arrive & Drive 15 min,7,16800,FULFILLED,
3,736,333,2025-10-07 10:54:00,2025-10-10 19:30:00,Arrive & Drive 15 min,4,9600,FULFILLED,
5,83,55,2025-10-07 11:45:44,2025-11-29 11:45:00,TEST RACE,2,200,FULFILLED,
2,716,34,2025-10-07 11:38:18,2025-10-21 20:00:00,Grand Prix Package,6,44970,FULFILLED,
3,737,499,2025-10-07 20:07:06,2025-10-11 20:45:00,Arrive & Drive 15 min,5,12000,FULFILLED,
3,738,500,2025-10-07 22:18:05,2025-10-14 13:00:00,Arrive & Drive 15 min,1,2400,FULFILLED,
4,619,405,2025-10-08 11:43:15,2025-10-09 17:00:00,Junior Race,2,5800,WITHDRAWN,2025-10-09 09:16:40
4,620,286,2025-10-08 12:01:18,2025-10-08 13:00:00,Endurance 30 min,2,17800,FULFILLED,
3,739,281,2025-10-08 07:54:07,2025-11-03 20:30:00,Arrive & Drive 15 min,7,16800,FULFILLED,
3,740,501,2025-10-08 12:56:23,2025-10-10 16:00:00,Stag/Hen Grand Prix,4,26000,WITHDRAWN,2025-10-10 11:09:25
1,860,569,2025-10-08 11:38:52,2025-10-08 18:30:00,3-Race Pack,6,38970,FULFILLED,
1,861,348,2025-10-08 13:27:52,2025-10-21 13:15:00,Adult Race 14 Laps,1,2695,FULFILLED,
2,717,480,2025-10-08 16:23:45,2025-10-11 20:30:00,Adult Race 12 Laps,6,14970,FULFILLED,
1,862,570,2025-10-09 08:13:44,2025-10-16 18:30:00,Junior Race 10 Laps,3,5985,FULFILLED,
2,718,374,2025-10-09 12:44:03,2025-10-27 20:30:00,Grand Prix Package,4,29980,FULFILLED,
4,621,402,2025-10-10 07:13:18,2025-10-10 12:00:00,Endurance 30 min,5,44500,FULFILLED,
4,622,68,2025-10-10 07:25:38,2025-10-10 10:30:00,Junior Race,6,17400,FULFILLED,
1,863,217,2025-10-09 17:54:04,2025-10-09 19:30:00,Junior Race 10 Laps,5,9975,FULFILLED,
1,864,571,2025-10-09 18:56:49,2025-10-11 19:30:00,Adult Race 14 Laps,1,2695,FULFILLED,
2,719,481,2025-10-09 20:44:56,2025-10-12 20:00:00,Grand Prix Package,4,29980,FULFILLED,
3,741,502,2025-10-10 12:51:13,2025-10-13 18:00:00,Arrive & Drive 15 min,1,2400,FULFILLED,
1,865,572,2025-10-10 08:07:41,2025-10-10 18:30:00,Adult Race 14 Laps,2,5390,FULFILLED,
5,84,13,2025-10-10 08:19:05,2025-10-14 09:30:00,TEST RACE,1,100,FULFILLED,
3,742,503,2025-10-10 14:39:54,2025-10-25 18:30:00,Arrive & Drive 15 min,5,12000,FULFILLED,
2,720,90,2025-10-10 08:25:04,2025-10-10 14:00:00,Junior Race 8 Laps,2,3590,FULFILLED,
1,866,397,2025-10-10 18:27:38,2025-10-16 15:30:00,3-Race Pack,6,38970,FULFILLED,
3,743,504,2025-10-11 14:27:32,2025-10-11 16:15:00,Stag/Hen Grand Prix,7,45500,FULFILLED,
2,721,482,2025-10-11 07:01:57,2025-10-17 18:00:00,Adult Race 12 Laps,4,9980,FULFILLED,
2,722,483,2025-10-11 07:05:53,2025-10-11 18:00:00,Grand Prix Package,5,37475,FULFILLED,
3,744,420,2025-10-11 15:56:01,2025-11-04 20:00:00,Stag/Hen Grand Prix,7,45500,FULFILLED,
1,867,573,2025-10-11 11:51:11,2025-10-17 18:15:00,3-Race Pack,6,38970,FULFILLED,
2,723,484,2025-10-11 12:04:24,2025-10-11 14:00:00,Adult Race 12 Laps,6,14970,FULFILLED,
1,868,189,2025-10-11 17:19:47,2025-10-12 19:15:00,3-Race Pack,5,32475,FULFILLED,
2,724,48,2025-10-11 18:14:53,2025-11-27 18:00:00,Adult Race 12 Laps,3,7485,FULFILLED,
4,623,62,2025-10-12 12:25:02,2025-10-12 13:30:00,Junior Race,3,8700,FULFILLED,
4,624,406,2025-10-12 13:18:07,2025-10-15 13:00:00,Endurance 30 min,5,44500,FULFILLED,
1,869,574,2025-10-11 22:28:46,2025-10-17 20:45:00,Adult Race 14 Laps,4,10780,FULFILLED,
1,870,546,2025-10-11 22:48:22,2026-01-09 18:15:00,3-Race Pack,3,19485,FULFILLED,
2,725,485,2025-10-11 21:00:50,2025-10-31 20:00:00,Junior Race 8 Laps,2,3590,FULFILLED,
2,726,432,2025-10-11 23:37:50,2025-10-18 20:30:00,Junior Race 8 Laps,5,8975,FULFILLED,
3,745,505,2025-10-12 13:02:51,2025-12-19 14:00:00,Arrive & Drive 15 min,4,9600,FULFILLED,
2,727,254,2025-10-12 09:31:20,2026-01-04 20:00:00,Adult Race 12 Laps,4,9980,FULFILLED,
1,871,575,2025-10-12 16:18:13,2025-10-12 18:15:00,Junior Race 10 Laps,1,1995,FULFILLED,
1,872,576,2025-10-12 22:36:16,2025-10-26 19:00:00,3-Race Pack,6,38970,FULFILLED,
3,746,46,2025-10-13 08:51:40,2025-10-26 18:30:00,Arrive & Drive 15 min,6,14400,FULFILLED,
1,873,577,2025-10-13 11:27:44,2025-10-16 18:00:00,Adult Race 14 Laps,4,10780,FULFILLED,
1,874,578,2025-10-13 15:50:24,2025-10-23 20:00:00,3-Race Pack,1,6495,FULFILLED,
4,625,407,2025-10-14 09:49:02,2025-10-14 11:00:00,Endurance 30 min,6,53400,FULFILLED,
1,875,85,2025-10-13 21:37:23,2025-11-07 19:00:00,3-Race Pack,4,25980,FULFILLED,
1,876,579,2025-10-13 23:09:25,2025-10-17 19:00:00,Adult Race 14 Laps,6,16170,FULFILLED,
4,626,237,2025-10-14 15:17:17,2025-11-04 15:30:00,Endurance 30 min,6,53400,WITHDRAWN,2025-10-25 06:31:38
3,747,506,2025-10-14 07:24:43,2026-01-08 14:30:00,Arrive & Drive 15 min,8,19200,FULFILLED,
2,728,486,2025-10-13 23:32:10,2025-10-17 19:00:00,Junior Race 8 Laps,1,1795,FULFILLED,
3,748,507,2025-10-14 09:56:29,2025-11-01 16:00:00,Junior Session,3,5400,FULFILLED,
3,749,508,2025-10-14 13:12:27,2025-10-14 17:00:00,Stag/Hen Grand Prix,1,6500,FULFILLED,
2,729,487,2025-10-14 08:15:56,2025-10-21 20:00:00,Adult Race 12 Laps,4,9980,FULFILLED,
1,877,580,2025-10-14 19:57:38,2025-10-19 15:00:00,Adult Race 14 Laps,6,16170,FULFILLED,
1,878,581,2025-10-14 22:36:40,2025-10-19 19:45:00,Adult Race 14 Laps,2,5390,FULFILLED,
4,627,408,2025-10-15 13:46:55,2025-10-17 15:30:00,Endurance 30 min,6,53400,FULFILLED,
4,628,409,2025-10-15 16:03:03,2025-10-31 12:00:00,Junior Race,2,5800,FULFILLED,
3,750,509,2025-10-15 11:34:29,2025-10-16 11:30:00,Stag/Hen Grand Prix,8,52000,FULFILLED,
1,879,582,2025-10-15 07:44:48,2025-10-22 15:45:00,Junior Race 10 Laps,3,5985,FULFILLED,
1,880,583,2025-10-15 08:06:53,2025-10-18 20:00:00,Adult Race 14 Laps,6,16170,FULFILLED,
1,881,584,2025-10-15 10:26:09,2025-10-16 21:00:00,Junior Race 10 Laps,4,7980,FULFILLED,
2,730,464,2025-10-15 10:18:32,2025-10-31 21:15:00,Adult Race 12 Laps,5,12475,FULFILLED,
2,731,337,2025-10-15 10:40:58,2025-10-15 20:00:00,Junior Race 8 Laps,3,5385,FULFILLED,
2,732,171,2025-10-15 11:21:57,2025-10-25 19:15:00,Junior Race 8 Laps,6,10770,FULFILLED,
2,733,488,2025-10-15 13:00:25,2025-10-25 19:45:00,Junior Race 8 Laps,4,7180,FULFILLED,
2,734,301,2025-10-15 14:47:17,2025-10-18 20:45:00,Grand Prix Package,4,29980,WITHDRAWN,2025-10-18 02:12:41
4,629,305,2025-10-16 12:23:11,2025-10-24 14:30:00,Endurance 30 min,5,44500,FULFILLED,
3,751,510,2025-10-16 10:36:13,2025-10-22 18:00:00,Arrive & Drive 15 min,4,9600,FULFILLED,
1,882,585,2025-10-16 09:13:11,2025-11-18 18:45:00,Junior Race 10 Laps,2,3990,FULFILLED,
3,752,76,2025-10-16 15:13:29,2025-10-19 13:30:00,Junior Session,7,12600,FULFILLED,
1,883,120,2025-10-16 10:22:29,2025-10-18 17:15:00,Adult Race 14 Laps,2,5390,FULFILLED,
2,735,240,2025-10-16 08:05:30,2025-11-22 18:30:00,Grand Prix Package,2,14990,FULFILLED,
1,884,346,2025-10-16 11:54:21,2025-10-16 18:45:00,Adult Race 14 Laps,1,2695,FULFILLED,
5,85,56,2025-10-16 12:55:40,2025-10-27 09:30:00,TEST RACE,2,200,FULFILLED,
4,630,410,2025-10-17 13:22:56,2025-10-17 15:00:00,Adult Race 10 Laps,1,3900,FULFILLED,
4,631,131,2025-10-17 16:39:42,2025-10-18 14:00:00,Adult Race 10 Laps,3,11700,FULFILLED,
3,753,307,2025-10-17 10:05:20,2025-12-13 17:30:00,Arrive & Drive 15 min,2,4800,FULFILLED,
3,754,511,2025-10-17 10:10:09,2025-10-22 18:00:00,Stag/Hen Grand Prix,4,26000,FULFILLED,
4,632,152,2025-10-17 21:56:44,2025-11-15 10:45:00,Endurance 30 min,3,26700,FULFILLED,
2,736,489,2025-10-17 07:42:06,2025-10-18 18:45:00,Junior Race 8 Laps,1,1795,FULFILLED,
3,755,141,2025-10-17 16:34:13,2025-10-18 18:30:00,Stag/Hen Grand Prix,3,19500,FULFILLED,
2,737,490,2025-10-17 08:38:34,2025-10-17 14:00:00,Junior Race 8 Laps,3,5385,FULFILLED,
1,885,586,2025-10-17 12:48:27,2025-11-01 18:30:00,Adult Race 14 Laps,3,8085,FULFILLED,
2,738,491,2025-10-17 14:29:30,2025-12-13 19:00:00,Grand Prix Package,3,22485,FULFILLED,
1,886,246,2025-10-17 20:35:05,2025-10-21 18:00:00,Junior Race 10 Laps,2,3990,FULFILLED,
3,756,504,2025-10-18 10:11:19,2025-10-18 13:45:00,Arrive & Drive 15 min,4,9600,FULFILLED,
1,887,10,2025-10-18 08:20:13,2025-10-18 20:00:00,3-Race Pack,3,19485,FULFILLED,
1,888,587,2025-10-18 09:27:01,2025-10-18 20:15:00,Adult Race 14 Laps,5,13475,FULFILLED,
1,889,588,2025-10-18 13:04:40,2025-11-03 18:30:00,Adult Race 14 Laps,1,2695,FULFILLED,
2,739,492,2025-10-18 12:39:14,2025-11-17 19:15:00,Adult Race 12 Laps,5,12475,FULFILLED,
4,633,162,2025-10-19 07:04:15,2025-10-19 14:00:00,Junior Race,1,2900,FULFILLED,
3,757,512,2025-10-18 22:18:46,2025-11-07 17:00:00,Arrive & Drive 15 min,7,16800,FULFILLED,
1,890,589,2025-10-18 17:35:55,2025-10-23 19:30:00,Junior Race 10 Laps,1,1995,WITHDRAWN,2025-10-22 03:58:20
4,634,411,2025-10-19 09:44:49,2026-01-08 19:00:00,Adult Race 10 Laps,4,15600,WITHDRAWN,2025-12-01 23:46:38
4,635,362,2025-10-19 12:41:05,2025-11-02 11:00:00,Junior Race,5,14500,FULFILLED,
3,758,82,2025-10-19 12:45:21,2025-10-19 17:30:00,Junior Session,3,5400,FULFILLED,
2,740,493,2025-10-19 07:04:11,2025-10-19 19:15:00,Adult Race 12 Laps,4,9980,FULFILLED,
2,741,352,2025-10-19 08:05:32,2025-10-19 18:30:00,Adult Race 12 Laps,6,14970,FULFILLED,
1,891,590,2025-10-19 11:07:32,2026-01-04 18:45:00,3-Race Pack,4,25980,FULFILLED,
3,759,178,2025-10-19 16:22:53,2026-01-10 17:15:00,Junior Session,6,10800,FULFILLED,
1,892,591,2025-10-19 14:33:02,2025-10-31 13:45:00,Junior Race 10 Laps,2,3990,FULFILLED,
1,893,592,2025-10-19 16:48:39,2025-10-19 19:00:00,Junior Race 10 Laps,2,3990,FULFILLED,
2,742,494,2025-10-19 14:09:15,2025-10-25 16:30:00,Junior Race 8 Laps,1,1795,FULFILLED,
3,760,513,2025-10-19 23:04:04,2025-11-10 14:00:00,Junior Session,6,10800,FULFILLED,
1,894,37,2025-10-19 19:09:15,2025-11-06 19:00:00,Junior Race 10 Laps,3,5985,FULFILLED,
4,636,412,2025-10-20 10:35:21,2025-10-21 10:30:00,Endurance 30 min,6,53400,FULFILLED,
2,743,468,2025-10-19 17:58:35,2025-10-22 18:30:00,Grand Prix Package,1,7495,FULFILLED,
4,637,413,2025-10-20 20:37:17,2025-10-26 12:30:00,Junior Race,6,17400,FULFILLED,
1,895,593,2025-10-20 11:30:05,2025-11-28 15:30:00,Junior Race 10 Laps,4,7980,FULFILLED,
1,896,594,2025-10-20 17:15:13,2025-10-25 19:30:00,3-Race Pack,2,12990,WITHDRAWN,2025-10-24 11:54:17
2,744,495,2025-10-20 20:14:45,2025-10-21 19:00:00,Junior Race 8 Laps,1,1795,WITHDRAWN,2025-10-21 12:44:03
4,638,414,2025-10-21 15:26:29,2025-11-01 13:15:00,Endurance 30 min,5,44500,FULFILLED,
4,639,415,2025-10-21 15:36:31,2025-11-08 15:30:00,Junior Race,6,17400,FULFILLED,
1,897,595,2025-10-21 07:10:06,2025-10-24 20:15:00,3-Race Pack,1,6495,FULFILLED,
3,761,514,2025-10-21 13:15:15,2025-10-22 17:00:00,Junior Session,6,10800,FULFILLED,
4,640,416,2025-10-21 23:28:59,2025-11-13 11:15:00,Endurance 30 min,1,8900,FULFILLED,
3,762,515,2025-10-21 13:42:47,2025-10-22 17:00:00,Junior Session,4,7200,FULFILLED,
1,898,596,2025-10-21 09:52:17,2025-10-28 18:15:00,Adult Race 14 Laps,5,13475,FULFILLED,
3,763,516,2025-10-21 16:13:47,2025-10-21 17:45:00,Junior Session,4,7200,WITHDRAWN,2025-10-21 17:40:05
1,899,597,2025-10-21 12:04:07,2025-12-10 20:45:00,Junior Race 10 Laps,5,9975,FULFILLED,
2,745,496,2025-10-21 16:17:37,2025-10-24 21:15:00,Junior Race 8 Laps,1,1795,FULFILLED,
2,746,497,2025-10-21 18:50:47,2025-10-30 18:15:00,Junior Race 8 Laps,2,3590,FULFILLED,
4,641,417,2025-10-22 14:09:02,2025-10-23 12:45:00,Adult Race 10 Laps,1,3900,FULFILLED,
2,747,498,2025-10-21 23:40:03,2025-11-14 20:45:00,Grand Prix Package,4,29980,FULFILLED,
3,764,438,2025-10-22 07:59:21,2025-10-22 19:30:00,Junior Session,4,7200,FULFILLED,
4,642,418,2025-10-22 19:57:22,2025-11-08 10:15:00,Adult Race 10 Laps,6,23400,FULFILLED,
2,748,499,2025-10-22 08:12:59,2025-10-23 19:30:00,Adult Race 12 Laps,2,4990,WITHDRAWN,2025-10-23 16:57:14
2,749,500,2025-10-22 09:14:33,2025-10-22 14:45:00,Grand Prix Package,4,29980,FULFILLED,
5,86,57,2025-10-22 15:01:53,2025-11-17 11:30:00,TEST RACE,1,100,FULFILLED,
1,900,598,2025-10-22 15:26:37,2025-11-02 21:45:00,Adult Race 14 Laps,1,2695,FULFILLED,
3,765,39,2025-10-22 22:46:29,2025-10-24 20:30:00,Arrive & Drive 15 min,4,9600,WITHDRAWN,2025-10-24 11:03:00
4,643,419,2025-10-23 10:38:43,2025-10-23 15:30:00,Adult Race 10 Laps,3,11700,FULFILLED,
4,644,420,2025-10-23 13:28:41,2025-10-24 13:30:00,Endurance 30 min,1,8900,FULFILLED,
4,645,421,2025-10-23 15:04:21,2025-11-09 13:15:00,Endurance 30 min,2,17800,FULFILLED,
2,750,501,2025-10-23 14:05:52,2025-11-29 20:00:00,Grand Prix Package,5,37475,FULFILLED,
4,646,422,2025-10-24 11:45:47,2025-11-15 11:30:00,Junior Race,2,5800,FULFILLED,
4,647,14,2025-10-24 12:30:40,2025-10-31 11:30:00,Adult Race 10 Laps,4,15600,FULFILLED,
3,766,517,2025-10-24 07:34:39,2025-12-05 20:30:00,Arrive & Drive 15 min,7,16800,FULFILLED,
4,648,423,2025-10-24 20:28:36,2025-11-14 12:00:00,Junior Race,3,8700,WITHDRAWN,2025-11-06 00:30:57
2,751,502,2025-10-24 09:39:59,2025-10-24 12:30:00,Junior Race 8 Laps,4,7180,FULFILLED,
3,767,518,2025-10-24 19:06:32,2025-10-31 16:15:00,Stag/Hen Grand Prix,3,19500,FULFILLED,
1,901,166,2025-10-24 14:15:36,2025-10-24 19:30:00,Junior Race 10 Laps,3,5985,FULFILLED,
2,752,503,2025-10-24 13:04:38,2025-10-27 21:15:00,Junior Race 8 Laps,5,8975,FULFILLED,
4,649,424,2025-10-25 10:30:38,2025-10-25 15:30:00,Junior Race,3,8700,FULFILLED,
1,902,382,2025-10-24 20:17:02,2025-10-24 21:15:00,Adult Race 14 Laps,6,16170,FULFILLED,
2,753,504,2025-10-24 17:51:39,2025-11-23 19:00:00,Grand Prix Package,6,44970,WITHDRAWN,2025-11-16 18:23:55
3,768,519,2025-10-25 07:54:52,2025-10-25 14:30:00,Stag/Hen Grand Prix,8,52000,FULFILLED,
3,769,520,2025-10-25 09:14:34,2025-10-25 20:45:00,Junior Session,2,3600,FULFILLED,
1,903,599,2025-10-25 09:03:31,2025-10-25 18:00:00,3-Race Pack,1,6495,FULFILLED,
1,904,14,2025-10-25 10:20:44,2025-10-25 20:00:00,3-Race Pack,4,25980,FULFILLED,
3,770,521,2025-10-25 21:57:36,2025-11-20 17:15:00,Stag/Hen Grand Prix,3,19500,FULFILLED,
2,754,505,2025-10-25 16:49:54,2025-11-01 21:00:00,Grand Prix Package,6,44970,FULFILLED,
2,755,81,2025-10-25 17:17:25,2025-10-25 19:00:00,Adult Race 12 Laps,4,9980,FULFILLED,
3,771,522,2025-10-26 08:49:50,2025-11-01 17:15:00,Stag/Hen Grand Prix,4,26000,FULFILLED,
3,772,523,2025-10-26 10:34:06,2025-10-26 19:00:00,Arrive & Drive 15 min,6,14400,FULFILLED,
1,905,600,2025-10-26 07:44:52,2025-10-26 19:30:00,Junior Race 10 Laps,2,3990,FULFILLED,
3,773,524,2025-10-26 14:12:02,2025-10-31 19:30:00,Junior Session,2,3600,FULFILLED,
2,756,43,2025-10-26 10:24:11,2025-12-18 20:45:00,Junior Race 8 Laps,6,10770,FULFILLED,
1,906,601,2025-10-26 15:47:15,2025-10-26 19:15:00,Junior Race 10 Laps,3,5985,FULFILLED,
4,650,425,2025-10-27 11:10:05,2025-11-01 15:00:00,Endurance 30 min,5,44500,FULFILLED,
1,907,602,2025-10-26 20:38:50,2025-11-01 17:30:00,3-Race Pack,1,6495,FULFILLED,
1,908,603,2025-10-26 23:10:58,2025-10-27 17:30:00,Junior Race 10 Laps,5,9975,FULFILLED,
3,774,525,2025-10-27 10:00:02,2025-11-22 18:00:00,Arrive & Drive 15 min,6,14400,FULFILLED,
1,909,10,2025-10-27 07:15:42,2025-11-01 19:00:00,Adult Race 14 Laps,6,16170,FULFILLED,
1,910,604,2025-10-27 09:03:45,2026-01-03 19:30:00,Adult Race 14 Laps,3,8085,FULFILLED,
2,757,200,2025-10-27 07:41:44,2025-10-30 20:30:00,Adult Race 12 Laps,6,14970,FULFILLED,
2,758,124,2025-10-27 08:26:40,2025-10-27 14:00:00,Adult Race 12 Laps,5,12475,FULFILLED,
2,759,506,2025-10-27 08:48:34,2025-10-30 20:15:00,Adult Race 12 Laps,3,7485,WITHDRAWN,2025-10-29 23:10:53
1,911,23,2025-10-27 13:02:45,2025-11-15 17:15:00,3-Race Pack,4,25980,FULFILLED,
2,760,507,2025-10-27 13:59:30,2025-11-02 21:30:00,Junior Race 8 Laps,2,3590,FULFILLED,
2,761,508,2025-10-27 14:39:52,2025-12-27 14:30:00,Junior Race 8 Laps,1,1795,FULFILLED,
2,762,509,2025-10-27 17:05:29,2025-10-27 20:00:00,Adult Race 12 Laps,1,2495,FULFILLED,
4,651,426,2025-10-28 12:49:49,2025-11-16 12:15:00,Adult Race 10 Laps,5,19500,FULFILLED,
3,775,526,2025-10-28 10:11:33,2025-11-14 13:30:00,Junior Session,8,14400,FULFILLED,
3,776,527,2025-10-28 11:09:15,2025-12-28 16:00:00,Junior Session,4,7200,FULFILLED,
4,652,427,2025-10-28 22:36:13,2025-11-02 11:00:00,Endurance 30 min,5,44500,FULFILLED,
1,912,605,2025-10-28 07:46:09,2025-11-03 21:30:00,Junior Race 10 Laps,5,9975,FULFILLED,
1,913,606,2025-10-28 10:43:36,2025-12-03 19:45:00,Junior Race 10 Laps,1,1995,FULFILLED,
2,763,510,2025-10-28 10:00:32,2026-01-10 19:45:00,Grand Prix Package,3,22485,FULFILLED,
1,914,607,2025-10-28 13:09:12,2025-11-15 18:45:00,3-Race Pack,1,6495,FULFILLED,
4,653,421,2025-10-29 10:59:49,2025-10-31 10:00:00,Endurance 30 min,5,44500,FULFILLED,
1,915,608,2025-10-28 20:56:12,2025-11-08 15:30:00,Adult Race 14 Laps,6,16170,FULFILLED,
1,916,609,2025-10-28 22:22:19,2025-11-10 20:15:00,3-Race Pack,6,38970,FULFILLED,
2,764,511,2025-10-28 20:45:25,2025-11-04 20:30:00,Grand Prix Package,2,14990,FULFILLED,
3,777,528,2025-10-29 07:47:30,2025-11-12 16:00:00,Arrive & Drive 15 min,6,14400,FULFILLED,
1,917,610,2025-10-29 07:17:06,2025-11-09 21:00:00,Adult Race 14 Laps,6,16170,WITHDRAWN,2025-11-06 14:50:45
1,918,611,2025-10-29 08:57:24,2025-10-31 18:45:00,Adult Race 14 Laps,6,16170,FULFILLED,
2,765,512,2025-10-29 11:17:40,2025-11-21 21:45:00,Junior Race 8 Laps,3,5385,FULFILLED,
2,766,251,2025-10-29 11:42:09,2025-11-08 19:30:00,Grand Prix Package,1,7495,FULFILLED,
3,778,529,2025-10-29 19:57:55,2025-11-01 19:45:00,Stag/Hen Grand Prix,4,26000,WITHDRAWN,2025-10-31 20:05:47
2,767,340,2025-10-29 14:27:23,2025-11-15 20:15:00,Adult Race 12 Laps,4,9980,FULFILLED,
4,654,235,2025-10-30 08:50:01,2025-10-30 15:15:00,Junior Race,1,2900,FULFILLED,
1,919,612,2025-10-29 17:50:38,2025-11-28 18:30:00,Adult Race 14 Laps,6,16170,FULFILLED,
1,920,61,2025-10-29 17:52:18,2025-11-04 13:45:00,3-Race Pack,1,6495,FULFILLED,
1,921,613,2025-10-29 18:50:29,2025-10-31 21:30:00,3-Race Pack,4,25980,FULFILLED,
4,655,31,2025-10-30 10:54:51,2025-10-30 12:45:00,Endurance 30 min,5,44500,FULFILLED,
4,656,286,2025-10-30 12:19:51,2025-10-30 15:45:00,Endurance 30 min,6,53400,FULFILLED,
1,922,614,2025-10-29 22:58:14,2025-11-04 20:45:00,3-Race Pack,1,6495,FULFILLED,
1,923,615,2025-10-29 23:55:41,2025-11-05 13:00:00,Junior Race 10 Laps,3,5985,FULFILLED,
4,657,381,2025-10-30 19:22:32,2025-11-01 12:00:00,Junior Race,1,2900,FULFILLED,
4,658,428,2025-10-30 19:29:27,2025-12-18 14:00:00,Junior Race,6,17400,FULFILLED,
3,779,530,2025-10-30 08:47:41,2025-10-30 11:45:00,Stag/Hen Grand Prix,1,6500,FULFILLED,
3,780,531,2025-10-30 14:12:26,2025-11-05 16:00:00,Arrive & Drive 15 min,7,16800,FULFILLED,
2,768,513,2025-10-30 08:08:14,2025-11-08 21:15:00,Junior Race 8 Laps,5,8975,FULFILLED,
2,769,514,2025-10-30 12:36:44,2025-11-17 20:00:00,Adult Race 12 Laps,4,9980,FULFILLED,
2,770,515,2025-10-30 13:52:07,2025-11-06 20:15:00,Junior Race 8 Laps,4,7180,FULFILLED,
4,659,73,2025-10-31 13:23:13,2025-11-23 15:30:00,Junior Race,2,5800,FULFILLED,
4,660,429,2025-10-31 14:53:48,2025-11-04 14:30:00,Adult Race 10 Laps,3,11700,FULFILLED,
4,661,430,2025-10-31 16:12:45,2025-11-04 13:30:00,Endurance 30 min,5,44500,FULFILLED,
4,662,431,2025-10-31 16:40:19,2025-11-01 19:00:00,Adult Race 10 Laps,5,19500,FULFILLED,
3,781,532,2025-10-31 08:59:03,2025-11-01 13:00:00,Junior Session,6,10800,FULFILLED,
1,924,616,2025-10-31 07:32:31,2025-10-31 17:15:00,Junior Race 10 Laps,4,7980,FULFILLED,
3,782,533,2025-10-31 15:45:07,2025-11-05 19:30:00,Junior Session,2,3600,FULFILLED,
3,783,534,2025-10-31 20:40:26,2025-11-02 18:30:00,Stag/Hen Grand Prix,3,19500,WITHDRAWN,2025-11-02 04:01:36
2,771,516,2025-10-31 14:47:25,2025-11-08 16:30:00,Junior Race 8 Laps,5,8975,FULFILLED,
2,772,318,2025-10-31 15:05:31,2026-01-05 21:30:00,Grand Prix Package,2,14990,FULFILLED,
2,773,83,2025-10-31 17:07:21,2025-11-01 20:15:00,Adult Race 12 Laps,1,2495,FULFILLED,
2,774,517,2025-10-31 20:20:05,2025-11-29 21:30:00,Grand Prix Package,6,44970,FULFILLED,
3,784,535,2025-11-01 07:17:57,2025-11-13 16:30:00,Stag/Hen Grand Prix,1,6500,FULFILLED,
3,785,423,2025-11-01 11:20:05,2025-11-01 18:45:00,Stag/Hen Grand Prix,7,45500,FULFILLED,
5,87,58,2025-11-01 11:59:31,2025-12-27 10:00:00,TEST RACE,2,200,FULFILLED,
3,786,536,2025-11-01 16:08:38,2025-11-14 18:15:00,Arrive & Drive 15 min,5,12000,FULFILLED,
1,925,216,2025-11-01 13:17:40,2025-11-02 11:15:00,Adult Race 14 Laps,2,5390,FULFILLED,
2,775,58,2025-11-01 17:05:07,2025-11-27 19:30:00,Grand Prix Package,4,29980,FULFILLED,
2,776,269,2025-11-01 17:57:41,2025-11-01 20:30:00,Grand Prix Package,1,7495,FULFILLED,
2,777,95,2025-11-01 18:24:46,2025-11-01 19:30:00,Adult Race 12 Laps,3,7485,FULFILLED,
2,778,518,2025-11-01 20:57:09,2025-11-07 20:45:00,Adult Race 12 Laps,3,7485,FULFILLED,
3,787,537,2025-11-02 07:35:50,2025-11-10 13:00:00,Junior Session,7,12600,WITHDRAWN,2025-11-07 19:48:53
3,788,538,2025-11-02 09:47:11,2025-11-04 18:15:00,Junior Session,2,3600,FULFILLED,
3,789,539,2025-11-02 10:58:16,2025-11-02 14:30:00,Arrive & Drive 15 min,5,12000,FULFILLED,
1,926,617,2025-11-02 07:31:25,2026-01-03 17:45:00,Adult Race 14 Laps,5,13475,FULFILLED,
3,790,540,2025-11-02 15:05:09,2025-11-28 16:15:00,Junior Session,2,3600,WITHDRAWN,2025-11-17 14:31:04
1,927,523,2025-11-02 10:55:50,2025-12-14 19:45:00,3-Race Pack,5,32475,FULFILLED,
3,791,541,2025-11-02 18:08:37,2025-11-09 18:45:00,Junior Session,7,12600,FULFILLED,
2,779,519,2025-11-02 19:01:15,2025-11-08 16:45:00,Grand Prix Package,4,29980,FULFILLED,
1,928,618,2025-11-02 23:26:54,2025-11-08 17:30:00,3-Race Pack,5,32475,FULFILLED,
3,792,137,2025-11-03 07:34:26,2025-11-03 19:30:00,Stag/Hen Grand Prix,3,19500,FULFILLED,
3,793,340,2025-11-03 10:40:42,2025-11-17 19:00:00,Arrive & Drive 15 min,2,4800,FULFILLED,
4,663,347,2025-11-03 22:17:29,2025-11-07 14:15:00,Adult Race 10 Laps,4,15600,FULFILLED,
1,929,43,2025-11-03 08:59:19,2025-11-30 17:30:00,Adult Race 14 Laps,1,2695,FULFILLED,
2,780,520,2025-11-03 10:46:51,2025-11-03 20:30:00,Grand Prix Package,6,44970,FULFILLED,
3,794,261,2025-11-03 18:58:47,2025-11-07 20:00:00,Arrive & Drive 15 min,8,19200,FULFILLED,
3,795,542,2025-11-03 19:18:21,2025-11-10 11:00:00,Junior Session,6,10800,FULFILLED,
1,930,528,2025-11-03 19:44:21,2025-11-05 15:00:00,Adult Race 14 Laps,5,13475,FULFILLED,
1,931,204,2025-11-03 19:46:16,2025-11-18 20:30:00,Adult Race 14 Laps,4,10780,FULFILLED,
3,796,2,2025-11-04 07:50:08,2025-11-04 20:30:00,Junior Session,6,10800,FULFILLED,
3,797,270,2025-11-04 15:56:23,2025-11-04 17:45:00,Stag/Hen Grand Prix,8,52000,FULFILLED,
4,664,432,2025-11-05 08:46:37,2025-12-11 10:45:00,Endurance 30 min,1,8900,FULFILLED,
2,781,521,2025-11-04 15:19:32,2025-11-04 20:00:00,Junior Race 8 Laps,2,3590,FULFILLED,
2,782,460,2025-11-04 16:04:40,2025-12-09 14:30:00,Junior Race 8 Laps,6,10770,FULFILLED,
1,932,619,2025-11-04 20:05:40,2025-11-21 20:30:00,Adult Race 14 Laps,2,5390,FULFILLED,
1,933,620,2025-11-04 20:27:56,2025-11-13 11:30:00,Junior Race 10 Laps,6,11970,FULFILLED,
1,934,621,2025-11-04 21:29:58,2025-12-03 21:30:00,3-Race Pack,6,38970,FULFILLED,
2,783,522,2025-11-04 19:31:07,2025-11-07 20:30:00,Junior Race 8 Laps,6,10770,FULFILLED,
1,935,622,2025-11-04 22:09:32,2025-11-05 13:15:00,Adult Race 14 Laps,6,16170,FULFILLED,
1,936,623,2025-11-04 22:42:09,2025-12-12 11:30:00,Adult Race 14 Laps,5,13475,FULFILLED,
4,665,433,2025-11-05 18:01:56,2025-11-19 13:45:00,Adult Race 10 Laps,3,11700,FULFILLED,
3,798,70,2025-11-05 08:05:02,2025-11-09 16:30:00,Arrive & Drive 15 min,5,12000,WITHDRAWN,2025-11-08 02:38:23
2,784,523,2025-11-05 07:00:56,2025-11-09 20:00:00,Adult Race 12 Laps,2,4990,FULFILLED,
3,799,543,2025-11-05 15:06:28,2025-11-29 13:15:00,Arrive & Drive 15 min,2,4800,FULFILLED,
1,937,624,2025-11-05 12:52:28,2025-11-22 19:15:00,3-Race Pack,6,38970,FULFILLED,
2,785,524,2025-11-05 12:13:01,2025-12-13 19:45:00,Adult Race 12 Laps,4,9980,FULFILLED,
3,800,11,2025-11-05 19:36:38,2025-11-22 17:00:00,Stag/Hen Grand Prix,7,45500,WITHDRAWN,2025-11-18 17:38:12
2,786,276,2025-11-05 13:12:10,2025-11-12 20:30:00,Adult Race 12 Laps,5,12475,WITHDRAWN,2025-11-10 11:54:55
4,666,434,2025-11-06 10:30:03,2025-11-06 15:15:00,Endurance 30 min,3,26700,FULFILLED,
4,667,435,2025-11-06 10:56:17,2025-11-07 15:30:00,Adult Race 10 Laps,6,23400,FULFILLED,
3,801,544,2025-11-06 08:55:37,2025-11-06 17:00:00,Arrive & Drive 15 min,4,9600,FULFILLED,
3,802,504,2025-11-06 11:21:46,2025-11-20 18:00:00,Stag/Hen Grand Prix,5,32500,WITHDRAWN,2025-11-14 00:51:46
2,787,525,2025-11-06 08:34:01,2025-11-06 20:00:00,Junior Race 8 Laps,3,5385,FULFILLED,
3,803,545,2025-11-06 15:51:33,2025-12-07 17:45:00,Stag/Hen Grand Prix,6,39000,FULFILLED,
1,938,625,2025-11-06 13:58:49,2025-11-06 18:30:00,3-Race Pack,5,32475,FULFILLED,
1,939,242,2025-11-06 15:13:32,2025-11-28 21:00:00,3-Race Pack,3,19485,FULFILLED,
1,940,467,2025-11-06 15:53:14,2025-11-06 17:00:00,Junior Race 10 Laps,2,3990,FULFILLED,
3,804,546,2025-11-06 21:32:48,2025-12-27 20:30:00,Arrive & Drive 15 min,8,19200,FULFILLED,
4,668,436,2025-11-07 10:16:06,2025-11-07 14:30:00,Endurance 30 min,4,35600,FULFILLED,
3,805,547,2025-11-07 07:57:10,2025-11-08 17:00:00,Stag/Hen Grand Prix,8,52000,FULFILLED,
3,806,548,2025-11-07 09:47:57,2025-12-01 18:15:00,Junior Session,3,5400,FULFILLED,
1,941,626,2025-11-07 07:44:39,2025-11-08 17:45:00,Junior Race 10 Laps,1,1995,FULFILLED,
2,788,45,2025-11-07 08:32:52,2025-11-08 21:00:00,Junior Race 8 Laps,4,7180,FULFILLED,
5,88,59,2025-11-07 11:25:54,2025-11-09 09:00:00,TEST RACE,1,100,FULFILLED,
2,789,65,2025-11-07 09:28:25,2025-11-16 21:00:00,Junior Race 8 Laps,4,7180,FULFILLED,
2,790,526,2025-11-07 10:05:03,2025-11-25 20:00:00,Junior Race 8 Laps,4,7180,WITHDRAWN,2025-11-21 06:10:54
4,669,31,2025-11-08 09:34:27,2025-11-08 15:00:00,Endurance 30 min,6,53400,FULFILLED,
4,670,437,2025-11-08 15:31:11,2025-11-09 15:30:00,Adult Race 10 Laps,2,7800,FULFILLED,
4,671,438,2025-11-08 17:37:17,2025-11-15 16:30:00,Junior Race,1,2900,FULFILLED,
3,807,549,2025-11-08 12:38:48,2025-11-08 19:00:00,Junior Session,8,14400,FULFILLED,
1,942,387,2025-11-08 08:21:21,2025-12-31 18:30:00,Junior Race 10 Laps,6,11970,FULFILLED,
3,808,434,2025-11-08 14:43:26,2025-11-14 16:00:00,Arrive & Drive 15 min,5,12000,FULFILLED,
2,791,417,2025-11-08 09:17:39,2025-12-05 21:00:00,Adult Race 12 Laps,5,12475,FULFILLED,
1,943,581,2025-11-08 11:39:31,2025-11-28 20:15:00,3-Race Pack,5,32475,WITHDRAWN,2025-11-24 12:33:24
2,792,249,2025-11-08 09:52:54,2025-12-28 21:00:00,Adult Race 12 Laps,4,9980,FULFILLED,
3,809,213,2025-11-08 18:02:53,2025-12-05 16:45:00,Stag/Hen Grand Prix,4,26000,FULFILLED,
1,944,202,2025-11-08 15:06:03,2025-11-13 20:00:00,3-Race Pack,5,32475,FULFILLED,
4,672,439,2025-11-09 09:49:46,2025-11-09 13:15:00,Adult Race 10 Laps,3,11700,FULFILLED,
2,793,527,2025-11-08 17:05:18,2025-11-14 18:30:00,Adult Race 12 Laps,2,4990,FULFILLED,
4,673,440,2025-11-09 12:50:56,2025-11-18 16:00:00,Endurance 30 min,3,26700,FULFILLED,
4,674,214,2025-11-09 15:06:37,2025-11-14 11:00:00,Endurance 30 min,2,17800,FULFILLED,
4,675,400,2025-11-09 21:42:27,2025-11-20 15:15:00,Adult Race 10 Laps,5,19500,FULFILLED,
3,810,550,2025-11-09 13:34:49,2025-11-13 19:30:00,Arrive & Drive 15 min,7,16800,FULFILLED,
1,945,627,2025-11-09 09:20:06,2025-11-11 17:30:00,Adult Race 14 Laps,1,2695,FULFILLED,
1,946,212,2025-11-09 11:25:56,2025-11-09 19:45:00,Adult Race 14 Laps,1,2695,FULFILLED,
1,947,283,2025-11-09 13:38:43,2025-12-05 15:45:00,3-Race Pack,3,19485,FULFILLED,
5,89,60,2025-11-09 18:01:11,2025-11-17 11:30:00,TEST RACE,1,100,FULFILLED,
2,794,180,2025-11-09 16:19:38,2025-11-29 20:45:00,Adult Race 12 Laps,2,4990,FULFILLED,
4,676,441,2025-11-10 10:25:35,2025-12-18 11:45:00,Adult Race 10 Laps,1,3900,FULFILLED,
2,795,269,2025-11-09 18:14:23,2025-11-14 19:30:00,Junior Race 8 Laps,1,1795,FULFILLED,
4,677,442,2025-11-10 19:27:20,2025-11-14 11:30:00,Adult Race 10 Laps,1,3900,WITHDRAWN,2025-11-12 20:24:18
4,678,443,2025-11-10 20:52:22,2025-11-21 12:45:00,Adult Race 10 Laps,1,3900,FULFILLED,
1,948,294,2025-11-10 08:46:27,2025-12-04 19:00:00,Junior Race 10 Laps,5,9975,FULFILLED,
1,949,628,2025-11-10 13:16:51,2025-11-13 11:30:00,Adult Race 14 Laps,6,16170,FULFILLED,
1,950,629,2025-11-10 15:03:18,2025-12-20 17:00:00,Adult Race 14 Laps,3,8085,FULFILLED,
2,796,528,2025-11-10 13:21:51,2025-11-27 21:30:00,Grand Prix Package,4,29980,WITHDRAWN,2025-11-21 21:12:14
2,797,529,2025-11-10 15:35:47,2025-11-10 16:15:00,Grand Prix Package,6,44970,FULFILLED,
3,811,551,2025-11-10 23:03:30,2025-11-15 16:00:00,Arrive & Drive 15 min,8,19200,FULFILLED,
1,951,233,2025-11-10 18:08:44,2025-11-16 17:00:00,Adult Race 14 Laps,4,10780,FULFILLED,
1,952,3,2025-11-10 21:30:51,2025-12-06 20:45:00,Junior Race 10 Laps,3,5985,WITHDRAWN,2025-11-30 17:24:03
3,812,233,2025-11-11 09:51:15,2025-11-25 18:00:00,Stag/Hen Grand Prix,4,26000,FULFILLED,
4,679,270,2025-11-11 23:59:21,2025-12-13 13:45:00,Endurance 30 min,4,35600,FULFILLED,
3,813,391,2025-11-11 14:50:46,2025-12-07 18:30:00,Stag/Hen Grand Prix,8,52000,FULFILLED,
2,798,518,2025-11-11 09:39:39,2025-11-15 21:00:00,Adult Race 12 Laps,5,12475,FULFILLED,
3,814,133,2025-11-11 17:43:10,2025-11-22 18:00:00,Arrive & Drive 15 min,6,14400,FULFILLED,
1,953,630,2025-11-11 15:08:29,2025-11-16 19:15:00,Adult Race 14 Laps,1,2695,FULFILLED,
2,799,143,2025-11-11 13:09:03,2025-12-11 18:00:00,Adult Race 12 Laps,4,9980,FULFILLED,
3,815,552,2025-11-11 22:23:30,2025-11-18 13:15:00,Junior Session,4,7200,FULFILLED,
3,816,69,2025-11-11 23:28:11,2025-11-18 19:00:00,Junior Session,1,1800,FULFILLED,
4,680,444,2025-11-12 21:20:47,2025-11-13 11:30:00,Adult Race 10 Laps,6,23400,FULFILLED,
3,817,354,2025-11-12 10:57:01,2025-11-29 19:45:00,Stag/Hen Grand Prix,7,45500,FULFILLED,
3,818,553,2025-11-12 11:21:32,2025-11-24 19:00:00,Junior Session,7,12600,FULFILLED,
3,819,125,2025-11-12 12:21:36,2025-11-16 20:30:00,Junior Session,2,3600,FULFILLED,
1,954,359,2025-11-12 10:57:23,2025-11-24 20:00:00,3-Race Pack,6,38970,FULFILLED,
4,681,445,2025-11-13 08:13:48,2025-11-16 17:00:00,Junior Race,2,5800,WITHDRAWN,2025-11-15 21:56:15
1,955,631,2025-11-12 16:29:06,2025-11-12 19:30:00,Junior Race 10 Laps,1,1995,FULFILLED,
4,682,446,2025-11-13 09:06:43,2025-11-28 15:45:00,Junior Race,6,17400,FULFILLED,
3,820,519,2025-11-13 13:47:19,2026-01-03 18:00:00,Arrive & Drive 15 min,3,7200,FULFILLED,
2,800,530,2025-11-13 07:27:25,2025-11-14 19:30:00,Junior Race 8 Laps,2,3590,FULFILLED,
1,956,632,2025-11-13 10:10:15,2025-11-24 17:30:00,Adult Race 14 Laps,5,13475,FULFILLED,
2,801,531,2025-11-13 10:03:59,2025-12-06 19:30:00,Grand Prix Package,1,7495,FULFILLED,
2,802,532,2025-11-13 11:00:37,2025-11-15 19:45:00,Grand Prix Package,4,29980,FULFILLED,
1,957,633,2025-11-13 15:23:17,2025-11-13 20:30:00,Adult Race 14 Laps,2,5390,FULFILLED,
3,821,554,2025-11-13 21:04:31,2025-11-15 19:00:00,Stag/Hen Grand Prix,5,32500,FULFILLED,
4,683,447,2025-11-14 08:17:37,2025-11-14 11:00:00,Adult Race 10 Laps,4,15600,FULFILLED,
1,958,634,2025-11-13 16:39:24,2025-11-28 20:30:00,Adult Race 14 Laps,6,16170,FULFILLED,
3,822,555,2025-11-13 21:43:24,2025-11-21 16:30:00,Arrive & Drive 15 min,7,16800,FULFILLED,
2,803,533,2025-11-13 16:00:18,2025-12-07 20:00:00,Grand Prix Package,6,44970,FULFILLED,
5,90,1,2025-11-13 22:03:44,2025-11-16 10:00:00,TEST RACE,1,100,FULFILLED,
2,804,534,2025-11-13 21:00:49,2025-11-28 19:45:00,Adult Race 12 Laps,2,4990,FULFILLED,
3,823,556,2025-11-14 12:39:25,2025-11-16 18:00:00,Arrive & Drive 15 min,3,7200,FULFILLED,
2,805,535,2025-11-14 07:18:07,2025-11-14 20:15:00,Grand Prix Package,3,22485,FULFILLED,
2,806,536,2025-11-14 07:46:59,2025-12-06 20:30:00,Grand Prix Package,6,44970,FULFILLED,
1,959,635,2025-11-14 11:48:02,2025-11-14 19:00:00,Junior Race 10 Laps,3,5985,FULFILLED,
1,960,323,2025-11-14 13:05:52,2025-11-14 21:00:00,Junior Race 10 Laps,6,11970,FULFILLED,
3,824,247,2025-11-14 19:20:37,2025-11-21 11:15:00,Junior Session,4,7200,FULFILLED,
1,961,636,2025-11-14 14:51:36,2025-12-05 18:30:00,Adult Race 14 Laps,2,5390,FULFILLED,
3,825,46,2025-11-14 23:04:28,2025-12-03 17:00:00,Arrive & Drive 15 min,8,19200,FULFILLED,
4,684,395,2025-11-15 13:30:50,2025-12-12 12:15:00,Endurance 30 min,6,53400,FULFILLED,
2,807,537,2025-11-14 20:40:57,2025-12-20 20:15:00,Grand Prix Package,6,44970,WITHDRAWN,2025-12-16 00:41:42
3,826,266,2025-11-15 09:21:02,2025-12-06 19:30:00,Junior Session,7,12600,FULFILLED,
4,685,105,2025-11-15 22:35:10,2025-11-22 16:30:00,Endurance 30 min,2,17800,FULFILLED,
3,827,557,2025-11-15 11:45:06,2025-11-15 14:00:00,Arrive & Drive 15 min,5,12000,FULFILLED,
1,962,485,2025-11-15 07:36:26,2025-11-22 20:00:00,Adult Race 14 Laps,5,13475,WITHDRAWN,2025-11-19 19:16:36
3,828,558,2025-11-15 14:16:09,2025-11-15 19:00:00,Junior Session,4,7200,FULFILLED,
1,963,637,2025-11-15 11:25:17,2025-12-11 19:30:00,Adult Race 14 Laps,3,8085,FULFILLED,
1,964,638,2025-11-15 12:40:42,2025-11-19 20:30:00,Adult Race 14 Laps,3,8085,FULFILLED,
2,808,538,2025-11-15 11:47:04,2025-11-15 20:30:00,Grand Prix Package,5,37475,FULFILLED,
2,809,539,2025-11-15 11:55:12,2025-11-15 12:30:00,Adult Race 12 Laps,3,7485,FULFILLED,
1,965,639,2025-11-15 14:34:13,2025-11-15 15:45:00,3-Race Pack,2,12990,FULFILLED,
1,966,640,2025-11-15 16:06:03,2025-12-21 15:30:00,3-Race Pack,5,32475,FULFILLED,
2,810,269,2025-11-15 15:07:47,2025-11-17 21:30:00,Grand Prix Package,5,37475,FULFILLED,
4,686,448,2025-11-16 12:52:10,2025-11-18 17:00:00,Adult Race 10 Laps,6,23400,FULFILLED,
1,967,191,2025-11-15 23:47:41,2025-11-27 19:00:00,Adult Race 14 Laps,4,10780,FULFILLED,
3,829,559,2025-11-16 09:45:21,2025-12-06 19:30:00,Junior Session,5,9000,FULFILLED,
3,830,304,2025-11-16 11:42:26,2025-11-16 19:45:00,Arrive & Drive 15 min,8,19200,FULFILLED,
3,831,560,2025-11-16 12:43:33,2025-11-21 20:45:00,Arrive & Drive 15 min,8,19200,FULFILLED,
3,832,46,2025-11-16 12:50:11,2025-11-16 13:30:00,Junior Session,4,7200,FULFILLED,
2,811,540,2025-11-16 08:15:18,2025-11-22 20:00:00,Adult Race 12 Laps,3,7485,FULFILLED,
1,968,17,2025-11-16 15:26:52,2025-11-21 20:30:00,Junior Race 10 Laps,6,11970,FULFILLED,
4,687,449,2025-11-17 21:07:41,2025-11-18 14:30:00,Endurance 30 min,6,53400,FULFILLED,
1,969,641,2025-11-17 07:32:04,2025-11-23 18:30:00,3-Race Pack,4,25980,FULFILLED,
3,833,561,2025-11-17 15:01:40,2025-12-27 18:15:00,Arrive & Drive 15 min,7,16800,FULFILLED,
1,970,363,2025-11-17 14:36:40,2025-12-13 11:30:00,3-Race Pack,4,25980,FULFILLED,
4,688,372,2025-11-18 18:08:20,2025-12-13 11:30:00,Endurance 30 min,6,53400,FULFILLED,
3,834,562,2025-11-18 10:03:48,2025-11-18 18:00:00,Junior Session,7,12600,FULFILLED,
1,971,459,2025-11-18 07:50:16,2025-11-21 18:15:00,Adult Race 14 Laps,3,8085,WITHDRAWN,2025-11-21 13:27:34
2,812,541,2025-11-18 08:56:01,2025-11-18 12:30:00,Adult Race 12 Laps,5,12475,FULFILLED,
1,972,642,2025-11-18 12:29:33,2025-11-23 18:30:00,Junior Race 10 Laps,2,3990,FULFILLED,
2,813,171,2025-11-18 12:30:09,2025-11-18 14:45:00,Adult Race 12 Laps,1,2495,FULFILLED,
4,689,268,2025-11-19 08:00:12,2025-12-06 14:45:00,Endurance 30 min,3,26700,FULFILLED,
2,814,417,2025-11-18 15:31:57,2025-12-16 20:45:00,Junior Race 8 Laps,2,3590,FULFILLED,
3,835,563,2025-11-19 07:44:19,2025-11-19 19:30:00,Stag/Hen Grand Prix,3,19500,FULFILLED,
4,690,450,2025-11-19 22:32:21,2025-11-22 15:30:00,Endurance 30 min,3,26700,FULFILLED,
1,973,643,2025-11-19 07:10:40,2025-11-26 15:15:00,Junior Race 10 Laps,1,1995,FULFILLED,
2,815,14,2025-11-19 10:18:25,2025-12-11 21:00:00,Grand Prix Package,3,22485,FULFILLED,
1,974,228,2025-11-19 12:36:04,2025-11-19 19:00:00,Junior Race 10 Laps,2,3990,FULFILLED,
5,91,61,2025-11-19 14:55:38,2025-12-19 09:00:00,TEST RACE,2,200,FULFILLED,
2,816,337,2025-11-19 12:56:04,2025-12-16 20:15:00,Junior Race 8 Laps,3,5385,FULFILLED,
2,817,542,2025-11-19 15:00:24,2025-11-24 20:00:00,Junior Race 8 Laps,5,8975,FULFILLED,
4,691,451,2025-11-20 10:07:49,2026-01-08 11:45:00,Adult Race 10 Laps,5,19500,FULFILLED,
1,975,322,2025-11-19 20:58:01,2025-11-23 19:00:00,3-Race Pack,5,32475,FULFILLED,
2,818,543,2025-11-19 19:21:40,2025-11-22 21:00:00,Adult Race 12 Laps,6,14970,FULFILLED,
5,92,62,2025-11-19 23:54:39,2025-11-21 11:00:00,TEST RACE,2,200,FULFILLED,
4,692,268,2025-11-20 17:00:36,2025-12-06 13:15:00,Endurance 30 min,3,26700,FULFILLED,
3,836,564,2025-11-20 07:53:32,2025-11-21 18:00:00,Arrive & Drive 15 min,8,19200,FULFILLED,
3,837,209,2025-11-20 07:54:08,2025-11-20 16:15:00,Arrive & Drive 15 min,8,19200,FULFILLED,
3,838,565,2025-11-20 08:38:54,2025-11-24 18:30:00,Stag/Hen Grand Prix,2,13000,FULFILLED,
4,693,452,2025-11-20 21:26:06,2025-12-17 19:00:00,Junior Race,6,17400,WITHDRAWN,2025-12-05 14:42:59
1,976,644,2025-11-20 09:36:14,2026-01-04 21:30:00,Adult Race 14 Laps,2,5390,FULFILLED,
1,977,645,2025-11-20 12:38:31,2025-11-23 11:45:00,3-Race Pack,6,38970,WITHDRAWN,2025-11-22 10:39:53
1,978,646,2025-11-20 16:09:02,2025-11-20 17:00:00,Adult Race 14 Laps,1,2695,FULFILLED,
4,694,453,2025-11-21 13:41:06,2025-11-22 12:00:00,Adult Race 10 Laps,1,3900,FULFILLED,
4,695,131,2025-11-21 14:10:15,2025-12-18 14:00:00,Endurance 30 min,1,8900,WITHDRAWN,2025-12-16 09:27:15
4,696,454,2025-11-21 14:12:27,2025-11-28 12:30:00,Endurance 30 min,5,44500,FULFILLED,
4,697,455,2025-11-21 19:10:03,2025-11-28 15:00:00,Endurance 30 min,6,53400,FULFILLED,
3,839,566,2025-11-21 09:49:32,2025-11-23 13:45:00,Stag/Hen Grand Prix,4,26000,FULFILLED,
3,840,567,2025-11-21 15:46:56,2025-12-10 17:00:00,Junior Session,1,1800,FULFILLED,
1,979,227,2025-11-21 13:06:09,2025-11-27 19:15:00,Junior Race 10 Laps,5,9975,FULFILLED,
2,819,544,2025-11-21 11:22:02,2025-11-21 18:00:00,Junior Race 8 Laps,5,8975,FULFILLED,
3,841,14,2025-11-21 21:52:58,2025-12-07 18:30:00,Junior Session,6,10800,FULFILLED,
4,698,74,2025-11-22 13:14:20,2025-12-06 12:00:00,Endurance 30 min,5,44500,FULFILLED,
1,980,647,2025-11-21 23:24:25,2025-11-28 19:30:00,3-Race Pack,6,38970,FULFILLED,
2,820,334,2025-11-21 21:47:20,2025-12-21 21:30:00,Adult Race 12 Laps,3,7485,FULFILLED,
3,842,11,2025-11-22 08:09:21,2025-11-28 17:00:00,Stag/Hen Grand Prix,1,6500,FULFILLED,
4,699,359,2025-11-22 21:34:38,2025-12-12 17:00:00,Adult Race 10 Laps,3,11700,FULFILLED,
1,981,648,2025-11-22 07:07:35,2025-11-27 17:00:00,3-Race Pack,5,32475,WITHDRAWN,2025-11-26 14:12:32
1,982,394,2025-11-22 11:14:28,2025-11-22 17:30:00,Junior Race 10 Laps,5,9975,FULFILLED,
3,843,568,2025-11-22 16:50:41,2025-11-22 17:45:00,Junior Session,6,10800,FULFILLED,
3,844,569,2025-11-22 17:51:39,2025-11-24 18:00:00,Stag/Hen Grand Prix,8,52000,FULFILLED,
3,845,570,2025-11-23 07:43:34,2025-12-21 17:45:00,Junior Session,2,3600,FULFILLED,
3,846,522,2025-11-23 11:35:40,2025-12-05 20:00:00,Stag/Hen Grand Prix,2,13000,FULFILLED,
1,983,649,2025-11-23 08:54:38,2025-11-29 19:15:00,Adult Race 14 Laps,5,13475,FULFILLED,
1,984,253,2025-11-23 12:10:42,2025-11-25 18:45:00,Junior Race 10 Laps,3,5985,FULFILLED,
3,847,335,2025-11-23 17:25:04,2025-11-23 20:00:00,Stag/Hen Grand Prix,5,32500,FULFILLED,
1,985,650,2025-11-23 15:16:46,2025-12-07 17:00:00,3-Race Pack,6,38970,FULFILLED,
1,986,651,2025-11-23 15:50:23,2025-11-28 18:30:00,3-Race Pack,4,25980,FULFILLED,
4,700,456,2025-11-24 08:56:24,2025-11-24 17:00:00,Junior Race,1,2900,FULFILLED,
2,821,545,2025-11-23 15:13:40,2025-11-23 20:30:00,Grand Prix Package,4,29980,WITHDRAWN,2025-11-23 18:30:50
4,701,457,2025-11-24 13:10:06,2025-11-24 15:30:00,Adult Race 10 Laps,3,11700,FULFILLED,
2,822,216,2025-11-23 21:33:56,2025-11-28 18:15:00,Adult Race 12 Laps,2,4990,FULFILLED,
3,848,467,2025-11-24 09:48:31,2025-11-28 17:45:00,Junior Session,2,3600,FULFILLED,
2,823,546,2025-11-24 07:01:02,2025-11-24 18:00:00,Grand Prix Package,4,29980,FULFILLED,
1,987,652,2025-11-24 10:45:30,2025-11-24 11:00:00,3-Race Pack,4,25980,FULFILLED,
3,849,571,2025-11-24 18:19:46,2025-11-30 18:45:00,Junior Session,6,10800,FULFILLED,
1,988,469,2025-11-24 19:49:13,2025-12-11 18:00:00,Junior Race 10 Laps,3,5985,WITHDRAWN,2025-12-04 13:49:56
4,702,458,2025-11-25 12:12:10,2025-11-26 15:30:00,Junior Race,3,8700,FULFILLED,
2,824,355,2025-11-24 18:57:09,2025-12-10 21:30:00,Grand Prix Package,2,14990,FULFILLED,
3,850,572,2025-11-25 07:59:55,2025-12-09 20:00:00,Junior Session,5,9000,FULFILLED,
3,851,350,2025-11-25 08:48:20,2025-11-26 19:00:00,Junior Session,3,5400,FULFILLED,
2,825,65,2025-11-25 08:31:22,2025-11-25 20:00:00,Adult Race 12 Laps,2,4990,FULFILLED,
2,826,547,2025-11-25 09:44:25,2025-11-29 19:45:00,Junior Race 8 Laps,6,10770,FULFILLED,
1,989,653,2025-11-25 15:56:31,2025-11-29 17:15:00,Adult Race 14 Laps,1,2695,FULFILLED,
3,852,573,2025-11-25 23:47:25,2025-11-29 13:00:00,Stag/Hen Grand Prix,1,6500,FULFILLED,
2,827,101,2025-11-25 18:01:01,2025-11-29 21:00:00,Grand Prix Package,1,7495,FULFILLED,
2,828,530,2025-11-25 21:21:58,2025-12-09 16:15:00,Adult Race 12 Laps,4,9980,FULFILLED,
3,853,574,2025-11-26 08:21:10,2025-12-19 16:30:00,Arrive & Drive 15 min,8,19200,FULFILLED,
3,854,241,2025-11-26 10:50:13,2025-12-28 20:30:00,Arrive & Drive 15 min,1,2400,FULFILLED,
4,703,459,2025-11-26 22:21:24,2025-12-02 16:30:00,Junior Race,4,11600,FULFILLED,
4,704,460,2025-11-26 22:54:31,2025-12-13 14:00:00,Adult Race 10 Laps,4,15600,FULFILLED,
4,705,461,2025-11-26 22:55:07,2025-12-13 15:45:00,Endurance 30 min,1,8900,FULFILLED,
1,990,654,2025-11-26 07:22:54,2026-01-11 18:30:00,Junior Race 10 Laps,2,3990,WITHDRAWN,2025-12-26 02:26:34
2,829,548,2025-11-26 11:01:04,2025-11-30 21:30:00,Adult Race 12 Laps,2,4990,FULFILLED,
3,855,64,2025-11-26 19:01:10,2025-11-29 17:30:00,Stag/Hen Grand Prix,4,26000,FULFILLED,
3,856,575,2025-11-26 21:24:53,2025-11-29 18:00:00,Junior Session,8,14400,FULFILLED,
3,857,42,2025-11-26 22:41:58,2025-11-28 19:15:00,Arrive & Drive 15 min,4,9600,FULFILLED,
3,858,576,2025-11-26 23:55:40,2025-11-28 19:00:00,Stag/Hen Grand Prix,8,52000,WITHDRAWN,2025-11-28 04:23:40
1,991,648,2025-11-26 20:57:53,2025-12-20 15:30:00,3-Race Pack,4,25980,FULFILLED,
4,706,462,2025-11-27 13:54:00,2025-12-25 15:30:00,Adult Race 10 Laps,5,19500,FULFILLED,
4,707,171,2025-11-27 15:08:52,2025-11-29 15:30:00,Endurance 30 min,4,35600,FULFILLED,
4,708,463,2025-11-27 23:42:26,2025-11-30 10:45:00,Junior Race,2,5800,FULFILLED,
3,859,310,2025-11-27 12:44:20,2025-12-05 16:00:00,Junior Session,8,14400,FULFILLED,
5,93,24,2025-11-27 09:14:32,2025-12-02 10:00:00,TEST RACE,1,100,FULFILLED,
3,860,238,2025-11-27 14:44:42,2025-12-06 18:15:00,Stag/Hen Grand Prix,1,6500,FULFILLED,
1,992,655,2025-11-27 12:27:19,2025-11-28 19:30:00,Adult Race 14 Laps,3,8085,WITHDRAWN,2025-11-28 17:42:18
1,993,656,2025-11-27 12:35:00,2025-11-27 20:00:00,Junior Race 10 Laps,6,11970,FULFILLED,
3,861,569,2025-11-27 19:12:47,2025-11-28 18:30:00,Arrive & Drive 15 min,5,12000,FULFILLED,
3,862,552,2025-11-27 19:35:52,2025-12-03 16:15:00,Arrive & Drive 15 min,7,16800,WITHDRAWN,2025-12-01 02:09:25
2,830,549,2025-11-27 15:07:19,2025-12-25 12:45:00,Junior Race 8 Laps,4,7180,FULFILLED,
1,994,657,2025-11-27 17:20:06,2025-11-28 19:15:00,Junior Race 10 Laps,5,9975,FULFILLED,
4,709,168,2025-11-28 09:37:42,2025-12-06 17:30:00,Junior Race,1,2900,FULFILLED,
2,831,550,2025-11-27 17:38:01,2025-12-21 20:00:00,Adult Race 12 Laps,3,7485,FULFILLED,
3,863,71,2025-11-28 07:13:05,2025-12-30 16:45:00,Junior Session,5,9000,FULFILLED,
3,864,386,2025-11-28 11:44:19,2025-12-28 18:00:00,Junior Session,6,10800,WITHDRAWN,2025-12-21 12:32:23
3,865,577,2025-11-28 12:41:01,2025-12-02 17:45:00,Arrive & Drive 15 min,2,4800,FULFILLED,
3,866,578,2025-11-28 14:30:42,2025-12-13 20:15:00,Arrive & Drive 15 min,3,7200,FULFILLED,
1,995,364,2025-11-28 11:13:34,2025-12-04 13:15:00,Adult Race 14 Laps,1,2695,WITHDRAWN,2025-12-03 07:40:33
1,996,26,2025-11-28 11:21:05,2025-12-04 21:30:00,Junior Race 10 Laps,2,3990,FULFILLED,
3,867,579,2025-11-28 18:24:14,2025-11-28 19:00:00,Stag/Hen Grand Prix,7,45500,FULFILLED,
1,997,85,2025-11-28 14:26:15,2025-11-28 18:00:00,3-Race Pack,1,6495,FULFILLED,
1,998,658,2025-11-28 14:54:13,2025-12-19 19:30:00,Junior Race 10 Laps,5,9975,FULFILLED,
1,999,436,2025-11-28 16:47:40,2025-12-09 18:00:00,3-Race Pack,4,25980,FULFILLED,
1,1000,354,2025-11-28 18:38:59,2025-11-28 19:15:00,Adult Race 14 Laps,1,2695,FULFILLED,
2,832,551,2025-11-28 18:54:55,2025-11-29 18:00:00,Grand Prix Package,3,22485,FULFILLED,
4,710,464,2025-11-29 16:38:36,2025-11-29 17:00:00,Endurance 30 min,2,17800,FULFILLED,
4,711,465,2025-11-29 18:53:48,2025-12-06 16:45:00,Adult Race 10 Laps,1,3900,FULFILLED,
3,868,580,2025-11-29 10:08:11,2025-12-06 18:45:00,Arrive & Drive 15 min,1,2400,FULFILLED,
1,1001,267,2025-11-29 09:47:29,2025-12-26 17:00:00,Adult Race 14 Laps,1,2695,FULFILLED,
2,833,552,2025-11-29 09:49:42,2025-12-28 14:30:00,Grand Prix Package,1,7495,FULFILLED,
1,1002,3,2025-11-29 12:08:21,2025-12-08 21:30:00,Adult Race 14 Laps,6,16170,FULFILLED,
1,1003,221,2025-11-29 12:36:57,2025-12-12 18:30:00,3-Race Pack,4,25980,FULFILLED,
3,869,581,2025-11-29 17:38:15,2025-12-01 19:30:00,Stag/Hen Grand Prix,4,26000,FULFILLED,
3,870,126,2025-11-29 18:01:19,2025-12-05 17:30:00,Junior Session,7,12600,FULFILLED,
3,871,582,2025-11-29 18:41:56,2025-12-06 18:15:00,Junior Session,7,12600,FULFILLED,
2,834,41,2025-11-29 12:44:58,2025-12-24 20:00:00,Junior Race 8 Laps,1,1795,FULFILLED,
4,712,390,2025-11-30 09:54:39,2025-12-22 12:15:00,Endurance 30 min,6,53400,FULFILLED,
2,835,553,2025-11-29 18:28:48,2025-12-06 20:30:00,Junior Race 8 Laps,4,7180,FULFILLED,
3,872,583,2025-11-30 07:55:34,2025-12-13 18:45:00,Junior Session,5,9000,FULFILLED,
3,873,277,2025-11-30 16:56:05,2025-12-24 16:15:00,Stag/Hen Grand Prix,1,6500,FULFILLED,
1,1004,348,2025-11-30 12:23:08,2025-12-04 18:45:00,Junior Race 10 Laps,3,5985,FULFILLED,
3,874,584,2025-11-30 19:16:26,2025-12-06 11:30:00,Junior Session,1,1800,FULFILLED,
1,1005,453,2025-11-30 15:21:14,2025-12-06 20:45:00,Junior Race 10 Laps,6,11970,FULFILLED,
2,836,14,2025-11-30 16:08:59,2025-12-13 20:45:00,Adult Race 12 Laps,4,9980,FULFILLED,
4,713,124,2025-12-01 12:12:18,2025-12-04 17:00:00,Endurance 30 min,1,8900,FULFILLED,
4,714,466,2025-12-01 13:37:47,2025-12-08 14:45:00,Endurance 30 min,4,35600,FULFILLED,
3,875,585,2025-12-01 08:24:39,2025-12-01 17:00:00,Junior Session,6,10800,FULFILLED,
3,876,586,2025-12-01 08:51:02,2025-12-06 18:30:00,Junior Session,2,3600,FULFILLED,
3,877,587,2025-12-01 15:24:37,2025-12-01 17:45:00,Stag/Hen Grand Prix,5,32500,FULFILLED,
1,1006,659,2025-12-01 11:55:42,2025-12-04 17:30:00,Junior Race 10 Laps,5,9975,FULFILLED,
2,837,554,2025-12-01 10:26:50,2025-12-04 20:45:00,Adult Race 12 Laps,5,12475,FULFILLED,
3,878,20,2025-12-01 18:50:55,2025-12-07 18:30:00,Junior Session,5,9000,FULFILLED,
4,715,467,2025-12-02 09:41:18,2025-12-07 14:45:00,Endurance 30 min,5,44500,FULFILLED,
1,1007,660,2025-12-01 22:13:46,2025-12-24 21:45:00,3-Race Pack,2,12990,FULFILLED,
4,716,459,2025-12-02 16:40:23,2025-12-03 15:00:00,Junior Race,6,17400,FULFILLED,
4,717,468,2025-12-02 22:05:51,2025-12-07 14:15:00,Junior Race,5,14500,FULFILLED,
1,1008,661,2025-12-02 10:59:27,2025-12-14 19:00:00,Adult Race 14 Laps,6,16170,FULFILLED,
1,1009,199,2025-12-02 11:11:16,2025-12-02 17:00:00,Junior Race 10 Laps,2,3990,FULFILLED,
2,838,459,2025-12-02 12:02:43,2025-12-09 20:45:00,Adult Race 12 Laps,6,14970,FULFILLED,
1,1010,246,2025-12-02 18:59:56,2025-12-09 18:00:00,3-Race Pack,6,38970,FULFILLED,
3,879,588,2025-12-03 10:42:06,2025-12-06 16:30:00,Junior Session,4,7200,FULFILLED,
3,880,316,2025-12-03 12:37:45,2026-01-01 14:30:00,Junior Session,1,1800,FULFILLED,
2,839,555,2025-12-03 10:30:57,2025-12-14 21:00:00,Junior Race 8 Laps,3,5385,FULFILLED,
3,881,396,2025-12-03 18:32:02,2025-12-07 11:15:00,Stag/Hen Grand Prix,2,13000,FULFILLED,
2,840,556,2025-12-03 11:50:56,2025-12-06 21:00:00,Adult Race 12 Laps,3,7485,FULFILLED,
4,718,364,2025-12-04 09:21:59,2025-12-04 11:15:00,Endurance 30 min,2,17800,FULFILLED,
3,882,261,2025-12-03 22:48:04,2025-12-05 17:15:00,Junior Session,8,14400,FULFILLED,
2,841,557,2025-12-03 18:13:18,2025-12-10 20:00:00,Grand Prix Package,5,37475,FULFILLED,
4,719,57,2025-12-04 12:30:28,2025-12-04 13:00:00,Junior Race,5,14500,FULFILLED,
1,1011,662,2025-12-03 21:20:15,2025-12-26 19:15:00,Adult Race 14 Laps,6,16170,FULFILLED,
4,720,469,2025-12-04 14:42:18,2025-12-12 14:00:00,Endurance 30 min,4,35600,FULFILLED,
4,721,178,2025-12-04 23:17:44,2025-12-05 14:00:00,Adult Race 10 Laps,3,11700,FULFILLED,
3,883,395,2025-12-04 16:52:00,2025-12-05 20:45:00,Stag/Hen Grand Prix,3,19500,FULFILLED,
1,1012,663,2025-12-04 12:03:39,2025-12-27 15:15:00,3-Race Pack,5,32475,FULFILLED,
4,722,330,2025-12-05 08:48:53,2025-12-05 13:45:00,Junior Race,5,14500,FULFILLED,
3,884,589,2025-12-05 09:49:46,2025-12-27 16:00:00,Junior Session,5,9000,FULFILLED,
1,1013,664,2025-12-05 07:11:34,2025-12-29 21:15:00,3-Race Pack,1,6495,FULFILLED,
1,1014,1,2025-12-05 09:01:17,2025-12-06 20:45:00,Junior Race 10 Laps,2,3990,FULFILLED,
2,842,79,2025-12-05 09:53:53,2025-12-12 18:30:00,Junior Race 8 Laps,2,3590,FULFILLED,
1,1015,665,2025-12-05 12:11:43,2025-12-07 20:00:00,3-Race Pack,4,25980,FULFILLED,
3,885,590,2025-12-05 22:05:14,2025-12-09 17:00:00,Arrive & Drive 15 min,6,14400,FULFILLED,
4,723,289,2025-12-06 11:43:31,2025-12-06 13:30:00,Adult Race 10 Laps,6,23400,FULFILLED,
1,1016,611,2025-12-05 20:09:10,2025-12-18 20:30:00,3-Race Pack,5,32475,FULFILLED,
4,724,326,2025-12-06 14:06:55,2025-12-18 13:00:00,Adult Race 10 Laps,2,7800,FULFILLED,
2,843,424,2025-12-05 21:18:57,2025-12-21 20:00:00,Grand Prix Package,5,37475,WITHDRAWN,2025-12-17 06:34:41
2,844,95,2025-12-05 23:37:22,2025-12-11 16:30:00,Adult Race 12 Laps,6,14970,FULFILLED,
1,1017,666,2025-12-06 10:20:56,2025-12-08 20:15:00,3-Race Pack,2,12990,FULFILLED,
3,886,591,2025-12-06 15:38:52,2025-12-06 18:30:00,Arrive & Drive 15 min,8,19200,FULFILLED,
3,887,592,2025-12-06 15:41:45,2025-12-06 20:45:00,Junior Session,7,12600,FULFILLED,
3,888,593,2025-12-06 16:13:59,2025-12-06 18:30:00,Junior Session,6,10800,FULFILLED,
3,889,594,2025-12-06 16:33:14,2026-01-09 18:45:00,Stag/Hen Grand Prix,3,19500,FULFILLED,
1,1018,398,2025-12-06 13:44:01,2026-01-05 19:45:00,3-Race Pack,6,38970,FULFILLED,
1,1019,19,2025-12-06 13:44:21,2025-12-27 19:45:00,3-Race Pack,3,19485,FULFILLED,
2,845,339,2025-12-06 16:43:19,2025-12-22 21:30:00,Adult Race 12 Laps,2,4990,FULFILLED,
2,846,558,2025-12-06 17:12:28,2025-12-06 20:30:00,Grand Prix Package,5,37475,FULFILLED,
2,847,559,2025-12-06 17:24:45,2025-12-06 18:15:00,Junior Race 8 Laps,3,5385,FULFILLED,
4,725,221,2025-12-07 12:47:26,2025-12-12 14:30:00,Adult Race 10 Laps,2,7800,FULFILLED,
4,726,470,2025-12-07 14:58:48,2025-12-13 19:00:00,Adult Race 10 Laps,3,11700,WITHDRAWN,2025-12-12 11:05:18
3,890,355,2025-12-07 08:42:02,2025-12-07 18:30:00,Stag/Hen Grand Prix,6,39000,FULFILLED,
4,727,471,2025-12-07 22:11:55,2026-01-04 14:15:00,Adult Race 10 Laps,2,7800,FULFILLED,
5,94,63,2025-12-07 08:06:44,2025-12-13 11:30:00,TEST RACE,1,100,WITHDRAWN,2025-12-11 02:23:35
1,1020,667,2025-12-07 10:53:20,2025-12-18 20:30:00,Adult Race 14 Laps,4,10780,FULFILLED,
1,1021,668,2025-12-07 14:41:31,2025-12-21 19:00:00,3-Race Pack,3,19485,FULFILLED,
4,728,369,2025-12-08 08:13:08,2025-12-12 15:00:00,Junior Race,4,11600,FULFILLED,
1,1022,669,2025-12-07 20:32:05,2025-12-12 17:15:00,Adult Race 14 Laps,5,13475,FULFILLED,
3,891,595,2025-12-08 07:46:44,2025-12-08 19:00:00,Stag/Hen Grand Prix,1,6500,FULFILLED,
4,729,472,2025-12-08 22:27:23,2025-12-14 15:30:00,Junior Race,3,8700,FULFILLED,
1,1023,670,2025-12-08 08:08:25,2026-01-03 20:00:00,3-Race Pack,6,38970,WITHDRAWN,2025-12-23 14:18:32
2,848,560,2025-12-08 07:17:51,2025-12-12 20:00:00,Grand Prix Package,6,44970,FULFILLED,
3,892,596,2025-12-08 18:02:41,2025-12-09 17:15:00,Arrive & Drive 15 min,1,2400,FULFILLED,
3,893,597,2025-12-08 22:22:51,2025-12-13 18:00:00,Junior Session,6,10800,FULFILLED,
1,1024,671,2025-12-08 19:22:31,2026-01-03 18:30:00,Adult Race 14 Laps,3,8085,FULFILLED,
1,1025,218,2025-12-08 20:56:39,2025-12-14 15:15:00,Junior Race 10 Laps,5,9975,FULFILLED,
1,1026,672,2025-12-08 21:23:27,2025-12-12 18:30:00,Adult Race 14 Laps,6,16170,FULFILLED,
3,894,598,2025-12-09 07:55:41,2025-12-19 18:15:00,Arrive & Drive 15 min,3,7200,FULFILLED,
4,730,440,2025-12-09 23:30:47,2025-12-13 17:15:00,Endurance 30 min,4,35600,FULFILLED,
1,1027,191,2025-12-09 07:52:44,2025-12-09 17:15:00,Adult Race 14 Laps,3,8085,FULFILLED,
1,1028,673,2025-12-09 11:57:57,2026-01-06 17:00:00,Adult Race 14 Laps,4,10780,FULFILLED,
1,1029,674,2025-12-09 13:02:44,2025-12-13 17:00:00,3-Race Pack,5,32475,FULFILLED,
2,849,561,2025-12-09 11:06:17,2026-01-03 18:00:00,Adult Race 12 Laps,2,4990,FULFILLED,
2,850,196,2025-12-09 11:17:50,2026-01-04 20:15:00,Junior Race 8 Laps,6,10770,FULFILLED,
1,1030,567,2025-12-09 14:02:05,2025-12-14 17:00:00,Adult Race 14 Laps,6,16170,FULFILLED,
3,895,599,2025-12-09 20:26:31,2026-01-04 17:30:00,Stag/Hen Grand Prix,5,32500,FULFILLED,
4,731,473,2025-12-10 07:48:13,2025-12-28 15:00:00,Adult Race 10 Laps,3,11700,FULFILLED,
2,851,562,2025-12-10 07:37:23,2025-12-13 20:00:00,Adult Race 12 Laps,3,7485,FULFILLED,
2,852,563,2025-12-10 11:01:56,2025-12-14 21:45:00,Adult Race 12 Laps,3,7485,FULFILLED,
4,732,19,2025-12-11 07:10:39,2026-01-02 12:45:00,Junior Race,2,5800,FULFILLED,
3,896,14,2025-12-10 23:52:38,2025-12-17 14:15:00,Stag/Hen Grand Prix,8,52000,FULFILLED,
3,897,124,2025-12-11 12:08:14,2025-12-11 18:45:00,Arrive & Drive 15 min,2,4800,FULFILLED,
1,1031,675,2025-12-11 13:33:42,2025-12-13 15:00:00,Adult Race 14 Laps,3,8085,FULFILLED,
1,1032,85,2025-12-11 14:26:02,2025-12-14 17:30:00,Adult Race 14 Laps,2,5390,FULFILLED,
3,898,600,2025-12-11 21:32:36,2025-12-13 17:00:00,Arrive & Drive 15 min,6,14400,FULFILLED,
4,733,474,2025-12-12 14:18:16,2025-12-17 14:30:00,Adult Race 10 Laps,5,19500,FULFILLED,
3,899,601,2025-12-12 07:18:30,2025-12-12 17:00:00,Arrive & Drive 15 min,6,14400,FULFILLED,
3,900,421,2025-12-12 07:25:32,2025-12-19 18:30:00,Stag/Hen Grand Prix,4,26000,FULFILLED,
3,901,374,2025-12-12 09:19:51,2025-12-18 16:30:00,Junior Session,8,14400,FULFILLED,
4,734,475,2025-12-12 21:41:38,2025-12-23 14:00:00,Adult Race 10 Laps,4,15600,FULFILLED,
3,902,579,2025-12-12 10:59:12,2026-01-03 19:00:00,Junior Session,6,10800,FULFILLED,
1,1033,676,2025-12-12 12:43:46,2025-12-30 19:15:00,Adult Race 14 Laps,1,2695,FULFILLED,
1,1034,677,2025-12-12 14:44:58,2025-12-17 19:30:00,3-Race Pack,6,38970,FULFILLED,
1,1035,678,2025-12-12 14:56:10,2025-12-27 19:45:00,3-Race Pack,3,19485,FULFILLED,
3,903,249,2025-12-12 20:38:08,2025-12-13 14:00:00,Junior Session,3,5400,FULFILLED,
4,735,229,2025-12-13 08:52:16,2025-12-13 13:00:00,Endurance 30 min,3,26700,FULFILLED,
3,904,602,2025-12-12 21:55:23,2025-12-14 11:00:00,Stag/Hen Grand Prix,6,39000,FULFILLED,
2,853,288,2025-12-12 17:25:15,2025-12-12 20:15:00,Adult Race 12 Laps,6,14970,FULFILLED,
1,1036,679,2025-12-12 22:12:21,2025-12-15 18:30:00,Adult Race 14 Laps,2,5390,FULFILLED,
1,1037,339,2025-12-12 23:42:07,2026-01-10 19:15:00,Junior Race 10 Laps,1,1995,FULFILLED,
4,736,476,2025-12-13 16:49:27,2026-01-01 15:45:00,Junior Race,1,2900,WITHDRAWN,2025-12-25 14:24:00
4,737,477,2025-12-13 17:35:29,2025-12-31 12:15:00,Endurance 30 min,6,53400,FULFILLED,
3,905,308,2025-12-13 07:35:03,2025-12-13 16:15:00,Stag/Hen Grand Prix,1,6500,FULFILLED,
4,738,478,2025-12-13 20:53:31,2025-12-20 11:30:00,Adult Race 10 Laps,3,11700,FULFILLED,
3,906,61,2025-12-13 10:17:51,2025-12-13 20:45:00,Stag/Hen Grand Prix,8,52000,FULFILLED,
4,739,479,2025-12-13 21:36:07,2026-01-08 14:15:00,Endurance 30 min,1,8900,FULFILLED,
1,1038,680,2025-12-13 09:14:11,2025-12-13 11:00:00,Adult Race 14 Laps,4,10780,FULFILLED,
3,907,500,2025-12-13 15:06:40,2025-12-18 19:45:00,Junior Session,5,9000,FULFILLED,
2,854,564,2025-12-13 11:31:36,2025-12-13 16:00:00,Adult Race 12 Laps,3,7485,FULFILLED,
2,855,5,2025-12-13 16:48:37,2025-12-13 18:15:00,Adult Race 12 Laps,2,4990,FULFILLED,
4,740,68,2025-12-14 15:10:55,2026-01-09 14:45:00,Endurance 30 min,4,35600,FULFILLED,
2,856,565,2025-12-13 22:04:04,2025-12-17 18:00:00,Grand Prix Package,3,22485,FULFILLED,
2,857,566,2025-12-13 22:36:20,2025-12-19 21:15:00,Junior Race 8 Laps,5,8975,FULFILLED,
3,908,603,2025-12-14 13:40:24,2025-12-14 16:15:00,Junior Session,1,1800,FULFILLED,
2,858,567,2025-12-14 08:32:53,2025-12-15 12:30:00,Adult Race 12 Laps,1,2495,FULFILLED,
3,909,604,2025-12-14 16:09:54,2025-12-14 17:00:00,Junior Session,1,1800,FULFILLED,
3,910,605,2025-12-14 16:10:04,2025-12-14 17:45:00,Arrive & Drive 15 min,6,14400,FULFILLED,
1,1039,239,2025-12-14 11:36:51,2025-12-27 20:00:00,Junior Race 10 Laps,2,3990,FULFILLED,
3,911,606,2025-12-14 16:56:47,2026-01-10 17:00:00,Stag/Hen Grand Prix,2,13000,FULFILLED,
1,1040,681,2025-12-14 13:56:14,2025-12-21 20:30:00,Junior Race 10 Laps,6,11970,FULFILLED,
1,1041,85,2025-12-14 15:15:15,2025-12-18 17:00:00,Adult Race 14 Laps,4,10780,FULFILLED,
1,1042,682,2025-12-14 15:51:21,2025-12-17 20:00:00,Junior Race 10 Laps,3,5985,FULFILLED,
2,859,337,2025-12-14 20:11:16,2026-01-04 19:15:00,Grand Prix Package,2,14990,WITHDRAWN,2025-12-28 23:46:28
3,912,326,2025-12-15 13:06:34,2025-12-20 18:45:00,Stag/Hen Grand Prix,2,13000,FULFILLED,
3,913,607,2025-12-15 14:44:58,2026-01-10 20:45:00,Junior Session,6,10800,FULFILLED,
2,860,32,2025-12-15 13:40:04,2025-12-22 14:00:00,Adult Race 12 Laps,6,14970,FULFILLED,
4,741,480,2025-12-16 07:44:43,2025-12-17 11:00:00,Junior Race,5,14500,FULFILLED,
1,1043,683,2025-12-15 16:31:32,2025-12-28 19:00:00,3-Race Pack,1,6495,FULFILLED,
2,861,568,2025-12-15 16:06:29,2026-01-03 21:30:00,Adult Race 12 Laps,5,12475,FULFILLED,
1,1044,684,2025-12-15 18:47:03,2025-12-30 21:00:00,Junior Race 10 Laps,4,7980,FULFILLED,
3,914,170,2025-12-16 14:25:11,2025-12-20 17:45:00,Stag/Hen Grand Prix,6,39000,WITHDRAWN,2025-12-19 20:19:16
3,915,225,2025-12-16 16:46:52,2025-12-19 18:00:00,Arrive & Drive 15 min,6,14400,FULFILLED,
3,916,281,2025-12-16 23:47:59,2025-12-18 18:00:00,Junior Session,4,7200,FULFILLED,
1,1045,685,2025-12-16 20:42:45,2025-12-17 11:30:00,Adult Race 14 Laps,2,5390,FULFILLED,
4,742,481,2025-12-17 13:26:27,2025-12-17 14:30:00,Junior Race,5,14500,FULFILLED,
4,743,196,2025-12-17 22:36:28,2025-12-25 14:00:00,Junior Race,4,11600,FULFILLED,
5,95,64,2025-12-17 08:13:58,2025-12-17 10:00:00,TEST RACE,2,200,FULFILLED,
1,1046,686,2025-12-17 10:11:27,2025-12-17 19:00:00,Adult Race 14 Laps,6,16170,FULFILLED,
1,1047,687,2025-12-17 10:38:50,2025-12-19 19:30:00,3-Race Pack,1,6495,FULFILLED,
2,862,138,2025-12-17 12:04:24,2025-12-20 20:00:00,Adult Race 12 Laps,5,12475,WITHDRAWN,2025-12-19 12:52:52
3,917,608,2025-12-17 23:58:59,2026-01-08 11:30:00,Stag/Hen Grand Prix,7,45500,FULFILLED,
1,1048,688,2025-12-17 20:45:38,2025-12-19 19:45:00,3-Race Pack,5,32475,FULFILLED,
2,863,569,2025-12-17 20:43:03,2026-01-07 20:00:00,Adult Race 12 Laps,6,14970,FULFILLED,
1,1049,689,2025-12-18 07:28:41,2025-12-26 15:00:00,Junior Race 10 Laps,1,1995,FULFILLED,
5,96,12,2025-12-18 09:26:25,2025-12-25 09:15:00,TEST RACE,1,100,FULFILLED,
3,918,609,2025-12-18 19:51:10,2025-12-20 19:00:00,Arrive & Drive 15 min,8,19200,FULFILLED,
1,1050,418,2025-12-18 22:53:04,2025-12-19 21:30:00,3-Race Pack,4,25980,FULFILLED,
1,1051,690,2025-12-18 23:06:50,2026-01-04 18:30:00,3-Race Pack,4,25980,FULFILLED,
4,744,482,2025-12-19 15:50:16,2026-01-03 14:00:00,Endurance 30 min,5,44500,FULFILLED,
3,919,610,2025-12-19 08:21:32,2025-12-19 17:15:00,Junior Session,7,12600,FULFILLED,
3,920,611,2025-12-19 09:44:29,2025-12-20 17:15:00,Arrive & Drive 15 min,4,9600,FULFILLED,
4,745,483,2025-12-19 23:34:04,2025-12-20 14:00:00,Junior Race,6,17400,FULFILLED,
5,97,65,2025-12-19 08:35:27,2025-12-19 09:30:00,TEST RACE,2,200,FULFILLED,
1,1052,431,2025-12-19 09:31:30,2025-12-26 19:45:00,Junior Race 10 Laps,4,7980,FULFILLED,
3,921,612,2025-12-19 14:45:15,2025-12-20 14:00:00,Arrive & Drive 15 min,8,19200,FULFILLED,
2,864,73,2025-12-19 09:15:50,2025-12-19 21:00:00,Grand Prix Package,6,44970,FULFILLED,
4,746,229,2025-12-20 07:10:34,2025-12-23 15:15:00,Adult Race 10 Laps,1,3900,FULFILLED,
1,1053,23,2025-12-19 17:23:33,2025-12-20 15:45:00,Adult Race 14 Laps,6,16170,FULFILLED,
1,1054,691,2025-12-20 10:05:29,2025-12-20 18:00:00,Junior Race 10 Laps,5,9975,FULFILLED,
1,1055,692,2025-12-20 13:39:14,2025-12-21 20:15:00,Adult Race 14 Laps,2,5390,FULFILLED,
2,865,51,2025-12-20 14:34:24,2025-12-20 18:00:00,Adult Race 12 Laps,1,2495,FULFILLED,
4,747,88,2025-12-21 09:21:13,2025-12-21 13:30:00,Junior Race,6,17400,FULFILLED,
4,748,484,2025-12-21 11:21:43,2025-12-21 13:45:00,Junior Race,5,14500,FULFILLED,
2,866,570,2025-12-20 17:40:26,2025-12-21 21:45:00,Adult Race 12 Laps,3,7485,FULFILLED,
4,749,485,2025-12-21 12:32:05,2025-12-21 14:00:00,Junior Race,3,8700,FULFILLED,
2,867,571,2025-12-20 22:44:09,2025-12-21 21:00:00,Grand Prix Package,4,29980,FULFILLED,
4,750,486,2025-12-21 22:07:47,2026-01-09 12:30:00,Junior Race,3,8700,FULFILLED,
1,1056,282,2025-12-21 09:07:33,2025-12-22 13:00:00,Junior Race 10 Laps,3,5985,FULFILLED,
1,1057,692,2025-12-21 09:14:58,2025-12-24 15:30:00,Junior Race 10 Laps,4,7980,FULFILLED,
4,751,487,2025-12-22 07:16:39,2025-12-22 14:00:00,Endurance 30 min,6,53400,FULFILLED,
2,868,51,2025-12-21 14:24:02,2025-12-21 18:00:00,Junior Race 8 Laps,1,1795,FULFILLED,
2,869,572,2025-12-21 15:03:16,2025-12-21 18:30:00,Grand Prix Package,6,44970,FULFILLED,
4,752,169,2025-12-22 10:21:11,2025-12-22 14:30:00,Adult Race 10 Laps,2,7800,FULFILLED,
4,753,250,2025-12-22 13:03:58,2025-12-25 15:15:00,Junior Race,5,14500,FULFILLED,
4,754,488,2025-12-22 19:56:41,2025-12-26 19:45:00,Endurance 30 min,4,35600,FULFILLED,
4,755,489,2025-12-22 22:34:55,2025-12-26 15:00:00,Adult Race 10 Laps,1,3900,FULFILLED,
1,1058,693,2025-12-22 15:24:53,2025-12-27 21:15:00,3-Race Pack,1,6495,FULFILLED,
2,870,573,2025-12-22 14:23:45,2025-12-27 20:00:00,Adult Race 12 Laps,3,7485,FULFILLED,
4,756,165,2025-12-23 09:00:09,2025-12-23 14:30:00,Junior Race,1,2900,FULFILLED,
2,871,574,2025-12-22 19:42:47,2026-01-04 21:45:00,Adult Race 12 Laps,6,14970,FULFILLED,
4,757,448,2025-12-23 14:08:37,2026-01-15 17:45:00,Adult Race 10 Laps,5,19500,FULFILLED,
2,872,524,2025-12-22 23:34:35,2025-12-26 19:30:00,Grand Prix Package,1,7495,FULFILLED,
3,922,319,2025-12-23 07:30:10,2025-12-23 14:30:00,Stag/Hen Grand Prix,2,13000,FULFILLED,
3,923,613,2025-12-23 08:33:39,2025-12-28 14:45:00,Arrive & Drive 15 min,3,7200,FULFILLED,
1,1059,694,2025-12-23 07:43:24,2025-12-29 19:45:00,3-Race Pack,6,38970,FULFILLED,
1,1060,695,2025-12-23 08:32:40,2026-01-03 19:30:00,Junior Race 10 Laps,2,3990,FULFILLED,
3,924,275,2025-12-23 13:41:38,2025-12-24 17:30:00,Arrive & Drive 15 min,5,12000,WITHDRAWN,2025-12-24 10:08:56
3,925,614,2025-12-23 18:23:39,2025-12-23 19:45:00,Junior Session,8,14400,FULFILLED,
4,758,490,2025-12-24 11:04:16,2025-12-29 19:45:00,Junior Race,6,17400,FULFILLED,
1,1061,696,2025-12-23 21:33:11,2026-01-06 20:30:00,Adult Race 14 Laps,4,10780,FULFILLED,
2,873,575,2025-12-23 19:59:11,2025-12-23 20:45:00,Grand Prix Package,2,14990,FULFILLED,
4,759,262,2025-12-24 17:32:01,2025-12-26 15:00:00,Adult Race 10 Laps,5,19500,FULFILLED,
4,760,334,2025-12-24 21:10:10,2025-12-26 17:15:00,Endurance 30 min,6,53400,FULFILLED,
3,926,615,2025-12-24 12:43:14,2025-12-25 20:15:00,Stag/Hen Grand Prix,8,52000,FULFILLED,
2,874,321,2025-12-24 12:24:10,2025-12-24 20:30:00,Junior Race 8 Laps,3,5385,FULFILLED,
3,927,312,2025-12-24 19:48:20,2026-01-04 17:15:00,Stag/Hen Grand Prix,8,52000,FULFILLED,
4,761,491,2025-12-25 07:04:55,2025-12-26 12:15:00,Junior Race,1,2900,FULFILLED,
2,875,576,2025-12-24 13:21:50,2025-12-24 21:00:00,Junior Race 8 Laps,2,3590,FULFILLED,
1,1062,613,2025-12-24 17:27:40,2025-12-26 18:00:00,Junior Race 10 Laps,2,3990,FULFILLED,
1,1063,697,2025-12-24 20:00:03,2026-01-10 15:00:00,Junior Race 10 Laps,6,11970,FULFILLED,
4,762,492,2025-12-25 15:25:21,2025-12-27 11:00:00,Adult Race 10 Laps,4,15600,FULFILLED,
2,876,90,2025-12-24 21:47:25,2026-01-09 18:00:00,Adult Race 12 Laps,2,4990,FULFILLED,
3,928,616,2025-12-25 14:31:31,2026-01-11 14:30:00,Arrive & Drive 15 min,8,19200,FULFILLED,
2,877,577,2025-12-25 11:00:27,2025-12-27 20:15:00,Adult Race 12 Laps,6,14970,FULFILLED,
4,763,259,2025-12-26 08:02:52,2026-01-09 15:30:00,Endurance 30 min,2,17800,FULFILLED,
4,764,493,2025-12-26 08:13:10,2025-12-26 13:15:00,Adult Race 10 Laps,3,11700,FULFILLED,
2,878,255,2025-12-25 20:35:23,2026-01-03 21:15:00,Adult Race 12 Laps,1,2495,FULFILLED,
4,765,494,2025-12-26 15:46:33,2026-01-15 11:00:00,Adult Race 10 Laps,5,19500,FULFILLED,
4,766,495,2025-12-26 17:27:42,2025-12-28 14:45:00,Adult Race 10 Laps,1,3900,FULFILLED,
1,1064,698,2025-12-26 07:07:03,2025-12-26 19:30:00,3-Race Pack,3,19485,FULFILLED,
4,767,496,2025-12-27 08:04:09,2026-01-11 11:00:00,Junior Race,5,14500,FULFILLED,
1,1065,56,2025-12-26 17:53:57,2026-01-10 21:30:00,Adult Race 14 Laps,4,10780,FULFILLED,
4,768,382,2025-12-27 10:05:01,2025-12-31 15:30:00,Adult Race 10 Laps,5,19500,FULFILLED,
1,1066,699,2025-12-26 18:22:06,2026-01-01 19:30:00,Adult Race 14 Laps,2,5390,FULFILLED,
4,769,9,2025-12-27 12:03:11,2025-12-27 14:30:00,Endurance 30 min,6,53400,FULFILLED,
1,1067,665,2025-12-26 20:59:09,2026-01-15 19:15:00,Adult Race 14 Laps,4,10780,WITHDRAWN,2026-01-07 19:54:47
4,770,497,2025-12-27 13:49:35,2025-12-27 15:30:00,Endurance 30 min,2,17800,FULFILLED,
3,929,617,2025-12-27 08:21:55,2025-12-27 14:00:00,Arrive & Drive 15 min,3,7200,FULFILLED,
1,1068,18,2025-12-27 11:11:55,2025-12-31 18:00:00,Adult Race 14 Laps,2,5390,FULFILLED,
2,879,42,2025-12-27 11:54:41,2026-01-03 14:45:00,Adult Race 12 Laps,6,14970,FULFILLED,
2,880,578,2025-12-27 13:48:13,2025-12-27 20:30:00,Grand Prix Package,6,44970,FULFILLED,
2,881,579,2025-12-27 14:30:28,2026-01-01 12:30:00,Adult Race 12 Laps,1,2495,FULFILLED,
4,771,190,2025-12-28 08:33:01,2025-12-30 15:00:00,Adult Race 10 Laps,3,11700,FULFILLED,
1,1069,700,2025-12-27 17:43:50,2025-12-27 18:45:00,Junior Race 10 Laps,1,1995,FULFILLED,
4,772,196,2025-12-28 12:40:53,2026-01-09 15:30:00,Junior Race,2,5800,FULFILLED,
2,882,580,2025-12-27 22:12:33,2026-01-02 19:15:00,Junior Race 8 Laps,6,10770,FULFILLED,
3,930,618,2025-12-28 08:17:05,2025-12-28 20:00:00,Junior Session,1,1800,FULFILLED,
1,1070,701,2025-12-28 09:31:50,2025-12-30 20:00:00,Adult Race 14 Laps,3,8085,FULFILLED,
1,1071,702,2025-12-28 11:30:57,2025-12-28 19:30:00,Adult Race 14 Laps,4,10780,FULFILLED,
1,1072,16,2025-12-28 12:05:35,2026-01-02 18:00:00,Adult Race 14 Laps,5,13475,FULFILLED,
2,883,581,2025-12-28 13:38:18,2025-12-28 21:00:00,Grand Prix Package,2,14990,FULFILLED,
4,773,196,2025-12-29 09:28:38,2025-12-30 10:30:00,Endurance 30 min,2,17800,FULFILLED,
2,884,582,2025-12-28 15:34:17,2026-01-09 21:00:00,Grand Prix Package,6,44970,FULFILLED,
1,1073,703,2025-12-28 20:40:49,2026-01-04 18:30:00,Junior Race 10 Laps,4,7980,FULFILLED,
4,774,439,2025-12-29 15:28:03,2026-01-01 16:15:00,Junior Race,3,8700,FULFILLED,
4,775,498,2025-12-29 22:14:51,2026-01-03 12:30:00,Adult Race 10 Laps,2,7800,FULFILLED,
3,931,27,2025-12-29 12:31:10,2026-01-02 18:15:00,Junior Session,4,7200,FULFILLED,
3,932,74,2025-12-29 15:06:31,2026-01-10 18:30:00,Arrive & Drive 15 min,2,4800,FULFILLED,
3,933,619,2025-12-29 19:02:54,2025-12-31 18:00:00,Stag/Hen Grand Prix,3,19500,WITHDRAWN,2025-12-31 07:13:53
4,776,499,2025-12-30 07:22:37,2026-01-01 17:30:00,Endurance 30 min,5,44500,FULFILLED,
5,98,9,2025-12-29 17:04:19,2026-01-10 09:00:00,TEST RACE,1,100,FULFILLED,
4,777,110,2025-12-30 17:46:26,2026-01-01 12:30:00,Junior Race,2,5800,WITHDRAWN,2025-12-31 16:44:51
4,778,500,2025-12-30 18:01:43,2026-01-03 12:15:00,Adult Race 10 Laps,4,15600,FULFILLED,
3,934,620,2025-12-30 10:32:09,2025-12-30 19:45:00,Arrive & Drive 15 min,2,4800,FULFILLED,
3,935,621,2025-12-30 13:39:07,2026-01-03 17:15:00,Junior Session,2,3600,FULFILLED,
1,1074,242,2025-12-30 10:49:54,2026-01-03 18:15:00,Junior Race 10 Laps,5,9975,FULFILLED,
2,885,98,2025-12-30 15:15:09,2025-12-31 19:00:00,Junior Race 8 Laps,3,5385,FULFILLED,
2,886,583,2025-12-30 19:15:37,2026-01-13 19:00:00,Adult Race 12 Laps,2,4990,WITHDRAWN,2026-01-08 19:11:17
4,779,501,2025-12-31 23:40:40,2026-01-03 12:30:00,Junior Race,5,14500,FULFILLED,
1,1075,154,2025-12-31 07:59:46,2026-01-03 19:15:00,Adult Race 14 Laps,2,5390,FULFILLED,
1,1076,704,2025-12-31 08:12:58,2026-01-02 17:15:00,Junior Race 10 Laps,5,9975,FULFILLED,
2,887,584,2025-12-31 07:30:52,2026-01-01 20:45:00,Junior Race 8 Laps,1,1795,FULFILLED,
2,888,585,2025-12-31 13:33:08,2025-12-31 20:15:00,Grand Prix Package,5,37475,FULFILLED,
4,780,26,2026-01-01 19:50:15,2026-01-05 15:45:00,Junior Race,3,8700,FULFILLED,
1,1077,111,2026-01-01 10:11:04,2026-01-03 19:30:00,Junior Race 10 Laps,5,9975,FULFILLED,
2,889,586,2026-01-01 08:18:57,2026-01-01 21:45:00,Junior Race 8 Laps,6,10770,FULFILLED,
2,890,587,2026-01-01 11:30:21,2026-01-04 16:45:00,Junior Race 8 Laps,5,8975,WITHDRAWN,2026-01-04 09:58:49
1,1078,584,2026-01-01 14:53:29,2026-01-01 17:15:00,Junior Race 10 Laps,5,9975,FULFILLED,
1,1079,705,2026-01-01 15:29:01,2026-01-04 20:45:00,Adult Race 14 Laps,3,8085,FULFILLED,
1,1080,706,2026-01-01 15:30:40,2026-01-09 20:00:00,Junior Race 10 Laps,5,9975,FULFILLED,
4,781,326,2026-01-02 08:51:10,2026-01-07 14:00:00,Junior Race,6,17400,FULFILLED,
4,782,502,2026-01-02 09:45:24,2026-01-02 19:45:00,Endurance 30 min,6,53400,FULFILLED,
4,783,503,2026-01-02 10:27:57,2026-01-02 11:00:00,Adult Race 10 Laps,5,19500,FULFILLED,
2,891,588,2026-01-01 22:56:26,2026-01-07 21:45:00,Junior Race 8 Laps,6,10770,FULFILLED,
3,936,597,2026-01-02 09:53:08,2026-01-15 13:45:00,Junior Session,6,10800,FULFILLED,
1,1081,707,2026-01-02 09:31:41,2026-01-02 20:00:00,3-Race Pack,2,12990,FULFILLED,
3,937,328,2026-01-02 18:32:18,2026-01-05 19:30:00,Stag/Hen Grand Prix,2,13000,FULFILLED,
2,892,589,2026-01-02 13:04:49,2026-01-02 19:45:00,Junior Race 8 Laps,2,3590,FULFILLED,
4,784,62,2026-01-03 11:51:24,2026-01-06 16:00:00,Adult Race 10 Laps,2,7800,WITHDRAWN,2026-01-06 02:17:23
4,785,504,2026-01-03 14:00:11,2026-01-06 12:00:00,Adult Race 10 Laps,3,11700,FULFILLED,
4,786,57,2026-01-03 23:47:48,2026-01-09 14:45:00,Adult Race 10 Laps,1,3900,FULFILLED,
3,938,622,2026-01-03 12:48:27,2026-01-09 13:15:00,Arrive & Drive 15 min,3,7200,FULFILLED,
1,1082,708,2026-01-03 10:56:44,2026-01-15 21:15:00,Junior Race 10 Laps,3,5985,FULFILLED,
1,1083,33,2026-01-03 13:42:24,2026-01-12 18:15:00,3-Race Pack,2,12990,FULFILLED,
4,787,505,2026-01-04 10:07:32,2026-01-11 12:30:00,Junior Race,3,8700,FULFILLED,
1,1084,650,2026-01-03 19:34:41,2026-01-10 19:45:00,3-Race Pack,3,19485,FULFILLED,
1,1085,709,2026-01-03 21:55:02,2026-01-07 18:30:00,Adult Race 14 Laps,2,5390,FULFILLED,
3,939,623,2026-01-04 10:16:23,2026-01-04 17:00:00,Stag/Hen Grand Prix,8,52000,FULFILLED,
3,940,389,2026-01-04 11:37:28,2026-01-10 18:30:00,Arrive & Drive 15 min,8,19200,FULFILLED,
1,1086,710,2026-01-04 08:56:26,2026-01-07 19:00:00,Adult Race 14 Laps,3,8085,FULFILLED,
2,893,41,2026-01-04 07:42:38,2026-01-04 14:45:00,Adult Race 12 Laps,5,12475,FULFILLED,
1,1087,711,2026-01-04 11:22:56,2026-01-08 19:00:00,Junior Race 10 Laps,3,5985,FULFILLED,
2,894,590,2026-01-04 09:34:25,2026-01-04 14:00:00,Grand Prix Package,5,37475,FULFILLED,
1,1088,250,2026-01-04 16:33:52,2026-01-04 17:00:00,Adult Race 14 Laps,1,2695,FULFILLED,
4,788,420,2026-01-05 09:38:12,2026-01-05 17:30:00,Adult Race 10 Laps,3,11700,FULFILLED,
1,1089,712,2026-01-04 19:56:42,2026-01-10 18:15:00,Adult Race 14 Laps,3,8085,FULFILLED,
2,895,591,2026-01-04 18:51:00,2026-01-10 19:00:00,Junior Race 8 Laps,4,7180,FULFILLED,
1,1090,584,2026-01-04 21:52:17,2026-01-07 19:00:00,Adult Race 14 Laps,4,10780,WITHDRAWN,2026-01-07 07:51:26
2,896,592,2026-01-04 22:27:08,2026-01-09 19:15:00,Adult Race 12 Laps,2,4990,FULFILLED,
3,941,624,2026-01-05 08:51:11,2026-01-10 17:00:00,Junior Session,7,12600,FULFILLED,
4,789,506,2026-01-05 20:00:54,2026-01-10 15:30:00,Endurance 30 min,5,44500,FULFILLED,
4,790,507,2026-01-05 23:54:16,2026-01-14 11:30:00,Endurance 30 min,6,53400,FULFILLED,
5,99,66,2026-01-05 10:35:58,2026-01-06 10:45:00,TEST RACE,1,100,FULFILLED,
2,897,593,2026-01-05 10:44:50,2026-01-10 18:15:00,Adult Race 12 Laps,4,9980,FULFILLED,
1,1091,713,2026-01-05 15:07:53,2026-01-09 19:45:00,Junior Race 10 Laps,4,7980,FULFILLED,
2,898,546,2026-01-05 14:15:23,2026-01-05 18:30:00,Adult Race 12 Laps,6,14970,FULFILLED,
3,942,625,2026-01-05 23:25:33,2026-01-08 18:15:00,Stag/Hen Grand Prix,5,32500,FULFILLED,
4,791,39,2026-01-06 12:44:07,2026-01-10 10:30:00,Junior Race,5,14500,FULFILLED,
3,943,70,2026-01-06 22:28:05,2026-01-12 17:15:00,Arrive & Drive 15 min,4,9600,FULFILLED,
4,792,445,2026-01-07 11:21:42,2026-01-07 16:45:00,Endurance 30 min,2,17800,FULFILLED,
2,899,594,2026-01-06 23:22:24,2026-01-09 20:00:00,Grand Prix Package,4,29980,FULFILLED,
1,1092,97,2026-01-07 11:41:39,2026-01-12 21:00:00,3-Race Pack,4,25980,FULFILLED,
3,944,159,2026-01-07 19:48:38,2026-01-13 20:30:00,Stag/Hen Grand Prix,4,26000,FULFILLED,
4,793,508,2026-01-08 07:27:42,2026-01-08 12:30:00,Junior Race,1,2900,FULFILLED,
1,1093,20,2026-01-07 17:30:28,2026-01-13 19:15:00,Junior Race 10 Laps,5,9975,FULFILLED,
4,794,151,2026-01-08 10:20:53,2026-01-08 13:00:00,Endurance 30 min,2,17800,FULFILLED,
4,795,134,2026-01-08 10:42:40,2026-01-08 17:30:00,Junior Race,1,2900,FULFILLED,
2,900,595,2026-01-07 18:45:13,2026-01-08 19:30:00,Junior Race 8 Laps,1,1795,FULFILLED,
4,796,509,2026-01-09 13:16:04,2026-01-10 10:15:00,Endurance 30 min,3,26700,FULFILLED,
3,945,626,2026-01-09 08:35:42,2026-01-09 13:00:00,Junior Session,6,10800,FULFILLED,
3,946,553,2026-01-09 12:17:53,2026-01-09 14:30:00,Arrive & Drive 15 min,5,12000,FULFILLED,
1,1094,714,2026-01-09 08:28:10,2026-01-09 17:00:00,Junior Race 10 Laps,5,9975,FULFILLED,
3,947,157,2026-01-09 22:14:52,2026-01-12 20:45:00,Arrive & Drive 15 min,2,4800,FULFILLED,
3,948,418,2026-01-10 11:23:58,2026-01-10 18:30:00,Junior Session,5,9000,FULFILLED,
5,100,67,2026-01-10 07:42:52,2026-01-10 10:15:00,TEST RACE,2,200,FULFILLED,
1,1095,715,2026-01-10 07:56:37,2026-01-12 20:00:00,Adult Race 14 Laps,2,5390,FULFILLED,
1,1096,716,2026-01-10 08:19:00,2026-01-11 17:00:00,Junior Race 10 Laps,2,3990,FULFILLED,
1,1097,717,2026-01-10 12:00:24,2026-01-10 20:00:00,3-Race Pack,1,6495,FULFILLED,
4,797,106,2026-01-11 09:48:30,2026-01-11 10:45:00,Junior Race,2,5800,FULFILLED,
4,798,157,2026-01-11 11:28:57,2026-01-12 14:30:00,Adult Race 10 Laps,5,19500,FULFILLED,
4,799,420,2026-01-11 20:19:56,2026-01-13 14:30:00,Endurance 30 min,4,35600,FULFILLED,
3,949,251,2026-01-11 15:22:44,2026-01-11 18:30:00,Stag/Hen Grand Prix,1,6500,FULFILLED,
1,1098,718,2026-01-11 12:38:52,2026-01-14 20:45:00,3-Race Pack,3,19485,FULFILLED,
1,1099,719,2026-01-11 13:58:30,2026-01-11 20:45:00,3-Race Pack,3,19485,FULFILLED,
3,950,627,2026-01-12 21:27:04,2026-01-14 16:45:00,Stag/Hen Grand Prix,3,19500,FULFILLED,
4,800,505,2026-01-13 12:10:46,2026-01-13 14:15:00,Adult Race 10 Laps,6,23400,FULFILLED,
1,1100,440,2026-01-13 16:19:14,2026-01-13 21:30:00,3-Race Pack,6,38970,FULFILLED,
